====================================================================================================
[soundboard] sb_pf1 — reduction
====================================================================================================
  arms   : al_pf_pj, sb_pf_so, sb_pf_sv, sb_pf_yd
  banked : (none)

====================================================================================================
[A] LIFETIMES, COMMITS, AND THE IN-TAG IDENTITY CHECK
====================================================================================================
    arm                       cyc  commits (level@cycle)                 s/cycle
    al_pf_pj                   27  L2@c6                               
    sb_pf_so                   27  L2@c6                               
    sb_pf_sv                   27  L2@c6                               
    sb_pf_yd                   27  L2@c6                               


====================================================================================================
[B] THE CORRIDOR — slots open, parity, misfire, and when it closed
====================================================================================================
    `n_open` is slots past the firing gate; `misfire` is fired rows whose span did not
    match `dp_features` exactly. An arm whose corridor closes stops executing with the
    head and falls back to the DP on every macro call.

    arm                    open@max  open@last  first c with open=0 after a peak   misfire(all)  misfire(era>=3)
    al_pf_pj                     16         16  None                             0.9582        1.0000
    sb_pf_so                     16         16  None                             0.9263        1.0000
    sb_pf_sv                     16         16  None                             0.9577        1.0000
    sb_pf_yd                     16         16  None                             0.9577        1.0000

    n_open per 10 cycles (the corridor's whole life):
      al_pf_pj                 0  16  16
      sb_pf_so                 0  16  16
      sb_pf_sv                 0  16  16
      sb_pf_yd                 0  16  16
      cycle                    1  11  21

====================================================================================================
[C] THE SAMPLER, REALISED — deviation and on-table projection
====================================================================================================
    `dev`  the sampled entry left the on-table argmax (the quantity the temperature is
           set on; `DESIGN.md` §17 predicted this would fall below the preflight's
           0.44-0.67 because a sharper plant deviates less at fixed T).
    `ont`  the on-table argmax was not the head's FREE-RUN emission — the projection
           component that rides with the write axis (`DESIGN.md` §11).

    al_pf_pj:
      era  cell        n        dev     ont
        2  2n0         1485    1.000   1.000
        2  2n2         1487    1.000   1.000
        2  2n3          676    1.000   1.000
        2  2n4          674    1.000   1.000
        2  2n5          673    1.000   1.000
        2  2n6         1483    1.000   0.949
        2  2n7          677    1.000   1.000
        2  2n8          674    1.000   1.000
        2  2n9          678    1.000   1.000
        2  2n10        1482    1.000   1.000
        2  2n11         677    1.000   1.000
        2  2n12         678    1.000   1.000
        2  2n13         679    1.000   1.000
        2  2n14         678    1.000   1.000
        2  2n15        1481    1.000   0.852
        3  2n0            4    1.000   1.000
        3  2n1            3    1.000   1.000
        3  2n2            5    1.000   0.800
        3  2n3            5    1.000   1.000
        3  2n4            6    1.000   1.000
        3  2n5            9    1.000   0.778
        3  2n6            5    1.000   1.000
        3  2n7            5    1.000   0.600
        3  2n8            6    1.000   1.000
        3  2n9            5    1.000   1.000
        3  2n10           3    1.000   1.000
        3  2n11           3    1.000   1.000
        3  2n12           4    1.000   1.000
        3  2n13           5    1.000   0.800
        3  2n14           8    1.000   0.750
        3  2n15           2    1.000   1.000
        4  2n0            5    1.000   0.800
        4  2n1            4    1.000   1.000
        4  2n2            5    1.000   1.000
        4  2n3            3    1.000   0.667
        4  2n4            4    1.000   0.750
        4  2n5            5    1.000   1.000
        4  2n6            5    1.000   0.600
        4  2n7            3    1.000   1.000
        4  2n8            6    1.000   0.833
        4  2n9            3    1.000   1.000
        4  2n10           6    1.000   0.333
        4  2n11           2    1.000   1.000
        4  2n12           5    1.000   1.000
        4  2n13           4    1.000   1.000
        4  2n14           6    1.000   1.000
        4  2n15           6    1.000   0.667
        5  2n0            8    1.000   1.000
        5  2n1            6    1.000   1.000
        5  2n2            4    1.000   0.500
        5  2n3            3    1.000   1.000
        5  2n4            4    1.000   1.000
        5  2n5            9    1.000   1.000
        5  2n6            7    1.000   0.714
        5  2n7            7    1.000   1.000
        5  2n8           12    1.000   0.917
        5  2n9           12    1.000   1.000
        5  2n10           3    1.000   0.333
        5  2n11           3    1.000   1.000
        5  2n12           5    1.000   1.000
        5  2n13           7    1.000   1.000
        5  2n14           5    1.000   1.000
        5  2n15           2    1.000   0.500

    sb_pf_so:
      era  cell        n        dev     ont
        2  2n0         1485    1.000   0.997
        2  2n1          675    1.000   1.000
        2  2n2         1487    1.000   1.000
        2  2n3          676    1.000   1.000
        2  2n4          674    1.000   1.000
        2  2n5          673    1.000   1.000
        2  2n6         1483    1.000   0.638
        2  2n7          677    1.000   1.000
        2  2n9          678    1.000   1.000
        2  2n10        1482    1.000   1.000
        2  2n11         677    1.000   1.000
        2  2n12         678    1.000   1.000
        2  2n13         679    1.000   1.000
        2  2n14         678    1.000   1.000
        2  2n15        1481    0.992   0.936
        3  2n0            4    1.000   1.000
        3  2n1            3    1.000   1.000
        3  2n2            5    1.000   1.000
        3  2n3            5    1.000   0.600
        3  2n4            7    1.000   1.000
        3  2n5            9    1.000   1.000
        3  2n6            5    1.000   1.000
        3  2n7            5    1.000   1.000
        3  2n8            6    1.000   0.833
        3  2n9            5    1.000   1.000
        3  2n10           4    1.000   0.750
        3  2n11           3    1.000   1.000
        3  2n12           4    1.000   1.000
        3  2n13           5    1.000   1.000
        3  2n14           8    1.000   1.000
        3  2n15           2    1.000   1.000
        4  2n0            6    1.000   1.000
        4  2n1            4    1.000   1.000
        4  2n2            5    1.000   1.000
        4  2n3            3    1.000   1.000
        4  2n4            4    1.000   1.000
        4  2n5            5    1.000   1.000
        4  2n6            5    1.000   1.000
        4  2n7            3    1.000   1.000
        4  2n8            6    1.000   1.000
        4  2n9            3    1.000   1.000
        4  2n10           6    1.000   1.000
        4  2n11           3    1.000   1.000
        4  2n12           5    1.000   1.000
        4  2n13           4    1.000   1.000
        4  2n14           6    1.000   1.000
        4  2n15           6    1.000   1.000
        5  2n0            8    1.000   0.625
        5  2n1            6    1.000   1.000
        5  2n2            4    1.000   0.250
        5  2n3            3    1.000   1.000
        5  2n4            4    1.000   1.000
        5  2n5            9    1.000   1.000
        5  2n6            7    1.000   0.143
        5  2n7            7    1.000   1.000
        5  2n8           13    1.000   1.000
        5  2n9           12    1.000   1.000
        5  2n10           3    1.000   0.000
        5  2n11           3    1.000   1.000
        5  2n12           5    1.000   1.000
        5  2n13           7    1.000   1.000
        5  2n14           5    1.000   1.000
        5  2n15           2    1.000   0.000

    sb_pf_sv:
      era  cell        n        dev     ont
        2  2n0         1485    1.000   1.000
        2  2n2         1487    1.000   1.000
        2  2n3          676    1.000   1.000
        2  2n4          674    1.000   1.000
        2  2n5          673    1.000   1.000
        2  2n6         1483    1.000   0.947
        2  2n7          677    1.000   1.000
        2  2n8          674    1.000   1.000
        2  2n9          678    1.000   1.000
        2  2n10        1482    1.000   1.000
        2  2n11         677    1.000   1.000
        2  2n12         678    1.000   1.000
        2  2n13         679    1.000   1.000
        2  2n14         678    1.000   1.000
        2  2n15        1481    1.000   0.845
        3  2n0            4    1.000   1.000
        3  2n1            3    1.000   1.000
        3  2n2            5    1.000   0.800
        3  2n3            5    1.000   1.000
        3  2n4            6    1.000   0.667
        3  2n5            9    1.000   1.000
        3  2n6            5    1.000   1.000
        3  2n7            5    1.000   0.600
        3  2n8            6    1.000   1.000
        3  2n9            5    1.000   1.000
        3  2n10           3    1.000   1.000
        3  2n11           3    1.000   1.000
        3  2n12           4    1.000   1.000
        3  2n13           5    1.000   0.800
        3  2n14           8    1.000   0.750
        3  2n15           2    1.000   1.000
        4  2n0            5    1.000   1.000
        4  2n1            4    1.000   1.000
        4  2n2            5    1.000   1.000
        4  2n3            3    1.000   0.667
        4  2n4            4    1.000   0.750
        4  2n5            5    1.000   1.000
        4  2n6            5    1.000   0.600
        4  2n7            3    1.000   1.000
        4  2n8            6    1.000   0.833
        4  2n9            3    1.000   1.000
        4  2n10           6    1.000   0.500
        4  2n11           2    1.000   1.000
        4  2n12           5    1.000   1.000
        4  2n13           4    1.000   1.000
        4  2n14           6    1.000   1.000
        4  2n15           6    1.000   0.667
        5  2n0            8    1.000   1.000
        5  2n1            6    1.000   1.000
        5  2n2            4    1.000   0.500
        5  2n3            3    1.000   1.000
        5  2n4            4    1.000   1.000
        5  2n5            9    1.000   1.000
        5  2n6            7    1.000   0.714
        5  2n7            7    1.000   1.000
        5  2n8           12    1.000   1.000
        5  2n9           12    1.000   1.000
        5  2n10           3    1.000   0.333
        5  2n11           3    1.000   1.000
        5  2n12           5    1.000   1.000
        5  2n13           7    1.000   1.000
        5  2n14           5    1.000   1.000
        5  2n15           2    1.000   0.500

    sb_pf_yd:
      era  cell        n        dev     ont
        2  2n0         1485    1.000   1.000
        2  2n2         1487    1.000   1.000
        2  2n3          676    1.000   1.000
        2  2n4          674    1.000   1.000
        2  2n5          673    1.000   1.000
        2  2n6         1483    1.000   0.947
        2  2n7          677    1.000   1.000
        2  2n8          674    1.000   1.000
        2  2n9          678    1.000   1.000
        2  2n10        1482    1.000   1.000
        2  2n11         677    1.000   1.000
        2  2n12         678    1.000   1.000
        2  2n13         679    1.000   1.000
        2  2n14         678    1.000   1.000
        2  2n15        1481    1.000   0.845
        3  2n0            4    1.000   1.000
        3  2n1            3    1.000   1.000
        3  2n2            5    1.000   0.800
        3  2n3            5    1.000   1.000
        3  2n4            6    1.000   0.667
        3  2n5            9    1.000   1.000
        3  2n6            5    1.000   1.000
        3  2n7            5    1.000   0.600
        3  2n8            6    1.000   1.000
        3  2n9            5    1.000   1.000
        3  2n10           3    1.000   1.000
        3  2n11           3    1.000   1.000
        3  2n12           4    1.000   1.000
        3  2n13           5    1.000   0.800
        3  2n14           8    1.000   0.750
        3  2n15           2    1.000   1.000
        4  2n0            5    1.000   1.000
        4  2n1            4    1.000   1.000
        4  2n2            5    1.000   1.000
        4  2n3            3    1.000   0.667
        4  2n4            4    1.000   0.750
        4  2n5            5    1.000   1.000
        4  2n6            5    1.000   0.600
        4  2n7            3    1.000   1.000
        4  2n8            6    1.000   0.833
        4  2n9            3    1.000   1.000
        4  2n10           6    1.000   0.500
        4  2n11           2    1.000   1.000
        4  2n12           5    1.000   1.000
        4  2n13           4    1.000   1.000
        4  2n14           6    1.000   1.000
        4  2n15           6    1.000   0.667
        5  2n0            8    1.000   1.000
        5  2n1            6    1.000   1.000
        5  2n2            4    1.000   0.500
        5  2n3            3    1.000   1.000
        5  2n4            4    1.000   1.000
        5  2n5            9    1.000   1.000
        5  2n6            7    1.000   0.714
        5  2n7            7    1.000   1.000
        5  2n8           12    1.000   1.000
        5  2n9           12    1.000   1.000
        5  2n10           3    1.000   0.333
        5  2n11           3    1.000   1.000
        5  2n12           5    1.000   1.000
        5  2n13           7    1.000   1.000
        5  2n14           5    1.000   1.000
        5  2n15           2    1.000   0.500

====================================================================================================
[D] WHAT THE CHOOSER WROTE — Q0 §5's table, live, on the EXECUTED population
====================================================================================================
    Filed writes only (kept by the beam and on a graded tip). `rows` is the operative
    table's size, `dist` distinct tuples written, `keys` distinct class-pair keys,
    `tok` distinct token classes, `top1` the share of the era's filed writes on one
    tuple. Q0's banked numbers at the same nodes: L4 2.6-3.6 of 155-187 rows, top1
    0.91-0.94; L5 1.5-1.6 of 144-152, top1 0.80-0.93 (the FIRED population).

    al_pf_pj:
      era  cell      n_filed  rows   dist/cyc  keys/cyc  tok/cyc   top1(w)
        2  2n0          20    14      1.00     1.00    1.00     1.000
        2  2n1          17    14      1.00     1.00    1.00     1.000
        2  2n2          17    14      1.00     1.00    1.00     1.000
        2  2n3          22    14      1.00     1.00    1.00     1.000
        2  2n4          19    14      1.00     1.00    1.00     1.000
        2  2n5          37    14      1.00     1.00    1.00     1.000
        2  2n6          26    14      1.00     1.00    1.00     1.000
        2  2n7          50    14      1.00     1.00    1.00     1.000
        2  2n8          21    14      1.33     1.33    1.33     0.810
        2  2n9          34    14      1.00     1.00    1.00     1.000
        2  2n10         26    14      1.00     1.00    1.00     1.000
        2  2n11         35    14      1.00     1.00    1.00     1.000
        2  2n12         22    14      1.00     1.00    1.00     1.000
        2  2n13         31    14      1.00     1.00    1.00     1.000
        2  2n14         28    14      1.00     1.00    1.00     1.000
        2  2n15         20    14      1.00     1.00    1.00     1.000
        3  2n1           2    14      1.00     1.00    1.00     1.000
        3  2n2           2    14      1.00     1.00    1.00     1.000
        3  2n3           2    14      1.00     1.00    1.00     1.000
        3  2n4           2    14      1.00     1.00    1.00     1.000
        3  2n5           5    14      1.00     1.00    1.00     1.000
        3  2n6           2    14      1.00     1.00    1.00     1.000
        3  2n7           2    14      1.00     1.00    1.00     1.000
        3  2n8           4    14      1.00     1.00    1.00     1.000
        3  2n10          1    14      1.00     1.00    1.00     1.000
        3  2n11          4    14      1.00     1.00    1.00     1.000
        3  2n12          5    14      1.00     1.00    1.00     1.000
        3  2n13          3    14      1.00     1.00    1.00     1.000
        3  2n14          5    14      1.00     1.00    1.00     1.000
        4  2n0           1    14      1.00     1.00    1.00     1.000
        4  2n1           2    14      1.00     1.00    1.00     1.000
        4  2n2           2    14      1.00     1.00    1.00     1.000
        4  2n3           1    14      1.00     1.00    1.00     1.000
        4  2n4           5    14      1.00     1.00    1.00     1.000
        4  2n5           6    14      1.00     1.00    1.00     1.000
        4  2n7           1    14      1.00     1.00    1.00     1.000
        4  2n10          4    14      1.00     1.00    1.00     1.000
        4  2n11          1    14      1.00     1.00    1.00     1.000
        4  2n12          1    14      1.00     1.00    1.00     1.000
        4  2n13          1    14      1.00     1.00    1.00     1.000
        4  2n14          3    14      1.00     1.00    1.00     1.000
        5  2n0           8    14      1.00     1.00    1.00     1.000
        5  2n1           3    14      1.00     1.00    1.00     1.000
        5  2n2           3    14      1.00     1.00    1.00     1.000
        5  2n3           2    14      1.00     1.00    1.00     1.000
        5  2n4           6    14      1.00     1.00    1.00     1.000
        5  2n5           1    14      1.00     1.00    1.00     1.000
        5  2n6           4    14      1.00     1.00    1.00     1.000
        5  2n7           5    14      1.00     1.00    1.00     1.000
        5  2n8           7    14      1.00     1.00    1.00     1.000
        5  2n10          4    14      1.00     1.00    1.00     1.000
        5  2n12          3    14      1.00     1.00    1.00     1.000
        5  2n13          4    14      1.00     1.00    1.00     1.000
        5  2n14          4    14      1.00     1.00    1.00     1.000

    sb_pf_so:
      era  cell      n_filed  rows   dist/cyc  keys/cyc  tok/cyc   top1(w)
        2  2n0          22    14      1.00     1.00    1.00     1.000
        2  2n1          17    14      1.00     1.00    1.00     1.000
        2  2n2          18    14      1.00     1.00    1.00     1.000
        2  2n3          23    14      1.33     1.33    1.33     0.913
        2  2n4          19    14      1.00     1.00    1.00     1.000
        2  2n5          39    14      1.00     1.00    1.00     1.000
        2  2n6          25    14      1.00     1.00    1.00     1.000
        2  2n7          50    14      1.00     1.00    1.00     1.000
        2  2n8          20    14      1.00     1.00    1.00     1.000
        2  2n9          40    14      1.00     1.00    1.00     1.000
        2  2n10         30    14      1.00     1.00    1.00     1.000
        2  2n11         38    14      1.00     1.00    1.00     1.000
        2  2n12         25    14      1.00     1.00    1.00     1.000
        2  2n13         34    14      1.00     1.00    1.00     1.000
        2  2n14         24    14      1.00     1.00    1.00     1.000
        2  2n15         21    14      1.00     1.00    1.00     1.000
        3  2n1           1    14      1.00     1.00    1.00     1.000
        3  2n2           5    14      1.00     1.00    1.00     1.000
        3  2n3           2    14      1.00     1.00    1.00     1.000
        3  2n4           4    14      1.00     1.00    1.00     1.000
        3  2n5           8    14      1.00     1.00    1.00     1.000
        3  2n6           2    14      1.00     1.00    1.00     1.000
        3  2n7           1    14      1.00     1.00    1.00     1.000
        3  2n8           4    14      1.00     1.00    1.00     1.000
        3  2n9           5    14      1.00     1.00    1.00     1.000
        3  2n10          2    14      1.00     1.00    1.00     1.000
        3  2n11          7    14      1.00     1.00    1.00     1.000
        3  2n12          4    14      1.00     1.00    1.00     1.000
        3  2n13          4    14      1.00     1.00    1.00     1.000
        3  2n14          9    14      1.00     1.00    1.00     1.000
        4  2n1           2    14      1.00     1.00    1.00     1.000
        4  2n2           1    14      1.00     1.00    1.00     1.000
        4  2n3           1    14      1.00     1.00    1.00     1.000
        4  2n4           6    14      1.00     1.00    1.00     1.000
        4  2n5           7    14      1.00     1.00    1.00     1.000
        4  2n6           3    14      1.00     1.00    1.00     1.000
        4  2n7           1    14      1.00     1.00    1.00     1.000
        4  2n8           1    14      1.00     1.00    1.00     1.000
        4  2n10          7    14      1.00     1.00    1.00     1.000
        4  2n11          1    14      1.00     1.00    1.00     1.000
        4  2n12          4    14      1.00     1.00    1.00     1.000
        4  2n13          3    14      1.00     1.00    1.00     1.000
        4  2n14          4    14      1.00     1.00    1.00     1.000
        5  2n0           3    14      1.00     1.00    1.00     1.000
        5  2n1           4    14      1.00     1.00    1.00     1.000
        5  2n2           2    14      1.00     1.00    1.00     1.000
        5  2n3           1    14      1.00     1.00    1.00     1.000
        5  2n4           5    14      1.00     1.00    1.00     1.000
        5  2n5           3    14      1.00     1.00    1.00     1.000
        5  2n6           6    14      1.00     1.00    1.00     1.000
        5  2n7           5    14      1.00     1.00    1.00     1.000
        5  2n8          12    14      1.00     1.00    1.00     1.000
        5  2n9           5    14      1.00     1.00    1.00     1.000
        5  2n10          7    14      1.00     1.00    1.00     1.000
        5  2n11          2    14      1.00     1.00    1.00     1.000
        5  2n12          6    14      1.00     1.00    1.00     1.000
        5  2n13          5    14      1.00     1.00    1.00     1.000
        5  2n14          4    14      1.00     1.00    1.00     1.000

    sb_pf_sv:
      era  cell      n_filed  rows   dist/cyc  keys/cyc  tok/cyc   top1(w)
        2  2n0          20    14      1.00     1.00    1.00     1.000
        2  2n1          17    14      1.00     1.00    1.00     1.000
        2  2n2          17    14      1.00     1.00    1.00     1.000
        2  2n3          22    14      1.00     1.00    1.00     1.000
        2  2n4          19    14      1.00     1.00    1.00     1.000
        2  2n5          37    14      1.00     1.00    1.00     1.000
        2  2n6          26    14      1.00     1.00    1.00     1.000
        2  2n7          50    14      1.00     1.00    1.00     1.000
        2  2n8          21    14      1.33     1.33    1.33     0.810
        2  2n9          34    14      1.00     1.00    1.00     1.000
        2  2n10         26    14      1.00     1.00    1.00     1.000
        2  2n11         35    14      1.00     1.00    1.00     1.000
        2  2n12         22    14      1.00     1.00    1.00     1.000
        2  2n13         31    14      1.00     1.00    1.00     1.000
        2  2n14         28    14      1.00     1.00    1.00     1.000
        2  2n15         20    14      1.00     1.00    1.00     1.000
        3  2n1           2    14      1.00     1.00    1.00     1.000
        3  2n2           2    14      1.00     1.00    1.00     1.000
        3  2n3           2    14      1.00     1.00    1.00     1.000
        3  2n4           2    14      1.00     1.00    1.00     1.000
        3  2n5           5    14      1.00     1.00    1.00     1.000
        3  2n6           2    14      1.00     1.00    1.00     1.000
        3  2n7           2    14      1.00     1.00    1.00     1.000
        3  2n8           4    14      1.00     1.00    1.00     1.000
        3  2n10          1    14      1.00     1.00    1.00     1.000
        3  2n11          4    14      1.00     1.00    1.00     1.000
        3  2n12          5    14      1.00     1.00    1.00     1.000
        3  2n13          3    14      1.00     1.00    1.00     1.000
        3  2n14          5    14      1.00     1.00    1.00     1.000
        4  2n0           1    14      1.00     1.00    1.00     1.000
        4  2n1           2    14      1.00     1.00    1.00     1.000
        4  2n2           2    14      1.00     1.00    1.00     1.000
        4  2n3           1    14      1.00     1.00    1.00     1.000
        4  2n4           5    14      1.00     1.00    1.00     1.000
        4  2n5           6    14      1.00     1.00    1.00     1.000
        4  2n7           1    14      1.00     1.00    1.00     1.000
        4  2n10          4    14      1.00     1.00    1.00     1.000
        4  2n11          1    14      1.00     1.00    1.00     1.000
        4  2n12          1    14      1.00     1.00    1.00     1.000
        4  2n13          1    14      1.00     1.00    1.00     1.000
        4  2n14          3    14      1.00     1.00    1.00     1.000
        5  2n0           9    14      1.00     1.00    1.00     1.000
        5  2n1           3    14      1.00     1.00    1.00     1.000
        5  2n2           4    14      1.00     1.00    1.00     1.000
        5  2n3           2    14      1.00     1.00    1.00     1.000
        5  2n4           6    14      1.00     1.00    1.00     1.000
        5  2n5           1    14      1.00     1.00    1.00     1.000
        5  2n6           4    14      1.00     1.00    1.00     1.000
        5  2n7           5    14      1.00     1.00    1.00     1.000
        5  2n8           7    14      1.00     1.00    1.00     1.000
        5  2n10          4    14      1.00     1.00    1.00     1.000
        5  2n12          3    14      1.00     1.00    1.00     1.000
        5  2n13          4    14      1.00     1.00    1.00     1.000
        5  2n14          4    14      1.00     1.00    1.00     1.000

    sb_pf_yd:
      era  cell      n_filed  rows   dist/cyc  keys/cyc  tok/cyc   top1(w)
        2  2n0          20    14      1.00     1.00    1.00     1.000
        2  2n1          17    14      1.00     1.00    1.00     1.000
        2  2n2          17    14      1.00     1.00    1.00     1.000
        2  2n3          22    14      1.00     1.00    1.00     1.000
        2  2n4          19    14      1.00     1.00    1.00     1.000
        2  2n5          37    14      1.00     1.00    1.00     1.000
        2  2n6          26    14      1.00     1.00    1.00     1.000
        2  2n7          50    14      1.00     1.00    1.00     1.000
        2  2n8          21    14      1.33     1.33    1.33     0.810
        2  2n9          34    14      1.00     1.00    1.00     1.000
        2  2n10         26    14      1.00     1.00    1.00     1.000
        2  2n11         35    14      1.00     1.00    1.00     1.000
        2  2n12         22    14      1.00     1.00    1.00     1.000
        2  2n13         31    14      1.00     1.00    1.00     1.000
        2  2n14         28    14      1.00     1.00    1.00     1.000
        2  2n15         20    14      1.00     1.00    1.00     1.000
        3  2n1           2    14      1.00     1.00    1.00     1.000
        3  2n2           2    14      1.00     1.00    1.00     1.000
        3  2n3           2    14      1.00     1.00    1.00     1.000
        3  2n4           2    14      1.00     1.00    1.00     1.000
        3  2n5           5    14      1.00     1.00    1.00     1.000
        3  2n6           2    14      1.00     1.00    1.00     1.000
        3  2n7           2    14      1.00     1.00    1.00     1.000
        3  2n8           4    14      1.00     1.00    1.00     1.000
        3  2n10          1    14      1.00     1.00    1.00     1.000
        3  2n11          4    14      1.00     1.00    1.00     1.000
        3  2n12          5    14      1.00     1.00    1.00     1.000
        3  2n13          3    14      1.00     1.00    1.00     1.000
        3  2n14          5    14      1.00     1.00    1.00     1.000
        4  2n0           1    14      1.00     1.00    1.00     1.000
        4  2n1           2    14      1.00     1.00    1.00     1.000
        4  2n2           2    14      1.00     1.00    1.00     1.000
        4  2n3           1    14      1.00     1.00    1.00     1.000
        4  2n4           5    14      1.00     1.00    1.00     1.000
        4  2n5           6    14      1.00     1.00    1.00     1.000
        4  2n7           1    14      1.00     1.00    1.00     1.000
        4  2n10          4    14      1.00     1.00    1.00     1.000
        4  2n11          1    14      1.00     1.00    1.00     1.000
        4  2n12          1    14      1.00     1.00    1.00     1.000
        4  2n13          1    14      1.00     1.00    1.00     1.000
        4  2n14          3    14      1.00     1.00    1.00     1.000
        5  2n0           9    14      1.00     1.00    1.00     1.000
        5  2n1           3    14      1.00     1.00    1.00     1.000
        5  2n2           4    14      1.00     1.00    1.00     1.000
        5  2n3           2    14      1.00     1.00    1.00     1.000
        5  2n4           6    14      1.00     1.00    1.00     1.000
        5  2n5           1    14      1.00     1.00    1.00     1.000
        5  2n6           4    14      1.00     1.00    1.00     1.000
        5  2n7           5    14      1.00     1.00    1.00     1.000
        5  2n8           7    14      1.00     1.00    1.00     1.000
        5  2n10          4    14      1.00     1.00    1.00     1.000
        5  2n12          3    14      1.00     1.00    1.00     1.000
        5  2n13          4    14      1.00     1.00    1.00     1.000
        5  2n14          4    14      1.00     1.00    1.00     1.000

====================================================================================================
[E] THE WRITER'S CLASS ACCURACY ON THE PRICED BEAM (held-out: fresh instances/cycle)
====================================================================================================
    `contains` against the clean latent, `rep` against the set of features that REPAIR
    the instance there. On an open slot the writer IS the head, so `rep` is the head's
    class accuracy; where the corridor is closed it is the DP's. Q0 §3's audition-path
    numbers for the DP at the frontier: 4n3 contains_rep 0.718 (era 4), 5n1 0.582.

    al_pf_pj:
      era  cell     contains n    contains   rep n     rep
        2  2n0           20      0.300       16    0.000
        2  2n1           17      0.000       17    0.000
        2  2n2           17      0.941       17    0.000
        2  2n3           22      0.091       22    0.000
        2  2n4           19      0.105       19    0.000
        2  2n5           37      0.108       21    0.000
        2  2n6           26      0.000       17    0.000
        2  2n7           50      0.000       22    0.000
        2  2n8           21      0.000       21    0.000
        2  2n9           34      0.000       22    0.000
        2  2n10          26      0.769       17    0.000
        2  2n11          35      0.314       32    0.000
        2  2n12          22      0.091       22    0.091
        2  2n13          31      0.097       24    0.000
        2  2n14          28      0.000       20    0.000
        2  2n15          20      0.200       18    0.000
        3  2n1            2      0.000        2    0.000
        3  2n2            2      0.000        2    0.000
        3  2n3            2      0.000        2    0.000
        3  2n4            2      0.500        2    0.000
        3  2n5            5      0.000        5    0.000
        3  2n6            2      1.000        2    0.000
        3  2n7            2      0.000        2    0.000
        3  2n8            4      0.000        4    0.000
        3  2n10           1      0.000        1    0.000
        3  2n11           4      0.000        4    0.000
        3  2n12           5      0.200        5    0.000
        3  2n13           3      0.000        3    0.000
        3  2n14           5      0.400        5    0.000
        4  2n0            1      1.000        1    0.000
        4  2n1            2      0.500        2    0.000
        4  2n2            2      0.000        2    0.000
        4  2n3            1      0.000        1    0.000
        4  2n4            5      1.000        5    0.000
        4  2n5            6      0.000        6    0.000
        4  2n7            1      0.000        1    0.000
        4  2n10           4      0.000        4    0.000
        4  2n11           1      0.000        1    0.000
        4  2n12           1      0.000        1    0.000
        4  2n13           1      0.000        1    0.000
        4  2n14           3      0.000        3    0.000
        5  2n0            8      0.500        8    0.000
        5  2n1            3      0.000        3    0.000
        5  2n2            3      0.667        3    0.000
        5  2n3            2      0.000        2    0.000
        5  2n4            6      0.167        6    0.000
        5  2n5            1      0.000        1    0.000
        5  2n6            4      0.000        4    0.000
        5  2n7            5      0.000        5    0.000
        5  2n8            7      0.000        7    0.000
        5  2n10           4      0.250        4    0.000
        5  2n12           3      0.667        3    0.000
        5  2n13           4      0.000        4    0.000
        5  2n14           4      0.000        4    0.000

    sb_pf_so:
      era  cell     contains n    contains   rep n     rep
        2  2n0           22      0.273       17    0.000
        2  2n1           17      0.000       17    0.000
        2  2n2           18      0.944       17    0.000
        2  2n3           23      0.087       23    0.000
        2  2n4           19      0.105       19    0.000
        2  2n5           39      0.103       21    0.000
        2  2n6           25      0.000       17    0.000
        2  2n7           50      0.000       22    0.000
        2  2n8           20      0.000       20    0.000
        2  2n9           40      0.050       28    0.000
        2  2n10          30      0.800       17    0.000
        2  2n11          38      0.289       31    0.000
        2  2n12          25      0.040       23    0.043
        2  2n13          34      0.059       23    0.000
        2  2n14          24      0.000       20    0.000
        2  2n15          21      0.190       19    0.000
        3  2n1            1      0.000        1    0.000
        3  2n2            5      0.200        5    0.000
        3  2n3            2      0.000        2    0.000
        3  2n4            4      0.250        4    0.000
        3  2n5            8      0.000        8    0.000
        3  2n6            2      0.000        2    0.000
        3  2n7            1      0.000        1    0.000
        3  2n8            4      0.000        4    0.000
        3  2n9            5      0.400        5    0.000
        3  2n10           2      0.500        2    0.000
        3  2n11           7      0.000        7    0.000
        3  2n12           4      0.250        4    0.000
        3  2n13           4      0.000        4    0.000
        3  2n14           9      0.889        9    0.000
        4  2n1            2      0.500        2    0.000
        4  2n2            1      0.000        1    0.000
        4  2n3            1      0.000        1    0.000
        4  2n4            6      0.833        6    0.000
        4  2n5            7      0.000        7    0.000
        4  2n6            3      0.000        3    0.000
        4  2n7            1      0.000        1    0.000
        4  2n8            1      1.000        1    0.000
        4  2n10           7      0.429        7    0.000
        4  2n11           1      0.000        1    0.000
        4  2n12           4      0.250        4    0.250
        4  2n13           3      0.333        3    0.000
        4  2n14           4      0.000        4    0.000
        5  2n0            3      0.000        3    0.000
        5  2n1            4      0.500        4    0.000
        5  2n2            2      1.000        2    0.000
        5  2n3            1      0.000        1    0.000
        5  2n4            5      0.000        5    0.000
        5  2n5            3      0.333        3    0.000
        5  2n6            6      0.000        6    0.000
        5  2n7            5      0.000        5    0.000
        5  2n8           12      0.000       12    0.083
        5  2n9            5      0.200        5    0.000
        5  2n10           7      0.286        7    0.000
        5  2n11           2      0.000        2    0.000
        5  2n12           6      0.500        6    0.000
        5  2n13           5      0.000        5    0.000
        5  2n14           4      0.250        4    0.000

    sb_pf_sv:
      era  cell     contains n    contains   rep n     rep
        2  2n0           20      0.300       16    0.000
        2  2n1           17      0.000       17    0.000
        2  2n2           17      0.941       17    0.000
        2  2n3           22      0.091       22    0.000
        2  2n4           19      0.105       19    0.000
        2  2n5           37      0.108       21    0.000
        2  2n6           26      0.000       17    0.000
        2  2n7           50      0.000       22    0.000
        2  2n8           21      0.000       21    0.000
        2  2n9           34      0.000       22    0.000
        2  2n10          26      0.769       17    0.000
        2  2n11          35      0.314       32    0.000
        2  2n12          22      0.091       22    0.091
        2  2n13          31      0.097       24    0.000
        2  2n14          28      0.000       20    0.000
        2  2n15          20      0.200       18    0.000
        3  2n1            2      0.000        2    0.000
        3  2n2            2      0.000        2    0.000
        3  2n3            2      0.000        2    0.000
        3  2n4            2      0.500        2    0.000
        3  2n5            5      0.000        5    0.000
        3  2n6            2      1.000        2    0.000
        3  2n7            2      0.000        2    0.000
        3  2n8            4      0.000        4    0.000
        3  2n10           1      0.000        1    0.000
        3  2n11           4      0.000        4    0.000
        3  2n12           5      0.200        5    0.000
        3  2n13           3      0.000        3    0.000
        3  2n14           5      0.400        5    0.000
        4  2n0            1      1.000        1    0.000
        4  2n1            2      0.500        2    0.000
        4  2n2            2      0.000        2    0.000
        4  2n3            1      0.000        1    0.000
        4  2n4            5      1.000        5    0.000
        4  2n5            6      0.000        6    0.000
        4  2n7            1      0.000        1    0.000
        4  2n10           4      0.000        4    0.000
        4  2n11           1      0.000        1    0.000
        4  2n12           1      0.000        1    0.000
        4  2n13           1      0.000        1    0.000
        4  2n14           3      0.000        3    0.000
        5  2n0            9      0.556        9    0.000
        5  2n1            3      0.000        3    0.000
        5  2n2            4      0.500        4    0.000
        5  2n3            2      0.000        2    0.000
        5  2n4            6      0.167        6    0.000
        5  2n5            1      0.000        1    0.000
        5  2n6            4      0.000        4    0.000
        5  2n7            5      0.000        5    0.000
        5  2n8            7      0.000        7    0.000
        5  2n10           4      0.250        4    0.000
        5  2n12           3      0.667        3    0.000
        5  2n13           4      0.000        4    0.000
        5  2n14           4      0.000        4    0.000

    sb_pf_yd:
      era  cell     contains n    contains   rep n     rep
        2  2n0           20      0.300       16    0.000
        2  2n1           17      0.000       17    0.000
        2  2n2           17      0.941       17    0.000
        2  2n3           22      0.091       22    0.000
        2  2n4           19      0.105       19    0.000
        2  2n5           37      0.108       21    0.000
        2  2n6           26      0.000       17    0.000
        2  2n7           50      0.000       22    0.000
        2  2n8           21      0.000       21    0.000
        2  2n9           34      0.000       22    0.000
        2  2n10          26      0.769       17    0.000
        2  2n11          35      0.314       32    0.000
        2  2n12          22      0.091       22    0.091
        2  2n13          31      0.097       24    0.000
        2  2n14          28      0.000       20    0.000
        2  2n15          20      0.200       18    0.000
        3  2n1            2      0.000        2    0.000
        3  2n2            2      0.000        2    0.000
        3  2n3            2      0.000        2    0.000
        3  2n4            2      0.500        2    0.000
        3  2n5            5      0.000        5    0.000
        3  2n6            2      1.000        2    0.000
        3  2n7            2      0.000        2    0.000
        3  2n8            4      0.000        4    0.000
        3  2n10           1      0.000        1    0.000
        3  2n11           4      0.000        4    0.000
        3  2n12           5      0.200        5    0.000
        3  2n13           3      0.000        3    0.000
        3  2n14           5      0.400        5    0.000
        4  2n0            1      1.000        1    0.000
        4  2n1            2      0.500        2    0.000
        4  2n2            2      0.000        2    0.000
        4  2n3            1      0.000        1    0.000
        4  2n4            5      1.000        5    0.000
        4  2n5            6      0.000        6    0.000
        4  2n7            1      0.000        1    0.000
        4  2n10           4      0.000        4    0.000
        4  2n11           1      0.000        1    0.000
        4  2n12           1      0.000        1    0.000
        4  2n13           1      0.000        1    0.000
        4  2n14           3      0.000        3    0.000
        5  2n0            9      0.556        9    0.000
        5  2n1            3      0.000        3    0.000
        5  2n2            4      0.500        4    0.000
        5  2n3            2      0.000        2    0.000
        5  2n4            6      0.167        6    0.000
        5  2n5            1      0.000        1    0.000
        5  2n6            4      0.000        4    0.000
        5  2n7            5      0.000        5    0.000
        5  2n8            7      0.000        7    0.000
        5  2n10           4      0.250        4    0.000
        5  2n12           3      0.667        3    0.000
        5  2n13           4      0.000        4    0.000
        5  2n14           4      0.000        4    0.000

====================================================================================================
[F] THE IN-SITU READ-BACK — the number DESIGN §15 says decides whether Q2's
    `own_readback` has anything to read
====================================================================================================
    The frozen reader run on the span the learner just wrote, IN PLACE, quotiented
    through the arm's own class map and tallied against the record's class. Never
    summed with the verdict. Q0 §4: the STRUCTURAL disagreement on the token class is
    0.000 by construction on this draw, so everything here is the neural ear plus the
    learned quotient.

    al_pf_pj:
      era  cell         n   class_agree  tuple_agree   unnamed
        2  2n0         16       1.000       1.000     0.000
        2  2n1         17       1.000       1.000     0.000
        2  2n2         17       1.000       1.000     0.000
        2  2n3         22       1.000       1.000     0.000
        2  2n4         19       1.000       1.000     0.000
        2  2n5         21       0.952       0.952     0.000
        2  2n6         17       1.000       1.000     0.000
        2  2n7         22       1.000       1.000     0.000
        2  2n8         21       1.000       1.000     0.000
        2  2n9         22       0.727       0.727     0.000
        2  2n10        17       1.000       1.000     0.000
        2  2n11        32       1.000       1.000     0.000
        2  2n12        22       1.000       1.000     0.000
        2  2n13        24       0.833       0.833     0.000
        2  2n14        20       1.000       1.000     0.000
        2  2n15        18       1.000       1.000     0.000
        3  2n1          2       1.000       1.000     0.000
        3  2n2          2       1.000       1.000     0.000
        3  2n3          2       1.000       1.000     0.000
        3  2n4          2       1.000       1.000     0.000
        3  2n5          5       1.000       1.000     0.000
        3  2n6          2       1.000       1.000     0.000
        3  2n7          2       0.000       0.000     0.000
        3  2n8          4       1.000       1.000     0.000
        3  2n10         1       1.000       1.000     0.000
        3  2n11         4       1.000       1.000     0.000
        3  2n12         5       1.000       1.000     0.000
        3  2n13         3       1.000       1.000     0.000
        3  2n14         5       1.000       1.000     0.000
        4  2n0          1       1.000       1.000     0.000
        4  2n1          2       1.000       1.000     0.000
        4  2n2          2       1.000       1.000     0.000
        4  2n3          1       0.000       0.000     0.000
        4  2n4          5       1.000       1.000     0.000
        4  2n5          6       1.000       1.000     0.000
        4  2n7          1       0.000       0.000     0.000
        4  2n10         4       1.000       1.000     0.000
        4  2n11         1       1.000       1.000     0.000
        4  2n12         1       1.000       1.000     0.000
        4  2n13         1       1.000       1.000     0.000
        4  2n14         3       1.000       1.000     0.000
        5  2n0          8       1.000       1.000     0.000
        5  2n1          3       1.000       1.000     0.000
        5  2n2          3       1.000       1.000     0.000
        5  2n3          2       0.000       0.000     0.000
        5  2n4          6       1.000       1.000     0.000
        5  2n5          1       1.000       1.000     0.000
        5  2n6          4       1.000       1.000     0.000
        5  2n7          5       0.000       0.000     0.000
        5  2n8          7       1.000       1.000     0.000
        5  2n10         4       1.000       1.000     0.000
        5  2n12         3       1.000       1.000     0.000
        5  2n13         4       1.000       1.000     0.000
        5  2n14         4       1.000       1.000     0.000

    sb_pf_so:
      era  cell         n   class_agree  tuple_agree   unnamed
        2  2n0         17       0.941       0.941     0.000
        2  2n1         17       0.941       0.941     0.000
        2  2n2         17       1.000       1.000     0.000
        2  2n3         23       1.000       1.000     0.000
        2  2n4         19       1.000       1.000     0.000
        2  2n5         21       0.952       0.952     0.000
        2  2n6         17       1.000       1.000     0.000
        2  2n7         22       1.000       1.000     0.000
        2  2n8         20       1.000       1.000     0.000
        2  2n9         28       0.714       0.714     0.000
        2  2n10        17       1.000       1.000     0.000
        2  2n11        31       1.000       1.000     0.000
        2  2n12        23       1.000       1.000     0.000
        2  2n13        23       0.913       0.913     0.000
        2  2n14        20       1.000       1.000     0.000
        2  2n15        19       1.000       1.000     0.000
        3  2n1          1       0.000       0.000     0.000
        3  2n2          5       1.000       1.000     0.000
        3  2n3          2       1.000       1.000     0.000
        3  2n4          4       1.000       1.000     0.000
        3  2n5          8       0.500       0.500     0.000
        3  2n6          2       1.000       1.000     0.000
        3  2n7          1       0.000       0.000     0.000
        3  2n8          4       1.000       1.000     0.000
        3  2n9          5       1.000       1.000     0.000
        3  2n10         2       1.000       1.000     0.000
        3  2n11         7       1.000       1.000     0.000
        3  2n12         4       1.000       1.000     0.000
        3  2n13         4       1.000       1.000     0.000
        3  2n14         9       1.000       1.000     0.000
        4  2n1          2       1.000       1.000     0.000
        4  2n2          1       1.000       1.000     0.000
        4  2n3          1       0.000       0.000     0.000
        4  2n4          6       1.000       1.000     0.000
        4  2n5          7       1.000       1.000     0.000
        4  2n6          3       1.000       1.000     0.000
        4  2n7          1       0.000       0.000     0.000
        4  2n8          1       1.000       1.000     0.000
        4  2n10         7       1.000       1.000     0.000
        4  2n11         1       1.000       1.000     0.000
        4  2n12         4       1.000       1.000     0.000
        4  2n13         3       1.000       1.000     0.000
        4  2n14         4       1.000       1.000     0.000
        5  2n0          3       0.000       0.000     0.000
        5  2n1          4       1.000       1.000     0.000
        5  2n2          2       1.000       1.000     0.000
        5  2n3          1       0.000       0.000     0.000
        5  2n4          5       1.000       1.000     0.000
        5  2n5          3       1.000       1.000     0.000
        5  2n6          6       1.000       1.000     0.000
        5  2n7          5       0.000       0.000     0.000
        5  2n8         12       1.000       1.000     0.000
        5  2n9          5       1.000       1.000     0.000
        5  2n10         7       1.000       1.000     0.000
        5  2n11         2       1.000       1.000     0.000
        5  2n12         6       1.000       1.000     0.000
        5  2n13         5       1.000       1.000     0.000
        5  2n14         4       1.000       1.000     0.000

    sb_pf_sv:
      era  cell         n   class_agree  tuple_agree   unnamed
        2  2n0         16       1.000       1.000     0.000
        2  2n1         17       1.000       1.000     0.000
        2  2n2         17       1.000       1.000     0.000
        2  2n3         22       1.000       1.000     0.000
        2  2n4         19       1.000       1.000     0.000
        2  2n5         21       0.952       0.952     0.000
        2  2n6         17       1.000       1.000     0.000
        2  2n7         22       1.000       1.000     0.000
        2  2n8         21       1.000       1.000     0.000
        2  2n9         22       0.727       0.727     0.000
        2  2n10        17       1.000       1.000     0.000
        2  2n11        32       1.000       1.000     0.000
        2  2n12        22       1.000       1.000     0.000
        2  2n13        24       0.833       0.833     0.000
        2  2n14        20       1.000       1.000     0.000
        2  2n15        18       1.000       1.000     0.000
        3  2n1          2       1.000       1.000     0.000
        3  2n2          2       1.000       1.000     0.000
        3  2n3          2       1.000       1.000     0.000
        3  2n4          2       1.000       1.000     0.000
        3  2n5          5       1.000       1.000     0.000
        3  2n6          2       1.000       1.000     0.000
        3  2n7          2       0.000       0.000     0.000
        3  2n8          4       1.000       1.000     0.000
        3  2n10         1       1.000       1.000     0.000
        3  2n11         4       1.000       1.000     0.000
        3  2n12         5       1.000       1.000     0.000
        3  2n13         3       1.000       1.000     0.000
        3  2n14         5       1.000       1.000     0.000
        4  2n0          1       1.000       1.000     0.000
        4  2n1          2       1.000       1.000     0.000
        4  2n2          2       1.000       1.000     0.000
        4  2n3          1       0.000       0.000     0.000
        4  2n4          5       1.000       1.000     0.000
        4  2n5          6       1.000       1.000     0.000
        4  2n7          1       0.000       0.000     0.000
        4  2n10         4       1.000       1.000     0.000
        4  2n11         1       1.000       1.000     0.000
        4  2n12         1       1.000       1.000     0.000
        4  2n13         1       1.000       1.000     0.000
        4  2n14         3       1.000       1.000     0.000
        5  2n0          9       1.000       1.000     0.000
        5  2n1          3       1.000       1.000     0.000
        5  2n2          4       1.000       1.000     0.000
        5  2n3          2       0.000       0.000     0.000
        5  2n4          6       1.000       1.000     0.000
        5  2n5          1       1.000       1.000     0.000
        5  2n6          4       1.000       1.000     0.000
        5  2n7          5       0.000       0.000     0.000
        5  2n8          7       1.000       1.000     0.000
        5  2n10         4       1.000       1.000     0.000
        5  2n12         3       1.000       1.000     0.000
        5  2n13         4       1.000       1.000     0.000
        5  2n14         4       1.000       1.000     0.000

    sb_pf_yd:
      era  cell         n   class_agree  tuple_agree   unnamed
        2  2n0         16       1.000       1.000     0.000
        2  2n1         17       1.000       1.000     0.000
        2  2n2         17       1.000       1.000     0.000
        2  2n3         22       1.000       1.000     0.000
        2  2n4         19       1.000       1.000     0.000
        2  2n5         21       0.952       0.952     0.000
        2  2n6         17       1.000       1.000     0.000
        2  2n7         22       1.000       1.000     0.000
        2  2n8         21       1.000       1.000     0.000
        2  2n9         22       0.727       0.727     0.000
        2  2n10        17       1.000       1.000     0.000
        2  2n11        32       1.000       1.000     0.000
        2  2n12        22       1.000       1.000     0.000
        2  2n13        24       0.833       0.833     0.000
        2  2n14        20       1.000       1.000     0.000
        2  2n15        18       1.000       1.000     0.000
        3  2n1          2       1.000       1.000     0.000
        3  2n2          2       1.000       1.000     0.000
        3  2n3          2       1.000       1.000     0.000
        3  2n4          2       1.000       1.000     0.000
        3  2n5          5       1.000       1.000     0.000
        3  2n6          2       1.000       1.000     0.000
        3  2n7          2       0.000       0.000     0.000
        3  2n8          4       1.000       1.000     0.000
        3  2n10         1       1.000       1.000     0.000
        3  2n11         4       1.000       1.000     0.000
        3  2n12         5       1.000       1.000     0.000
        3  2n13         3       1.000       1.000     0.000
        3  2n14         5       1.000       1.000     0.000
        4  2n0          1       1.000       1.000     0.000
        4  2n1          2       1.000       1.000     0.000
        4  2n2          2       1.000       1.000     0.000
        4  2n3          1       0.000       0.000     0.000
        4  2n4          5       1.000       1.000     0.000
        4  2n5          6       1.000       1.000     0.000
        4  2n7          1       0.000       0.000     0.000
        4  2n10         4       1.000       1.000     0.000
        4  2n11         1       1.000       1.000     0.000
        4  2n12         1       1.000       1.000     0.000
        4  2n13         1       1.000       1.000     0.000
        4  2n14         3       1.000       1.000     0.000
        5  2n0          9       1.000       1.000     0.000
        5  2n1          3       1.000       1.000     0.000
        5  2n2          4       1.000       1.000     0.000
        5  2n3          2       0.000       0.000     0.000
        5  2n4          6       1.000       1.000     0.000
        5  2n5          1       1.000       1.000     0.000
        5  2n6          4       1.000       1.000     0.000
        5  2n7          5       0.000       0.000     0.000
        5  2n8          7       1.000       1.000     0.000
        5  2n10         4       1.000       1.000     0.000
        5  2n12         3       1.000       1.000     0.000
        5  2n13         4       1.000       1.000     0.000
        5  2n14         4       1.000       1.000     0.000

====================================================================================================
[G] THE RECORD'S VOLUME AND THE OBJECTIVE'S DIET
====================================================================================================
    `filed` writes kept by the beam and on a graded tip; `solved` their verdict;
    `unnamed` training rows whose recorded class has no member in the current table
    (the argmax arms' own hazard — DESIGN §14); `verify_bad` gate V-1's counter.

    arm                    written    filed   solved%   unnamed   verify   v_bad   buf(last, max over slots)
    al_pf_pj                     4664      546    0.000         0      546       0   58
    sb_pf_so                     4669      614    0.002         0      614       0   57
    sb_pf_sv                     4664      548    0.000         0      548       0   58
    sb_pf_yd                     4664      548    0.000         0      548       0   58

====================================================================================================
[H] ARRIVAL, CLASS COVERAGE, MERGES AND THE BILL
====================================================================================================
    arm                   L5@sup(end) L6@sup(end)  L4 classes(end)  merges taken  exp_reads   t_cum
    al_pf_pj                          0           0              32            49    2565815      217997
    sb_pf_so                          0           0              32            49    2566446      217997
    sb_pf_sv                          0           0              32            49    2565839      217997
    sb_pf_yd                          0           0              32            49    2565839      217997

====================================================================================================
[I] ERA-4/5 ERROR — with the caveat
====================================================================================================
    `enharmonic`'s matched-clock gaps between near-identical arms reach 0.08, and these
    arms are SELF-PACED and lived different numbers of cycles, so error is NOT a claim
    here. The structural readouts above are.

    arm                   era1  era2  era3  era4  era5
    al_pf_pj                 0.979  1.000  1.000  1.000  1.000
    sb_pf_so                 0.979  1.000  1.000  1.000  1.000
    sb_pf_sv                 0.979  1.000  1.000  1.000  1.000
    sb_pf_yd                 0.979  1.000  1.000  1.000  1.000

====================================================================================================
[J] THE CRITIC — held-out AUC against the verdict, per slot, over the run
====================================================================================================
    The held-out split is by the parity gate's own BIJECTIVE row code, not a coin flip,
    so a context recurring across cycles cannot sit on both sides. `auc` is None where
    one class is absent on the held-out rows — an AUC is undefined then, and saying so
    beats reporting 0.5. DENOMINATORS AND BASE RATES ARE PART OF THE READING: the
    preflight's AUCs sat on 16-26 rows at base rate 0.045-0.08 and were a path check.

    [sotto] `auc_world` is the probe AUC scored against the WORLD'S verdict on the
    same rows rather than against the verdict that was FILED. On a world-graded arm the
    two columns are the same number; on a model-graded arm they are not, and the one
    the question is about is `auc_world` — can the critic rank what the world would have
    said, having been taught by a mirror. `filed==world` is the share of the filed
    probe rows whose verdict the world agreed with, i.e. the mirror's own accuracy on
    the rows it actually put into the critic.

    [Q3] THE TWO DIETS ARE READ APART and are NEVER pooled. The filed rows are the
    practice beam's own writes — a narrow, self-selected candidate set (Q0 finding 3:
    at the frontier almost every write falls in one token class) — and the probe rows
    are the babbler's substitutions, a DIFFERENT class by construction. A pooled AUC
    would read that candidate-set difference as discrimination. Both columns carry
    their own denominator and base rate.

    al_pf_pj:
      FILED rows                                              PROBE rows [Q3], the AUC scored against the WORLD [sotto]
      slot   reads  n(last) base(last)  auc f/med/last  >.5   n(last) base(last)  auc f/med/last  >.5   auc_world f/med/last  filed==world
      2:7        1       19      0.000    (undefined: one class)            0          -          (no probe)            (n/a)           -  

    sb_pf_so:
      FILED rows                                              PROBE rows [Q3], the AUC scored against the WORLD [sotto]
      slot   reads  n(last) base(last)  auc f/med/last  >.5   n(last) base(last)  auc f/med/last  >.5   auc_world f/med/last  filed==world
      2:7        1       18      0.000    (undefined: one class)            0          -          (no probe)            (n/a)           -  

    sb_pf_sv:
      FILED rows                                              PROBE rows [Q3], the AUC scored against the WORLD [sotto]
      slot   reads  n(last) base(last)  auc f/med/last  >.5   n(last) base(last)  auc f/med/last  >.5   auc_world f/med/last  filed==world
      2:7        1       19      0.000    (undefined: one class)            0          -          (no probe)            (n/a)           -  

    sb_pf_yd:
      FILED rows                                              PROBE rows [Q3], the AUC scored against the WORLD [sotto]
      slot   reads  n(last) base(last)  auc f/med/last  >.5   n(last) base(last)  auc f/med/last  >.5   auc_world f/med/last  filed==world
      2:7        1       19      0.000    (undefined: one class)            0          -          (no probe)            (n/a)           -  

====================================================================================================
[K] EPSILON — its OWN counters, and the frontier it is confined to
====================================================================================================
    `n_eps` counts calls where epsilon FIRED; `eps_shift` those where the uniform class
    draw actually changed the write (it is below `n_eps` because a uniform draw can land
    on the class the argmax would have written). These are separate from `shift`, which
    also counts the CRITIC re-deciding — on a governed arm the two are not separable
    from `shift` alone. Q1 §19 is why the frontier confinement exists at all.

    al_pf_pj: epsilon never fired (argmax arm).

    sb_pf_so: epsilon never fired (argmax arm).

    sb_pf_sv: epsilon never fired (argmax arm).

    sb_pf_yd: epsilon never fired (argmax arm).

====================================================================================================
[L] GOVERNANCE — which slots the critic earned, when, and how often it moved the write
====================================================================================================
    A slot is governed once it holds `vo_critic_min` filed rows. `shift - eps_shift`
    is the part of the re-decision the CRITIC is responsible for.

    al_pf_pj:  16 slots governed
      slot   first  last   calls     critic-moved share
      2:0   c7     c27       1502               1.000
      2:1   c11    c27         13               1.000
      2:2   c7     c27       1501               1.000
      2:3   c8     c27        687               1.000
      2:4   c8     c27        688               1.000
      2:5   c8     c27        696               1.000
      2:6   c7     c27       1500               1.000
      2:7   c8     c27        692               1.000
      2:8   c8     c27        698               1.000
      2:9   c8     c27        698               1.000
      2:10  c7     c27       1494               1.000
      2:11  c8     c27        685               1.000
      2:12  c8     c27        692               1.000
      2:13  c8     c27        695               1.000
      2:14  c8     c27        697               1.000
      2:15  c7     c27       1491               1.000

    sb_pf_so:  16 slots governed
      slot   first  last   calls     critic-moved share
      2:0   c7     c27       1503               1.000
      2:1   c8     c27        688               1.000
      2:2   c7     c27       1501               1.000
      2:3   c8     c27        687               1.000
      2:4   c8     c27        689               1.000
      2:5   c8     c27        696               1.000
      2:6   c7     c27       1500               1.000
      2:7   c8     c27        692               1.000
      2:8   c10    c27         25               1.000
      2:9   c8     c27        698               1.000
      2:10  c7     c27       1495               1.000
      2:11  c8     c27        686               1.000
      2:12  c8     c27        692               1.000
      2:13  c8     c27        695               1.000
      2:14  c8     c27        697               1.000
      2:15  c7     c27       1491               0.992

    sb_pf_sv:  16 slots governed
      slot   first  last   calls     critic-moved share
      2:0   c7     c27       1502               1.000
      2:1   c11    c27         13               1.000
      2:2   c7     c27       1501               1.000
      2:3   c8     c27        687               1.000
      2:4   c8     c27        688               1.000
      2:5   c8     c27        696               1.000
      2:6   c7     c27       1500               1.000
      2:7   c8     c27        692               1.000
      2:8   c8     c27        698               1.000
      2:9   c8     c27        698               1.000
      2:10  c7     c27       1494               1.000
      2:11  c8     c27        685               1.000
      2:12  c8     c27        692               1.000
      2:13  c8     c27        695               1.000
      2:14  c8     c27        697               1.000
      2:15  c7     c27       1491               1.000

    sb_pf_yd:  16 slots governed
      slot   first  last   calls     critic-moved share
      2:0   c7     c27       1502               1.000
      2:1   c11    c27         13               1.000
      2:2   c7     c27       1501               1.000
      2:3   c8     c27        687               1.000
      2:4   c8     c27        688               1.000
      2:5   c8     c27        696               1.000
      2:6   c7     c27       1500               1.000
      2:7   c8     c27        692               1.000
      2:8   c8     c27        698               1.000
      2:9   c8     c27        698               1.000
      2:10  c7     c27       1494               1.000
      2:11  c8     c27        685               1.000
      2:12  c8     c27        692               1.000
      2:13  c8     c27        695               1.000
      2:14  c8     c27        697               1.000
      2:15  c7     c27       1491               1.000

====================================================================================================
[M] THE CORRIDOR UNDER A MOVED WRITE — misfire with the treatment's own draws removed
====================================================================================================
    `n_misfire` counts FIRED rows (the head executed) whose span did not match
    `dp_features` exactly. Where the treatment RE-DECIDED the write, a mismatch with the
    DP's row IS the treatment and not a defect — so the raw rate is not the corridor's
    health on a treated arm.

    [Q3] THE SPLIT Q2 COULD NOT MAKE. `n_sampled` / `n_xp_shift` count every
    re-decided call, OPEN and CLOSED alike, and `n_fired` counts only calls the head
    executed — so on an arm whose corridor is mostly shut, Q2's `shift - misfire` was
    a subtraction across two different denominators and `excess` had to be withheld
    wherever `shift > n_misfire`. The recorder now tallies the shift BY PATH
    (`n_shift_fired` / `n_shift_closed`), so `excess` below is
        (n_misfire - shift_FIRED) / n_fired
    on the same denominator throughout. It is the misfire the moved write does NOT
    explain. A negative value means the head matched the DP on rows the treatment had
    moved — possible, and printed rather than clipped. Q2's undecomposable form is kept
    in the last two columns so a Q2 tag reduces to the same numbers it did.

    arm                    open max/last  n_fired    misfire   shift_fire  shift_clos   excess    [Q2 form]
    al_pf_pj                   16 /   16      23992    0.9582       14429           0    0.3568   shift/sampled 1.0000 excess 0.3568
    sb_pf_so                   16 /   16      23997    0.9263       14423           0    0.3252   shift/sampled 0.9992 excess 0.3252
    sb_pf_sv                   16 /   16      23992    0.9577       14429           0    0.3563   shift/sampled 1.0000 excess 0.3563
    sb_pf_yd                   16 /   16      23992    0.9577       14429           0    0.3563   shift/sampled 1.0000 excess 0.3563

    n_open per 10 cycles:
      al_pf_pj                 0  16  16
      sb_pf_so                 0  16  16
      sb_pf_sv                 0  16  16
      sb_pf_yd                 0  16  16

====================================================================================================
[N] THE COMPOSED CHOICE — how often the critic moved the write off the DP's row
====================================================================================================
    On a governed slot the composed chooser is  argmax_t  z(dp_t / span) + w * z(critic_t)
    over the on-table candidates, each z-scored over the candidate SET. `moved` is the
    share of governed calls where that argmax is not the DP's own argmax — MEASURED at
    the choice, never inferred from the write.

    `dp_vs_head` is printed beside it and is a DIFFERENT quantity: on an OPEN slot the
    executor's own would-be write is the head's emission, not the DP's row, so the two
    priors already disagree before the critic is consulted. Reading `moved` without it
    would attribute that standing disagreement to the critic. It is 0 on a closed slot
    by construction (there the DP IS the writer).

    A `moved` share near 0 says the critic is decorative at this w; near 1 says the DP
    is. Neither is a defect and neither is read as one here.

    al_pf_pj:  mode=composed  w=1.0
      cell    governed calls      moved   share    dp_vs_head share
      2n0               1502       1502   1.000              0.000
      2n1                 13         13   1.000              0.000
      2n2               1501       1501   1.000              0.000
      2n3                687        687   1.000              0.000
      2n4                688        688   1.000              0.000
      2n5                696        696   1.000              0.000
      2n6               1500       1500   1.000              0.000
      2n7                692        692   1.000              0.000
      2n8                698        698   1.000              0.000
      2n9                698        698   1.000              0.000
      2n10              1494       1494   1.000              0.000
      2n11               685        685   1.000              0.000
      2n12               692        692   1.000              0.000
      2n13               695        695   1.000              0.000
      2n14               697        697   1.000              0.000
      2n15              1491       1491   1.000              0.000
      ALL              14429      14429   1.000

    sb_pf_so:  mode=composed  w=1.0
      cell    governed calls      moved   share    dp_vs_head share
      2n0               1503       1503   1.000              0.000
      2n1                688        688   1.000              0.000
      2n2               1501       1501   1.000              0.000
      2n3                687        687   1.000              0.000
      2n4                689        689   1.000              0.000
      2n5                696        696   1.000              0.000
      2n6               1500       1500   1.000              0.000
      2n7                692        692   1.000              0.000
      2n8                 25         25   1.000              0.000
      2n9                698        698   1.000              0.000
      2n10              1495       1495   1.000              0.000
      2n11               686        686   1.000              0.000
      2n12               692        692   1.000              0.000
      2n13               695        695   1.000              0.000
      2n14               697        697   1.000              0.000
      2n15              1491       1479   0.992              0.000
      ALL              14435      14423   0.999

    sb_pf_sv:  mode=composed  w=1.0
      cell    governed calls      moved   share    dp_vs_head share
      2n0               1502       1502   1.000              0.000
      2n1                 13         13   1.000              0.000
      2n2               1501       1501   1.000              0.000
      2n3                687        687   1.000              0.000
      2n4                688        688   1.000              0.000
      2n5                696        696   1.000              0.000
      2n6               1500       1500   1.000              0.000
      2n7                692        692   1.000              0.000
      2n8                698        698   1.000              0.000
      2n9                698        698   1.000              0.000
      2n10              1494       1494   1.000              0.000
      2n11               685        685   1.000              0.000
      2n12               692        692   1.000              0.000
      2n13               695        695   1.000              0.000
      2n14               697        697   1.000              0.000
      2n15              1491       1491   1.000              0.000
      ALL              14429      14429   1.000

    sb_pf_yd:  mode=composed  w=1.0
      cell    governed calls      moved   share    dp_vs_head share
      2n0               1502       1502   1.000              0.000
      2n1                 13         13   1.000              0.000
      2n2               1501       1501   1.000              0.000
      2n3                687        687   1.000              0.000
      2n4                688        688   1.000              0.000
      2n5                696        696   1.000              0.000
      2n6               1500       1500   1.000              0.000
      2n7                692        692   1.000              0.000
      2n8                698        698   1.000              0.000
      2n9                698        698   1.000              0.000
      2n10              1494       1494   1.000              0.000
      2n11               685        685   1.000              0.000
      2n12               692        692   1.000              0.000
      2n13               695        695   1.000              0.000
      2n14               697        697   1.000              0.000
      2n15              1491       1491   1.000              0.000
      ALL              14429      14429   1.000

====================================================================================================
[O] BABBLING OFF-STREAM — the probe's counts, what it graded, and its share of the bill
====================================================================================================
    Per governed slot per cycle, up to `vo_probe_n` filed contexts: the trajectory's
    FINAL configuration with a DIFFERENT on-table class substituted at that slot,
    rendered and graded once. The verdict answers 'would this write ALONE have been
    right, holding the rest of the trajectory fixed' — not 'would the beam have
    solved it'; the rest of the trajectory is the beam's own, unchanged. Said here
    because the probe's solve rate is only comparable to the FILED rate under that
    reading.

    PRICED: every probe grading is a grounding on the meter at `d_fb`, inside the
    cycle's own ledger. `share` below is of the WHOLE cycle's priced ledger, the
    probe's own cost included — the number the design's ~5% cap is stated against.
    Gate V-4B asserts the bill moved by exactly the probe count and gate V-5 that
    nothing else did.

    arm                    probes   graded    solved   solve rate    bill: mean / max    cycles billed
    al_pf_pj                  154        0         1       0.0065    0.0000 / 0.0000          0 / 27
    sb_pf_so                  205        0         2       0.0098    0.0000 / 0.0000          0 / 27
    sb_pf_sv                  156        0         1       0.0064    0.0000 / 0.0000          0 / 27
    sb_pf_yd                  156        0         1       0.0064    0.0000 / 0.0000          0 / 27

    the FILED solve rate on the same slots, for the comparison the reading above
    licenses (both are per-write verdicts; the filed one is on the write that was
    actually made, the probe one on a substitution into the same final state):
      al_pf_pj               filed       0/546     = 0.0000    probe       1/154     = 0.0065
      sb_pf_so               filed       1/614     = 0.0016    probe       2/205     = 0.0098
      sb_pf_sv               filed       0/548     = 0.0000    probe       1/156     = 0.0064
      sb_pf_yd               filed       0/548     = 0.0000    probe       1/156     = 0.0064

    the bill per era, so a share that grows with the ladder is visible:

====================================================================================================
[P] THE MIRROR — the outcome model against the world
====================================================================================================
    The outcome model reads a RENDERED CONFIGURATION and its root — what the world's
    grader reads — and is trained by BCE against the world's verdict on the
    configurations the learner actually produced (the filed rows' `fin` and `y`,
    deduplicated by (configuration, root) within the cycle). It is a separate object:
    its own parameters, its own optimizer, its own numpy streams, never the plant's.

    TWO NUMBERS, and the gap between them is the whole question. On HELD-OUT
    EXPERIENCE the mirror is scored on rows drawn from the same distribution it was
    polished on. On PROBES it is scored on substitutions the learner never wrote — off
    its own support by construction — against the world's verdict, which every arm
    computes as an instrument and no arm consumes (gate M-1).

    [aliquot] the BANKED mirror arms are printed here too (marked *), so the
    projection's column and `so_mg_yk`'s sit in one table.

    arm                  mode        K   rows   held-out EXPERIENCE      on PROBES
                                                 acc     AUC    base     acc    base   n
    al_pf_pj             proj        1    274   1.0000  0.0000  0.0000   0.9935  0.0065     154
    sb_pf_so             proj        1    329   0.9821  0.5000  0.0179   0.9902  0.0098     205
    sb_pf_sv             proj        1    276   1.0000  0.0000  0.0000   0.9936  0.0064     156
    sb_pf_yd             proj        1    276   1.0000  0.0000  0.0000   0.9936  0.0064     156

    the mirror's own trajectory (held-out accuracy and AUC against the world, per
    cycle, thinned): a mirror that is still improving at the last cycle is a mirror
    whose blind region is a function of how much experience it has had, not of the
    architecture.
      al_pf_pj             c1:0.000  c4:0.000  c7:0.000  c10:0.000  c13:0.000  c16:0.000  c19:0.000  c22:0.000  c25:0.000
      sb_pf_so             c1:0.000  c4:0.000  c7:0.000  c10:0.000  c13:0.000  c16:0.000  c19:0.000  c22:0.000  c25:0.500
      sb_pf_sv             c1:0.000  c4:0.000  c7:0.000  c10:0.000  c13:0.000  c16:0.000  c19:0.000  c22:0.000  c25:0.000
      sb_pf_yd             c1:0.000  c4:0.000  c7:0.000  c10:0.000  c13:0.000  c16:0.000  c19:0.000  c22:0.000  c25:0.000

    the committee's spread on held-out experience and the agreement threshold it set
    (the threshold is the q-th quantile of that spread, q = `vo_om_agree_q`):

====================================================================================================
[Q] DISAGREEMENT AS A DETECTOR — does the committee's spread find the mirror's own error
====================================================================================================
    `committee_head` read disagreement at 0.716 as a reward-free reader of 'is this
    learnable', and `ballistic/directed` read it as finding where you LACK DATA rather
    than where data went stale. A counterfactual is by construction where you lack
    data, so the question here is whether the spread is sighted where the mean is not:
    the AUC of the spread as a detector of 'the committee's mean verdict disagrees with
    the world' on the probes themselves.

    Read off the capped per-probe instrument sample (`vo_probe_rows`), which is the
    only place the two are stored row by row. `n` is that sample's size, not the run's
    probe count — the denominator is part of the reading.

    arm                     n   err rate   AUC(spread -> wrong)   AUC(|p-0.5| -> right)
    al_pf_pj                154    0.0065                 0.5000                 0.9052
    sb_pf_so                205    0.0098                 0.5000                 0.8288
    sb_pf_sv                156    0.0064                 0.5000                 0.9065
    sb_pf_yd                156    0.0064                 0.5000                 0.9065

    THE SAMPLE'S WINDOW MATTERS AND IS PRINTED. Before the reservoir fix the sample
    filled front-to-back and stopped, so on `so_s1` / `so_s2` every row comes from the
    first five cycles in which probes fired — a FIVE-CYCLE-OLD mirror, not the run's.
    Read the between-cycle panel below instead on those tags.
      al_pf_pj             sample cycles 8-26 (19 distinct of 27)
      sb_pf_so             sample cycles 8-26 (19 distinct of 27)
      sb_pf_sv             sample cycles 8-26 (19 distinct of 27)
      sb_pf_yd             sample cycles 8-26 (19 distinct of 27)

    BETWEEN CYCLES, over the WHOLE run, from the per-cycle mirror counters (every
    cycle, every probe, no sample): does a cycle in which the committee is more spread
    have a higher mirror error rate? A different question from the between-probe one —
    it asks whether the spread tracks the mirror's error as the mirror MATURES rather
    than which individual counterfactual it is wrong about — and it is the one this
    tag's logging can answer over its whole life.
      arm                cycles   rho(spread, err)   AUC(spread -> err>median)   err first/last
      al_pf_pj             (too few cycles with probes)
      sb_pf_so             (too few cycles with probes)
      sb_pf_sv             (too few cycles with probes)
      sb_pf_yd             (too few cycles with probes)

    the same, per cycle, for the mirror's own error trajectory (thinned) — so a
    detector AUC near 0.5 can be read against whether the error moved at all:

    the same, split by whether the substituted class is in the slot's frequently-
    written set (`sup`), because that is the axis the blind region is expected on:
      al_pf_pj             sup=0  n=   154  err 0.0065  AUC(spread->wrong) 0.5000
      sb_pf_so             sup=0  n=   205  err 0.0098  AUC(spread->wrong) 0.5000
      sb_pf_sv             sup=0  n=   156  err 0.0064  AUC(spread->wrong) 0.5000
      sb_pf_yd             sup=0  n=   156  err 0.0064  AUC(spread->wrong) 0.5000

====================================================================================================
[R] THE BLIND REGION — where the mirror and the world disagree
====================================================================================================
    Per (level, in the slot's frequently-written set): the 2x2 of the mirror's verdict
    against the world's on the probes, the world's own solve rate there, the mirror's
    mean probability and the committee's mean spread, and what the agreement rule did
    (`agree` = the committee concurred; `filed` = the row reached the critic's buffer).

    A mirror trained on the learner's own experience is the same grader in a mirror
    (`ideas/heterogeneous_graders.md` §8). This table is how far it extends before it
    goes blind, LOCATED rather than summarised.

    al_pf_pj:
      cell     n     world   mirror   acc     TP    FP    FN    TN    p̄      spread   agree   filed
      L2s0       154  0.0065  0.0000  0.9935      0     0     1   153  0.0080  0.00000  1.0000  1.0000
      ALL        154  0.0065  0.0000  0.9935      0     0     1   153                    1.0000  1.0000

    sb_pf_so:
      cell     n     world   mirror   acc     TP    FP    FN    TN    p̄      spread   agree   filed
      L2s0       205  0.0098  0.0000  0.9902      0     0     2   203  0.0069  0.00000  1.0000  1.0000
      ALL        205  0.0098  0.0000  0.9902      0     0     2   203                    1.0000  1.0000

    sb_pf_sv:
      cell     n     world   mirror   acc     TP    FP    FN    TN    p̄      spread   agree   filed
      L2s0       156  0.0064  0.0000  0.9936      0     0     1   155  0.0080  0.00000  1.0000  1.0000
      ALL        156  0.0064  0.0000  0.9936      0     0     1   155                    1.0000  1.0000

    sb_pf_yd:
      cell     n     world   mirror   acc     TP    FP    FN    TN    p̄      spread   agree   filed
      L2s0       156  0.0064  0.0000  0.9936      0     0     1   155  0.0080  0.00000  1.0000  1.0000
      ALL        156  0.0064  0.0000  0.9936      0     0     1   155                    1.0000  1.0000

====================================================================================================
[T] THE MIRROR'S GATE TABLE — M-1r / M-2r / M-3r / M-4r, re-asserted post hoc
====================================================================================================
    The same assertions the preflight ran, re-run here on the paid tag's own arm files.
    A RAISE below is a failure of the round, not of the reduction.

    [PASS] al_pf_pj             {"arm": "al_pf_pj", "mode": "proj", "n_probe": 154, "n_filed": 154, "n_agree": 154, "n_world": 0, "bill_ground": 0, "mirror_rows": 154, "om_push_world": 0, "om_src_world": 0, "om_world_cum": 0, "om_push_exp": 274, "om_push_cum": 274, "om_append_world": 0, "om_append_exp": 274, "om_rows": 274, "om_cap": 4000, "pbuf_rows": 154, "bill_line_sum": 0}
    [PASS] sb_pf_so             {"arm": "sb_pf_so", "mode": "proj", "n_probe": 205, "n_filed": 205, "n_agree": 205, "n_world": 0, "bill_ground": 0, "mirror_rows": 205, "om_push_world": 0, "om_src_world": 0, "om_world_cum": 0, "om_push_exp": 329, "om_push_cum": 329, "om_append_world": 0, "om_append_exp": 329, "om_rows": 329, "om_cap": 4000, "pbuf_rows": 205, "bill_line_sum": 0}
    [PASS] sb_pf_sv             {"arm": "sb_pf_sv", "mode": "proj", "n_probe": 156, "n_filed": 156, "n_agree": 156, "n_world": 0, "bill_ground": 0, "mirror_rows": 156, "om_push_world": 0, "om_src_world": 0, "om_world_cum": 0, "om_push_exp": 276, "om_push_cum": 276, "om_append_world": 0, "om_append_exp": 276, "om_rows": 276, "om_cap": 4000, "pbuf_rows": 156, "bill_line_sum": 0}
    [PASS] sb_pf_yd             {"arm": "sb_pf_yd", "mode": "proj", "n_probe": 156, "n_filed": 156, "n_agree": 156, "n_world": 0, "bill_ground": 0, "mirror_rows": 156, "om_push_world": 0, "om_src_world": 0, "om_world_cum": 0, "om_push_exp": 276, "om_push_cum": 276, "om_append_world": 0, "om_append_exp": 276, "om_rows": 276, "om_cap": 4000, "pbuf_rows": 156, "bill_line_sum": 0}

    [aliquot] P-2r / P-3r / P-4r on every PROJECTION arm: the trunk's fingerprint over
    the run (it MOVES on a `live` arm and is CONSTANT on the `rand` twin), the refit
    count, the ridge, and the held-out instrument.
    [PASS] al_pf_pj             {"arm": "al_pf_pj", "mode": "proj", "which": "live", "n_refit": 21, "refit_skipped": 0, "lam_last": 32.0, "lams": [1.0, 32.0, 1024.0], "nfeat": 1737, "tdim": 96, "sig0": 16211.050385125278, "n_cycles_logged": 27, "n_sig": 21, "sig_min": 16217.070476273055, "sig_max": 16234.915646240159, "n_hold_auc": 0, "hold_auc_first": null, "hold_auc_last": null, "n_degenerate": 21, "hold_base_last": 0.0, "hold_base_max": 0.0, "auc_undefined": true, "fit_base_max": null, "n_fit_base": 0, "n_noslot": 0, "n_spanclamp": 0}
    [PASS] sb_pf_so             {"arm": "sb_pf_so", "mode": "proj", "which": "live", "n_refit": 21, "refit_skipped": 0, "lam_last": 32.0, "lams": [1.0, 32.0, 1024.0], "nfeat": 1737, "tdim": 96, "sig0": 16211.050385125278, "n_cycles_logged": 27, "n_sig": 21, "sig_min": 16211.050385125278, "sig_max": 16232.582095085123, "n_hold_auc": 3, "hold_auc_first": 0.5, "hold_auc_last": 0.5, "n_degenerate": 21, "hold_base_last": 0.01785714365541935, "hold_base_max": 0.018518518656492233, "auc_undefined": false, "fit_base_max": null, "n_fit_base": 0, "all_refits_degenerate": "recorded, not asserted: every refit took the intercept-only branch, which is entered iff the TRAINING slice was single-class, while the held-out slice carried both classes \u2014 a fact about the split at this scale. The claim binds through `fit_base` below.", "n_noslot": 0, "n_spanclamp": 0}
    [PASS] sb_pf_sv             {"arm": "sb_pf_sv", "mode": "proj", "which": "live", "n_refit": 21, "refit_skipped": 0, "lam_last": 32.0, "lams": [1.0, 32.0, 1024.0], "nfeat": 1737, "tdim": 96, "sig0": 16211.050385125278, "n_cycles_logged": 27, "n_sig": 21, "sig_min": 16217.070476273055, "sig_max": 16242.778372535042, "n_hold_auc": 0, "hold_auc_first": null, "hold_auc_last": null, "n_degenerate": 21, "hold_base_last": 0.0, "hold_base_max": 0.0, "auc_undefined": true, "fit_base_max": null, "n_fit_base": 0, "n_noslot": 0, "n_spanclamp": 0}
    [PASS] sb_pf_yd             {"arm": "sb_pf_yd", "mode": "proj", "which": "live", "n_refit": 21, "refit_skipped": 0, "lam_last": 32.0, "lams": [1.0, 32.0, 1024.0], "nfeat": 1737, "tdim": 96, "sig0": 16211.050385125278, "n_cycles_logged": 27, "n_sig": 21, "sig_min": 16217.070476273055, "sig_max": 16242.778372535042, "n_hold_auc": 0, "hold_auc_first": null, "hold_auc_last": null, "n_degenerate": 21, "hold_base_last": 0.0, "hold_base_max": 0.0, "auc_undefined": true, "fit_base_max": null, "n_fit_base": 0, "n_noslot": 0, "n_spanclamp": 0}

    [soundboard] S-1r / S-2r / S-3r on every arm carrying the shaping series: the term
    fired, the plant MOVED, the target is the one the arm named, the yield currency is
    not constant, and the world-model diagnostics exist.
    [PASS] al_pf_pj             {"arm": "al_pf_pj", "shaping": false, "target": null, "infill": true, "n_cycles_logged": 27, "sig_first": 16211.927176022278, "sig_last": 16236.066014619457, "sig_min": 16211.927176022278, "sig_max": 16236.066014619457, "n_step": 0, "n_skip": 0, "n_rows": 0, "bce_first": null, "bce_last": null, "n_nograd": 0, "n_wm": 0}
    [PASS] sb_pf_so             {"arm": "sb_pf_so", "shaping": true, "target": "solve", "infill": false, "n_cycles_logged": 27, "sig_first": 16211.050385125278, "sig_last": 16234.830286153692, "sig_min": 16211.050385125278, "sig_max": 16234.830286153692, "n_step": 42, "n_skip": 12, "n_rows": 2664, "bce_first": 0.6754533648490906, "bce_last": 0.2526191473007202, "n_nograd": 12, "n_wm": 27, "infill_ce_first": 1.9099812507629395, "infill_ce_last": 1.936666488647461, "parse_mask1_first": 0.22190020161290322, "parse_mask1_last": 0.2639868951612903, "dp_cycles": [1, 3, 5, 7, 9, 11, 13, 15, 17, 19, 21, 23, 25, 27], "dp_last": {"2": {"acc": 0.255859375, "n": 512, "nodes": 2}, "3": {"acc": 0.25, "n": 1024, "nodes": 2}, "4": {"acc": 0.2880859375, "n": 2048, "nodes": 2}, "5": {"acc": 0.28271484375, "n": 4096, "nodes": 2}}}
    [PASS] sb_pf_sv             {"arm": "sb_pf_sv", "shaping": true, "target": "solve", "infill": true, "n_cycles_logged": 27, "sig_first": 16211.927176022278, "sig_last": 16244.990236781206, "sig_min": 16211.927176022278, "sig_max": 16244.990236781206, "n_step": 42, "n_skip": 12, "n_rows": 2658, "bce_first": 0.6785295605659485, "bce_last": 0.3270685076713562, "n_nograd": 0, "n_wm": 27, "infill_ce_first": 1.9146040507725306, "infill_ce_last": 1.890998704092843, "parse_mask1_first": 0.22164818548387097, "parse_mask1_last": 0.2600806451612903, "dp_cycles": [1, 3, 5, 7, 9, 11, 13, 15, 17, 19, 21, 23, 25, 27], "dp_last": {"2": {"acc": 0.255859375, "n": 512, "nodes": 2}, "3": {"acc": 0.25, "n": 1024, "nodes": 2}, "4": {"acc": 0.2880859375, "n": 2048, "nodes": 2}, "5": {"acc": 0.28271484375, "n": 4096, "nodes": 2}}}
    [PASS] sb_pf_yd             {"arm": "sb_pf_yd", "shaping": true, "target": "yield", "infill": true, "n_cycles_logged": 27, "sig_first": 16211.927176022278, "sig_last": 16244.990236781206, "sig_min": 16211.927176022278, "sig_max": 16244.990236781206, "n_step": 42, "n_skip": 12, "n_rows": 2658, "bce_first": 0.6785295605659485, "bce_last": 0.3270685076713562, "n_nograd": 0, "n_label": 276, "label_mean": 0.0, "label_pos": 0, "n_label_solved": 0, "currency_not_asserted": "no experienced configuration in this arm's bank ever solved, so the currency is zero by construction \u2014 read on the paid tag", "n_wm": 27, "infill_ce_first": 1.9146040507725306, "infill_ce_last": 1.890998704092843, "parse_mask1_first": 0.22164818548387097, "parse_mask1_last": 0.2600806451612903, "dp_cycles": [1, 3, 5, 7, 9, 11, 13, 15, 17, 19, 21, 23, 25, 27], "dp_last": {"2": {"acc": 0.255859375, "n": 512, "nodes": 2}, "3": {"acc": 0.25, "n": 1024, "nodes": 2}, "4": {"acc": 0.2880859375, "n": 2048, "nodes": 2}, "5": {"acc": 0.28271484375, "n": 4096, "nodes": 2}}}

====================================================================================================
[PJ] THE PROJECTION — the readout, its refits, its drift, and the trunk under it
====================================================================================================
    The grader on a `proj` arm is a ridge-logistic readout of `SN.trunk`'s pooled
    hiddens over the substituted configuration, per ROOT (the root one-hot and its
    interaction with the pooled state are in the design, which is what makes it a
    linear readout per goal rather than one readout with a per-goal bias), fit on the
    same experience diet the mirror gets and on nothing else.

    THE TRUNK IS THE LIVE GENERATOR on `al_pj_yk`, so the features move under the
    readout and the buffered rows are re-read through the current trunk at every refit.
    `al_rt_yk` is the same readout over a NEVER-TRAINED trunk of the same architecture
    (`overtone`'s control two, in the loop): it is what says whether the trained
    representation carries the reading or the link function does.

    arm                  trunk  refits  skip   ridge   nfeat    held-out AUC on EXPERIENCE
                                                                 first    last   |drift| mean/max
    al_pf_pj             live       21     0    32.0    1737   nan  nan  nan / nan
    sb_pf_so             live       21     0    32.0    1737   0.5000  0.5000  0.0000 / 0.0000
    sb_pf_sv             live       21     0    32.0    1737   nan  nan  nan / nan
    sb_pf_yd             live       21     0    32.0    1737   nan  nan  nan / nan

    THE SECONDARY VARIANTS, on the SAME held-out experience rows and at the same ridge,
    so 'was that choice load-bearing' is a number and not an argument:
      inter   the arm's own: root one-hot AND root x pooled state (a readout per goal)
      add     the root as an additive term only (one readout, a per-goal bias)
      mean    mean-pooling over ALL blocks only, dropping the written span's own pool
      nomask  the same readout over the UNMASKED configuration — the read `overtone`
              did offline, and out of the plant's masked-infill distribution
    arm                  inter     add     mean   nomask
    al_pf_pj                -       -       -       -  
    sb_pf_so             0.5000     -       -    0.5000
    sb_pf_sv                -       -       -       -  
    sb_pf_yd                -       -       -       -  

    THE TRUNK'S OWN FINGERPRINT (sum of |parameter|, logged at every refit). On a `live`
    arm it moves, which is the fact that makes the recompute necessary; on the `rand`
    twin it is constant to the bit, which is the fact that makes the twin a control.
      al_pf_pj             range 17.845170   c7:16217.070  c9:16218.748  c11:16220.978  c13:16223.114  c15:16225.062  c17:16226.427  c19:16227.503  c21:16228.851  c23:16230.623  c25:16232.650  c27:16234.916
      sb_pf_so             range 21.531710   c7:16211.050  c9:16211.820  c11:16213.167  c13:16214.877  c15:16216.609  c17:16218.125  c19:16219.719  c21:16221.887  c23:16224.895  c25:16228.495  c27:16232.582
      sb_pf_sv             range 25.707896   c7:16217.070  c9:16218.799  c11:16221.123  c13:16223.461  c15:16225.841  c17:16227.881  c19:16229.784  c21:16232.121  c23:16235.117  c25:16238.662  c27:16242.778
      sb_pf_yd             range 25.707896   c7:16217.070  c9:16218.799  c11:16221.123  c13:16223.461  c15:16225.841  c17:16227.881  c19:16229.784  c21:16232.121  c23:16235.117  c25:16238.662  c27:16242.778

    [soundboard] THE READOUT'S LEVEL, beside its ranking, on the bank's HELD-OUT filed
    rows. `duplex` found that most of what shaping buys on filed rows is CONTEXT rather
    than candidate — the pre-write read rose almost as much as the post-write one — which
    says shaping writes 'how solvable is this state' into the global pool. That is a
    statement about the LEVEL, so the level is measured: p̄ against the realised base
    rate, the Brier score, and a 10-bin calibration error. Ranking and calibration can
    move in opposite directions at this base rate and both are reported.
    arm                    p̄     base   Brier    ECE     AUC
    al_pf_pj             0.0057 0.0000 0.0000 0.0057    -  
    sb_pf_so             0.0048 0.0179 0.0177 0.0131 0.5000
    sb_pf_sv             0.0058 0.0000 0.0000 0.0058    -  
    sb_pf_yd             0.0058 0.0000 0.0000 0.0058    -  

    [soundboard] THE CROSS-CYCLE DUPLICATE SHARE — the channel `duplex` §2.6 named and
    could not size. The bank's hold key is a COIN FLIP against a per-cycle dedup, so the
    same (configuration, root) recurring in a later cycle is appended again with a fresh
    draw and can straddle the split, carrying the same verdict. The draw is KEPT as it is,
    for comparability with `aliquot`'s banked arms; what is new is that it has a number.
    arm                  held-out rows   also in training   of those, same verdict
    al_pf_pj                        51          0 = 0.0000   nan
    sb_pf_so                        56          0 = 0.0000   nan
    sb_pf_sv                        51          0 = 0.0000   nan
    sb_pf_yd                        51          0 = 0.0000   nan

    THE RIDGE CHOSEN PER REFIT (the grid is `vo_pj_ridge`; `lam_fixed` marks a refit
    whose validation slice was too small to select on and took the middle of the grid):
      al_pf_pj             lam=32.0:21   fixed-ridge refits 21   val rows (last) 51   val AUC (last) None
      sb_pf_so             lam=32.0:21   fixed-ridge refits 21   val rows (last) 66   val AUC (last) None
      sb_pf_sv             lam=32.0:21   fixed-ridge refits 21   val rows (last) 54   val AUC (last) None
      sb_pf_yd             lam=32.0:21   fixed-ridge refits 21   val rows (last) 54   val AUC (last) None

====================================================================================================
[SB] THE SHAPING — the outcome error in the plant's own weights, and what it cost
====================================================================================================
    The shaped arms add ONE term to the plant's own optimizer step: BCE of an outcome
    head over `SN.trunk`'s pooled hiddens, at weight 1, whose gradient reaches the trunk
    and never the emission head. `sb_sv_yk` reads the WORLD'S VERDICT on the learner's
    own experienced configurations; `sb_yd_yk` reads NEXT-LEVEL YIELD from the learner's
    own miner; `sb_so_yk` is the verdict again with the plant's own masked-infill term
    OFF. The readout in the grader's seat is `aliquot`'s, unchanged.

    arm                  target  infill   steps    rows   BCE first/last   AUC last   base
    al_pf_pj             -       on           0       0   nan / nan     nan  nan
    sb_pf_so             solve   OFF         42    2664   0.6755 / 0.2526     nan  0.0000
    sb_pf_sv             solve   on          42    2658   0.6785 / 0.3271     nan  0.0000
    sb_pf_yd             yield   on          42    2658   0.6785 / 0.3271     nan  0.0000

    THE PLANT'S OWN FINGERPRINT (sum of |parameter|, logged EVERY cycle on every
    projection arm, shaped or not). This is the number gate S-1r reads: the outcome
    error reached the trunk iff this moved, and the shaped arm's series must differ from
    the unshaped twin's (gate S-4r).
      al_pf_pj             range 24.138839   c1:16211.927  c4:16215.481  c7:16217.858  c10:16220.978  c13:16224.157  c16:16226.427  c19:16228.121  c22:16230.623  c25:16233.773
      sb_pf_so             range 23.779901   c1:16211.050  c4:16211.050  c7:16211.322  c10:16213.167  c13:16215.743  c16:16218.125  c19:16220.698  c22:16224.895  c25:16230.467
      sb_pf_sv             range 33.063061   c1:16211.927  c4:16215.481  c7:16217.876  c10:16221.123  c13:16224.683  c16:16227.881  c19:16230.873  c22:16235.117  c25:16240.667
      sb_pf_yd             range 33.063061   c1:16211.927  c4:16215.481  c7:16217.876  c10:16221.123  c13:16224.683  c16:16227.881  c19:16230.873  c22:16235.117  c25:16240.667

    S-4r, THE TWIN FORM, in this table: the shaped arms' plants against the banked
    UNSHAPED projection arm's, cycle by cycle. `first` is the first cycle at which the
    two differ at all, which should be the first cycle the shaping fired.
      [PASS] sb_pf_so             vs al_pf_pj             max|d sig| 8.465607  first differing cycle 0  steps 42
      [PASS] sb_pf_sv             vs al_pf_pj             max|d sig| 8.924222  first differing cycle 6  steps 42
      [PASS] sb_pf_yd             vs al_pf_pj             max|d sig| 8.924222  first differing cycle 6  steps 42

    THE WORLD-MODEL DIAGNOSTICS — what the shaping cost the plant's PREDICTIVE
    competence. `infill` is the held-out masked-infill cross-entropy and fill accuracy on
    FRESH corpus windows at a FIXED window/mask plan drawn once per arm (so a movement is
    the plant and not the draw); `parse` is the block head's level-1 parse accuracy
    against the EXACT features, read with one block masked (`parse_features`' idiom) and
    unmasked — an oracle instrument. Neither enters any loss, buffer or bill.
    arm                  infill_ce first/last   infill_acc f/l   parse_mask1 f/l   parse_nomask f/l
    sb_pf_so             1.9100 / 1.9367      0.317 / 0.297      0.222 / 0.264       0.220 / 0.256
    sb_pf_sv             1.9146 / 1.8910      0.308 / 0.317      0.222 / 0.260       0.220 / 0.255
    sb_pf_yd             1.9146 / 1.8910      0.308 / 0.317      0.222 / 0.260       0.220 / 0.255

    the held-out infill CE by HOW MANY BLOCKS ARE MASKED, last cycle — a shaping step
    could in principle trade the easy end of that curve for the hard end:
      sb_pf_so             2-4:1.9067(n=128)  5-8:1.9487(n=320)
      sb_pf_sv             2-4:1.8482(n=128)  5-8:1.9081(n=320)
      sb_pf_yd             2-4:1.8482(n=128)  5-8:1.9081(n=320)

    THE NESTED DP PARSE over the TRUE table at each rung, span masked, recovered level-1
    features against the exact ones — `duplex` §4.3's replacement for `nested_phase` on a
    masked block infiller, and the round's altitude instrument. Run at checkpoints; the
    `final` row is the end-of-arm read.
    arm                  cycles run                      L2      L3      L4      L5
    sb_pf_so             [1, 3, 5, 7, 9, 11, 13, 15, 17
        c1        0.2559  0.2500  0.2881  0.2827
        c3        0.2559  0.2500  0.2881  0.2827
        c5        0.2559  0.2500  0.2881  0.2827
        c7        0.2559  0.2500  0.2881  0.2827
        c9        0.2559  0.2500  0.2881  0.2827
        c11       0.2559  0.2500  0.2881  0.2827
        c13       0.2559  0.2500  0.2881  0.2827
        c15       0.2559  0.2500  0.2881  0.2827
        c17       0.2559  0.2500  0.2881  0.2827
        c19       0.2559  0.2500  0.2881  0.2827
        c21       0.2559  0.2500  0.2881  0.2827
        c23       0.2559  0.2500  0.2881  0.2827
        c25       0.2559  0.2500  0.2881  0.2827
        c27       0.2559  0.2500  0.2881  0.2827
        final     0.2559  0.2500  0.2881  0.2827
    sb_pf_sv             [1, 3, 5, 7, 9, 11, 13, 15, 17
        c1        0.2559  0.2500  0.2881  0.2827
        c3        0.2559  0.2500  0.2881  0.2827
        c5        0.2559  0.2500  0.2881  0.2827
        c7        0.2559  0.2500  0.2881  0.2827
        c9        0.2559  0.2500  0.2881  0.2827
        c11       0.2559  0.2500  0.2881  0.2827
        c13       0.2559  0.2500  0.2881  0.2827
        c15       0.2559  0.2500  0.2881  0.2827
        c17       0.2559  0.2500  0.2881  0.2827
        c19       0.2559  0.2500  0.2881  0.2827
        c21       0.2559  0.2500  0.2881  0.2827
        c23       0.2559  0.2500  0.2881  0.2827
        c25       0.2559  0.2500  0.2881  0.2827
        c27       0.2559  0.2500  0.2881  0.2827
        final     0.2559  0.2500  0.2881  0.2827
    sb_pf_yd             [1, 3, 5, 7, 9, 11, 13, 15, 17
        c1        0.2559  0.2500  0.2881  0.2827
        c3        0.2559  0.2500  0.2881  0.2827
        c5        0.2559  0.2500  0.2881  0.2827
        c7        0.2559  0.2500  0.2881  0.2827
        c9        0.2559  0.2500  0.2881  0.2827
        c11       0.2559  0.2500  0.2881  0.2827
        c13       0.2559  0.2500  0.2881  0.2827
        c15       0.2559  0.2500  0.2881  0.2827
        c17       0.2559  0.2500  0.2881  0.2827
        c19       0.2559  0.2500  0.2881  0.2827
        c21       0.2559  0.2500  0.2881  0.2827
        c23       0.2559  0.2500  0.2881  0.2827
        c25       0.2559  0.2500  0.2881  0.2827
        c27       0.2559  0.2500  0.2881  0.2827
        final     0.2559  0.2500  0.2881  0.2827

    THE YIELD CURRENCY the `sb_yd_yk` head was trained on: the target LEVEL it was read
    at per era (`min(max_macro_level, era_level + 1)`), how many rows carried a label,
    and the label's realised mean. A constant currency carries no gradient, which is what
    gate S-2r asserts.
    arm                  target levels seen        n_label   label mean   label > 0
    sb_pf_yd             [2, 3, 4, 5]                276   0.0000       0

    THE PER-PROBE YIELD INSTRUMENT, three columns, consumed by nothing. `endo` is the
    learner's own reader's parse of the SUBSTITUTED configuration counted against the
    learner's own miner — the currency the yield arm's head was trained on; `true` is the
    same parse against the TRUE table; `orc` is the EXACT parse against the true table.
    The three separate the reader's parse error from the miner's incompleteness. AUC is
    the arm's own filed probability ranking `endo > 0`, i.e. the grader scored in the
    currency the plant was shaped on rather than in the one it is fit to.
    arm                      n   endo   true    orc   AUC(p, endo>0)  AUC(p, world)
    sb_pf_so                205  0.0012 0.0006 0.0037         0.9289         0.8288
    sb_pf_sv                156  0.0016 0.0008 0.0024         0.9065         0.9065
    sb_pf_yd                156  0.0016 0.0008 0.0024         0.9065         0.9065

    the same, per LEVEL (the currency's own level moves with the era, so a per-level
    split is the only honest cut):
    sb_pf_so              L2:0.929(205)  L3:   -     L4:   -     L5:   -   
    sb_pf_sv              L2:0.906(156)  L3:   -     L4:   -     L5:   -   
    sb_pf_yd              L2:0.906(156)  L3:   -     L4:   -     L5:   -   

====================================================================================================
[Y] THE CLOCK YOKES — realised against planned (gate Y-1's check, post hoc)
====================================================================================================
    A clock yoke replays its source's realised commit and advance CYCLES and decides
    nothing else. That is the round's whole control: the chooser is read at L4 and L5
    with the same slots open at the same cycles as the anchor, so a level-resolved
    readout is not silently comparing two different ladders. Gate Y-1 asserts the match
    in `preflight`; this is the same check on the paid tag.

    `cancelled` actions are EXCLUDED from the match and printed separately: a replayed
    commit whose build is empty is cancelled by the substrate, not by the clock. Those
    are a finding about the arm's BOOK — it had nothing to commit at a cycle the anchor
    did — and are the one place a yoked arm's ladder can still fall short of its source.

    al_pf_pj               commits [6]  advances [6, 12, 17, 22, 27]
    sb_pf_so               commits [6]  advances [6, 12, 17, 22, 27]
    sb_pf_sv               commits [6]  advances [6, 12, 17, 22, 27]
    sb_pf_yd               commits [6]  advances [6, 12, 17, 22, 27]

====================================================================================================
[Z] THE L4/L5 PANEL — every readout the round turns on, at the cells it turns on
====================================================================================================
    Q3 could not produce this table: no treated arm except Q2's replace-critic had an
    L4 or L5 slot at all, because each one reached or missed L3 through the commit
    latch's response to its own L2 writes. With the ladder yoked, every arm has the
    anchor's slots at the anchor's cycles and the chooser is finally READ where the
    node is about.

    rep     the written class holds SOME feature that repairs the instance there — the
            honest measure, and on an open slot it IS the head's class accuracy on
            held-out data (fresh instances every cycle).
    cont    it holds the CLEAN derivation's latent — a stricter and less forgiving read;
            the gap between the two is the chooser spreading over classes the clean
            derivation did not carry (`DESIGN.md` §23's correction).
    dist    distinct tuples written, `top1` the share of filed writes on one tuple.
    moved   the composed argmax was not the DP's row (composed arms only).

    [sotto] THE BANKED FLOOR AND CEILING ARE IN THIS TABLE, marked `(banked)`, so the
    three mirror arms are read beside the composed chooser on the FILED diet (the floor)
    and on the WORLD-graded probe (the ceiling) without leaving the page. A pooled
    L2/L3 panel follows it, which is the cell that replicated across seeds in `voicing`
    and the one a frontier number should not be read ahead of.

    al_pf_pj: no L4/L5 cell was ever written.

    sb_pf_so: no L4/L5 cell was ever written.

    sb_pf_sv: no L4/L5 cell was ever written.

    sb_pf_yd: no L4/L5 cell was ever written.

    [sotto] THE POOLED L2/L3 PANEL — the cell `voicing` replicated on every seed that
    produced those rungs (+18.5 / +24.5 / +19.3% relative for the composed chooser on
    the filed diet). `rep` pooled over every L2 and L3 cell, with the denominator.

      arm                        rep (L2/L3 pooled)        n        vs floor
      sb_pf_so                   0.0060               503         -
      al_pf_pj                   0.0045               448         -
      sb_pf_sv                   0.0044               450         -
      sb_pf_yd                   0.0044               450         -

