====================================================================================================
[soundboard] sb_s2 — reduction
====================================================================================================
  arms   : sb_so_yk, sb_sv_yk, sb_yd_yk
  banked : vo_s3d2:voi3_dp, vo_s3e:voi3b_comp_yk, vo_s3e:voi3b_comp_pr_yk, so_s2:so_mg_yk, so_s2:so_cg_yk, so_s2:so_hy_yk, al_s2:al_pj_yk, al_s2:al_rt_yk

====================================================================================================
[A] LIFETIMES, COMMITS, AND THE IN-TAG IDENTITY CHECK
====================================================================================================
    arm                       cyc  commits (level@cycle)                 s/cycle
    sb_so_yk                  201  L2@c59, L3@c77, L4@c157             
    sb_sv_yk                  201  L2@c59, L3@c77, L4@c157             
    sb_yd_yk                  201  L2@c59, L3@c77, L4@c157             
    vo_s3d2:voi3_dp           201  L2@c59, L3@c77, L4@c157                (banked)
    vo_s3e:voi3b_comp_yk      201  L2@c59, L3@c77, L4@c157                (banked)
    vo_s3e:voi3b_comp_pr_yk   201  L2@c59, L3@c77, L4@c157                (banked)
    so_s2:so_mg_yk            201  L2@c59, L3@c77, L4@c157                (banked)
    so_s2:so_cg_yk            201  L2@c59, L3@c77, L4@c157                (banked)
    so_s2:so_hy_yk            201  L2@c59, L3@c77, L4@c157                (banked)
    al_s2:al_pj_yk            201  L2@c59, L3@c77, L4@c157                (banked)
    al_s2:al_rt_yk            201  L2@c59, L3@c77, L4@c157                (banked)


====================================================================================================
[B] THE CORRIDOR — slots open, parity, misfire, and when it closed
====================================================================================================
    `n_open` is slots past the firing gate; `misfire` is fired rows whose span did not
    match `dp_features` exactly. An arm whose corridor closes stops executing with the
    head and falls back to the DP on every macro call.

    arm                    open@max  open@last  first c with open=0 after a peak   misfire(all)  misfire(era>=3)
    sb_so_yk                     28         26  None                             0.6559        0.6693
    sb_sv_yk                     28         27  None                             0.3723        0.3665
    sb_yd_yk                     28         28  None                             0.4187        0.4116

    n_open per 10 cycles (the corridor's whole life):
      sb_so_yk                 0   0   0   0   0   0   0  16  20  23  23  23  23  24  24  24  24  26  25  26  26
      sb_sv_yk                 0   0   0   0   0   0   0  16  16  23  23  23  24  24  24  24  24  27  28  28  27
      sb_yd_yk                 0   0   0   0   0   0   0  16  16  23  21  24  24  24  24  23  26  28  28  28  28
      cycle                    1  11  21  31  41  51  61  71  81  91 101 111 121 131 141 151 161 171 181 191 201

====================================================================================================
[C] THE SAMPLER, REALISED — deviation and on-table projection
====================================================================================================
    `dev`  the sampled entry left the on-table argmax (the quantity the temperature is
           set on; `DESIGN.md` §17 predicted this would fall below the preflight's
           0.44-0.67 because a sharper plant deviates less at fixed T).
    `ont`  the on-table argmax was not the head's FREE-RUN emission — the projection
           component that rides with the write axis (`DESIGN.md` §11).

    sb_so_yk:
      era  cell        n        dev     ont
        2  2n0        52041    0.526   0.008
        2  2n1        62895    0.478   0.002
        2  2n2        60293    0.501   0.013
        2  2n3        68820    0.679   0.005
        2  2n4        86582    0.445   0.012
        2  2n5        84025    0.522   0.009
        2  2n6        58304    0.532   0.004
        2  2n7        57029    0.514   0.011
        2  2n8        45751    0.617   0.009
        2  2n9        45688    0.685   0.005
        2  2n10       47687    0.654   0.005
        2  2n11       32392    0.749   0.003
        2  2n12      149231    0.604   0.012
        2  2n13       53800    0.631   0.009
        2  2n14       59292    0.523   0.010
        2  2n15       59177    0.607   0.008
        2  3n0        49051    0.345   0.014
        2  3n1        78214    0.569   0.029
        2  3n2        44956    0.834   0.010
        2  3n3        81450    0.718   0.041
        2  3n4        60116    0.761   0.019
        2  3n5        65558    0.558   0.025
        2  3n6       107028    0.730   0.034
        2  3n7        48024    0.806   0.022
        3  2n0       128751    0.424   0.012
        3  2n1       100669    0.608   0.005
        3  2n2       134655    0.523   0.012
        3  2n3        97740    0.685   0.022
        3  2n4       140487    0.699   0.008
        3  2n5       164703    0.557   0.008
        3  2n6       135975    0.398   0.002
        3  2n7       140935    0.442   0.011
        3  2n8       114699    0.664   0.009
        3  2n9        75873    0.606   0.005
        3  2n10       50786    0.794   0.025
        3  2n11       36575    0.510   0.014
        3  2n12      531357    0.643   0.023
        3  2n13      160301    0.415   0.010
        3  2n14      100066    0.542   0.012
        3  2n15      153197    0.447   0.011
        3  3n0        94022    0.814   0.063
        3  3n1       165700    0.876   0.048
        3  3n2        97649    0.904   0.056
        3  3n3       218473    0.778   0.058
        3  3n4       135294    0.673   0.053
        3  3n5       206690    0.863   0.061
        3  3n6       597566    0.475   0.060
        3  3n7       131043    0.792   0.073
        3  4n0        58260    0.958   0.013
        3  4n1        53473    0.986   0.008
        3  4n2        56203    0.729   0.009
        3  4n3        56795    0.621   0.010
        4  2n0        16112    0.528   0.018
        4  2n1        21802    0.751   0.033
        4  2n2        21170    0.660   0.010
        4  2n3        19584    0.607   0.046
        4  2n4        16786    0.662   0.006
        4  2n5        27244    0.698   0.023
        4  2n6        28625    0.556   0.008
        4  2n7        26690    0.564   0.015
        4  2n8        37312    0.716   0.031
        4  2n9        13518    0.578   0.005
        4  2n10       19466    0.797   0.051
        4  2n11        8835    0.593   0.019
        4  2n12      106726    0.611   0.027
        4  2n13       49746    0.390   0.010
        4  2n14        8283    0.821   0.008
        4  2n15       57190    0.555   0.013
        4  3n0        26374    0.717   0.099
        4  3n1        34906    0.830   0.086
        4  3n2        34879    0.945   0.087
        4  3n3        61778    0.764   0.084
        4  3n4        53213    0.508   0.050
        4  3n5        65107    0.882   0.018
        4  3n6       225256    0.311   0.024
        4  3n7        30033    0.870   0.097
        4  4n0         8701    0.970   0.015
        4  4n1         2988    0.625   0.051
        4  4n2         3912    0.835   0.113
        4  4n3         9032    0.629   0.071
        5  2n0        22661    0.511   0.017
        5  2n1        17689    0.748   0.021
        5  2n2        16532    0.553   0.013
        5  2n3        17539    0.629   0.040
        5  2n4        13884    0.710   0.024
        5  2n5        19740    0.629   0.018
        5  2n6        39114    0.500   0.020
        5  2n7        14758    0.480   0.007
        5  2n8        22801    0.726   0.023
        5  2n9        12651    0.673   0.013
        5  2n10       19446    0.807   0.059
        5  2n11        5500    0.751   0.021
        5  2n12       95368    0.632   0.026
        5  2n13       53494    0.363   0.018
        5  2n14        7283    0.758   0.016
        5  2n15       37700    0.513   0.018
        5  3n0        23527    0.766   0.113
        5  3n1        28520    0.802   0.094
        5  3n2        18644    0.910   0.099
        5  3n3        40834    0.716   0.054
        5  3n4        36666    0.393   0.035
        5  3n5        42284    0.833   0.020
        5  3n6       164890    0.374   0.025
        5  3n7        24946    0.782   0.081
        5  4n0         9849    0.882   0.137
        5  4n1         4490    0.513   0.063
        5  4n2         4310    0.871   0.122
        5  4n3        18276    0.816   0.071

    sb_sv_yk:
      era  cell        n        dev     ont
        2  2n0        38680    0.581   0.009
        2  2n1        35463    0.674   0.005
        2  2n2        31418    0.632   0.006
        2  2n3        35707    0.621   0.012
        2  2n4        15843    0.465   0.017
        2  2n5        37613    0.601   0.007
        2  2n6        37788    0.612   0.002
        2  2n7        31799    0.736   0.006
        2  2n8        32182    0.664   0.007
        2  2n9        34180    0.565   0.008
        2  2n10       31879    0.460   0.005
        2  2n11       34000    0.695   0.007
        2  2n12      121719    0.502   0.013
        2  2n13       46562    0.470   0.006
        2  2n14       32993    0.606   0.004
        2  2n15       31304    0.731   0.008
        2  3n0        41412    0.868   0.004
        2  3n1        38517    0.910   0.007
        2  3n2        38923    0.933   0.006
        2  3n3        57653    0.734   0.018
        2  3n4        42518    0.848   0.008
        2  3n5        47344    0.810   0.014
        2  3n6        64771    0.577   0.030
        2  3n7        44829    0.648   0.005
        3  2n0        28886    0.421   0.014
        3  2n1        16239    0.460   0.017
        3  2n2        15979    0.282   0.013
        3  2n3        30906    0.372   0.023
        3  2n4        11127    0.486   0.024
        3  2n5        70302    0.292   0.010
        3  2n6        18041    0.173   0.002
        3  2n7        71499    0.611   0.006
        3  2n8        24472    0.513   0.011
        3  2n9        42706    0.335   0.011
        3  2n10       84021    0.368   0.003
        3  2n11        9449    0.504   0.024
        3  2n12      364977    0.389   0.013
        3  2n13      177367    0.325   0.015
        3  2n14       22073    0.409   0.008
        3  2n15       46329    0.339   0.013
        3  3n0        53773    0.385   0.029
        3  3n1        19949    0.498   0.040
        3  3n2        16035    0.325   0.033
        3  3n3       246265    0.202   0.025
        3  3n4        77112    0.479   0.020
        3  3n5        94691    0.376   0.031
        3  3n6       933866    0.311   0.023
        3  3n7       256203    0.170   0.018
        3  4n0        71106    0.994   0.015
        3  4n1        57827    0.385   0.000
        3  4n2        86143    0.656   0.002
        3  4n3       107932    0.194   0.001
        4  2n0         9431    0.225   0.006
        4  2n1         3095    0.477   0.044
        4  2n2         2515    0.219   0.007
        4  2n3         2874    0.456   0.050
        4  2n4         3924    0.382   0.013
        4  2n5        25995    0.287   0.004
        4  2n6         3787    0.193   0.000
        4  2n7        13086    0.638   0.003
        4  2n8         5529    0.336   0.020
        4  2n9        12893    0.232   0.008
        4  2n10        9614    0.545   0.001
        4  2n11        1425    0.518   0.019
        4  2n12       68265    0.277   0.019
        4  2n13       74379    0.168   0.014
        4  2n14       16569    0.360   0.015
        4  2n15        7257    0.335   0.011
        4  3n0        12981    0.153   0.023
        4  3n1         2440    0.631   0.033
        4  3n2         2902    0.138   0.019
        4  3n3        50748    0.204   0.004
        4  3n4        11651    0.243   0.011
        4  3n5        23445    0.474   0.011
        4  3n6       231971    0.259   0.025
        4  3n7       115865    0.149   0.017
        4  4n0        30730    0.918   0.086
        4  4n1        11314    0.024   0.001
        4  4n2        42337    0.581   0.044
        4  4n3        96038    0.028   0.000
        5  2n0         7142    0.470   0.063
        5  2n1         1986    0.498   0.065
        5  2n2         4699    0.322   0.006
        5  2n3         3275    0.376   0.031
        5  2n4         6971    0.418   0.014
        5  2n5        16387    0.183   0.008
        5  2n6         4873    0.211   0.003
        5  2n7        10499    0.641   0.013
        5  2n8         4373    0.364   0.026
        5  2n9         6245    0.287   0.007
        5  2n10        7528    0.660   0.001
        5  2n11        1156    0.650   0.022
        5  2n12       33340    0.279   0.011
        5  2n13       36889    0.164   0.006
        5  2n14        8957    0.334   0.006
        5  2n15        4703    0.445   0.017
        5  3n0        28009    0.258   0.009
        5  3n1         7373    0.483   0.044
        5  3n2         2910    0.181   0.002
        5  3n3        44680    0.179   0.009
        5  3n4        13908    0.190   0.024
        5  3n5        16724    0.367   0.016
        5  3n6       165339    0.189   0.020
        5  3n7       106207    0.116   0.014
        5  4n0        27720    0.956   0.065
        5  4n1        28217    0.145   0.002
        5  4n2        44101    0.639   0.053
        5  4n3       102608    0.056   0.000

    sb_yd_yk:
      era  cell        n        dev     ont
        2  2n0        34262    0.605   0.007
        2  2n1        32020    0.683   0.006
        2  2n2        32938    0.643   0.005
        2  2n3        33906    0.612   0.010
        2  2n4        15351    0.400   0.012
        2  2n5        46106    0.566   0.006
        2  2n6        37410    0.606   0.002
        2  2n7        36340    0.692   0.004
        2  2n8        31039    0.671   0.007
        2  2n9        36364    0.548   0.006
        2  2n10       42222    0.566   0.007
        2  2n11       33482    0.712   0.011
        2  2n12      113828    0.384   0.016
        2  2n13       48962    0.467   0.010
        2  2n14       33273    0.635   0.003
        2  2n15       31858    0.719   0.010
        2  3n0        45032    0.830   0.010
        2  3n1        39687    0.964   0.008
        2  3n2        39372    0.513   0.009
        2  3n3        40224    0.859   0.012
        2  3n4        38827    0.627   0.004
        2  3n5        43738    0.888   0.011
        2  3n6        55720    0.829   0.014
        2  3n7        50790    0.920   0.015
        3  2n0        89007    0.423   0.011
        3  2n1        81658    0.409   0.013
        3  2n2        15582    0.408   0.006
        3  2n3        19112    0.443   0.019
        3  2n4        13308    0.446   0.013
        3  2n5        59069    0.475   0.007
        3  2n6        19834    0.283   0.002
        3  2n7        42791    0.620   0.017
        3  2n8         9938    0.453   0.012
        3  2n9        36272    0.462   0.008
        3  2n10       83292    0.486   0.003
        3  2n11       10697    0.643   0.016
        3  2n12      353374    0.290   0.008
        3  2n13      209678    0.453   0.009
        3  2n14       31400    0.411   0.011
        3  2n15       46129    0.388   0.010
        3  3n0       120722    0.585   0.046
        3  3n1        55757    0.814   0.077
        3  3n2        35658    0.895   0.031
        3  3n3       246329    0.663   0.031
        3  3n4        48266    0.493   0.028
        3  3n5        64377    0.860   0.080
        3  3n6       995001    0.408   0.027
        3  3n7       342125    0.456   0.016
        3  4n0        60505    0.009   0.000
        3  4n1        71008    0.503   0.000
        3  4n2        86093    0.230   0.013
        3  4n3       118483    0.022   0.000
        4  2n0        26866    0.352   0.015
        4  2n1         6858    0.179   0.001
        4  2n2         9542    0.377   0.001
        4  2n3         5612    0.355   0.021
        4  2n4         1804    0.339   0.018
        4  2n5         3015    0.391   0.007
        4  2n6         1711    0.283   0.004
        4  2n7        10809    0.434   0.015
        4  2n8         1413    0.395   0.013
        4  2n9        13305    0.203   0.003
        4  2n10       11136    0.504   0.010
        4  2n11        1706    0.513   0.013
        4  2n12       51745    0.163   0.003
        4  2n13       46917    0.307   0.005
        4  2n14        5426    0.349   0.005
        4  2n15       27533    0.181   0.009
        4  3n0        22441    0.220   0.022
        4  3n1        19656    0.549   0.049
        4  3n2         7091    0.748   0.037
        4  3n3       116617    0.237   0.007
        4  3n4        30208    0.173   0.006
        4  3n5        12024    0.725   0.082
        4  3n6       241649    0.106   0.015
        4  3n7       112946    0.059   0.002
        4  4n0        36088    0.031   0.001
        4  4n1        21256    0.122   0.000
        4  4n2        63132    0.330   0.074
        4  4n3       108315    0.010   0.000
        5  2n0        16937    0.350   0.001
        5  2n1         6906    0.394   0.003
        5  2n2         7953    0.307   0.023
        5  2n3         6334    0.539   0.005
        5  2n4         1252    0.391   0.089
        5  2n5         1747    0.301   0.014
        5  2n6         1071    0.345   0.004
        5  2n7         9238    0.360   0.051
        5  2n8         1045    0.325   0.008
        5  2n9        12678    0.254   0.010
        5  2n10       10531    0.401   0.010
        5  2n11        1198    0.479   0.009
        5  2n12       26625    0.209   0.005
        5  2n13       26015    0.514   0.001
        5  2n14        4471    0.362   0.003
        5  2n15       34919    0.093   0.004
        5  3n0        26163    0.229   0.006
        5  3n1        14795    0.416   0.066
        5  3n2         2078    0.429   0.034
        5  3n3       116835    0.085   0.002
        5  3n4        40211    0.042   0.001
        5  3n5        17972    0.774   0.020
        5  3n6       152107    0.115   0.012
        5  3n7        90654    0.056   0.001
        5  4n0        45556    0.006   0.000
        5  4n1        33700    0.035   0.000
        5  4n2        58529    0.128   0.026
        5  4n3        90936    0.000   0.000

====================================================================================================
[D] WHAT THE CHOOSER WROTE — Q0 §5's table, live, on the EXECUTED population
====================================================================================================
    Filed writes only (kept by the beam and on a graded tip). `rows` is the operative
    table's size, `dist` distinct tuples written, `keys` distinct class-pair keys,
    `tok` distinct token classes, `top1` the share of the era's filed writes on one
    tuple. Q0's banked numbers at the same nodes: L4 2.6-3.6 of 155-187 rows, top1
    0.91-0.94; L5 1.5-1.6 of 144-152, top1 0.80-0.93 (the FIRED population).

    sb_so_yk:
      era  cell      n_filed  rows   dist/cyc  keys/cyc  tok/cyc   top1(w)
        1  2n0         538    17     10.00    10.00    8.00     0.372
        1  2n1         366    17     10.00    10.00    7.00     0.268
        1  2n2         410    17      7.00     7.00    6.00     0.293
        1  2n3         344    17      8.00     8.00    5.00     0.343
        1  2n4         261    17      8.00     8.00    6.00     0.452
        1  2n5         453    17     11.00    11.00    7.00     0.344
        1  2n6         472    17      8.00     8.00    8.00     0.542
        1  2n7         356    17      8.00     8.00    5.00     0.329
        1  2n8         395    17     11.00    11.00    8.00     0.357
        1  2n9         475    17     11.00    11.00    7.00     0.206
        1  2n10        427    17      6.00     6.00    5.00     0.293
        1  2n11        274    17      9.00     9.00    6.00     0.303
        1  2n12        403    17      7.00     7.00    5.00     0.444
        1  2n13        469    17      8.00     8.00    6.00     0.358
        1  2n14        446    17      8.00     8.00    6.00     0.599
        1  2n15        464    17      9.00     9.00    6.00     0.412
        2  2n0        5341    17      5.60     5.60    4.80     0.455
        2  2n1        4715    17      3.56     3.56    2.92     0.704
        2  2n2        5402    17      4.64     4.64    3.32     0.533
        2  2n3        4872    17      4.86     4.86    3.88     0.540
        2  2n4        4545    17      5.30     5.30    4.64     0.483
        2  2n5        6760    17      4.42     4.42    3.50     0.595
        2  2n6        5291    17      4.22     4.22    3.86     0.505
        2  2n7        5211    17      5.26     5.26    3.84     0.472
        2  2n8        4292    17      5.18     5.18    4.46     0.464
        2  2n9        4294    17      3.72     3.72    3.50     0.614
        2  2n10       3393    17      4.58     4.58    3.76     0.543
        2  2n11       3464    17      4.02     4.02    3.02     0.549
        2  2n12       9022    17      5.86     5.86    5.10     0.435
        2  2n13       6282    17      5.26     5.26    3.76     0.467
        2  2n14       4940    17      4.94     4.94    4.52     0.462
        2  2n15       5472    17      5.80     5.80    4.58     0.468
        2  3n0        3973    39      2.91     1.85    1.88     0.721
        2  3n1        3721    39      3.58     2.24    2.27     0.547
        2  3n2        3836    39      2.39     1.58    1.39     0.737
        2  3n3        4342    39      3.00     2.21    2.27     0.654
        2  3n4        3625    39      3.12     2.18    1.61     0.561
        2  3n5        4152    39      3.79     2.58    2.67     0.488
        2  3n6        7133    39      5.27     3.67    2.88     0.477
        2  3n7        3202    39      3.67     2.88    2.94     0.597
        3  2n0        8057    17      6.60     6.60    5.46     0.405
        3  2n1        6662    17      5.03     5.03    3.83     0.520
        3  2n2        7347    17      5.73     5.73    4.11     0.415
        3  2n3        7929    17      5.17     5.17    3.97     0.430
        3  2n4        7361    17      5.83     5.83    4.79     0.411
        3  2n5        9149    17      6.01     6.01    4.69     0.400
        3  2n6        8002    17      5.31     5.31    4.76     0.403
        3  2n7        7066    17      5.79     5.79    4.37     0.400
        3  2n8        6956    17      6.17     6.17    4.60     0.412
        3  2n9        5897    17      4.64     4.64    3.56     0.508
        3  2n10       5550    17      3.74     3.74    2.87     0.627
        3  2n11       4900    17      4.53     4.53    3.11     0.495
        3  2n12      19963    17      6.24     6.24    5.10     0.428
        3  2n13      11502    17      6.00     6.00    4.16     0.421
        3  2n14       5860    17      5.77     5.77    5.11     0.411
        3  2n15      10361    17      5.96     5.96    4.51     0.413
        3  3n0        8913    72      5.90     3.84    3.53     0.477
        3  3n1        8687    72      7.90     4.77    4.56     0.353
        3  3n2        6465    72      5.89     3.79    3.39     0.451
        3  3n3       10892    72      6.57     4.84    3.89     0.432
        3  3n4        8359    72      6.27     3.44    2.46     0.427
        3  3n5        9134    72      6.06     3.69    3.54     0.393
        3  3n6       30378    72      9.06     4.67    3.91     0.369
        3  3n7        7350    72      5.90     4.04    3.90     0.411
        3  4n0        2498   112      2.87     2.57    2.30     0.635
        3  4n1        1320   112      1.76     1.43    1.43     0.827
        3  4n2        2163   112      3.96     2.74    2.52     0.489
        3  4n3        3133   112      2.22     1.70    1.35     0.660
        4  2n0         888    17      5.92     5.92    5.67     0.435
        4  2n1         967    17      4.08     4.08    3.75     0.585
        4  2n2        1318    17      5.00     5.00    4.00     0.492
        4  2n3        1120    17      4.83     4.83    3.75     0.404
        4  2n4        1021    17      6.25     6.25    5.17     0.411
        4  2n5        1327    17      5.50     5.50    5.00     0.421
        4  2n6        1120    17      5.67     5.67    4.92     0.392
        4  2n7        1076    17      5.75     5.75    4.00     0.438
        4  2n8        1118    17      6.25     6.25    5.58     0.416
        4  2n9         865    17      4.75     4.75    4.00     0.447
        4  2n10       1255    17      4.42     4.42    3.42     0.518
        4  2n11        708    17      4.42     4.42    3.33     0.483
        4  2n12       3418    17      6.25     6.25    5.17     0.377
        4  2n13       1819    17      5.75     5.75    4.33     0.410
        4  2n14       1030    17      5.33     5.33    5.00     0.418
        4  2n15       2868    17      5.83     5.83    4.83     0.403
        4  3n0        1565    72      4.33     3.42    3.33     0.608
        4  3n1        1390    72      9.08     5.17    4.92     0.312
        4  3n2        1361    72      7.58     6.08    5.75     0.381
        4  3n3        2820    72      8.83     5.75    4.50     0.357
        4  3n4        2138    72      6.83     3.83    2.75     0.441
        4  3n5        2245    72      7.25     3.75    3.75     0.367
        4  3n6        6199    72      8.00     5.67    4.50     0.365
        4  3n7        1744    72      7.08     4.17    3.92     0.388
        4  4n0         905   144      3.00     2.50    2.50     0.654
        4  4n1         507   144      1.17     1.08    1.08     0.933
        4  4n2         578   144      4.58     3.42    3.42     0.400
        4  4n3        1860   144      4.25     3.17    2.00     0.670
        5  2n0        1026    17      6.78     6.78    5.67     0.333
        5  2n1        1030    17      5.11     5.11    4.33     0.501
        5  2n2         752    17      5.56     5.56    4.11     0.460
        5  2n3         847    17      5.33     5.33    3.89     0.456
        5  2n4         774    17      6.89     6.89    5.00     0.364
        5  2n5        1060    17      5.67     5.67    4.56     0.375
        5  2n6        1439    17      5.67     5.67    4.78     0.359
        5  2n7         797    17      5.56     5.56    4.22     0.364
        5  2n8         788    17      6.11     6.11    4.89     0.480
        5  2n9        1018    17      4.89     4.89    4.00     0.409
        5  2n10       1193    17      4.67     4.67    3.56     0.517
        5  2n11        520    17      4.44     4.44    3.22     0.502
        5  2n12       3072    17      6.78     6.78    5.33     0.414
        5  2n13       1984    17      5.78     5.78    4.67     0.440
        5  2n14        423    17      4.67     4.67    4.33     0.435
        5  2n15       1971    17      5.78     5.78    4.33     0.480
        5  3n0        1185    72      5.11     3.78    3.44     0.477
        5  3n1        1272    72      9.78     5.89    5.33     0.316
        5  3n2         842    72      6.89     6.00    5.33     0.337
        5  3n3        1564    72      8.33     4.89    4.33     0.476
        5  3n4        1872    72      6.11     3.78    2.89     0.447
        5  3n5        1859    72      8.00     4.11    4.11     0.318
        5  3n6        3663    72      8.89     6.44    5.11     0.389
        5  3n7         963    72      6.00     4.22    4.11     0.424
        5  4n0         586   144      2.44     2.11    2.11     0.722
        5  4n1         550   144      2.56     2.33    2.33     0.791
        5  4n2        1155   144      8.56     4.67    4.33     0.352
        5  4n3        1612   144      6.56     4.56    3.00     0.403

    sb_sv_yk:
      era  cell      n_filed  rows   dist/cyc  keys/cyc  tok/cyc   top1(w)
        1  2n0         413    13      8.00     8.00    7.00     0.286
        1  2n1         317    13      7.00     7.00    6.00     0.315
        1  2n2         349    13      5.00     5.00    5.00     0.476
        1  2n3         268    13      6.00     6.00    4.00     0.560
        1  2n4         246    13      8.00     8.00    6.00     0.585
        1  2n5         300    13      5.00     5.00    3.00     0.510
        1  2n6         449    13      5.00     5.00    4.00     0.550
        1  2n7         408    13      7.00     7.00    4.00     0.284
        1  2n8         386    13      6.00     6.00    6.00     0.479
        1  2n9         581    13      7.00     7.00    6.00     0.530
        1  2n10        381    13      5.00     5.00    5.00     0.415
        1  2n11        460    13      6.00     6.00    6.00     0.396
        1  2n12        413    13      6.00     6.00    5.00     0.496
        1  2n13        525    13      6.00     6.00    4.00     0.541
        1  2n14        360    13      6.00     6.00    5.00     0.778
        1  2n15        421    13      8.00     8.00    6.00     0.363
        2  2n0        5250    15      5.78     5.78    5.28     0.438
        2  2n1        4367    15      4.70     4.70    4.48     0.503
        2  2n2        4564    15      4.48     4.48    4.30     0.501
        2  2n3        5160    15      4.20     4.20    3.64     0.524
        2  2n4        3674    15      4.66     4.66    4.40     0.518
        2  2n5        4521    15      4.28     4.28    4.04     0.524
        2  2n6        4562    15      3.88     3.88    3.86     0.529
        2  2n7        4559    15      3.98     3.98    3.54     0.535
        2  2n8        4327    15      4.62     4.62    4.14     0.496
        2  2n9        4871    15      4.94     4.94    4.70     0.450
        2  2n10       4000    15      4.60     4.60    4.44     0.514
        2  2n11       4387    15      4.42     4.42    3.96     0.510
        2  2n12       7853    15      5.22     5.22    4.66     0.399
        2  2n13       5904    15      4.74     4.74    4.30     0.465
        2  2n14       4086    15      4.74     4.74    4.72     0.482
        2  2n15       4245    15      4.54     4.54    3.82     0.504
        2  3n0        3796    64      3.85     3.30    3.03     0.617
        2  3n1        4253    64      3.70     3.03    3.00     0.522
        2  3n2        3719    64      3.42     3.00    2.97     0.634
        2  3n3        6221    64      3.88     3.55    3.12     0.550
        2  3n4        3449    64      2.48     2.27    2.18     0.747
        2  3n5        3436    64      3.85     3.42    3.18     0.572
        2  3n6        6298    64      3.97     3.33    3.21     0.518
        2  3n7        4195    64      3.88     3.48    3.39     0.530
        3  2n0        6264    16      5.96     5.96    5.21     0.393
        3  2n1        5061    16      5.64     5.64    5.03     0.438
        3  2n2        5073    16      4.33     4.33    4.11     0.498
        3  2n3        6053    16      4.83     4.83    3.94     0.439
        3  2n4        4496    16      4.93     4.93    4.51     0.486
        3  2n5        7094    16      4.44     4.44    3.83     0.523
        3  2n6        5507    16      3.27     3.27    3.27     0.591
        3  2n7        5726    16      4.50     4.50    3.50     0.478
        3  2n8        6268    16      4.83     4.83    4.07     0.458
        3  2n9        6380    16      5.36     5.36    4.86     0.452
        3  2n10       5965    16      4.81     4.81    4.61     0.461
        3  2n11       4249    16      4.84     4.84    3.89     0.433
        3  2n12      14640    16      5.37     5.37    4.74     0.412
        3  2n13      10611    16      4.74     4.74    4.00     0.486
        3  2n14       4999    16      4.34     4.34    4.17     0.543
        3  2n15       6160    16      4.91     4.91    4.13     0.403
        3  3n0        7258    81      3.76     3.31    2.80     0.599
        3  3n1        6087    81      3.94     3.57    3.40     0.518
        3  3n2        5556    81      2.97     2.94    2.94     0.658
        3  3n3       14462    81      4.06     3.80    3.50     0.587
        3  3n4        7250    81      3.10     2.96    2.86     0.616
        3  3n5        7350    81      3.60     3.10    2.79     0.545
        3  3n6       39698    81      5.53     4.64    4.20     0.606
        3  3n7       13720    81      3.67     3.53    3.50     0.616
        3  4n0        3889   136      1.83     1.22    1.22     0.868
        3  4n1        2738   136      1.65     1.61    1.61     0.813
        3  4n2        3265   136      2.96     2.00    2.00     0.670
        3  4n3        4484   136      1.65     1.61    1.61     0.898
        4  2n0        1080    16      5.75     5.75    5.08     0.413
        4  2n1         869    16      5.17     5.17    4.92     0.478
        4  2n2         945    16      4.33     4.33    4.17     0.512
        4  2n3         768    16      4.92     4.92    4.17     0.514
        4  2n4         877    16      5.58     5.58    5.00     0.472
        4  2n5        1430    16      4.25     4.25    3.58     0.550
        4  2n6         976    16      3.33     3.33    3.33     0.555
        4  2n7        1056    16      4.83     4.83    3.25     0.437
        4  2n8         826    16      5.50     5.50    4.50     0.454
        4  2n9        1347    16      4.83     4.83    4.67     0.510
        4  2n10       1075    16      5.17     5.17    4.83     0.417
        4  2n11        628    16      4.67     4.67    3.50     0.425
        4  2n12       2919    16      4.25     4.25    4.17     0.539
        4  2n13       2352    16      4.50     4.50    4.00     0.520
        4  2n14       1222    16      4.25     4.25    3.92     0.508
        4  2n15        956    16      4.33     4.33    3.50     0.451
        4  3n0        1511    81      3.17     3.08    2.50     0.623
        4  3n1        1064    81      4.58     4.00    3.50     0.509
        4  3n2         788    81      2.50     2.50    2.50     0.664
        4  3n3        2029    81      3.17     3.17    3.00     0.710
        4  3n4         976    81      2.42     2.42    2.33     0.734
        4  3n5        1575    81      3.92     2.83    2.50     0.493
        4  3n6        6602    81      5.58     5.17    4.50     0.668
        4  3n7        4559    81      3.50     3.25    3.25     0.777
        4  4n0        1850   140      2.83     2.08    2.08     0.641
        4  4n1        1129   140      1.50     1.50    1.50     0.917
        4  4n2        2757   140      3.25     2.08    2.08     0.634
        4  4n3        4121   140      1.25     1.25    1.25     0.976
        5  2n0         722    19      5.44     5.44    4.78     0.357
        5  2n1         638    19      5.44     5.44    4.89     0.481
        5  2n2         827    19      4.11     4.11    4.00     0.446
        5  2n3         837    19      5.89     5.89    4.44     0.386
        5  2n4         724    19      5.89     5.89    5.22     0.387
        5  2n5        1307    19      3.56     3.56    2.89     0.727
        5  2n6         659    19      3.22     3.22    3.22     0.589
        5  2n7         834    19      5.22     5.22    3.56     0.483
        5  2n8         739    19      4.56     4.56    3.67     0.491
        5  2n9        1057    19      3.89     3.89    3.89     0.642
        5  2n10        724    19      5.44     5.44    4.89     0.383
        5  2n11        439    19      4.67     4.67    3.11     0.403
        5  2n12       1524    19      4.00     4.00    3.89     0.554
        5  2n13       1506    19      3.89     3.89    3.22     0.493
        5  2n14        871    19      3.33     3.33    3.33     0.608
        5  2n15        723    19      3.78     3.78    3.22     0.553
        5  3n0        1439    99      2.78     2.56    2.44     0.652
        5  3n1         822    99      4.56     4.00    3.22     0.416
        5  3n2         660    99      2.89     2.89    2.78     0.726
        5  3n3        2350    99      3.33     3.33    3.33     0.757
        5  3n4        1165    99      1.78     1.78    1.67     0.861
        5  3n5        1189    99      3.67     2.78    2.33     0.517
        5  3n6        5052    99      5.22     4.67    3.89     0.722
        5  3n7        3320    99      3.22     3.11    3.11     0.795
        5  4n0        1132   180      3.33     2.33    2.33     0.530
        5  4n1        1432   180      1.33     1.22    1.22     0.933
        5  4n2        3328   180      2.44     1.22    1.22     0.702
        5  4n3        3020   180      2.22     2.11    2.11     0.919

    sb_yd_yk:
      era  cell      n_filed  rows   dist/cyc  keys/cyc  tok/cyc   top1(w)
        1  2n0         413    13      8.00     8.00    7.00     0.286
        1  2n1         317    13      7.00     7.00    6.00     0.315
        1  2n2         349    13      5.00     5.00    5.00     0.476
        1  2n3         268    13      6.00     6.00    4.00     0.560
        1  2n4         246    13      8.00     8.00    6.00     0.585
        1  2n5         300    13      5.00     5.00    3.00     0.510
        1  2n6         449    13      5.00     5.00    4.00     0.550
        1  2n7         408    13      7.00     7.00    4.00     0.284
        1  2n8         386    13      6.00     6.00    6.00     0.479
        1  2n9         581    13      7.00     7.00    6.00     0.530
        1  2n10        381    13      5.00     5.00    5.00     0.415
        1  2n11        460    13      6.00     6.00    6.00     0.396
        1  2n12        413    13      6.00     6.00    5.00     0.496
        1  2n13        525    13      6.00     6.00    4.00     0.541
        1  2n14        360    13      6.00     6.00    5.00     0.778
        1  2n15        421    13      8.00     8.00    6.00     0.363
        2  2n0        4935    14      4.94     4.94    4.72     0.456
        2  2n1        4598    14      4.70     4.70    4.58     0.538
        2  2n2        4865    14      4.24     4.24    4.08     0.501
        2  2n3        4906    14      4.00     4.00    3.36     0.565
        2  2n4        3601    14      4.38     4.38    4.22     0.487
        2  2n5        4942    14      4.14     4.14    3.80     0.490
        2  2n6        4548    14      3.74     3.74    3.68     0.560
        2  2n7        5469    14      4.22     4.22    3.76     0.529
        2  2n8        4322    14      4.48     4.48    4.38     0.510
        2  2n9        4328    14      4.98     4.98    4.68     0.457
        2  2n10       4481    14      4.42     4.42    4.28     0.495
        2  2n11       4705    14      4.41     4.41    3.92     0.539
        2  2n12       8076    14      4.62     4.62    4.46     0.466
        2  2n13       6150    14      3.62     3.62    3.34     0.549
        2  2n14       4198    14      4.10     4.10    4.02     0.507
        2  2n15       4481    14      3.92     3.92    3.56     0.549
        2  3n0        3962    48      3.33     2.94    2.88     0.657
        2  3n1        3952    48      3.48     3.12    2.52     0.601
        2  3n2        3306    48      3.70     3.33    2.82     0.532
        2  3n3        4968    48      3.52     3.15    2.70     0.597
        2  3n4        3783    48      2.70     2.64    2.61     0.734
        2  3n5        3926    48      3.67     3.24    2.58     0.589
        2  3n6        5955    48      4.24     3.94    3.39     0.570
        2  3n7        4163    48      3.18     2.76    2.61     0.638
        3  2n0        7245    14      5.66     5.66    4.99     0.451
        3  2n1        6783    14      6.01     6.01    5.31     0.360
        3  2n2        5247    14      4.59     4.59    4.13     0.453
        3  2n3        5696    14      4.11     4.11    3.46     0.523
        3  2n4        4721    14      4.84     4.84    4.40     0.436
        3  2n5        6326    14      5.36     5.36    3.89     0.406
        3  2n6        5626    14      3.74     3.74    3.40     0.584
        3  2n7        6756    14      5.06     5.06    3.86     0.450
        3  2n8        4828    14      5.60     5.60    4.77     0.365
        3  2n9        6709    14      5.27     5.27    4.73     0.454
        3  2n10       6190    14      4.96     4.96    4.44     0.409
        3  2n11       4349    14      4.63     4.63    3.36     0.455
        3  2n12      15006    14      5.94     5.94    4.93     0.415
        3  2n13      12830    14      5.09     5.09    4.24     0.566
        3  2n14       5182    14      4.14     4.14    3.90     0.484
        3  2n15       6383    14      4.54     4.54    3.71     0.474
        3  3n0        9372    57      4.34     3.40    3.41     0.532
        3  3n1        7458    57      5.34     3.86    3.30     0.426
        3  3n2        5581    57      5.81     4.01    3.67     0.400
        3  3n3       13930    57      4.13     2.53    2.53     0.552
        3  3n4        8203    57      4.49     3.43    3.37     0.530
        3  3n5        7625    57      5.46     3.77    3.24     0.445
        3  3n6       38908    57      5.37     4.06    3.76     0.448
        3  3n7       17085    57      4.67     3.09    3.00     0.532
        3  4n0        2991   112      1.26     1.26    1.26     0.943
        3  4n1        2825   112      1.30     1.22    1.22     0.961
        3  4n2        4612   112      2.30     2.09    2.09     0.814
        3  4n3        5716   112      1.17     1.17    1.17     0.991
        4  2n0        1280    15      6.33     6.33    5.58     0.395
        4  2n1         902    15      4.92     4.92    4.42     0.465
        4  2n2         948    15      4.67     4.67    4.25     0.498
        4  2n3         791    15      3.92     3.92    3.58     0.497
        4  2n4         763    15      4.67     4.67    4.58     0.442
        4  2n5         986    15      3.83     3.83    3.00     0.473
        4  2n6         701    15      3.75     3.75    3.17     0.534
        4  2n7         968    15      4.25     4.25    3.83     0.524
        4  2n8         718    15      5.00     5.00    4.33     0.416
        4  2n9        1248    15      4.83     4.83    4.42     0.504
        4  2n10       1107    15      5.25     5.25    4.58     0.403
        4  2n11        611    15      4.00     4.00    2.83     0.519
        4  2n12       2214    15      4.92     4.92    4.33     0.471
        4  2n13       1775    15      3.83     3.83    3.25     0.590
        4  2n14        877    15      4.00     4.00    3.67     0.537
        4  2n15       1016    15      4.00     4.00    3.67     0.527
        4  3n0        1474    57      2.92     2.75    2.75     0.632
        4  3n1        1405    57      3.92     3.42    3.17     0.535
        4  3n2         901    57      4.50     3.42    3.33     0.475
        4  3n3        3507    57      3.08     2.25    2.25     0.653
        4  3n4        1521    57      3.50     3.00    2.92     0.606
        4  3n5        1316    57      4.67     3.42    3.17     0.448
        4  3n6        7192    57      3.33     3.00    3.17     0.680
        4  3n7        4494    57      3.00     2.42    2.42     0.584
        4  4n0        2715   120      1.17     1.17    1.17     0.994
        4  4n1        1451   120      1.17     1.00    1.00     0.926
        4  4n2        3156   120      2.42     2.17    2.17     0.685
        4  4n3        4772   120      1.33     1.33    1.33     0.985
        5  2n0        1118    17      5.56     5.56    5.44     0.479
        5  2n1         571    17      4.22     4.22    4.11     0.457
        5  2n2         790    17      4.67     4.67    4.11     0.482
        5  2n3         763    17      4.44     4.44    4.00     0.523
        5  2n4         513    17      5.00     5.00    4.78     0.444
        5  2n5         559    17      3.22     3.22    2.89     0.628
        5  2n6         642    17      4.56     4.56    4.22     0.522
        5  2n7         555    17      4.11     4.11    3.78     0.458
        5  2n8         484    17      4.22     4.22    3.22     0.510
        5  2n9         815    17      4.56     4.56    4.56     0.481
        5  2n10        768    17      4.33     4.33    4.11     0.457
        5  2n11        381    17      3.67     3.67    2.78     0.520
        5  2n12       1169    17      4.89     4.89    4.33     0.443
        5  2n13        757    17      3.44     3.44    3.11     0.621
        5  2n14        507    17      3.44     3.44    3.33     0.544
        5  2n15       1216    17      3.56     3.56    3.33     0.719
        5  3n0        1406    66      2.78     2.56    2.56     0.725
        5  3n1        1360    66      3.78     2.89    2.89     0.558
        5  3n2         622    66      3.78     2.78    2.67     0.543
        5  3n3        3764    66      3.56     2.56    2.56     0.586
        5  3n4        1559    66      2.33     2.22    2.22     0.845
        5  3n5        1570    66      4.89     3.11    3.00     0.489
        5  3n6        4806    66      3.44     3.11    3.11     0.674
        5  3n7        2960    66      2.56     2.56    2.56     0.608
        5  4n0        2007   120      1.11     1.11    1.11     1.000
        5  4n1        1528   120      1.67     1.44    1.44     0.961
        5  4n2        4683   120      1.78     1.56    1.56     0.940
        5  4n3        4118   120      1.00     1.00    1.00     1.000

====================================================================================================
[E] THE WRITER'S CLASS ACCURACY ON THE PRICED BEAM (held-out: fresh instances/cycle)
====================================================================================================
    `contains` against the clean latent, `rep` against the set of features that REPAIR
    the instance there. On an open slot the writer IS the head, so `rep` is the head's
    class accuracy; where the corridor is closed it is the DP's. Q0 §3's audition-path
    numbers for the DP at the frontier: 4n3 contains_rep 0.718 (era 4), 5n1 0.582.

    sb_so_yk:
      era  cell     contains n    contains   rep n     rep
        1  2n0          538      0.569       64    0.109
        1  2n1          366      0.604       64    0.219
        1  2n2          410      0.424       64    0.156
        1  2n3          344      0.811       64    0.188
        1  2n4          261      0.429       64    0.125
        1  2n5          453      0.658       64    0.156
        1  2n6          472      0.864       64    0.219
        1  2n7          356      0.705       64    0.250
        1  2n8          395      0.332       64    0.156
        1  2n9          475      0.484       64    0.109
        1  2n10         427      0.848       64    0.203
        1  2n11         274      0.609       64    0.281
        1  2n12         403      0.680       64    0.578
        1  2n13         469      0.446       64    0.219
        1  2n14         446      0.859       64    0.156
        1  2n15         464      0.405       64    0.062
        2  2n0         5341      0.379     3115    0.056
        2  2n1         4715      0.397     3046    0.042
        2  2n2         5402      0.445     2997    0.055
        2  2n3         4872      0.337     2935    0.056
        2  2n4         4545      0.428     2965    0.050
        2  2n5         6760      0.426     3160    0.035
        2  2n6         5291      0.409     3107    0.053
        2  2n7         5211      0.405     3118    0.059
        2  2n8         4292      0.266     2895    0.023
        2  2n9         4294      0.418     2908    0.053
        2  2n10        3393      0.462     2645    0.058
        2  2n11        3464      0.380     2715    0.053
        2  2n12        9022      0.456     3172    0.325
        2  2n13        6282      0.284     3168    0.127
        2  2n14        4940      0.369     3021    0.052
        2  2n15        5472      0.315     3137    0.075
        2  3n0         3973      0.351     1982    0.043
        2  3n1         3721      0.281     1910    0.004
        2  3n2         3836      0.417     1994    0.041
        2  3n3         4342      0.214     2038    0.013
        2  3n4         3625      0.470     1898    0.024
        2  3n5         4152      0.276     1981    0.014
        2  3n6         7133      0.428     2112    0.192
        2  3n7         3202      0.269     1927    0.070
        3  2n0         8057      0.375     4438    0.055
        3  2n1         6662      0.420     4290    0.045
        3  2n2         7347      0.425     4290    0.050
        3  2n3         7929      0.427     4369    0.044
        3  2n4         7361      0.491     4300    0.032
        3  2n5         9149      0.458     4380    0.057
        3  2n6         8002      0.449     4376    0.035
        3  2n7         7066      0.439     4224    0.045
        3  2n8         6956      0.290     4265    0.049
        3  2n9         5897      0.379     4096    0.049
        3  2n10        5550      0.384     4121    0.055
        3  2n11        4900      0.369     3840    0.074
        3  2n12       19963      0.420     4480    0.125
        3  2n13       11502      0.392     4480    0.153
        3  2n14        5860      0.352     4107    0.052
        3  2n15       10361      0.360     4456    0.094
        3  3n0         8913      0.283     4427    0.042
        3  3n1         8687      0.250     4445    0.031
        3  3n2         6465      0.351     4166    0.049
        3  3n3        10892      0.138     4454    0.038
        3  3n4         8359      0.434     4358    0.064
        3  3n5         9134      0.277     4413    0.060
        3  3n6        30378      0.441     4480    0.332
        3  3n7         7350      0.212     4210    0.056
        3  4n0         2498      0.397     1115    0.211
        3  4n1         1320      0.177      804    0.134
        3  4n2         2163      0.325     1005    0.123
        3  4n3         3133      0.199     1266    0.364
        4  2n0          888      0.387      703    0.026
        4  2n1          967      0.387      696    0.011
        4  2n2         1318      0.539      768    0.068
        4  2n3         1120      0.388      733    0.049
        4  2n4         1021      0.386      729    0.034
        4  2n5         1327      0.485      768    0.049
        4  2n6         1120      0.335      729    0.008
        4  2n7         1076      0.482      730    0.075
        4  2n8         1118      0.341      736    0.037
        4  2n9          865      0.276      692    0.027
        4  2n10        1255      0.378      743    0.040
        4  2n11         708      0.410      627    0.054
        4  2n12        3418      0.217      768    0.061
        4  2n13        1819      0.245      768    0.086
        4  2n14        1030      0.250      719    0.049
        4  2n15        2868      0.261      768    0.107
        4  3n0         1565      0.171      759    0.038
        4  3n1         1390      0.228      764    0.056
        4  3n2         1361      0.171      759    0.047
        4  3n3         2820      0.181      768    0.033
        4  3n4         2138      0.398      768    0.055
        4  3n5         2245      0.193      768    0.013
        4  3n6         6199      0.352      768    0.102
        4  3n7         1744      0.217      768    0.079
        4  4n0          905      0.497      704    0.084
        4  4n1          507      0.105      486    0.113
        4  4n2          578      0.306      491    0.096
        4  4n3         1860      0.226      768    0.500
        5  2n0         1026      0.403      545    0.031
        5  2n1         1030      0.426      570    0.019
        5  2n2          752      0.445      532    0.032
        5  2n3          847      0.299      570    0.021
        5  2n4          774      0.521      509    0.018
        5  2n5         1060      0.436      576    0.073
        5  2n6         1439      0.505      575    0.010
        5  2n7          797      0.498      553    0.027
        5  2n8          788      0.135      534    0.017
        5  2n9         1018      0.270      553    0.047
        5  2n10        1193      0.293      576    0.052
        5  2n11         520      0.169      452    0.049
        5  2n12        3072      0.284      576    0.043
        5  2n13        1984      0.261      576    0.078
        5  2n14         423      0.362      386    0.018
        5  2n15        1971      0.278      576    0.059
        5  3n0         1185      0.264      576    0.021
        5  3n1         1272      0.315      576    0.042
        5  3n2          842      0.191      497    0.052
        5  3n3         1564      0.183      576    0.026
        5  3n4         1872      0.544      576    0.115
        5  3n5         1859      0.212      576    0.068
        5  3n6         3663      0.275      576    0.073
        5  3n7          963      0.105      574    0.063
        5  4n0          586      0.616      498    0.213
        5  4n1          550      0.276      494    0.071
        5  4n2         1155      0.292      576    0.181
        5  4n3         1612      0.311      576    0.319

    sb_sv_yk:
      era  cell     contains n    contains   rep n     rep
        1  2n0          413      0.446       64    0.078
        1  2n1          317      0.438       64    0.141
        1  2n2          349      0.590       64    0.219
        1  2n3          268      0.683       64    0.141
        1  2n4          246      0.492       64    0.328
        1  2n5          300      0.687       64    0.203
        1  2n6          449      0.844       64    0.172
        1  2n7          408      0.684       64    0.219
        1  2n8          386      0.718       64    0.141
        1  2n9          581      0.468       64    0.125
        1  2n10         381      0.874       64    0.156
        1  2n11         460      0.622       64    0.203
        1  2n12         413      0.441       64    0.391
        1  2n13         525      0.554       64    0.234
        1  2n14         360      0.814       64    0.109
        1  2n15         421      0.366       64    0.141
        2  2n0         5250      0.398     3061    0.205
        2  2n1         4367      0.474     2830    0.165
        2  2n2         4564      0.486     3061    0.190
        2  2n3         5160      0.420     2950    0.153
        2  2n4         3674      0.403     2721    0.172
        2  2n5         4521      0.498     3012    0.187
        2  2n6         4562      0.651     3079    0.209
        2  2n7         4559      0.451     2810    0.155
        2  2n8         4327      0.342     2989    0.166
        2  2n9         4871      0.364     3046    0.165
        2  2n10        4000      0.535     2852    0.208
        2  2n11        4387      0.411     2950    0.117
        2  2n12        7853      0.469     3176    0.551
        2  2n13        5904      0.318     3119    0.215
        2  2n14        4086      0.466     2801    0.162
        2  2n15        4245      0.363     2990    0.199
        2  3n0         3796      0.338     2028    0.119
        2  3n1         4253      0.283     2083    0.129
        2  3n2         3719      0.403     2000    0.183
        2  3n3         6221      0.272     2091    0.220
        2  3n4         3449      0.377     1874    0.118
        2  3n5         3436      0.272     1927    0.143
        2  3n6         6298      0.464     2112    0.420
        2  3n7         4195      0.282     2053    0.291
        3  2n0         6264      0.430     4122    0.244
        3  2n1         5061      0.560     3977    0.245
        3  2n2         5073      0.539     3834    0.271
        3  2n3         6053      0.421     4205    0.207
        3  2n4         4496      0.472     3846    0.194
        3  2n5         7094      0.558     4291    0.278
        3  2n6         5507      0.687     4015    0.243
        3  2n7         5726      0.403     4020    0.266
        3  2n8         6268      0.296     4208    0.233
        3  2n9         6380      0.374     4170    0.220
        3  2n10        5965      0.568     4067    0.237
        3  2n11        4249      0.502     3595    0.167
        3  2n12       14640      0.280     4469    0.257
        3  2n13       10611      0.317     4446    0.321
        3  2n14        4999      0.562     3957    0.266
        3  2n15        6160      0.317     4136    0.256
        3  3n0         7258      0.412     4405    0.217
        3  3n1         6087      0.349     4102    0.241
        3  3n2         5556      0.424     4038    0.278
        3  3n3        14462      0.469     4480    0.276
        3  3n4         7250      0.418     4278    0.205
        3  3n5         7350      0.336     4296    0.261
        3  3n6        39698      0.514     4480    0.519
        3  3n7        13720      0.352     4480    0.325
        3  4n0         3889      0.144     1472    0.357
        3  4n1         2738      0.637     1329    0.431
        3  4n2         3265      0.607     1401    0.328
        3  4n3         4484      0.808     1423    0.682
        4  2n0         1080      0.463      701    0.204
        4  2n1          869      0.311      703    0.289
        4  2n2          945      0.685      666    0.401
        4  2n3          768      0.456      636    0.189
        4  2n4          877      0.525      709    0.339
        4  2n5         1430      0.675      764    0.377
        4  2n6          976      0.722      731    0.365
        4  2n7         1056      0.451      713    0.288
        4  2n8          826      0.347      641    0.289
        4  2n9         1347      0.429      763    0.176
        4  2n10        1075      0.587      733    0.299
        4  2n11         628      0.454      548    0.179
        4  2n12        2919      0.279      768    0.116
        4  2n13        2352      0.257      768    0.137
        4  2n14        1222      0.437      710    0.414
        4  2n15         956      0.185      653    0.276
        4  3n0         1511      0.392      768    0.298
        4  3n1         1064      0.409      724    0.279
        4  3n2          788      0.454      654    0.217
        4  3n3         2029      0.513      765    0.324
        4  3n4          976      0.516      697    0.356
        4  3n5         1575      0.365      768    0.240
        4  3n6         6602      0.250      768    0.302
        4  3n7         4559      0.240      768    0.314
        4  4n0         1850      0.212      756    0.196
        4  4n1         1129      0.793      727    0.254
        4  4n2         2757      0.556      768    0.331
        4  4n3         4121      0.812      768    0.681
        5  2n0          722      0.386      551    0.269
        5  2n1          638      0.448      505    0.305
        5  2n2          827      0.536      574    0.321
        5  2n3          837      0.545      571    0.298
        5  2n4          724      0.640      524    0.198
        5  2n5         1307      0.681      576    0.406
        5  2n6          659      0.674      523    0.300
        5  2n7          834      0.462      546    0.288
        5  2n8          739      0.124      523    0.356
        5  2n9         1057      0.194      559    0.388
        5  2n10         724      0.160      551    0.258
        5  2n11         439      0.091      417    0.391
        5  2n12        1524      0.316      576    0.095
        5  2n13        1506      0.306      552    0.192
        5  2n14         871      0.602      561    0.351
        5  2n15         723      0.198      523    0.170
        5  3n0         1439      0.454      570    0.368
        5  3n1          822      0.316      548    0.266
        5  3n2          660      0.462      516    0.266
        5  3n3         2350      0.491      576    0.349
        5  3n4         1165      0.417      576    0.299
        5  3n5         1189      0.281      576    0.406
        5  3n6         5052      0.297      576    0.250
        5  3n7         3320      0.236      576    0.286
        5  4n0         1132      0.265      576    0.295
        5  4n1         1432      0.902      576    0.415
        5  4n2         3328      0.417      576    0.455
        5  4n3         3020      0.792      576    0.311

    sb_yd_yk:
      era  cell     contains n    contains   rep n     rep
        1  2n0          413      0.446       64    0.078
        1  2n1          317      0.438       64    0.141
        1  2n2          349      0.590       64    0.219
        1  2n3          268      0.683       64    0.141
        1  2n4          246      0.492       64    0.328
        1  2n5          300      0.687       64    0.203
        1  2n6          449      0.844       64    0.172
        1  2n7          408      0.684       64    0.219
        1  2n8          386      0.718       64    0.141
        1  2n9          581      0.468       64    0.125
        1  2n10         381      0.874       64    0.156
        1  2n11         460      0.622       64    0.203
        1  2n12         413      0.441       64    0.391
        1  2n13         525      0.554       64    0.234
        1  2n14         360      0.814       64    0.109
        1  2n15         421      0.366       64    0.141
        2  2n0         4935      0.411     3000    0.184
        2  2n1         4598      0.465     2930    0.134
        2  2n2         4865      0.449     3063    0.175
        2  2n3         4906      0.380     2980    0.152
        2  2n4         3601      0.475     2653    0.170
        2  2n5         4942      0.483     3076    0.162
        2  2n6         4548      0.663     3068    0.220
        2  2n7         5469      0.403     3095    0.184
        2  2n8         4322      0.304     2950    0.099
        2  2n9         4328      0.389     2878    0.156
        2  2n10        4481      0.557     2887    0.215
        2  2n11        4705      0.408     2944    0.143
        2  2n12        8076      0.541     3149    0.534
        2  2n13        6150      0.371     3060    0.258
        2  2n14        4198      0.498     2942    0.201
        2  2n15        4481      0.424     2874    0.171
        2  3n0         3962      0.354     2008    0.133
        2  3n1         3952      0.337     2071    0.166
        2  3n2         3306      0.365     1882    0.196
        2  3n3         4968      0.247     2106    0.184
        2  3n4         3783      0.448     2014    0.104
        2  3n5         3926      0.314     1983    0.162
        2  3n6         5955      0.495     2112    0.493
        2  3n7         4163      0.274     1964    0.219
        3  2n0         7245      0.517     4384    0.228
        3  2n1         6783      0.468     4159    0.215
        3  2n2         5247      0.555     3974    0.270
        3  2n3         5696      0.454     4055    0.207
        3  2n4         4721      0.532     3858    0.230
        3  2n5         6326      0.535     4264    0.208
        3  2n6         5626      0.705     4155    0.261
        3  2n7         6756      0.395     4340    0.227
        3  2n8         4828      0.367     3727    0.219
        3  2n9         6709      0.312     4210    0.209
        3  2n10        6190      0.618     4186    0.292
        3  2n11        4349      0.515     3675    0.226
        3  2n12       15006      0.348     4456    0.281
        3  2n13       12830      0.309     4480    0.356
        3  2n14        5182      0.539     3918    0.264
        3  2n15        6383      0.402     4085    0.318
        3  3n0         9372      0.410     4435    0.205
        3  3n1         7458      0.384     4223    0.289
        3  3n2         5581      0.388     4069    0.293
        3  3n3        13930      0.508     4480    0.350
        3  3n4         8203      0.409     4371    0.249
        3  3n5         7625      0.310     4316    0.211
        3  3n6        38908      0.524     4480    0.617
        3  3n7        17085      0.275     4480    0.306
        3  4n0         2991      0.677     1386    0.299
        3  4n1         2825      0.873     1340    0.488
        3  4n2         4612      0.437     1460    0.399
        3  4n3         5716      0.847     1472    0.673
        4  2n0         1280      0.562      751    0.182
        4  2n1          902      0.381      699    0.286
        4  2n2          948      0.747      731    0.347
        4  2n3          791      0.375      670    0.307
        4  2n4          763      0.646      660    0.424
        4  2n5          986      0.640      701    0.342
        4  2n6          701      0.745      679    0.293
        4  2n7          968      0.647      704    0.334
        4  2n8          718      0.412      650    0.354
        4  2n9         1248      0.413      742    0.280
        4  2n10        1107      0.659      768    0.346
        4  2n11         611      0.398      582    0.247
        4  2n12        2214      0.358      751    0.104
        4  2n13        1775      0.215      768    0.275
        4  2n14         877      0.511      673    0.364
        4  2n15        1016      0.251      681    0.305
        4  3n0         1474      0.330      727    0.305
        4  3n1         1405      0.437      762    0.383
        4  3n2          901      0.534      757    0.259
        4  3n3         3507      0.502      768    0.444
        4  3n4         1521      0.458      768    0.391
        4  3n5         1316      0.274      762    0.371
        4  3n6         7192      0.246      768    0.327
        4  3n7         4494      0.191      768    0.327
        4  4n0         2715      0.690      768    0.234
        4  4n1         1451      0.932      767    0.454
        4  4n2         3156      0.180      768    0.499
        4  4n3         4772      0.807      768    0.720
        5  2n0         1118      0.567      575    0.277
        5  2n1          571      0.392      476    0.309
        5  2n2          790      0.648      532    0.532
        5  2n3          763      0.645      524    0.300
        5  2n4          513      0.593      494    0.328
        5  2n5          559      0.739      479    0.472
        5  2n6          642      0.603      547    0.373
        5  2n7          555      0.510      476    0.271
        5  2n8          484      0.300      456    0.211
        5  2n9          815      0.356      576    0.375
        5  2n10         768      0.379      538    0.442
        5  2n11         381      0.312      375    0.451
        5  2n12        1169      0.315      576    0.120
        5  2n13         757      0.203      549    0.561
        5  2n14         507      0.548      411    0.421
        5  2n15        1216      0.234      576    0.503
        5  3n0         1406      0.459      576    0.469
        5  3n1         1360      0.392      576    0.368
        5  3n2          622      0.563      513    0.419
        5  3n3         3764      0.442      576    0.444
        5  3n4         1559      0.517      576    0.655
        5  3n5         1570      0.287      576    0.408
        5  3n6         4806      0.273      576    0.281
        5  3n7         2960      0.225      576    0.431
        5  4n0         2007      0.677      576    0.375
        5  4n1         1528      0.904      576    0.597
        5  4n2         4683      0.391      576    0.510
        5  4n3         4118      0.835      576    0.408

====================================================================================================
[F] THE IN-SITU READ-BACK — the number DESIGN §15 says decides whether Q2's
    `own_readback` has anything to read
====================================================================================================
    The frozen reader run on the span the learner just wrote, IN PLACE, quotiented
    through the arm's own class map and tallied against the record's class. Never
    summed with the verdict. Q0 §4: the STRUCTURAL disagreement on the token class is
    0.000 by construction on this draw, so everything here is the neural ear plus the
    learned quotient.

    sb_so_yk:
      era  cell         n   class_agree  tuple_agree   unnamed
        1  2n0         96       0.938       0.938     0.000
        1  2n1         96       0.844       0.844     0.000
        1  2n2         96       0.938       0.938     0.000
        1  2n3         96       0.969       0.969     0.000
        1  2n4         96       0.938       0.938     0.000
        1  2n5         96       0.833       0.833     0.000
        1  2n6         96       0.990       0.990     0.000
        1  2n7         96       1.000       1.000     0.000
        1  2n8         96       0.875       0.875     0.000
        1  2n9         96       0.969       0.969     0.000
        1  2n10        96       1.000       1.000     0.000
        1  2n11        96       0.979       0.979     0.000
        1  2n12        96       0.958       0.958     0.000
        1  2n13        96       0.969       0.969     0.000
        1  2n14        96       0.969       0.969     0.000
        1  2n15        96       0.958       0.958     0.000
        2  2n0       4294       0.905       0.905     0.000
        2  2n1       3970       0.886       0.886     0.000
        2  2n2       4089       0.678       0.678     0.000
        2  2n3       3822       0.717       0.717     0.000
        2  2n4       3757       0.962       0.962     0.000
        2  2n5       4536       0.908       0.908     0.000
        2  2n6       4190       0.929       0.929     0.000
        2  2n7       4197       0.827       0.827     0.000
        2  2n8       3626       0.915       0.915     0.000
        2  2n9       3706       0.933       0.933     0.000
        2  2n10      3096       0.849       0.849     0.000
        2  2n11      3291       0.851       0.851     0.000
        2  2n12      4692       0.905       0.905     0.000
        2  2n13      4537       0.845       0.845     0.000
        2  2n14      3965       0.936       0.936     0.000
        2  2n15      4398       0.865       0.865     0.000
        2  3n0       2686       1.000       0.959     0.000
        2  3n1       2486       1.000       0.877     0.000
        2  3n2       2779       1.000       0.980     0.000
        2  3n3       2760       1.000       0.992     0.000
        2  3n4       2383       1.000       1.000     0.000
        2  3n5       2631       1.000       0.974     0.000
        2  3n6       3168       1.000       0.965     0.000
        2  3n7       2509       1.000       0.961     0.000
        3  2n0       6298       0.782       0.782     0.000
        3  2n1       5640       0.545       0.545     0.000
        3  2n2       5843       0.619       0.619     0.000
        3  2n3       6057       0.573       0.573     0.000
        3  2n4       5981       0.841       0.841     0.000
        3  2n5       6269       0.722       0.722     0.000
        3  2n6       6161       0.869       0.869     0.000
        3  2n7       5604       0.885       0.885     0.000
        3  2n8       5669       0.663       0.663     0.000
        3  2n9       5277       0.711       0.711     0.000
        3  2n10      5142       0.271       0.271     0.000
        3  2n11      4647       0.533       0.533     0.000
        3  2n12      6720       0.617       0.617     0.000
        3  2n13      6553       0.704       0.704     0.000
        3  2n14      5156       0.891       0.891     0.000
        3  2n15      6497       0.808       0.808     0.000
        3  3n0       6326       1.000       0.885     0.000
        3  3n1       6345       1.000       0.336     0.000
        3  3n2       5470       1.000       0.761     0.000
        3  3n3       6511       1.000       0.679     0.000
        3  3n4       6170       1.000       0.896     0.000
        3  3n5       6297       1.000       0.422     0.000
        3  3n6       6720       1.000       0.748     0.000
        3  3n7       5711       1.000       0.740     0.000
        3  4n0       1274       1.000       0.190     0.000
        3  4n1        922       1.000       0.726     0.000
        3  4n2       1158       1.000       0.531     0.000
        3  4n3       1624       0.977       0.940     0.000
        4  2n0        859       0.836       0.836     0.000
        4  2n1        856       0.397       0.397     0.000
        4  2n2       1077       0.423       0.423     0.000
        4  2n3        987       0.615       0.615     0.000
        4  2n4        999       0.832       0.832     0.000
        4  2n5       1073       0.846       0.846     0.000
        4  2n6        958       0.843       0.843     0.000
        4  2n7        924       0.826       0.826     0.000
        4  2n8        973       0.720       0.720     0.000
        4  2n9        829       0.712       0.712     0.000
        4  2n10       991       0.319       0.319     0.000
        4  2n11       708       0.376       0.376     0.000
        4  2n12      1152       0.787       0.787     0.000
        4  2n13      1152       0.754       0.754     0.000
        4  2n14       959       0.918       0.918     0.000
        4  2n15      1152       0.693       0.693     0.000
        4  3n0       1071       1.000       0.874     0.000
        4  3n1       1087       1.000       0.464     0.000
        4  3n2       1084       1.000       0.573     0.000
        4  3n3       1152       1.000       0.536     0.000
        4  3n4       1152       1.000       0.890     0.000
        4  3n5       1141       1.000       0.394     0.000
        4  3n6       1152       1.000       0.900     0.000
        4  3n7       1118       1.000       0.490     0.000
        4  4n0        828       1.000       0.216     0.000
        4  4n1        507       1.000       0.996     0.000
        4  4n2        573       1.000       0.808     0.000
        4  4n3       1141       1.000       0.855     0.000
        5  2n0        771       0.773       0.773     0.000
        5  2n1        803       0.472       0.472     0.000
        5  2n2        669       0.525       0.525     0.000
        5  2n3        751       0.634       0.634     0.000
        5  2n4        688       0.767       0.767     0.000
        5  2n5        815       0.829       0.829     0.000
        5  2n6        831       0.857       0.857     0.000
        5  2n7        722       0.839       0.839     0.000
        5  2n8        701       0.558       0.558     0.000
        5  2n9        795       0.565       0.565     0.000
        5  2n10       859       0.264       0.264     0.000
        5  2n11       520       0.344       0.344     0.000
        5  2n12       864       0.669       0.669     0.000
        5  2n13       860       0.774       0.774     0.000
        5  2n14       418       0.923       0.923     0.000
        5  2n15       864       0.802       0.802     0.000
        5  3n0        836       1.000       0.872     0.000
        5  3n1        836       1.000       0.361     0.000
        5  3n2        683       1.000       0.682     0.000
        5  3n3        864       1.000       0.712     0.000
        5  3n4        864       1.000       0.914     0.000
        5  3n5        864       1.000       0.431     0.000
        5  3n6        864       1.000       0.884     0.000
        5  3n7        761       1.000       0.821     0.000
        5  4n0        570       1.000       0.268     0.000
        5  4n1        550       1.000       0.905     0.000
        5  4n2        807       1.000       0.812     0.000
        5  4n3        864       1.000       0.736     0.000

    sb_sv_yk:
      era  cell         n   class_agree  tuple_agree   unnamed
        1  2n0         96       1.000       1.000     0.000
        1  2n1         96       1.000       1.000     0.000
        1  2n2         96       1.000       1.000     0.000
        1  2n3         96       1.000       1.000     0.000
        1  2n4         96       0.979       0.979     0.000
        1  2n5         96       1.000       1.000     0.000
        1  2n6         96       1.000       1.000     0.000
        1  2n7         96       1.000       1.000     0.000
        1  2n8         96       1.000       1.000     0.000
        1  2n9         96       1.000       1.000     0.000
        1  2n10        96       1.000       1.000     0.000
        1  2n11        96       1.000       1.000     0.000
        1  2n12        96       1.000       1.000     0.000
        1  2n13        96       1.000       1.000     0.000
        1  2n14        96       0.990       0.990     0.000
        1  2n15        96       1.000       1.000     0.000
        2  2n0       4102       0.983       0.983     0.000
        2  2n1       3538       0.996       0.996     0.000
        2  2n2       3972       0.968       0.968     0.000
        2  2n3       3940       0.956       0.956     0.000
        2  2n4       3297       0.978       0.978     0.000
        2  2n5       3918       0.998       0.998     0.000
        2  2n6       4043       1.000       1.000     0.000
        2  2n7       3848       0.975       0.975     0.000
        2  2n8       3770       0.995       0.995     0.000
        2  2n9       3937       1.000       1.000     0.000
        2  2n10      3505       0.979       0.979     0.000
        2  2n11      3770       0.988       0.988     0.000
        2  2n12      4620       0.994       0.994     0.000
        2  2n13      4299       0.984       0.984     0.000
        2  2n14      3509       1.000       1.000     0.000
        2  2n15      3678       0.969       0.969     0.000
        2  3n0       2731       0.998       0.947     0.000
        2  3n1       2989       1.000       0.773     0.000
        2  3n2       2619       1.000       0.890     0.000
        2  3n3       3059       1.000       0.840     0.000
        2  3n4       2338       1.000       0.977     0.000
        2  3n5       2439       1.000       0.833     0.000
        2  3n6       3082       1.000       0.986     0.000
        2  3n7       2912       1.000       0.896     0.000
        3  2n0       5422       0.982       0.982     0.000
        3  2n1       4802       0.945       0.945     0.000
        3  2n2       4773       0.939       0.939     0.000
        3  2n3       5430       0.962       0.962     0.000
        3  2n4       4403       0.953       0.953     0.000
        3  2n5       5867       0.986       0.986     0.000
        3  2n6       5047       1.000       1.000     0.000
        3  2n7       5115       0.982       0.982     0.000
        3  2n8       5486       0.983       0.983     0.000
        3  2n9       5504       0.990       0.990     0.000
        3  2n10      5224       0.886       0.886     0.000
        3  2n11      4159       0.901       0.901     0.000
        3  2n12      6643       0.962       0.962     0.000
        3  2n13      6453       0.937       0.937     0.000
        3  2n14      4779       0.952       0.952     0.000
        3  2n15      5366       0.978       0.978     0.000
        3  3n0       6132       1.000       1.000     0.000
        3  3n1       5248       1.000       0.984     0.000
        3  3n2       5118       1.000       0.997     0.000
        3  3n3       6667       1.000       0.998     0.000
        3  3n4       5937       1.000       1.000     0.000
        3  3n5       5945       1.000       0.874     0.000
        3  3n6       6720       1.000       0.996     0.000
        3  3n7       6687       1.000       0.999     0.000
        3  4n0       2205       1.000       1.000     0.000
        3  4n1       1707       1.000       1.000     0.000
        3  4n2       1925       1.000       1.000     0.000
        3  4n3       2055       1.000       1.000     0.000
        4  2n0        907       0.979       0.979     0.000
        4  2n1        828       0.961       0.961     0.000
        4  2n2        871       0.928       0.928     0.000
        4  2n3        757       0.988       0.988     0.000
        4  2n4        850       0.914       0.914     0.000
        4  2n5       1055       0.909       0.909     0.000
        4  2n6        927       0.967       0.967     0.000
        4  2n7        909       0.985       0.985     0.000
        4  2n8        768       0.993       0.993     0.000
        4  2n9       1041       1.000       1.000     0.000
        4  2n10       970       0.831       0.831     0.000
        4  2n11       617       0.854       0.854     0.000
        4  2n12      1152       0.991       0.991     0.000
        4  2n13      1136       0.970       0.970     0.000
        4  2n14       939       0.928       0.928     0.000
        4  2n15       806       0.940       0.940     0.000
        4  3n0       1101       1.000       1.000     0.000
        4  3n1        960       1.000       0.949     0.000
        4  3n2        771       1.000       1.000     0.000
        4  3n3       1117       1.000       1.000     0.000
        4  3n4        853       1.000       1.000     0.000
        4  3n5       1136       1.000       0.788     0.000
        4  3n6       1152       1.000       0.985     0.000
        4  3n7       1152       1.000       1.000     0.000
        4  4n0       1102       1.000       1.000     0.000
        4  4n1        975       1.000       1.000     0.000
        4  4n2       1152       1.000       1.000     0.000
        4  4n3       1152       1.000       1.000     0.000
        5  2n0        710       0.986       0.986     0.000
        5  2n1        620       0.952       0.952     0.000
        5  2n2        767       0.902       0.902     0.000
        5  2n3        758       0.904       0.904     0.000
        5  2n4        679       0.996       0.996     0.000
        5  2n5        845       0.933       0.933     0.000
        5  2n6        642       0.995       0.995     0.000
        5  2n7        709       0.976       0.976     0.000
        5  2n8        691       0.978       0.978     0.000
        5  2n9        783       0.981       0.981     0.000
        5  2n10       687       0.722       0.722     0.000
        5  2n11       439       0.654       0.654     0.000
        5  2n12       841       0.948       0.948     0.000
        5  2n13       781       0.939       0.939     0.000
        5  2n14       704       0.956       0.956     0.000
        5  2n15       612       0.912       0.912     0.000
        5  3n0        817       1.000       1.000     0.000
        5  3n1        721       0.886       0.886     0.000
        5  3n2        595       1.000       1.000     0.000
        5  3n3        864       1.000       1.000     0.000
        5  3n4        859       1.000       1.000     0.000
        5  3n5        831       1.000       0.817     0.000
        5  3n6        864       0.997       0.986     0.000
        5  3n7        864       1.000       1.000     0.000
        5  4n0        846       1.000       1.000     0.000
        5  4n1        864       1.000       1.000     0.000
        5  4n2        864       1.000       1.000     0.000
        5  4n3        864       1.000       1.000     0.000

    sb_yd_yk:
      era  cell         n   class_agree  tuple_agree   unnamed
        1  2n0         96       1.000       1.000     0.000
        1  2n1         96       1.000       1.000     0.000
        1  2n2         96       1.000       1.000     0.000
        1  2n3         96       1.000       1.000     0.000
        1  2n4         96       0.979       0.979     0.000
        1  2n5         96       1.000       1.000     0.000
        1  2n6         96       1.000       1.000     0.000
        1  2n7         96       1.000       1.000     0.000
        1  2n8         96       1.000       1.000     0.000
        1  2n9         96       1.000       1.000     0.000
        1  2n10        96       1.000       1.000     0.000
        1  2n11        96       1.000       1.000     0.000
        1  2n12        96       1.000       1.000     0.000
        1  2n13        96       1.000       1.000     0.000
        1  2n14        96       0.990       0.990     0.000
        1  2n15        96       1.000       1.000     0.000
        2  2n0       4027       0.978       0.978     0.000
        2  2n1       3791       0.991       0.991     0.000
        2  2n2       3980       0.936       0.936     0.000
        2  2n3       3840       0.949       0.949     0.000
        2  2n4       3179       0.992       0.992     0.000
        2  2n5       4070       0.951       0.951     0.000
        2  2n6       4010       0.987       0.987     0.000
        2  2n7       4355       0.922       0.922     0.000
        2  2n8       3709       0.986       0.986     0.000
        2  2n9       3548       0.977       0.977     0.000
        2  2n10      3752       0.952       0.952     0.000
        2  2n11      3847       0.858       0.858     0.000
        2  2n12      4547       0.994       0.994     0.000
        2  2n13      4267       0.980       0.980     0.000
        2  2n14      3672       0.983       0.983     0.000
        2  2n15      3646       0.955       0.955     0.000
        2  3n0       2734       0.998       0.707     0.000
        2  3n1       2854       1.000       0.252     0.000
        2  3n2       2390       1.000       0.370     0.000
        2  3n3       3024       1.000       0.306     0.000
        2  3n4       2719       1.000       0.885     0.000
        2  3n5       2515       0.996       0.285     0.000
        2  3n6       3144       0.999       0.419     0.000
        2  3n7       2760       0.999       0.410     0.000
        3  2n0       6045       0.952       0.952     0.000
        3  2n1       5585       0.917       0.917     0.000
        3  2n2       4868       0.887       0.887     0.000
        3  2n3       5251       0.939       0.939     0.000
        3  2n4       4568       0.938       0.938     0.000
        3  2n5       5575       0.846       0.846     0.000
        3  2n6       5271       0.958       0.958     0.000
        3  2n7       5753       0.708       0.708     0.000
        3  2n8       4559       0.887       0.887     0.000
        3  2n9       5635       0.967       0.967     0.000
        3  2n10      5375       0.814       0.814     0.000
        3  2n11      4225       0.644       0.644     0.000
        3  2n12      6641       0.910       0.910     0.000
        3  2n13      6698       0.948       0.948     0.000
        3  2n14      4774       0.945       0.945     0.000
        3  2n15      5296       0.904       0.904     0.000
        3  3n0       6415       1.000       0.720     0.000
        3  3n1       5851       1.000       0.507     0.000
        3  3n2       5135       1.000       0.515     0.000
        3  3n3       6687       1.000       0.429     0.000
        3  3n4       6165       1.000       0.834     0.000
        3  3n5       5952       1.000       0.459     0.000
        3  3n6       6720       1.000       0.695     0.000
        3  3n7       6691       1.000       0.625     0.000
        3  4n0       1876       1.000       1.000     0.000
        3  4n1       1789       1.000       1.000     0.000
        3  4n2       2132       1.000       1.000     0.000
        3  4n3       2171       1.000       1.000     0.000
        4  2n0       1027       0.973       0.973     0.000
        4  2n1        850       0.958       0.958     0.000
        4  2n2        929       0.958       0.958     0.000
        4  2n3        759       0.979       0.979     0.000
        4  2n4        763       0.979       0.979     0.000
        4  2n5        844       0.935       0.935     0.000
        4  2n6        701       0.889       0.889     0.000
        4  2n7        873       0.920       0.920     0.000
        4  2n8        718       0.926       0.926     0.000
        4  2n9       1045       0.980       0.980     0.000
        4  2n10      1030       0.917       0.917     0.000
        4  2n11       611       0.928       0.928     0.000
        4  2n12      1103       0.978       0.978     0.000
        4  2n13      1116       0.987       0.987     0.000
        4  2n14       851       0.899       0.899     0.000
        4  2n15       893       0.900       0.900     0.000
        4  3n0       1035       1.000       0.996     0.000
        4  3n1       1096       1.000       0.974     0.000
        4  3n2        868       1.000       0.626     0.000
        4  3n3       1152       1.000       0.944     0.000
        4  3n4       1110       1.000       1.000     0.000
        4  3n5       1056       1.000       0.928     0.000
        4  3n6       1152       1.000       1.000     0.000
        4  3n7       1152       1.000       0.990     0.000
        4  4n0       1152       1.000       1.000     0.000
        4  4n1       1084       1.000       1.000     0.000
        4  4n2       1152       1.000       1.000     0.000
        4  4n3       1152       1.000       1.000     0.000
        5  2n0        827       1.000       1.000     0.000
        5  2n1        562       1.000       1.000     0.000
        5  2n2        687       0.902       0.902     0.000
        5  2n3        682       0.978       0.978     0.000
        5  2n4        513       0.986       0.986     0.000
        5  2n5        551       0.969       0.969     0.000
        5  2n6        642       0.883       0.883     0.000
        5  2n7        540       0.956       0.956     0.000
        5  2n8        484       0.924       0.924     0.000
        5  2n9        772       1.000       1.000     0.000
        5  2n10       723       0.954       0.954     0.000
        5  2n11       381       0.958       0.958     0.000
        5  2n12       836       0.835       0.835     0.000
        5  2n13       692       0.958       0.958     0.000
        5  2n14       491       0.994       0.994     0.000
        5  2n15       817       0.988       0.988     0.000
        5  3n0        864       1.000       1.000     0.000
        5  3n1        863       1.000       0.977     0.000
        5  3n2        608       1.000       0.862     0.000
        5  3n3        864       1.000       0.970     0.000
        5  3n4        864       1.000       1.000     0.000
        5  3n5        864       1.000       0.980     0.000
        5  3n6        864       1.000       0.997     0.000
        5  3n7        864       1.000       0.994     0.000
        5  4n0        864       1.000       1.000     0.000
        5  4n1        864       1.000       0.999     0.000
        5  4n2        864       1.000       1.000     0.000
        5  4n3        864       1.000       1.000     0.000

====================================================================================================
[G] THE RECORD'S VOLUME AND THE OBJECTIVE'S DIET
====================================================================================================
    `filed` writes kept by the beam and on a graded tip; `solved` their verdict;
    `unnamed` training rows whose recorded class has no member in the current table
    (the argmax arms' own hazard — DESIGN §14); `verify_bad` gate V-1's counter.

    arm                    written    filed   solved%   unnamed   verify   v_bad   buf(last, max over slots)
    sb_so_yk                  1682575   436734    0.048         0   436734       0   8192
    sb_sv_yk                  1415325   425604    0.264         0   425604       0   8192
    sb_yd_yk                  1491368   445880    0.292         0   445880       0   8192

====================================================================================================
[H] ARRIVAL, CLASS COVERAGE, MERGES AND THE BILL
====================================================================================================
    arm                   L5@sup(end) L6@sup(end)  L4 classes(end)  merges taken  exp_reads   t_cum
    sb_so_yk                          1           0              16            20    2230425    50920525
    sb_sv_yk                          9           0              28            45    2231555    50957389
    sb_yd_yk                         13           1              21            29    2237158    50913126
    vo_s3d2:voi3_dp                  13           0              26            50    2246273    50979162
    vo_s3e:voi3b_comp_yk             11           0              22            42    2251313    50937152
    vo_s3e:voi3b_comp_pr_yk          21           0              25            43    2262497    51168591
    so_s2:so_mg_yk                   14           0              29            44    2250057    50947776
    so_s2:so_cg_yk                   21           0              28            43    2255156    50980224
    so_s2:so_hy_yk                   15           1              24            46    2251059    51050076
    al_s2:al_pj_yk                   12           0              26            54    2242809    50988890
    al_s2:al_rt_yk                   16           3              24            48    2227453    50947968

====================================================================================================
[I] ERA-4/5 ERROR — with the caveat
====================================================================================================
    `enharmonic`'s matched-clock gaps between near-identical arms reach 0.08, and these
    arms are SELF-PACED and lived different numbers of cycles, so error is NOT a claim
    here. The structural readouts above are.

    arm                   era1  era2  era3  era4  era5
    sb_so_yk                 0.496  0.793  0.856  0.919  0.954
    sb_sv_yk                 0.469  0.610  0.581  0.584  0.654
    sb_yd_yk                 0.469  0.612  0.573  0.484  0.493
    vo_s3d2:voi3_dp          0.466  0.599  0.625  0.622  0.831
    vo_s3e:voi3b_comp_yk     0.469  0.589  0.577  0.597  0.769
    vo_s3e:voi3b_comp_pr_yk  0.469  0.593  0.548  0.556  0.708
    so_s2:so_mg_yk           0.469  0.592  0.569  0.582  0.607
    so_s2:so_cg_yk           0.469  0.582  0.582  0.532  0.595
    so_s2:so_hy_yk           0.469  0.569  0.569  0.542  0.553
    al_s2:al_pj_yk           0.469  0.598  0.569  0.535  0.555
    al_s2:al_rt_yk           0.469  0.573  0.597  0.485  0.503

====================================================================================================
[J] THE CRITIC — held-out AUC against the verdict, per slot, over the run
====================================================================================================
    The held-out split is by the parity gate's own BIJECTIVE row code, not a coin flip,
    so a context recurring across cycles cannot sit on both sides. `auc` is None where
    one class is absent on the held-out rows — an AUC is undefined then, and saying so
    beats reporting 0.5. DENOMINATORS AND BASE RATES ARE PART OF THE READING: the
    preflight's AUCs sat on 16-26 rows at base rate 0.045-0.08 and were a path check.

    [sotto] `auc_world` is the probe AUC scored against the WORLD'S verdict on the
    same rows rather than against the verdict that was FILED. On a world-graded arm the
    two columns are the same number; on a model-graded arm they are not, and the one
    the question is about is `auc_world` — can the critic rank what the world would have
    said, having been taught by a mirror. `filed==world` is the share of the filed
    probe rows whose verdict the world agreed with, i.e. the mirror's own accuracy on
    the rows it actually put into the critic.

    [Q3] THE TWO DIETS ARE READ APART and are NEVER pooled. The filed rows are the
    practice beam's own writes — a narrow, self-selected candidate set (Q0 finding 3:
    at the frontier almost every write falls in one token class) — and the probe rows
    are the babbler's substitutions, a DIFFERENT class by construction. A pooled AUC
    would read that candidate-set difference as discrimination. Both columns carry
    their own denominator and base rate.

    sb_so_yk:
      FILED rows                                              PROBE rows [Q3], the AUC scored against the WORLD [sotto]
      slot   reads  n(last) base(last)  auc f/med/last  >.5   n(last) base(last)  auc f/med/last  >.5   auc_world f/med/last  filed==world
      2:0      142      714      0.020  0.515/0.562/0.648  0.71       786      0.059  0.324/0.549/0.716  0.70   0.536/0.475/0.396   0.942
      2:1      142      716      0.027  0.662/0.547/0.890  0.80       704      0.034  0.892/0.601/0.575  0.87   0.975/0.569/0.560   0.966
      2:2      142      753      0.054  0.939/0.871/0.870  1.00       804      0.039  0.875/0.697/0.720  1.00   0.694/0.726/0.744   0.970
      2:3      141      809      0.035  0.961/0.934/0.701  1.00       863      0.030  0.846/0.837/0.868  1.00   0.791/0.906/0.741   0.985
      2:4      142      862      0.021  0.887/0.807/0.406  0.97       843      0.020  0.889/0.751/0.571  0.93   0.147/0.574/0.604   0.966
      2:5      142      832      0.078  0.857/0.645/0.653  0.76       768      0.021  0.787/0.756/0.942  0.63   0.026/0.542/0.573   0.990
      2:6      142      896      0.026  0.205/0.730/0.633  0.90       868      0.019  0.933/0.559/0.634  0.63   0.746/0.612/0.490   0.989
      2:7      142      755      0.036  0.556/0.825/0.763  0.98       843      0.019  0.727/0.786/0.517  0.96   0.897/0.754/0.778   0.986
      2:8      142      875      0.032  0.345/0.849/0.866  0.99       774      0.039  0.855/0.747/0.655  0.98   0.204/0.708/0.823   0.975
      2:9      142      881      0.057  0.574/0.868/0.861  1.00       840      0.031  0.213/0.842/0.952  0.80   0.842/0.766/0.798   0.973
      2:10     142      691      0.082  0.172/0.647/0.474  0.77       725      0.045  0.667/0.642/0.673  0.96   0.045/0.615/0.529   0.944
      2:11     142      726      0.025  1.000/0.771/0.417  0.85       712      0.044  0.754/0.558/0.442  0.57   0.844/0.537/0.597   0.960
      2:12     142      639      0.020  0.270/0.606/0.837  0.73       771      0.047  0.389/0.669/0.758  0.96   0.502/0.439/0.473   0.941
      2:13     142      726      0.084  0.382/0.757/0.510  0.96       797      0.044  0.526/0.859/0.798  0.97   0.088/0.786/0.756   0.977
      2:14     142      782      0.031  0.212/0.833/0.495  0.95       782      0.038  1.000/0.856/0.461  0.92   0.452/0.386/0.340   0.982
      2:15     142      884      0.042  0.509/0.792/0.773  0.89       836      0.042  0.972/0.497/0.763  0.48   0.941/0.601/0.728   0.974
      3:0      124      860      0.048  0.450/0.752/0.751  0.92       812      0.011    (undefined: one class)      0.905/0.553/0.632   0.988
      3:1      124     1006      0.045  0.000/0.472/0.615  0.48       836      0.029  0.957/0.810/0.825  0.80   0.144/0.576/0.636   0.985
      3:2      124      932      0.031  0.873/0.777/0.699  0.93       865      0.025  0.709/0.864/0.970  0.88   0.257/0.657/0.557   0.988
      3:3      124      867      0.040  0.837/0.686/0.744  0.72       757      0.027  0.850/0.782/0.943  0.96   0.900/0.578/0.592   0.952
      3:4      124      798      0.026  0.927/0.770/0.894  0.94       719      0.015  0.991/0.968/0.846  1.00   0.833/0.583/0.443   0.985
      3:5      124      746      0.021  0.798/0.682/0.855  0.72       729      0.022  0.702/0.767/0.710  1.00   0.875/0.593/0.592   0.986
      3:6      124      736      0.049  0.397/0.658/0.747  0.89       762      0.040  0.653/0.645/0.816  0.96   0.584/0.772/0.877   0.967
      3:7      124      729      0.074  0.978/0.627/0.356  0.78       758      0.035  0.843/0.901/0.858  1.00   0.437/0.307/0.503   0.987
      4:0       44      595      0.166  0.212/0.654/0.763  0.77       322      0.036  0.192/0.208/0.455  0.30   0.385/0.539/0.594   0.929
      4:1       44      228      0.035  0.726/0.534/0.421  0.60       168      0.036    (undefined: one class)      0.500/0.440/0.315   0.965
      4:2       44      416      0.137  0.993/0.539/0.604  0.61       209      0.023    (undefined: one class)      0.867/0.683/0.711   0.954
      4:3       44      620      0.126  0.871/0.559/0.443  0.60       255      0.126  0.267/0.724/0.840  0.79   0.893/0.558/0.558   0.844

    sb_sv_yk:
      FILED rows                                              PROBE rows [Q3], the AUC scored against the WORLD [sotto]
      slot   reads  n(last) base(last)  auc f/med/last  >.5   n(last) base(last)  auc f/med/last  >.5   auc_world f/med/last  filed==world
      2:0      141      766      0.350  0.000/0.713/0.734  0.97       719      0.126  0.892/0.825/0.838  0.94   0.875/0.596/0.709   0.893
      2:1      142      908      0.340  0.250/0.717/0.688  0.99       897      0.169  0.956/0.809/0.830  1.00   0.805/0.689/0.735   0.897
      2:2      141      903      0.145  0.000/0.768/0.715  0.99       840      0.135  0.333/0.751/0.772  0.89   0.728/0.713/0.769   0.861
      2:3      142      998      0.269  0.950/0.790/0.803  0.99      1006      0.147  0.657/0.811/0.822  0.99   0.571/0.711/0.721   0.911
      2:4      142      880      0.217  0.923/0.620/0.759  0.72       819      0.083  0.524/0.750/0.753  1.00   0.378/0.552/0.661   0.913
      2:5      142      717      0.319  0.062/0.763/0.709  0.97       735      0.123  0.879/0.779/0.769  1.00   0.614/0.723/0.789   0.902
      2:6      142      814      0.284  0.108/0.709/0.664  0.98       817      0.096  0.803/0.760/0.756  1.00   0.625/0.752/0.742   0.912
      2:7      142      755      0.295  0.987/0.769/0.841  0.96       786      0.145  0.573/0.818/0.818  0.96   0.303/0.571/0.629   0.874
      2:8      142      762      0.256  0.880/0.754/0.832  0.91       814      0.153  0.902/0.738/0.751  0.96   0.859/0.680/0.768   0.882
      2:9      142      758      0.259  0.792/0.745/0.765  0.91       757      0.127  0.429/0.800/0.777  0.99   0.194/0.668/0.670   0.864
      2:10     141     1006      0.390  0.396/0.677/0.664  0.98       984      0.114  0.689/0.695/0.726  1.00   0.531/0.642/0.674   0.926
      2:11     142      819      0.154  0.991/0.595/0.684  0.84       708      0.182  0.000/0.691/0.666  0.98   0.812/0.580/0.598   0.851
      2:12     142      890      0.215  0.913/0.672/0.742  0.95       829      0.147  0.548/0.614/0.602  1.00   0.556/0.605/0.749   0.822
      2:13     142      807      0.366  1.000/0.739/0.744  1.00       789      0.109  0.848/0.667/0.785  0.96   0.938/0.666/0.724   0.916
      2:14     142      931      0.204  0.810/0.707/0.779  0.87       879      0.085  0.941/0.759/0.781  1.00   0.833/0.757/0.787   0.918
      2:15     142      768      0.181  0.842/0.587/0.700  0.60       780      0.176  0.073/0.697/0.710  0.93   0.161/0.545/0.725   0.842
      3:0      124      760      0.295  0.807/0.700/0.805  0.99       798      0.099  0.940/0.721/0.799  1.00   0.884/0.700/0.751   0.907
      3:1      124      877      0.350  0.750/0.689/0.707  0.97       798      0.110  0.933/0.714/0.806  0.94   0.067/0.724/0.735   0.896
      3:2      124      790      0.230  0.809/0.809/0.790  1.00       681      0.096  0.519/0.770/0.808  1.00   0.590/0.710/0.782   0.916
      3:3      124      896      0.333  0.363/0.673/0.683  0.99       744      0.119  0.315/0.682/0.770  0.86   0.933/0.706/0.792   0.896
      3:4      124      821      0.235  0.530/0.459/0.723  0.35       700      0.145  0.438/0.597/0.761  0.60   0.967/0.554/0.627   0.897
      3:5      124      802      0.375  0.569/0.710/0.725  0.99       670      0.139  0.957/0.781/0.725  1.00   0.900/0.653/0.728   0.868
      3:6      124      820      0.317  0.744/0.631/0.710  0.93       785      0.147  0.929/0.719/0.696  1.00   0.911/0.674/0.693   0.853
      3:7      124      803      0.331  0.515/0.638/0.697  0.97       836      0.110  0.278/0.743/0.778  0.98   0.154/0.728/0.767   0.870
      4:0       44      798      0.315  0.852/0.701/0.711  1.00       329      0.135  0.342/0.836/0.733  0.95   0.275/0.635/0.727   0.818
      4:1       44      448      0.513  0.710/0.582/0.571  0.86       180      0.179  0.818/0.902/0.902  1.00   0.821/0.906/0.827   0.911
      4:2       44      800      0.541  0.975/0.576/0.702  0.70       246      0.226  0.816/0.731/0.734  1.00   0.631/0.515/0.644   0.748
      4:3       44      971      0.428  0.589/0.641/0.530  0.98       311      0.168  0.706/0.810/0.852  1.00   0.491/0.653/0.695   0.828

    sb_yd_yk:
      FILED rows                                              PROBE rows [Q3], the AUC scored against the WORLD [sotto]
      slot   reads  n(last) base(last)  auc f/med/last  >.5   n(last) base(last)  auc f/med/last  >.5   auc_world f/med/last  filed==world
      2:0      141      995      0.262  0.000/0.730/0.630  0.99       901      0.146  0.667/0.743/0.686  0.96   0.625/0.567/0.600   0.907
      2:1      142      908      0.227  0.250/0.709/0.781  0.99       950      0.124  0.520/0.679/0.729  0.97   0.276/0.773/0.779   0.935
      2:2      141      681      0.301  0.000/0.700/0.757  0.99       752      0.124  0.217/0.642/0.710  0.94   0.683/0.715/0.783   0.932
      2:3      142      939      0.183  0.950/0.633/0.541  0.94       868      0.173  0.830/0.694/0.657  1.00   0.606/0.613/0.693   0.864
      2:4      142      654      0.225  0.923/0.741/0.750  0.99       602      0.157  0.222/0.618/0.655  0.84   0.150/0.702/0.798   0.904
      2:5      142      941      0.272  0.062/0.695/0.761  0.96       893      0.209  0.634/0.695/0.767  1.00   0.547/0.653/0.766   0.859
      2:6      142      733      0.263  0.108/0.771/0.722  0.98       646      0.143  0.378/0.595/0.655  0.93   0.267/0.668/0.620   0.913
      2:7      142      922      0.319  0.987/0.640/0.573  0.97       919      0.141  0.800/0.635/0.699  0.93   0.764/0.663/0.690   0.880
      2:8      142      772      0.276  0.880/0.745/0.777  0.76       707      0.141  0.640/0.693/0.708  0.96   0.127/0.655/0.742   0.921
      2:9      142      833      0.221  0.795/0.582/0.581  0.60       791      0.145  0.333/0.639/0.618  0.92   0.274/0.503/0.643   0.913
      2:10     141      746      0.342  0.500/0.637/0.631  0.92       768      0.154  0.483/0.577/0.600  0.95   0.449/0.739/0.733   0.897
      2:11     142      739      0.176  0.991/0.557/0.761  0.68       763      0.183  0.270/0.598/0.601  0.86   0.824/0.670/0.748   0.870
      2:12     142      876      0.374  0.913/0.640/0.688  0.85       839      0.209  0.556/0.544/0.629  0.81   0.838/0.525/0.678   0.731
      2:13     142     1011      0.482  1.000/0.748/0.766  1.00       957      0.173  0.713/0.616/0.684  0.98   1.000/0.680/0.704   0.896
      2:14     142      833      0.345  0.810/0.744/0.756  0.89       780      0.153  0.481/0.618/0.714  0.85   0.100/0.574/0.736   0.914
      2:15     142      853      0.291  0.842/0.704/0.782  0.75       761      0.226  0.917/0.670/0.754  0.95   0.789/0.694/0.732   0.873
      3:0      124      827      0.296  0.822/0.713/0.779  1.00       759      0.136  0.812/0.689/0.752  1.00   0.833/0.614/0.660   0.889
      3:1      124      929      0.375  0.241/0.642/0.751  0.96       913      0.145  0.759/0.689/0.692  1.00   0.474/0.692/0.672   0.904
      3:2      124      742      0.245  0.997/0.741/0.735  1.00       749      0.178  0.789/0.600/0.682  0.98   0.745/0.629/0.744   0.895
      3:3      124     1024      0.491  0.386/0.749/0.684  0.98       837      0.170  0.152/0.598/0.652  0.93   0.585/0.704/0.672   0.874
      3:4      124      846      0.385  0.948/0.846/0.856  1.00       916      0.141  0.200/0.619/0.716  0.77   0.604/0.572/0.698   0.897
      3:5      124      792      0.297  0.953/0.772/0.785  0.99       780      0.183  0.568/0.682/0.746  0.87   0.174/0.625/0.600   0.872
      3:6      124      780      0.436  0.457/0.612/0.639  0.88       676      0.196  0.286/0.639/0.654  0.88   0.480/0.546/0.537   0.851
      3:7      124      966      0.460  0.856/0.667/0.465  0.89       836      0.152  0.857/0.555/0.669  0.65   1.000/0.622/0.549   0.878
      4:0       44      727      0.406  0.330/0.625/0.686  0.77       225      0.234  0.176/0.724/0.735  0.97   0.929/0.700/0.681   0.755
      4:1       44      529      0.486  0.738/0.807/0.790  1.00       229      0.281  0.521/0.660/0.765  0.93   0.475/0.550/0.626   0.754
      4:2       44      737      0.574  1.000/0.733/0.617  1.00       232      0.159  0.800/0.696/0.702  1.00   0.647/0.552/0.621   0.829
      4:3       44      934      0.481  0.788/0.586/0.582  0.98       277      0.191  0.844/0.841/0.764  1.00   0.440/0.650/0.707   0.861

====================================================================================================
[K] EPSILON — its OWN counters, and the frontier it is confined to
====================================================================================================
    `n_eps` counts calls where epsilon FIRED; `eps_shift` those where the uniform class
    draw actually changed the write (it is below `n_eps` because a uniform draw can land
    on the class the argmax would have written). These are separate from `shift`, which
    also counts the CRITIC re-deciding — on a governed arm the two are not separable
    from `shift` alone. Q1 §19 is why the frontier confinement exists at all.

    sb_so_yk: epsilon never fired (argmax arm).

    sb_sv_yk: epsilon never fired (argmax arm).

    sb_yd_yk: epsilon never fired (argmax arm).

====================================================================================================
[L] GOVERNANCE — which slots the critic earned, when, and how often it moved the write
====================================================================================================
    A slot is governed once it holds `vo_critic_min` filed rows. `shift - eps_shift`
    is the part of the re-decision the CRITIC is responsible for.

    sb_so_yk:  28 slots governed
      slot   first  last   calls     critic-moved share
      2:0   c60    c201    219565               0.465
      2:1   c60    c201    203055               0.596
      2:2   c60    c201    232650               0.532
      2:3   c60    c201    203683               0.671
      2:4   c60    c201    257739               0.612
      2:5   c60    c201    295712               0.565
      2:6   c60    c201    262018               0.460
      2:7   c60    c201    239412               0.475
      2:8   c60    c201    220563               0.669
      2:9   c60    c201    147730               0.634
      2:10  c60    c201    137385               0.748
      2:11  c60    c201     83302               0.628
      2:12  c60    c201    882682               0.631
      2:13  c60    c201    317341               0.439
      2:14  c60    c201    174924               0.558
      2:15  c60    c201    307264               0.506
      3:0   c78    c201    192974               0.676
      3:1   c78    c201    307340               0.786
      3:2   c78    c201    196128               0.896
      3:3   c78    c201    402535               0.758
      3:4   c78    c201    285289               0.625
      3:5   c78    c201    379639               0.810
      3:6   c78    c201   1094740               0.451
      3:7   c78    c201    234046               0.804
      4:0   c158   c201     76810               0.950
      4:1   c158   c201     60951               0.934
      4:2   c158   c201     64425               0.745
      4:3   c158   c201     84103               0.664

    sb_sv_yk:  28 slots governed
      slot   first  last   calls     critic-moved share
      2:0   c60    c201     84139               0.477
      2:1   c60    c201     56783               0.596
      2:2   c60    c201     54611               0.484
      2:3   c60    c201     72762               0.498
      2:4   c61    c201     37865               0.454
      2:5   c60    c201    150297               0.356
      2:6   c60    c201     64489               0.434
      2:7   c60    c201    126883               0.647
      2:8   c60    c201     66556               0.562
      2:9   c60    c201     96024               0.400
      2:10  c60    c201    133042               0.420
      2:11  c60    c201     46030               0.649
      2:12  c60    c201    588301               0.393
      2:13  c60    c201    335197               0.293
      2:14  c60    c201     80592               0.471
      2:15  c60    c201     89593               0.482
      3:0   c78    c201    136175               0.483
      3:1   c78    c201     68279               0.733
      3:2   c78    c201     60770               0.699
      3:3   c78    c201    399346               0.276
      3:4   c78    c201    145189               0.541
      3:5   c78    c201    182204               0.500
      3:6   c78    c201   1395947               0.300
      3:7   c78    c201    523104               0.195
      4:0   c158   c201    129556               0.968
      4:1   c158   c201     97358               0.273
      4:2   c158   c201    172581               0.633
      4:3   c158   c201    306578               0.096

    sb_yd_yk:  28 slots governed
      slot   first  last   calls     critic-moved share
      2:0   c60    c201    167072               0.441
      2:1   c60    c201    127442               0.465
      2:2   c60    c201     66015               0.509
      2:3   c60    c201     64964               0.533
      2:4   c61    c201     31715               0.415
      2:5   c60    c201    109937               0.508
      2:6   c60    c201     60026               0.485
      2:7   c60    c201     99178               0.602
      2:8   c60    c201     43435               0.604
      2:9   c60    c201     98619               0.432
      2:10  c60    c201    147181               0.504
      2:11  c60    c201     47083               0.683
      2:12  c60    c201    545572               0.294
      2:13  c60    c201    331572               0.439
      2:14  c60    c201     74570               0.504
      2:15  c60    c201    140439               0.349
      3:0   c78    c201    214358               0.555
      3:1   c78    c201    129895               0.774
      3:2   c78    c201     84199               0.693
      3:3   c78    c201    520005               0.453
      3:4   c78    c201    157512               0.349
      3:5   c78    c201    138111               0.846
      3:6   c78    c201   1444477               0.343
      3:7   c78    c201    596515               0.360
      4:0   c158   c201    142149               0.014
      4:1   c158   c201    125964               0.314
      4:2   c158   c201    207754               0.231
      4:3   c158   c201    317734               0.011

====================================================================================================
[M] THE CORRIDOR UNDER A MOVED WRITE — misfire with the treatment's own draws removed
====================================================================================================
    `n_misfire` counts FIRED rows (the head executed) whose span did not match
    `dp_features` exactly. Where the treatment RE-DECIDED the write, a mismatch with the
    DP's row IS the treatment and not a defect — so the raw rate is not the corridor's
    health on a treated arm.

    [Q3] THE SPLIT Q2 COULD NOT MAKE. `n_sampled` / `n_xp_shift` count every
    re-decided call, OPEN and CLOSED alike, and `n_fired` counts only calls the head
    executed — so on an arm whose corridor is mostly shut, Q2's `shift - misfire` was
    a subtraction across two different denominators and `excess` had to be withheld
    wherever `shift > n_misfire`. The recorder now tallies the shift BY PATH
    (`n_shift_fired` / `n_shift_closed`), so `excess` below is
        (n_misfire - shift_FIRED) / n_fired
    on the same denominator throughout. It is the misfire the moved write does NOT
    explain. A negative value means the head matched the DP on rows the treatment had
    moved — possible, and printed rather than clipped. Q2's undecomposable form is kept
    in the last two columns so a Q2 tag reduces to the same numbers it did.

    arm                    open max/last  n_fired    misfire   shift_fire  shift_clos   excess    [Q2 form]
    sb_so_yk                   28 /   26    6534909    0.6559     3822901      819097    0.0709   shift/sampled 0.6137 excess n/a
    sb_sv_yk                   28 /   27    4866648    0.3723     1478946      661238    0.0684   shift/sampled 0.3755 excess n/a
    sb_yd_yk                   28 /   28    5362478    0.4187     1825394      589142    0.0783   shift/sampled 0.3873 excess n/a

    n_open per 10 cycles:
      sb_so_yk                 0   0   0   0   0   0   0  16  20  23  23  23  23  24  24  24  24  26  25  26  26
      sb_sv_yk                 0   0   0   0   0   0   0  16  16  23  23  23  24  24  24  24  24  27  28  28  27
      sb_yd_yk                 0   0   0   0   0   0   0  16  16  23  21  24  24  24  24  23  26  28  28  28  28

====================================================================================================
[N] THE COMPOSED CHOICE — how often the critic moved the write off the DP's row
====================================================================================================
    On a governed slot the composed chooser is  argmax_t  z(dp_t / span) + w * z(critic_t)
    over the on-table candidates, each z-scored over the candidate SET. `moved` is the
    share of governed calls where that argmax is not the DP's own argmax — MEASURED at
    the choice, never inferred from the write.

    `dp_vs_head` is printed beside it and is a DIFFERENT quantity: on an OPEN slot the
    executor's own would-be write is the head's emission, not the DP's row, so the two
    priors already disagree before the critic is consulted. Reading `moved` without it
    would attribute that standing disagreement to the critic. It is 0 on a closed slot
    by construction (there the DP IS the writer).

    A `moved` share near 0 says the critic is decorative at this w; near 1 says the DP
    is. Neither is a defect and neither is read as one here.

    sb_so_yk:  mode=composed  w=1.0
      cell    governed calls      moved   share    dp_vs_head share
      2n0             219565     108758   0.495              0.101
      2n1             203055     126492   0.623              0.082
      2n2             232650     127964   0.550              0.113
      2n3             203683     149973   0.736              0.181
      2n4             257739     165735   0.643              0.108
      2n5             295712     184312   0.623              0.136
      2n6             262018     129853   0.496              0.095
      2n7             239412     118401   0.495              0.105
      2n8             220563     161246   0.731              0.148
      2n9             147730      97748   0.662              0.082
      2n10            137385     111218   0.810              0.140
      2n11             83302      55275   0.664              0.109
      2n12            882682     634137   0.718              0.208
      2n13            317341     154464   0.487              0.145
      2n14            174924     109879   0.628              0.180
      2n15            307264     172484   0.561              0.147
      3n0             192974     143212   0.742              0.238
      3n1             307340     247541   0.805              0.249
      3n2             196128     178905   0.912              0.172
      3n3             402535     327504   0.814              0.239
      3n4             285289     190788   0.669              0.231
      3n5             379639     320352   0.844              0.195
      3n6            1094740     595681   0.544              0.247
      3n7             234046     197901   0.846              0.277
      4n0              76810      73939   0.963              0.051
      4n1              60951      58390   0.958              0.047
      4n2              64425      47871   0.743              0.070
      4n3              84103      60731   0.722              0.150
      ALL            7564005    5050754   0.668

    sb_sv_yk:  mode=composed  w=1.0
      cell    governed calls      moved   share    dp_vs_head share
      2n0              84139      43164   0.513              0.130
      2n1              56783      35586   0.627              0.102
      2n2              54611      29493   0.540              0.127
      2n3              72762      40885   0.562              0.167
      2n4              37865      20810   0.550              0.208
      2n5             150297      59802   0.398              0.117
      2n6              64489      31603   0.490              0.090
      2n7             126883      90974   0.717              0.134
      2n8              66556      41312   0.621              0.140
      2n9              96024      43341   0.451              0.107
      2n10            133042      61966   0.466              0.110
      2n11             46030      31360   0.681              0.115
      2n12            588301     263643   0.448              0.159
      2n13            335197     128551   0.384              0.169
      2n14             80592      41110   0.510              0.116
      2n15             89593      45067   0.503              0.104
      3n0             136175      75464   0.554              0.125
      3n1              68279      51605   0.756              0.121
      3n2              60770      44723   0.736              0.098
      3n3             399346     154590   0.387              0.188
      3n4             145189      92529   0.637              0.157
      3n5             182204     107514   0.590              0.175
      3n6            1395947     471803   0.338              0.167
      3n7             523104     144887   0.277              0.165
      4n0             129556     127883   0.987              0.096
      4n1              97358      26612   0.273              0.000
      4n2             172581     113669   0.659              0.163
      4n3             306578      31541   0.103              0.017
      ALL            5700251    2451487   0.430

    sb_yd_yk:  mode=composed  w=1.0
      cell    governed calls      moved   share    dp_vs_head share
      2n0             167072      84030   0.503              0.128
      2n1             127442      61921   0.486              0.091
      2n2              66015      35230   0.534              0.091
      2n3              64964      36879   0.568              0.121
      2n4              31715      15582   0.491              0.184
      2n5             109937      56587   0.515              0.111
      2n6              60026      31725   0.529              0.091
      2n7              99178      64189   0.647              0.140
      2n8              43435      26812   0.617              0.081
      2n9              98619      44353   0.450              0.107
      2n10            147181      80089   0.544              0.121
      2n11             47083      32591   0.692              0.113
      2n12            545572     167849   0.308              0.103
      2n13            331572     182125   0.549              0.185
      2n14             74570      39884   0.535              0.125
      2n15            140439      51078   0.364              0.076
      3n0             214358     139783   0.652              0.193
      3n1             129895     109971   0.847              0.247
      3n2              84199      60788   0.722              0.117
      3n3             520005     273680   0.526              0.157
      3n4             157512      61471   0.390              0.100
      3n5             138111     123134   0.892              0.204
      3n6            1444477     688570   0.477              0.218
      3n7             596515     242539   0.407              0.113
      4n0             142149       4089   0.029              0.017
      4n1             125964      39504   0.314              0.001
      4n2             207754      57071   0.275              0.120
      4n3             317734       7140   0.022              0.012
      ALL            6233493    2818664   0.452

====================================================================================================
[O] BABBLING OFF-STREAM — the probe's counts, what it graded, and its share of the bill
====================================================================================================
    Per governed slot per cycle, up to `vo_probe_n` filed contexts: the trajectory's
    FINAL configuration with a DIFFERENT on-table class substituted at that slot,
    rendered and graded once. The verdict answers 'would this write ALONE have been
    right, holding the rest of the trajectory fixed' — not 'would the beam have
    solved it'; the rest of the trajectory is the beam's own, unchanged. Said here
    because the probe's solve rate is only comparable to the FILED rate under that
    reading.

    PRICED: every probe grading is a grounding on the meter at `d_fb`, inside the
    cycle's own ledger. `share` below is of the WHOLE cycle's priced ledger, the
    probe's own cost included — the number the design's ~5% cap is stated against.
    Gate V-4B asserts the bill moved by exactly the probe count and gate V-5 that
    nothing else did.

    arm                    probes   graded    solved   solve rate    bill: mean / max    cycles billed
    sb_so_yk               206411        0      3434       0.0166    0.0000 / 0.0000          0 / 201
    sb_sv_yk               203913        0     11498       0.0564    0.0000 / 0.0000          0 / 201
    sb_yd_yk               204665        0     12300       0.0601    0.0000 / 0.0000          0 / 201

    the FILED solve rate on the same slots, for the comparison the reading above
    licenses (both are per-write verdicts; the filed one is on the write that was
    actually made, the probe one on a substitution into the same final state):
      sb_so_yk               filed   21057/436734  = 0.0482    probe    3434/206411  = 0.0166
      sb_sv_yk               filed  112535/425604  = 0.2644    probe   11498/203913  = 0.0564
      sb_yd_yk               filed  130114/445880  = 0.2918    probe   12300/204665  = 0.0601

    the bill per era, so a share that grows with the ladder is visible:

====================================================================================================
[P] THE MIRROR — the outcome model against the world
====================================================================================================
    The outcome model reads a RENDERED CONFIGURATION and its root — what the world's
    grader reads — and is trained by BCE against the world's verdict on the
    configurations the learner actually produced (the filed rows' `fin` and `y`,
    deduplicated by (configuration, root) within the cycle). It is a separate object:
    its own parameters, its own optimizer, its own numpy streams, never the plant's.

    TWO NUMBERS, and the gap between them is the whole question. On HELD-OUT
    EXPERIENCE the mirror is scored on rows drawn from the same distribution it was
    polished on. On PROBES it is scored on substitutions the learner never wrote — off
    its own support by construction — against the world's verdict, which every arm
    computes as an instrument and no arm consumes (gate M-1).

    [aliquot] the BANKED mirror arms are printed here too (marked *), so the
    projection's column and `so_mg_yk`'s sit in one table.

    arm                  mode        K   rows   held-out EXPERIENCE      on PROBES
                                                 acc     AUC    base     acc    base   n
    sb_so_yk             proj        1  30000   0.9556  0.8001  0.0396   0.9739  0.0166  206411
    sb_sv_yk             proj        1  30000   0.8066  0.8614  0.2808   0.8828  0.0564  203913
    sb_yd_yk             proj        1  30000   0.7822  0.7874  0.2798   0.8688  0.0601  204665
    so_s2:so_mg_yk       model       1  30000   0.9463  0.9864  0.2812   0.9258  0.0562  206493
    so_s2:so_cg_yk       committee   5  30000   0.9800  0.9979  0.2812   0.9381  0.0529  205654
    so_s2:so_hy_yk       hybrid      5  30000   0.8877  0.9590  0.2192   0.9427  0.0595  205892
    al_s2:al_pj_yk       proj        1  30000   0.7354  0.7282  0.2935   0.8313  0.0578  204015
    al_s2:al_rt_yk       proj        1  30000   0.7354  0.7403  0.2930   0.8580  0.0567  203800

    the mirror's own trajectory (held-out accuracy and AUC against the world, per
    cycle, thinned): a mirror that is still improving at the last cycle is a mirror
    whose blind region is a function of how much experience it has had, not of the
    architecture.
      sb_so_yk             c1:0.000  c26:0.000  c51:0.000  c76:0.883  c101:0.802  c126:0.795  c151:0.737  c176:0.784  c201:0.800
      sb_sv_yk             c1:0.000  c26:0.000  c51:0.000  c76:0.850  c101:0.851  c126:0.809  c151:0.806  c176:0.838  c201:0.861
      sb_yd_yk             c1:0.000  c26:0.000  c51:0.000  c76:0.906  c101:0.795  c126:0.765  c151:0.730  c176:0.749  c201:0.787
      so_s2:so_mg_yk       c1:0.000  c26:0.000  c51:0.000  c76:0.641  c101:0.705  c126:0.814  c151:0.887  c176:0.974  c201:0.986
      so_s2:so_cg_yk       c1:0.000  c26:0.000  c51:0.000  c76:0.609  c101:0.759  c126:0.783  c151:0.865  c176:0.985  c201:0.998
      so_s2:so_hy_yk       c1:0.000  c26:0.000  c51:0.000  c76:0.575  c101:0.584  c126:0.714  c151:0.653  c176:0.839  c201:0.959
      al_s2:al_pj_yk       c1:0.000  c26:0.000  c51:0.000  c76:0.831  c101:0.809  c126:0.752  c151:0.715  c176:0.728  c201:0.728
      al_s2:al_rt_yk       c1:0.000  c26:0.000  c51:0.000  c76:0.884  c101:0.768  c126:0.729  c151:0.685  c176:0.727  c201:0.740

    the committee's spread on held-out experience and the agreement threshold it set
    (the threshold is the q-th quantile of that spread, q = `vo_om_agree_q`):
      so_s2:so_cg_yk       spread(last) 0.05220   thr(last) 0.00048   experience rows 30000 (2972 held out)   world-graded rows admitted 0
      so_s2:so_hy_yk       spread(last) 0.11967   thr(last) 0.11251   experience rows 30000 (3057 held out)   world-graded rows admitted 86530

====================================================================================================
[Q] DISAGREEMENT AS A DETECTOR — does the committee's spread find the mirror's own error
====================================================================================================
    `committee_head` read disagreement at 0.716 as a reward-free reader of 'is this
    learnable', and `ballistic/directed` read it as finding where you LACK DATA rather
    than where data went stale. A counterfactual is by construction where you lack
    data, so the question here is whether the spread is sighted where the mean is not:
    the AUC of the spread as a detector of 'the committee's mean verdict disagrees with
    the world' on the probes themselves.

    Read off the capped per-probe instrument sample (`vo_probe_rows`), which is the
    only place the two are stored row by row. `n` is that sample's size, not the run's
    probe count — the denominator is part of the reading.

    arm                     n   err rate   AUC(spread -> wrong)   AUC(|p-0.5| -> right)
    sb_so_yk               4000    0.0280                 0.5000                 0.7580
    sb_sv_yk               4000    0.1220                 0.5000                 0.7961
    sb_yd_yk               4000    0.1278                 0.5000                 0.7630

    THE SAMPLE'S WINDOW MATTERS AND IS PRINTED. Before the reservoir fix the sample
    filled front-to-back and stopped, so on `so_s1` / `so_s2` every row comes from the
    first five cycles in which probes fired — a FIVE-CYCLE-OLD mirror, not the run's.
    Read the between-cycle panel below instead on those tags.
      sb_so_yk             sample cycles 60-200 (141 distinct of 201)
      sb_sv_yk             sample cycles 60-200 (141 distinct of 201)
      sb_yd_yk             sample cycles 60-200 (141 distinct of 201)

    BETWEEN CYCLES, over the WHOLE run, from the per-cycle mirror counters (every
    cycle, every probe, no sample): does a cycle in which the committee is more spread
    have a higher mirror error rate? A different question from the between-probe one —
    it asks whether the spread tracks the mirror's error as the mirror MATURES rather
    than which individual counterfactual it is wrong about — and it is the one this
    tag's logging can answer over its whole life.
      arm                cycles   rho(spread, err)   AUC(spread -> err>median)   err first/last
      sb_so_yk                141                nan                      0.5000   0.0029/0.0429
      sb_sv_yk                141                nan                      0.5000   0.0052/0.1488
      sb_yd_yk                141                nan                      0.5000   0.0052/0.1715

    the same, per cycle, for the mirror's own error trajectory (thinned) — so a
    detector AUC near 0.5 can be read against whether the error moved at all:
      sb_so_yk             c61:0.003  c78:0.050  c95:0.027  c112:0.025  c129:0.013  c146:0.018  c163:0.022  c180:0.025  c197:0.019
      sb_sv_yk             c61:0.005  c78:0.176  c95:0.124  c112:0.117  c129:0.084  c146:0.109  c163:0.123  c180:0.130  c197:0.130
      sb_yd_yk             c61:0.005  c78:0.151  c95:0.103  c112:0.097  c129:0.110  c146:0.150  c163:0.091  c180:0.125  c197:0.189

    the same, split by whether the substituted class is in the slot's frequently-
    written set (`sup`), because that is the axis the blind region is expected on:
      sb_so_yk             sup=1  n=   804  err 0.0398  AUC(spread->wrong) 0.5000
      sb_so_yk             sup=0  n=  3196  err 0.0250  AUC(spread->wrong) 0.5000
      sb_sv_yk             sup=1  n=   634  err 0.1735  AUC(spread->wrong) 0.5000
      sb_sv_yk             sup=0  n=  3366  err 0.1123  AUC(spread->wrong) 0.5000
      sb_yd_yk             sup=1  n=   725  err 0.1434  AUC(spread->wrong) 0.5000
      sb_yd_yk             sup=0  n=  3275  err 0.1243  AUC(spread->wrong) 0.5000

====================================================================================================
[R] THE BLIND REGION — where the mirror and the world disagree
====================================================================================================
    Per (level, in the slot's frequently-written set): the 2x2 of the mirror's verdict
    against the world's on the probes, the world's own solve rate there, the mirror's
    mean probability and the committee's mean spread, and what the agreement rule did
    (`agree` = the committee concurred; `filed` = the row reached the critic's buffer).

    A mirror trained on the learner's own experience is the same grader in a mirror
    (`ideas/heterogeneous_graders.md` §8). This table is how far it extends before it
    goes blind, LOCATED rather than summarised.

    sb_so_yk:
      cell     n     world   mirror   acc     TP    FP    FN    TN    p̄      spread   agree   filed
      L2s0    111664  0.0120  0.0152  0.9755    149  1547  1193 108775  0.0360  0.00000  1.0000  1.0000
      L2s1     25288  0.0193  0.0127  0.9720     50   271   438 24529  0.0383  0.00000  1.0000  1.0000
      L3s0     45686  0.0165  0.0046  0.9800     25   186   728 44747  0.0230  0.00000  1.0000  1.0000
      L3s1     15246  0.0194  0.0055  0.9773     17    67   279 14883  0.0274  0.00000  1.0000  1.0000
      L4s0      7002  0.0654  0.0271  0.9195     42   148   416  6396  0.0682  0.00000  1.0000  1.0000
      L4s1      1525  0.0636  0.0190  0.9266      7    22    90  1406  0.0601  0.00000  1.0000  1.0000
      ALL     206411  0.0166  0.0123  0.9739    290  2241  3144 200736                    1.0000  1.0000

    sb_sv_yk:
      cell     n     world   mirror   acc     TP    FP    FN    TN    p̄      spread   agree   filed
      L2s0    107340  0.0462  0.0838  0.8931   1242  7750  3720 94628  0.1159  0.00000  1.0000  1.0000
      L2s1     25240  0.0565  0.1419  0.8313    376  3206  1051 20607  0.1792  0.00000  1.0000  1.0000
      L3s0     52884  0.0595  0.0681  0.8997    723  2880  2422 46859  0.1110  0.00000  1.0000  1.0000
      L3s1      7757  0.0668  0.0936  0.8701    118   608   400  6631  0.1510  0.00000  1.0000  1.0000
      L4s0     10075  0.1288  0.0993  0.8356    321   679   977  8098  0.1661  0.00000  1.0000  1.0000
      L4s1       617  0.2399  0.2058  0.6742     37    90   111   379  0.2615  0.00000  1.0000  1.0000
      ALL     203913  0.0564  0.0884  0.8828   2817 15213  8681 177202                    1.0000  1.0000

    sb_yd_yk:
      cell     n     world   mirror   acc     TP    FP    FN    TN    p̄      spread   agree   filed
      L2s0    105851  0.0470  0.1058  0.8732   1379  9823  3598 91051  0.1594  0.00000  1.0000  1.0000
      L2s1     26930  0.0611  0.1181  0.8537    443  2738  1203 22546  0.1771  0.00000  1.0000  1.0000
      L3s0     49941  0.0609  0.0808  0.8820    591  3444  2450 43456  0.1527  0.00000  1.0000  1.0000
      L3s1     11166  0.0617  0.1079  0.8671    205  1000   484  9477  0.1784  0.00000  1.0000  1.0000
      L4s0     10276  0.1782  0.1257  0.8053    561   731  1270  7714  0.2220  0.00000  1.0000  1.0000
      L4s1       501  0.2315  0.1657  0.7784     44    39    72   346  0.2742  0.00000  1.0000  1.0000
      ALL     204665  0.0601  0.1026  0.8688   3223 17775  9077 174590                    1.0000  1.0000

    so_s2:so_mg_yk:
      cell     n     world   mirror   acc     TP    FP    FN    TN    p̄      spread   agree   filed
      L2s0    110689  0.0432  0.0574  0.9352   1981  4370  2804 101534  0.1389  0.00000  1.0000  1.0000
      L2s1     23364  0.0591  0.0797  0.9157    636  1225   745 20758  0.1821  0.00000  1.0000  1.0000
      L3s0     53802  0.0610  0.0652  0.9301   1514  1995  1766 48527  0.1308  0.00000  1.0000  1.0000
      L3s1      7914  0.0603  0.0637  0.9225    184   320   293  7117  0.1688  0.00000  1.0000  1.0000
      L4s0      9181  0.1393  0.2609  0.8364   1086  1309   193  6593  0.2544  0.00000  1.0000  1.0000
      L4s1      1543  0.2605  0.4025  0.8036    360   261    42   880  0.3888  0.00000  1.0000  1.0000
      ALL     206493  0.0562  0.0738  0.9258   5761  9480  5843 185409                    1.0000  1.0000

    so_s2:so_cg_yk:
      cell     n     world   mirror   acc     TP    FP    FN    TN    p̄      spread   agree   filed
      L2s0    108478  0.0492  0.0468  0.9400   1954  3118  3388 100018  0.1664  0.05472  0.5437  0.5437
      L2s1     24660  0.0589  0.0558  0.9241    478   897   974 22311  0.1980  0.06193  0.4826  0.4826
      L3s0     52188  0.0424  0.0382  0.9555    943  1050  1270 48925  0.1394  0.05082  0.6074  0.6074
      L3s1      9718  0.0609  0.0354  0.9350    152   192   440  8934  0.1958  0.06101  0.4868  0.4868
      L4s0     10470  0.1209  0.2186  0.8692   1093  1196   173  8008  0.2385  0.09444  0.4508  0.4508
      L4s1       140  0.1571  0.2786  0.7929     16    23     6    95  0.3130  0.12033  0.3857  0.3857
      ALL     205654  0.0529  0.0540  0.9381   4636  6476  6251 188291                    0.5450  0.5450

    so_s2:so_hy_yk:
      cell     n     world   mirror   acc     TP    FP    FN    TN    p̄      spread   agree   filed
      L2s0    116599  0.0522  0.0062  0.9486    409   312  5680 110198  0.1038  0.03017  0.5775  1.0000
      L2s1     16297  0.0458  0.0047  0.9548     44    33   703 15517  0.1179  0.03074  0.5401  1.0000
      L3s0     55236  0.0627  0.0080  0.9406    314   129  3152 51641  0.0975  0.03121  0.6070  1.0000
      L3s1      6929  0.0579  0.0053  0.9411     15    22   386  6506  0.1193  0.03429  0.5363  1.0000
      L4s0     10698  0.1422  0.0546  0.8735    376   208  1145  8969  0.1695  0.07266  0.5530  1.0000
      L4s1       133  0.1654  0.0902  0.8195      5     7    17   104  0.2324  0.09092  0.4436  1.0000
      ALL     205892  0.0595  0.0091  0.9427   1163   711 11083 192935                    0.5797  1.0000

    al_s2:al_pj_yk:
      cell     n     world   mirror   acc     TP    FP    FN    TN    p̄      spread   agree   filed
      L2s0    107232  0.0499  0.1457  0.8314   1448 14173  3908 87703  0.1922  0.00000  1.0000  1.0000
      L2s1     24249  0.0626  0.1567  0.8195    470  3331  1047 19401  0.2108  0.00000  1.0000  1.0000
      L3s0     51759  0.0533  0.1185  0.8515    602  5529  2155 43473  0.1849  0.00000  1.0000  1.0000
      L3s1     10140  0.0599  0.1426  0.8232    130  1316   477  8217  0.2099  0.00000  1.0000  1.0000
      L4s0     10153  0.1429  0.1776  0.7693    456  1347   995  7355  0.2558  0.00000  1.0000  1.0000
      L4s1       482  0.2158  0.2012  0.6992     28    69    76   309  0.2806  0.00000  1.0000  1.0000
      ALL     204015  0.0578  0.1417  0.8313   3134 25765  8658 166458                    1.0000  1.0000

    al_s2:al_rt_yk:
      cell     n     world   mirror   acc     TP    FP    FN    TN    p̄      spread   agree   filed
      L2s0    109055  0.0475  0.1187  0.8570   1267 11682  3910 92196  0.1987  0.00000  1.0000  1.0000
      L2s1     22093  0.0607  0.1275  0.8397    307  2509  1033 18244  0.2163  0.00000  1.0000  1.0000
      L3s0     54625  0.0533  0.0784  0.8859    483  3800  2430 47912  0.1888  0.00000  1.0000  1.0000
      L3s1      7134  0.0463  0.0984  0.8766     76   626   254  6178  0.2067  0.00000  1.0000  1.0000
      L4s0     10464  0.1564  0.2209  0.7550    692  1619   945  7208  0.3048  0.00000  1.0000  1.0000
      L4s1       429  0.3869  0.2471  0.7110     74    32    92   231  0.3206  0.00000  1.0000  1.0000
      ALL     203800  0.0567  0.1137  0.8580   2899 20268  8664 171969                    1.0000  1.0000

====================================================================================================
[T] THE MIRROR'S GATE TABLE — M-1r / M-2r / M-3r / M-4r, re-asserted post hoc
====================================================================================================
    The same assertions the preflight ran, re-run here on the paid tag's own arm files.
    A RAISE below is a failure of the round, not of the reduction.

    [PASS] sb_so_yk             {"arm": "sb_so_yk", "mode": "proj", "n_probe": 206411, "n_filed": 206411, "n_agree": 206411, "n_world": 0, "bill_ground": 0, "mirror_rows": 206411, "om_push_world": 0, "om_src_world": 0, "om_world_cum": 0, "om_push_exp": 53078, "om_push_cum": 53078, "om_append_world": 0, "om_append_exp": 53078, "om_rows": 30000, "om_cap": 30000, "pbuf_rows": 199866, "bill_line_sum": 0, "om_window_world_expected": 0}
    [PASS] sb_sv_yk             {"arm": "sb_sv_yk", "mode": "proj", "n_probe": 203913, "n_filed": 203913, "n_agree": 203913, "n_world": 0, "bill_ground": 0, "mirror_rows": 203913, "om_push_world": 0, "om_src_world": 0, "om_world_cum": 0, "om_push_exp": 44193, "om_push_cum": 44193, "om_append_world": 0, "om_append_exp": 44193, "om_rows": 30000, "om_cap": 30000, "pbuf_rows": 200767, "bill_line_sum": 0, "om_window_world_expected": 0}
    [PASS] sb_yd_yk             {"arm": "sb_yd_yk", "mode": "proj", "n_probe": 204665, "n_filed": 204665, "n_agree": 204665, "n_world": 0, "bill_ground": 0, "mirror_rows": 204665, "om_push_world": 0, "om_src_world": 0, "om_world_cum": 0, "om_push_exp": 42996, "om_push_cum": 42996, "om_append_world": 0, "om_append_exp": 42996, "om_rows": 30000, "om_cap": 30000, "pbuf_rows": 201092, "bill_line_sum": 0, "om_window_world_expected": 0}
    [PASS] so_s2:so_mg_yk       {"arm": "so_s2:so_mg_yk", "mode": "model", "n_probe": 206493, "n_filed": 206493, "n_agree": 206493, "n_world": 0, "bill_ground": 0, "mirror_rows": 206493, "om_push_world": 0, "om_src_world": 0, "om_world_cum": 0, "om_push_exp": 43396, "om_push_cum": 43396, "om_append_world": 0, "om_append_exp": 43396, "om_rows": 30000, "om_cap": 30000, "pbuf_rows": 202102, "bill_line_sum": 0, "om_window_world_expected": 0}
    [PASS] so_s2:so_cg_yk       {"arm": "so_s2:so_cg_yk", "mode": "committee", "n_probe": 205654, "n_filed": 112084, "n_agree": 112084, "n_world": 0, "bill_ground": 0, "mirror_rows": 205654, "om_push_world": 0, "om_src_world": 0, "om_world_cum": 0, "om_push_exp": 43237, "om_push_cum": 43237, "om_append_world": 0, "om_append_exp": 43237, "om_rows": 30000, "om_cap": 30000, "pbuf_rows": 112084, "bill_line_sum": 0, "om_window_world_expected": 0}
    [PASS] so_s2:so_hy_yk       {"arm": "so_s2:so_hy_yk", "mode": "hybrid", "n_probe": 205892, "n_filed": 205892, "n_agree": 119362, "n_world": 86530, "bill_ground": 86530, "mirror_rows": 205892, "om_push_world": 86530, "om_src_world": 20905, "om_world_cum": 86530, "om_push_exp": 41543, "om_push_cum": 41543, "om_append_world": 86530, "om_append_exp": 41543, "om_rows": 30000, "om_cap": 30000, "pbuf_rows": 202336, "bill_line_sum": 86530, "om_window_world_expected": 20269}
    [PASS] al_s2:al_pj_yk       {"arm": "al_s2:al_pj_yk", "mode": "proj", "n_probe": 204015, "n_filed": 204015, "n_agree": 204015, "n_world": 0, "bill_ground": 0, "mirror_rows": 204015, "om_push_world": 0, "om_src_world": 0, "om_world_cum": 0, "om_push_exp": 43261, "om_push_cum": 43261, "om_append_world": 0, "om_append_exp": 43261, "om_rows": 30000, "om_cap": 30000, "pbuf_rows": 200865, "bill_line_sum": 0, "om_window_world_expected": 0}
    [PASS] al_s2:al_rt_yk       {"arm": "al_s2:al_rt_yk", "mode": "proj", "n_probe": 203800, "n_filed": 203800, "n_agree": 203800, "n_world": 0, "bill_ground": 0, "mirror_rows": 203800, "om_push_world": 0, "om_src_world": 0, "om_world_cum": 0, "om_push_exp": 42184, "om_push_cum": 42184, "om_append_world": 0, "om_append_exp": 42184, "om_rows": 30000, "om_cap": 30000, "pbuf_rows": 201026, "bill_line_sum": 0, "om_window_world_expected": 0}

    [aliquot] P-2r / P-3r / P-4r on every PROJECTION arm: the trunk's fingerprint over
    the run (it MOVES on a `live` arm and is CONSTANT on the `rand` twin), the refit
    count, the ridge, and the held-out instrument.
    [PASS] sb_so_yk             {"arm": "sb_so_yk", "mode": "proj", "which": "live", "n_refit": 141, "refit_skipped": 0, "lam_last": 32.0, "lams": [1.0, 32.0, 1024.0], "nfeat": 1737, "tdim": 96, "sig0": 19961.40316449365, "n_cycles_logged": 201, "n_sig": 141, "sig_min": 19966.229399561114, "sig_max": 20229.766086319418, "n_hold_auc": 141, "hold_auc_first": 0.7631578947368421, "hold_auc_last": 0.8001217621620943, "n_degenerate": 0, "hold_base_last": 0.03955078125, "hold_base_max": 0.07407407462596893, "auc_undefined": false, "fit_base_max": 0.07394766807556152, "n_fit_base": 141, "n_noslot": 0, "n_spanclamp": 0}
    [PASS] sb_sv_yk             {"arm": "sb_sv_yk", "mode": "proj", "which": "live", "n_refit": 141, "refit_skipped": 0, "lam_last": 32.0, "lams": [1.0, 32.0, 1024.0], "nfeat": 1737, "tdim": 96, "sig0": 19961.40316449365, "n_cycles_logged": 201, "n_sig": 141, "sig_min": 20018.156634936695, "sig_max": 20254.029162373958, "n_hold_auc": 141, "hold_auc_first": 1.0, "hold_auc_last": 0.8613902417426724, "n_degenerate": 0, "hold_base_last": 0.28076171875, "hold_base_max": 0.28076171875, "auc_undefined": false, "fit_base_max": 0.2452392578125, "n_fit_base": 141, "n_noslot": 0, "n_spanclamp": 0}
    [PASS] sb_yd_yk             {"arm": "sb_yd_yk", "mode": "proj", "which": "live", "n_refit": 141, "refit_skipped": 0, "lam_last": 32.0, "lams": [1.0, 32.0, 1024.0], "nfeat": 1737, "tdim": 96, "sig0": 19961.40316449365, "n_cycles_logged": 201, "n_sig": 141, "sig_min": 20018.174215536113, "sig_max": 20243.590847258693, "n_hold_auc": 141, "hold_auc_first": 0.9534883720930233, "hold_auc_last": 0.7874310054130801, "n_degenerate": 0, "hold_base_last": 0.27978515625, "hold_base_max": 0.27978515625, "auc_undefined": false, "fit_base_max": 0.25830078125, "n_fit_base": 141, "n_noslot": 0, "n_spanclamp": 0}
    [PASS] al_s2:al_pj_yk       {"arm": "al_s2:al_pj_yk", "mode": "proj", "which": "live", "n_refit": 141, "refit_skipped": 0, "lam_last": 32.0, "lams": [1.0, 32.0, 1024.0], "nfeat": 1737, "tdim": 96, "sig0": 19961.40316449365, "n_cycles_logged": 201, "n_sig": 141, "sig_min": 20017.823258707416, "sig_max": 20198.343909584073, "n_hold_auc": 141, "hold_auc_first": 0.9761904761904762, "hold_auc_last": 0.7282345595396753, "n_degenerate": 0, "hold_base_last": 0.29345703125, "hold_base_max": 0.29345703125, "auc_undefined": false, "fit_base_max": null, "n_fit_base": 0, "n_noslot": 0, "n_spanclamp": 0}
    [PASS] al_s2:al_rt_yk       {"arm": "al_s2:al_rt_yk", "mode": "proj", "which": "rand", "n_refit": 141, "refit_skipped": 0, "lam_last": 1.0, "lams": [1.0, 32.0, 1024.0], "nfeat": 1737, "tdim": 96, "sig0": 16198.119362383673, "n_cycles_logged": 201, "n_sig": 141, "sig_min": 16198.119362383673, "sig_max": 16198.119362383673, "n_hold_auc": 141, "hold_auc_first": 1.0, "hold_auc_last": 0.740337246777164, "n_degenerate": 0, "hold_base_last": 0.29296875, "hold_base_max": 0.29296875, "auc_undefined": false, "fit_base_max": null, "n_fit_base": 0, "n_noslot": 0, "n_spanclamp": 0}

    [soundboard] S-1r / S-2r / S-3r on every arm carrying the shaping series: the term
    fired, the plant MOVED, the target is the one the arm named, the yield currency is
    not constant, and the world-model diagnostics exist.
    [PASS] sb_so_yk             {"arm": "sb_so_yk", "shaping": true, "target": "solve", "infill": false, "n_cycles_logged": 201, "sig_first": 19961.40316449365, "sig_last": 20230.872373076294, "sig_min": 19961.40316449365, "sig_max": 20230.872373076294, "n_step": 2840, "n_skip": 1180, "n_rows": 726380, "bce_first": 0.551680862903595, "bce_last": 0.08173477649688721, "n_nograd": 1180, "n_wm": 201, "infill_ce_first": 1.166833145673885, "infill_ce_last": 2.8110770097998685, "parse_mask1_first": 0.6728673135080645, "parse_mask1_last": 0.3741179435483871, "dp_cycles": [1, 51, 101, 151, 201], "dp_last": {"2": {"acc": 0.314453125, "n": 2048, "nodes": 2}, "3": {"acc": 0.21533203125, "n": 4096, "nodes": 2}, "4": {"acc": 0.1859130859375, "n": 8192, "nodes": 2}, "5": {"acc": 0.201171875, "n": 16384, "nodes": 2}}}
    [PASS] sb_sv_yk             {"arm": "sb_sv_yk", "shaping": true, "target": "solve", "infill": true, "n_cycles_logged": 201, "sig_first": 19962.51416988884, "sig_last": 20255.00792891278, "sig_min": 19962.51416988884, "sig_max": 20255.00792891278, "n_step": 2840, "n_skip": 1180, "n_rows": 725920, "bce_first": 0.6155614852905273, "bce_last": 0.405590683221817, "n_nograd": 0, "n_wm": 201, "infill_ce_first": 1.1915817773619364, "infill_ce_last": 1.242958897768065, "parse_mask1_first": 0.6845230594758065, "parse_mask1_last": 0.5382749495967742, "dp_cycles": [1, 51, 101, 151, 201], "dp_last": {"2": {"acc": 0.41064453125, "n": 2048, "nodes": 2}, "3": {"acc": 0.318359375, "n": 4096, "nodes": 2}, "4": {"acc": 0.293212890625, "n": 8192, "nodes": 2}, "5": {"acc": 0.2908935546875, "n": 16384, "nodes": 2}}}
    [PASS] sb_yd_yk             {"arm": "sb_yd_yk", "shaping": true, "target": "yield", "infill": true, "n_cycles_logged": 201, "sig_first": 19962.51416988884, "sig_last": 20244.42856071001, "sig_min": 19962.51416988884, "sig_max": 20244.42856071001, "n_step": 2840, "n_skip": 1180, "n_rows": 725920, "bce_first": 0.6038594841957092, "bce_last": 0.2320268154144287, "n_nograd": 0, "n_label": 42996, "label_mean": 0.07299080146990418, "label_pos": 6892, "n_label_solved": 9466, "n_wm": 201, "infill_ce_first": 1.1915817773619364, "infill_ce_last": 1.2498905215152474, "parse_mask1_first": 0.6845230594758065, "parse_mask1_last": 0.5650201612903226, "dp_cycles": [1, 51, 101, 151, 201], "dp_last": {"2": {"acc": 0.4169921875, "n": 2048, "nodes": 2}, "3": {"acc": 0.31494140625, "n": 4096, "nodes": 2}, "4": {"acc": 0.2943115234375, "n": 8192, "nodes": 2}, "5": {"acc": 0.27667236328125, "n": 16384, "nodes": 2}}}

====================================================================================================
[PJ] THE PROJECTION — the readout, its refits, its drift, and the trunk under it
====================================================================================================
    The grader on a `proj` arm is a ridge-logistic readout of `SN.trunk`'s pooled
    hiddens over the substituted configuration, per ROOT (the root one-hot and its
    interaction with the pooled state are in the design, which is what makes it a
    linear readout per goal rather than one readout with a per-goal bias), fit on the
    same experience diet the mirror gets and on nothing else.

    THE TRUNK IS THE LIVE GENERATOR on `al_pj_yk`, so the features move under the
    readout and the buffered rows are re-read through the current trunk at every refit.
    `al_rt_yk` is the same readout over a NEVER-TRAINED trunk of the same architecture
    (`overtone`'s control two, in the loop): it is what says whether the trained
    representation carries the reading or the link function does.

    arm                  trunk  refits  skip   ridge   nfeat    held-out AUC on EXPERIENCE
                                                                 first    last   |drift| mean/max
    sb_so_yk             live      141     0    32.0    1737   0.7632  0.8001  0.0179 / 0.1077
    sb_sv_yk             live      141     0    32.0    1737   1.0000  0.8614  0.0102 / 0.2000
    sb_yd_yk             live      141     0    32.0    1737   0.9535  0.7874  0.0109 / 0.0903
    al_s2:al_pj_yk       live      141     0    32.0    1737   0.9762  0.7282  0.0098 / 0.0715
    al_s2:al_rt_yk       rand      141     0     1.0    1737   1.0000  0.7403  0.0092 / 0.1068

    THE SECONDARY VARIANTS, on the SAME held-out experience rows and at the same ridge,
    so 'was that choice load-bearing' is a number and not an argument:
      inter   the arm's own: root one-hot AND root x pooled state (a readout per goal)
      add     the root as an additive term only (one readout, a per-goal bias)
      mean    mean-pooling over ALL blocks only, dropping the written span's own pool
      nomask  the same readout over the UNMASKED configuration — the read `overtone`
              did offline, and out of the plant's masked-infill distribution
    arm                  inter     add     mean   nomask
    sb_so_yk             0.8001  0.7847  0.7978  0.7942
    sb_sv_yk             0.8614  0.8516  0.8338  0.8419
    sb_yd_yk             0.7874  0.7697  0.7737  0.7726
    al_s2:al_pj_yk       0.7282  0.6799  0.7090  0.7204
    al_s2:al_rt_yk       0.7403  0.7207  0.7297  0.6923

    THE TRUNK'S OWN FINGERPRINT (sum of |parameter|, logged at every refit). On a `live`
    arm it moves, which is the fact that makes the recompute necessary; on the `rand`
    twin it is constant to the bit, which is the fact that makes the twin a control.
      sb_so_yk             range 263.536687   c61:19966.229  c78:20022.503  c95:20058.852  c112:20094.473  c129:20128.389  c146:20158.529  c163:20181.562  c180:20202.810  c197:20224.149
      sb_sv_yk             range 235.872527   c61:20018.157  c78:20080.287  c95:20122.799  c112:20151.356  c129:20176.717  c146:20196.456  c163:20215.061  c180:20232.595  c197:20250.705
      sb_yd_yk             range 225.416632   c61:20018.174  c78:20073.009  c95:20097.763  c112:20123.077  c129:20150.685  c146:20174.172  c163:20194.786  c180:20216.583  c197:20238.773
      al_s2:al_pj_yk       range 180.520651   c61:20017.823  c78:20061.948  c95:20084.112  c112:20107.440  c129:20132.732  c146:20151.008  c163:20166.505  c180:20179.271  c197:20193.575
      al_s2:al_rt_yk       range 0.000000   c61:16198.119  c78:16198.119  c95:16198.119  c112:16198.119  c129:16198.119  c146:16198.119  c163:16198.119  c180:16198.119  c197:16198.119

    [soundboard] THE READOUT'S LEVEL, beside its ranking, on the bank's HELD-OUT filed
    rows. `duplex` found that most of what shaping buys on filed rows is CONTEXT rather
    than candidate — the pre-write read rose almost as much as the post-write one — which
    says shaping writes 'how solvable is this state' into the global pool. That is a
    statement about the LEVEL, so the level is measured: p̄ against the realised base
    rate, the Brier score, and a 10-bin calibration error. Ranking and calibration can
    move in opposite directions at this base rate and both are reported.
    arm                    p̄     base   Brier    ECE     AUC
    sb_so_yk             0.0426 0.0396 0.0375 0.0219 0.8001
    sb_sv_yk             0.2745 0.2808 0.1332 0.0394 0.8614
    sb_yd_yk             0.2884 0.2798 0.1573 0.0413 0.7874
    al_s2:al_pj_yk          -   0.2935    -      -   0.7282
    al_s2:al_rt_yk          -   0.2930    -      -   0.7403

    [soundboard] THE CROSS-CYCLE DUPLICATE SHARE — the channel `duplex` §2.6 named and
    could not size. The bank's hold key is a COIN FLIP against a per-cycle dedup, so the
    same (configuration, root) recurring in a later cycle is appended again with a fresh
    draw and can straddle the split, carrying the same verdict. The draw is KEPT as it is,
    for comparability with `aliquot`'s banked arms; what is new is that it has a number.
    arm                  held-out rows   also in training   of those, same verdict
    sb_so_yk                      3091          0 = 0.0000   nan
    sb_sv_yk                      3075          0 = 0.0000   nan
    sb_yd_yk                      3064          3 = 0.0010   1.0000

    THE RIDGE CHOSEN PER REFIT (the grid is `vo_pj_ridge`; `lam_fixed` marks a refit
    whose validation slice was too small to select on and took the middle of the grid):
      sb_so_yk             lam=1.0:32  lam=32.0:61  lam=1024.0:48   fixed-ridge refits 0   val rows (last) 2048   val AUC (last) 0.9120559805491313
      sb_sv_yk             lam=1.0:49  lam=32.0:81  lam=1024.0:11   fixed-ridge refits 0   val rows (last) 2048   val AUC (last) 0.8808275933839359
      sb_yd_yk             lam=1.0:100  lam=32.0:40  lam=1024.0:1   fixed-ridge refits 0   val rows (last) 2048   val AUC (last) 0.7998630490956072
      al_s2:al_pj_yk       lam=1.0:133  lam=32.0:7  lam=1024.0:1   fixed-ridge refits 0   val rows (last) 2048   val AUC (last) 0.7322764295212766
      al_s2:al_rt_yk       lam=1.0:139  lam=1024.0:2   fixed-ridge refits 0   val rows (last) 2048   val AUC (last) 0.746931215521147

====================================================================================================
[SB] THE SHAPING — the outcome error in the plant's own weights, and what it cost
====================================================================================================
    The shaped arms add ONE term to the plant's own optimizer step: BCE of an outcome
    head over `SN.trunk`'s pooled hiddens, at weight 1, whose gradient reaches the trunk
    and never the emission head. `sb_sv_yk` reads the WORLD'S VERDICT on the learner's
    own experienced configurations; `sb_yd_yk` reads NEXT-LEVEL YIELD from the learner's
    own miner; `sb_so_yk` is the verdict again with the plant's own masked-infill term
    OFF. The readout in the grader's seat is `aliquot`'s, unchanged.

    arm                  target  infill   steps    rows   BCE first/last   AUC last   base
    sb_so_yk             solve   OFF       2840  726380   0.5517 / 0.0817     0.8856  0.0312
    sb_sv_yk             solve   on        2840  725920   0.6156 / 0.4056     0.8658  0.2461
    sb_yd_yk             yield   on        2840  725920   0.6039 / 0.2320     0.8414  0.0781

    THE PLANT'S OWN FINGERPRINT (sum of |parameter|, logged EVERY cycle on every
    projection arm, shaped or not). This is the number gate S-1r reads: the outcome
    error reached the trunk iff this moved, and the shaped arm's series must differ from
    the unshaped twin's (gate S-4r).
      sb_so_yk             range 269.469209   c1:19961.403  c26:19961.403  c51:19961.403  c76:20019.922  c101:20073.836  c126:20124.504  c151:20167.572  c176:20198.837  c201:20230.872
      sb_sv_yk             range 292.493759   c1:19962.514  c26:19983.336  c51:20008.570  c76:20076.914  c101:20135.201  c126:20174.350  c151:20202.761  c176:20229.449  c201:20255.008
      sb_yd_yk             range 281.914391   c1:19962.514  c26:19983.336  c51:20008.570  c76:20071.131  c101:20108.236  c126:20148.263  c151:20181.626  c176:20212.536  c201:20244.429

    S-4r, THE TWIN FORM, in this table: the shaped arms' plants against the banked
    UNSHAPED projection arm's, cycle by cycle. `first` is the first cycle at which the
    two differ at all, which should be the first cycle the shaping fired.
      (no unshaped projection twin carries the fingerprint series in this table —
       `aliquot`'s banked arms predate the instrument, so the twin form against an
       UNSHAPED plant is read on the PREFLIGHT. What can be read here is the PAIRWISE
       form: the three shaped plants against each other, which is the contrast the
       preflight could not assert because nothing solved there and all three heads saw
       the same all-zero target. `sv` vs `yd` is the TARGET alone; either against `so`
       is the plant's own infill term.)
      [DIFFER] sb_so_yk     vs sb_sv_yk     max|d sig| 65.012083  first differing cycle 0  last 20230.872 / 20255.008
      [DIFFER] sb_so_yk     vs sb_yd_yk     max|d sig| 54.182660  first differing cycle 0  last 20230.872 / 20244.429
      [DIFFER] sb_sv_yk     vs sb_yd_yk     max|d sig| 28.799189  first differing cycle 59  last 20255.008 / 20244.429

    THE WORLD-MODEL DIAGNOSTICS — what the shaping cost the plant's PREDICTIVE
    competence. `infill` is the held-out masked-infill cross-entropy and fill accuracy on
    FRESH corpus windows at a FIXED window/mask plan drawn once per arm (so a movement is
    the plant and not the draw); `parse` is the block head's level-1 parse accuracy
    against the EXACT features, read with one block masked (`parse_features`' idiom) and
    unmasked — an oracle instrument. Neither enters any loss, buffer or bill.
    arm                  infill_ce first/last   infill_acc f/l   parse_mask1 f/l   parse_nomask f/l
    sb_so_yk             1.1668 / 2.8111      0.495 / 0.351      0.673 / 0.374       0.678 / 0.369
    sb_sv_yk             1.1916 / 1.2430      0.489 / 0.480      0.685 / 0.538       0.691 / 0.539
    sb_yd_yk             1.1916 / 1.2499      0.489 / 0.480      0.685 / 0.565       0.691 / 0.566

    the held-out infill CE by HOW MANY BLOCKS ARE MASKED, last cycle — a shaping step
    could in principle trade the easy end of that curve for the hard end:
      sb_so_yk             17-32:3.0756(n=12800)  2-4:2.3326(n=1024)  5-8:2.3442(n=3072)  9-16:2.5255(n=5120)
      sb_sv_yk             17-32:1.5766(n=12800)  2-4:0.5791(n=1024)  5-8:0.6900(n=3072)  9-16:0.8735(n=5120)
      sb_yd_yk             17-32:1.5912(n=12800)  2-4:0.5779(n=1024)  5-8:0.6930(n=3072)  9-16:0.8651(n=5120)

    THE NESTED DP PARSE over the TRUE table at each rung, span masked, recovered level-1
    features against the exact ones — `duplex` §4.3's replacement for `nested_phase` on a
    masked block infiller, and the round's altitude instrument. Run at checkpoints; the
    `final` row is the end-of-arm read.
    arm                  cycles run                      L2      L3      L4      L5
    sb_so_yk             [1, 51, 101, 151, 201]        
        c1        0.4126  0.3167  0.2948  0.2969
        c51       0.4126  0.3167  0.2948  0.2969
        c101      0.3179  0.2666  0.2012  0.2055
        c151      0.3066  0.2393  0.1963  0.1917
        c201      0.3145  0.2153  0.1859  0.2012
        final     0.3145  0.2153  0.1859  0.2012
    sb_sv_yk             [1, 51, 101, 151, 201]        
        c1        0.4160  0.3140  0.2941  0.2966
        c51       0.4121  0.3091  0.2936  0.2965
        c101      0.3853  0.3145  0.2943  0.2958
        c151      0.3896  0.3159  0.2942  0.2965
        c201      0.4106  0.3184  0.2932  0.2909
        final     0.4106  0.3184  0.2932  0.2909
    sb_yd_yk             [1, 51, 101, 151, 201]        
        c1        0.4160  0.3140  0.2941  0.2966
        c51       0.4121  0.3091  0.2936  0.2965
        c101      0.4092  0.3093  0.2932  0.2964
        c151      0.4155  0.3176  0.2942  0.2965
        c201      0.4170  0.3149  0.2943  0.2767
        final     0.4170  0.3149  0.2943  0.2767

    THE YIELD CURRENCY the `sb_yd_yk` head was trained on: the target LEVEL it was read
    at per era (`min(max_macro_level, era_level + 1)`), how many rows carried a label,
    and the label's realised mean. A constant currency carries no gradient, which is what
    gate S-2r asserts.
    arm                  target levels seen        n_label   label mean   label > 0
    sb_yd_yk             [2, 3, 4, 5]              42996   0.0730       6892

    THE PER-PROBE YIELD INSTRUMENT, three columns, consumed by nothing. `endo` is the
    learner's own reader's parse of the SUBSTITUTED configuration counted against the
    learner's own miner — the currency the yield arm's head was trained on; `true` is the
    same parse against the TRUE table; `orc` is the EXACT parse against the true table.
    The three separate the reader's parse error from the miner's incompleteness. AUC is
    the arm's own filed probability ranking `endo > 0`, i.e. the grader scored in the
    currency the plant was shaped on rather than in the one it is fit to.
    arm                      n   endo   true    orc   AUC(p, endo>0)  AUC(p, world)
    sb_so_yk               4000  0.0041 0.0047 0.0047         0.6499         0.6541
    sb_sv_yk               4000  0.0222 0.0164 0.0164         0.7031         0.7061
    sb_yd_yk               4000  0.0180 0.0162 0.0162         0.6845         0.6808

    the same, per LEVEL (the currency's own level moves with the era, so a per-level
    split is the only honest cut):
    sb_so_yk              L2:0.637(2611)  L3:0.653(1195)  L4:0.650(194)  L5:   -   
    sb_sv_yk              L2:0.679(2604)  L3:0.721(1173)  L4:0.744(223)  L5:   -   
    sb_yd_yk              L2:0.657(2586)  L3:0.662(1200)  L4:0.769(214)  L5:   -   

====================================================================================================
[Y] THE CLOCK YOKES — realised against planned (gate Y-1's check, post hoc)
====================================================================================================
    A clock yoke replays its source's realised commit and advance CYCLES and decides
    nothing else. That is the round's whole control: the chooser is read at L4 and L5
    with the same slots open at the same cycles as the anchor, so a level-resolved
    readout is not silently comparing two different ladders. Gate Y-1 asserts the match
    in `preflight`; this is the same check on the paid tag.

    `cancelled` actions are EXCLUDED from the match and printed separately: a replayed
    commit whose build is empty is cancelled by the substrate, not by the clock. Those
    are a finding about the arm's BOOK — it had nothing to commit at a cycle the anchor
    did — and are the one place a yoked arm's ladder can still fall short of its source.

    source: vo_s3d2:voi3_dp
    sb_so_yk
      commits   planned [59, 77, 157]
                realised [59, 77, 157]    MATCH = True
      advances  planned [60, 110, 180, 192, 201]
                realised [60, 110, 180, 192, 201]    MATCH = True
      cancelled (the book had nothing to commit there): none
      commit LEVELS realised: [(2, 59), (3, 77), (4, 157)]
      lifetime  source 201 cycles / 50,979,162g    yoke 201 cycles / 50,920,525g

    sb_sv_yk
      commits   planned [59, 77, 157]
                realised [59, 77, 157]    MATCH = True
      advances  planned [60, 110, 180, 192, 201]
                realised [60, 110, 180, 192, 201]    MATCH = True
      cancelled (the book had nothing to commit there): none
      commit LEVELS realised: [(2, 59), (3, 77), (4, 157)]
      lifetime  source 201 cycles / 50,979,162g    yoke 201 cycles / 50,957,389g

    sb_yd_yk
      commits   planned [59, 77, 157]
                realised [59, 77, 157]    MATCH = True
      advances  planned [60, 110, 180, 192, 201]
                realised [60, 110, 180, 192, 201]    MATCH = True
      cancelled (the book had nothing to commit there): none
      commit LEVELS realised: [(2, 59), (3, 77), (4, 157)]
      lifetime  source 201 cycles / 50,979,162g    yoke 201 cycles / 50,913,126g


====================================================================================================
[Z] THE L4/L5 PANEL — every readout the round turns on, at the cells it turns on
====================================================================================================
    Q3 could not produce this table: no treated arm except Q2's replace-critic had an
    L4 or L5 slot at all, because each one reached or missed L3 through the commit
    latch's response to its own L2 writes. With the ladder yoked, every arm has the
    anchor's slots at the anchor's cycles and the chooser is finally READ where the
    node is about.

    rep     the written class holds SOME feature that repairs the instance there — the
            honest measure, and on an open slot it IS the head's class accuracy on
            held-out data (fresh instances every cycle).
    cont    it holds the CLEAN derivation's latent — a stricter and less forgiving read;
            the gap between the two is the chooser spreading over classes the clean
            derivation did not carry (`DESIGN.md` §23's correction).
    dist    distinct tuples written, `top1` the share of filed writes on one tuple.
    moved   the composed argmax was not the DP's row (composed arms only).

    [sotto] THE BANKED FLOOR AND CEILING ARE IN THIS TABLE, marked `(banked)`, so the
    three mirror arms are read beside the composed chooser on the FILED diet (the floor)
    and on the WORLD-graded probe (the ceiling) without leaving the page. A pooled
    L2/L3 panel follows it, which is the cell that replicated across seeds in `voicing`
    and the one a frontier number should not be read ahead of.

    sb_so_yk:
      cell    rows   writes    rep          cont         dist  top1    moved
      4n0        88     3989   0.173 (  2317)  0.452 (  3989)    2.8  0.652   0.963
      4n1        88     2377   0.111 (  1784)  0.185 (  2377)    1.8  0.841   0.958
      4n2        88     3896   0.133 (  2072)  0.312 (  3896)    5.1  0.435   0.743
      4n3        88     6605   0.394 (  2610)  0.234 (  6605)    3.7  0.600   0.722

    sb_sv_yk:
      cell    rows   writes    rep          cont         dist  top1    moved
      4n0       176     6871   0.301 (  2804)  0.182 (  6871)    2.4  0.751   0.987
      4n1       176     5299   0.379 (  2632)  0.742 (  5299)    1.5  0.868   0.273
      4n2       176     9350   0.356 (  2745)  0.524 (  9350)    2.9  0.671   0.659
      4n3       176    11625   0.605 (  2767)  0.805 ( 11625)    1.7  0.931   0.103

    sb_yd_yk:
      cell    rows   writes    rep          cont         dist  top1    moved
      4n0        80     7713   0.297 (  2730)  0.682 (  7713)    1.2  0.976   0.029
      4n1        80     5804   0.502 (  2683)  0.896 (  5804)    1.3  0.952   0.314
      4n2        80    12451   0.449 (  2804)  0.355 ( 12451)    2.2  0.829   0.275
      4n3        80    14606   0.632 (  2816)  0.831 ( 14606)    1.2  0.992   0.022

    vo_s3d2:voi3_dp:   (banked)
      cell    rows   writes    rep          cont         dist  top1    moved
      4n0       172     4988   0.283 (  2600)  0.735 (  4988)    1.4  0.918     -  
      4n1       172     6594   0.375 (  2656)  0.896 (  6594)    1.0  1.000     -  
      4n2       172     8517   0.371 (  2784)  0.736 (  8517)    2.0  0.898     -  
      4n3       172    16663   0.650 (  2800)  0.846 ( 16663)    1.5  0.928     -  

    vo_s3e:voi3b_comp_yk:   (banked)
      cell    rows   writes    rep          cont         dist  top1    moved
      4n0       108     6638   0.288 (  2788)  0.704 (  6638)    1.9  0.785   0.246
      4n1       108     4880   0.392 (  2618)  0.863 (  4880)    1.2  0.955   0.009
      4n2       108     6845   0.311 (  2625)  0.779 (  6845)    1.5  0.909   0.198
      4n3       108    13639   0.664 (  2782)  0.845 ( 13639)    1.4  0.975   0.047

    vo_s3e:voi3b_comp_pr_yk:   (banked)
      cell    rows   writes    rep          cont         dist  top1    moved
      4n0       132     5353   0.244 (  2687)  0.628 (  5353)    2.3  0.725   0.143
      4n1       132     6481   0.356 (  2758)  0.869 (  6481)    1.2  0.974   0.013
      4n2       132     8189   0.396 (  2741)  0.763 (  8189)    1.9  0.839   0.108
      4n3       132    15041   0.659 (  2816)  0.859 ( 15041)    1.1  0.996   0.015

    so_s2:so_mg_yk:   (banked)
      cell    rows   writes    rep          cont         dist  top1    moved
      4n0        86     7367   0.376 (  2806)  0.653 (  7367)    2.9  0.682   0.261
      4n1        86     5021   0.299 (  2592)  0.626 (  5021)    3.4  0.676   0.741
      4n2        86     9227   0.372 (  2772)  0.362 (  9227)    3.1  0.704   0.512
      4n3        86    13176   0.639 (  2810)  0.623 ( 13176)    3.7  0.642   0.398

    so_s2:so_cg_yk:   (banked)
      cell    rows   writes    rep          cont         dist  top1    moved
      4n0       134     4834   0.260 (  2622)  0.714 (  4834)    1.4  0.879   0.225
      4n1       134     4959   0.353 (  2651)  0.895 (  4959)    1.1  0.975   0.029
      4n2       134    11717   0.404 (  2777)  0.374 ( 11717)    1.4  0.932   0.317
      4n3       134    12767   0.644 (  2816)  0.839 ( 12767)    1.1  0.996   0.013

    so_s2:so_hy_yk:   (banked)
      cell    rows   writes    rep          cont         dist  top1    moved
      4n0       124     4994   0.311 (  2681)  0.694 (  4994)    1.7  0.863   0.261
      4n1       124     7091   0.466 (  2781)  0.878 (  7091)    1.0  0.995   0.000
      4n2       124    11243   0.334 (  2809)  0.356 ( 11243)    1.4  0.890   0.412
      4n3       124    17332   0.685 (  2816)  0.865 ( 17332)    1.0  0.998   0.013

    al_s2:al_pj_yk:   (banked)
      cell    rows   writes    rep          cont         dist  top1    moved
      4n0       168     4342   0.339 (  2530)  0.744 (  4342)    1.5  0.907   0.223
      4n1       168     7064   0.404 (  2783)  0.769 (  7064)    2.9  0.731   0.372
      4n2       168    13586   0.415 (  2790)  0.458 ( 13586)    3.3  0.667   0.622
      4n3       168    12560   0.670 (  2788)  0.848 ( 12560)    1.1  0.972   0.101

    al_s2:al_rt_yk:   (banked)
      cell    rows   writes    rep          cont         dist  top1    moved
      4n0        84    10743   0.230 (  2792)  0.660 ( 10743)    1.4  0.936   0.247
      4n1        84    10068   0.518 (  2740)  0.727 ( 10068)    1.7  0.884   0.249
      4n2        84    16178   0.473 (  2816)  0.344 ( 16178)    1.5  0.944   0.196
      4n3        84    17013   0.701 (  2801)  0.837 ( 17013)    1.4  0.905   0.152

    [sotto] THE POOLED L2/L3 PANEL — the cell `voicing` replicated on every seed that
    produced those rungs (+18.5 / +24.5 / +19.3% relative for the composed chooser on
    the filed diet). `rep` pooled over every L2 and L3 cell, with the denominator.

      arm                        rep (L2/L3 pooled)        n        vs floor
      vo_s3e:voi3b_comp_pr_yk    0.2745            198267     +10.2%   (banked)
      so_s2:so_hy_yk             0.2683            196661      +7.7%   (banked)
      al_s2:al_rt_yk             0.2636            194507      +5.9%   (banked)
      so_s2:so_mg_yk             0.2626            197369      +5.5%   (banked)
      al_s2:al_pj_yk             0.2617            194980      +5.1%   (banked)
      sb_yd_yk                   0.2615            195488      +5.0%
      so_s2:so_cg_yk             0.2560            196644      +2.8%   (banked)
      vo_s3e:voi3b_comp_yk       0.2490            197768      +0.0%   (banked)
      sb_sv_yk                   0.2458            194821      -1.3%
      vo_s3d2:voi3_dp            0.2090            195077     -16.1%   (banked)
      sb_so_yk                   0.0673            199420     -73.0%

