====================================================================================================
[soundboard] sb_s1 — reduction
====================================================================================================
  arms   : sb_so_yk, sb_sv_yk, sb_yd_yk
  banked : vo_s3:voi3_dp, vo_s3b:voi3b_comp_yk, vo_s3b:voi3b_comp_pr_yk, so_s1:so_mg_yk, so_s1:so_cg_yk, so_s1:so_hy_yk, al_s1:al_pj_yk, al_s1:al_rt_yk

====================================================================================================
[A] LIFETIMES, COMMITS, AND THE IN-TAG IDENTITY CHECK
====================================================================================================
    arm                       cyc  commits (level@cycle)                 s/cycle
    sb_so_yk                  201  L2@c48, L3@c100, L4@c151, L5@c186   
    sb_sv_yk                  201  L2@c48, L3@c100, L4@c151, L5@c186   
    sb_yd_yk                  201  L2@c48, L3@c100, L4@c151, L5@c186   
    vo_s3:voi3_dp             201  L2@c48, L3@c100, L4@c151, L5@c186      (banked)
    vo_s3b:voi3b_comp_yk      201  L2@c48, L3@c100, L4@c151, L5@c186      (banked)
    vo_s3b:voi3b_comp_pr_yk   201  L2@c48, L3@c100, L4@c151, L5@c186      (banked)
    so_s1:so_mg_yk            201  L2@c48, L3@c100, L4@c151, L5@c186      (banked)
    so_s1:so_cg_yk            201  L2@c48, L3@c100, L4@c151, L5@c186      (banked)
    so_s1:so_hy_yk            201  L2@c48, L3@c100, L4@c151, L5@c186      (banked)
    al_s1:al_pj_yk            201  L2@c48, L3@c100, L4@c151, L5@c186      (banked)
    al_s1:al_rt_yk            201  L2@c48, L3@c100, L4@c151, L5@c186      (banked)


====================================================================================================
[B] THE CORRIDOR — slots open, parity, misfire, and when it closed
====================================================================================================
    `n_open` is slots past the firing gate; `misfire` is fired rows whose span did not
    match `dp_features` exactly. An arm whose corridor closes stops executing with the
    head and falls back to the DP on every macro call.

    arm                    open@max  open@last  first c with open=0 after a peak   misfire(all)  misfire(era>=3)
    sb_so_yk                     26         24  None                             0.8081        0.8363
    sb_sv_yk                     30         29  None                             0.3807        0.3491
    sb_yd_yk                     30         30  None                             0.3928        0.3718

    n_open per 10 cycles (the corridor's whole life):
      sb_so_yk                 0   0   0   0   0   1  16  16  16  16  16  24  22  22  21  22  25  23  23  23  24
      sb_sv_yk                 0   0   0   0   0   1  16  16  16  16  15  24  24  24  24  24  28  26  26  30  29
      sb_yd_yk                 0   0   0   0   0   1  16  16  16  16  16  24  23  24  24  24  28  28  28  29  30
      cycle                    1  11  21  31  41  51  61  71  81  91 101 111 121 131 141 151 161 171 181 191 201

====================================================================================================
[C] THE SAMPLER, REALISED — deviation and on-table projection
====================================================================================================
    `dev`  the sampled entry left the on-table argmax (the quantity the temperature is
           set on; `DESIGN.md` §17 predicted this would fall below the preflight's
           0.44-0.67 because a sharper plant deviates less at fixed T).
    `ont`  the on-table argmax was not the head's FREE-RUN emission — the projection
           component that rides with the write axis (`DESIGN.md` §11).

    sb_so_yk:
      era  cell        n        dev     ont
        1  2n0        25636    0.736   0.003
        1  2n1        25666    0.594   0.002
        1  2n2        25640    0.690   0.003
        1  2n3         9915    0.476   0.010
        1  2n4        25614    0.765   0.003
        1  2n5        25648    0.693   0.001
        1  2n6        25589    0.869   0.001
        1  2n7        25640    0.786   0.004
        1  2n8        25552    0.767   0.002
        1  2n9        25680    0.701   0.005
        1  2n10       25560    0.805   0.003
        1  2n11       25514    0.802   0.003
        1  2n12       25581    0.850   0.003
        1  2n13       25614    0.638   0.003
        1  2n14       25607    0.694   0.002
        1  2n15       25610    0.741   0.003
        2  2n0         9186    0.583   0.009
        2  2n1        12289    0.341   0.008
        2  2n2        11047    0.312   0.008
        2  2n3         8608    0.652   0.021
        2  2n4        10831    0.423   0.005
        2  2n5         9692    0.472   0.010
        2  2n6         7317    0.549   0.014
        2  2n7         8907    0.471   0.018
        2  2n8        11825    0.708   0.013
        2  2n9        24281    0.502   0.011
        2  2n10        9376    0.574   0.013
        2  2n11        8063    0.572   0.021
        2  2n12       96749    0.559   0.014
        2  2n13       20144    0.670   0.011
        2  2n14        7639    0.606   0.011
        2  2n15       10332    0.442   0.013
        2  3n0        35701    0.803   0.001
        2  3n1        35682    0.527   0.001
        2  3n2        35730    0.819   0.004
        2  3n3        35728    0.854   0.003
        2  3n4        35677    0.697   0.000
        2  3n5        35673    0.866   0.001
        2  3n6        35673    0.676   0.002
        2  3n7        35755    0.696   0.001
        3  2n0        75374    0.756   0.010
        3  2n1        19756    0.639   0.015
        3  2n2        30398    0.603   0.004
        3  2n3        49133    0.902   0.013
        3  2n4        22707    0.754   0.007
        3  2n5        24543    0.731   0.008
        3  2n6        13134    0.717   0.023
        3  2n7        22781    0.547   0.014
        3  2n8        68120    0.904   0.004
        3  2n9        47453    0.684   0.002
        3  2n10       26325    0.639   0.007
        3  2n11       29072    0.788   0.016
        3  2n12      585736    0.704   0.019
        3  2n13      136697    0.813   0.002
        3  2n14       25883    0.851   0.005
        3  2n15       50087    0.600   0.004
        3  3n0        11950    0.926   0.036
        3  3n1        14892    0.772   0.061
        3  3n2         9900    0.866   0.094
        3  3n3        10341    0.879   0.107
        3  3n4        20159    0.861   0.106
        3  3n5        24436    0.915   0.071
        3  3n6       259441    0.900   0.067
        3  3n7        53198    0.876   0.040
        3  4n0        55031    0.964   0.003
        3  4n1        53880    0.913   0.004
        3  4n2        60467    0.940   0.000
        3  4n3        62638    0.974   0.079
        4  2n0        19025    0.636   0.009
        4  2n1         2987    0.682   0.019
        4  2n2         4442    0.642   0.002
        4  2n3         6427    0.685   0.034
        4  2n4         3525    0.718   0.015
        4  2n5        12177    0.802   0.006
        4  2n6         5790    0.566   0.021
        4  2n7         6819    0.475   0.043
        4  2n8         8595    0.677   0.019
        4  2n9        10422    0.604   0.001
        4  2n10        8182    0.514   0.008
        4  2n11        4316    0.720   0.034
        4  2n12      118901    0.662   0.027
        4  2n13       29998    0.614   0.005
        4  2n14        5757    0.674   0.005
        4  2n15       22127    0.538   0.002
        4  3n0         3179    0.790   0.000
        4  3n1         4756    0.825   0.083
        4  3n2         4283    0.800   0.045
        4  3n3         3456    0.845   0.026
        4  3n4        10663    0.817   0.042
        4  3n5        11030    0.854   0.069
        4  3n6       164830    0.853   0.076
        4  3n7        19115    0.824   0.071
        4  4n0         4290    0.856   0.025
        4  4n1         1551    0.912   0.052
        4  4n2         7358    0.939   0.000
        4  4n3        21816    0.980   0.054
        4  5n0        28457    0.977   0.000
        4  5n1        63891    0.382   0.000
        5  2n0         8374    0.551   0.031
        5  2n1         3676    0.611   0.015
        5  2n2         4646    0.568   0.011
        5  2n3         5294    0.785   0.016
        5  2n4         2352    0.551   0.059
        5  2n5        11287    0.802   0.018
        5  2n6         5733    0.682   0.005
        5  2n7         5730    0.550   0.012
        5  2n8         8048    0.805   0.011
        5  2n9         4102    0.577   0.001
        5  2n10       20846    0.697   0.004
        5  2n11        2363    0.745   0.016
        5  2n12       78912    0.692   0.026
        5  2n13       36112    0.593   0.005
        5  2n14        4461    0.740   0.009
        5  2n15       36758    0.408   0.006
        5  3n0         2932    0.836   0.000
        5  3n1         5905    0.686   0.115
        5  3n2         5762    0.824   0.064
        5  3n3         3457    0.955   0.034
        5  3n4        12857    0.726   0.110
        5  3n5         9499    0.879   0.095
        5  3n6       122404    0.844   0.056
        5  3n7        46310    0.860   0.078
        5  4n0         3373    0.891   0.044
        5  4n1         1192    0.928   0.103
        5  4n2         5625    0.972   0.000
        5  4n3        33355    0.927   0.162
        5  5n0         1469    0.930   0.003
        5  5n1         6122    0.978   0.014

    sb_sv_yk:
      era  cell        n        dev     ont
        1  2n0        25634    0.663   0.003
        1  2n1        25646    0.560   0.004
        1  2n2        25634    0.623   0.002
        1  2n3        25585    0.802   0.004
        1  2n4        25633    0.624   0.005
        1  2n5        25663    0.411   0.002
        1  2n6        25700    0.365   0.003
        1  2n7        25636    0.562   0.005
        1  2n8        25545    0.682   0.004
        1  2n9        25659    0.616   0.006
        1  2n10       25569    0.724   0.003
        1  2n11       25498    0.657   0.002
        1  2n12       25591    0.629   0.002
        1  2n13       25621    0.422   0.004
        1  2n14       25601    0.450   0.002
        1  2n15       25599    0.500   0.003
        2  2n0        14224    0.614   0.021
        2  2n1        56048    0.667   0.018
        2  2n2        19819    0.646   0.051
        2  2n3        31888    0.534   0.014
        2  2n4         9614    0.629   0.031
        2  2n5        16921    0.515   0.018
        2  2n6        15321    0.545   0.031
        2  2n7         8286    0.624   0.044
        2  2n8         9208    0.615   0.034
        2  2n9        32060    0.395   0.015
        2  2n10       71487    0.611   0.031
        2  2n11       16653    0.619   0.042
        2  2n12      160391    0.506   0.026
        2  2n13       21825    0.452   0.025
        2  2n14       14564    0.590   0.030
        2  2n15       17328    0.682   0.027
        2  3n0        35693    0.109   0.000
        2  3n1        35694    0.458   0.000
        2  3n2        35728    0.403   0.000
        2  3n3        36407    0.543   0.000
        2  3n4        38733    0.221   0.000
        2  3n5        35675    0.511   0.000
        2  3n6        38462    0.342   0.004
        2  3n7        37953    0.385   0.000
        3  2n0        24460    0.622   0.007
        3  2n1        85552    0.542   0.014
        3  2n2        38999    0.654   0.012
        3  2n3        35655    0.551   0.022
        3  2n4        11000    0.407   0.023
        3  2n5        44848    0.334   0.011
        3  2n6        55513    0.461   0.004
        3  2n7        12482    0.450   0.028
        3  2n8        25440    0.531   0.019
        3  2n9        50591    0.415   0.007
        3  2n10      218702    0.463   0.006
        3  2n11       26695    0.617   0.019
        3  2n12      434972    0.403   0.022
        3  2n13      193667    0.375   0.009
        3  2n14       30320    0.620   0.006
        3  2n15       22575    0.524   0.020
        3  3n0        37963    0.445   0.034
        3  3n1        76770    0.622   0.027
        3  3n2        21712    0.603   0.020
        3  3n3       230403    0.279   0.027
        3  3n4        73958    0.284   0.023
        3  3n5        79771    0.427   0.040
        3  3n6       716847    0.235   0.014
        3  3n7       220657    0.456   0.020
        3  4n0        96241    0.499   0.041
        3  4n1        77720    0.255   0.000
        3  4n2        93402    0.291   0.017
        3  4n3       181370    0.001   0.000
        4  2n0         4317    0.456   0.005
        4  2n1        16884    0.296   0.008
        4  2n2         9845    0.364   0.012
        4  2n3         2063    0.303   0.024
        4  2n4         1948    0.304   0.006
        4  2n5        16424    0.281   0.002
        4  2n6         6015    0.302   0.002
        4  2n7         1868    0.357   0.029
        4  2n8        10872    0.458   0.003
        4  2n9         4008    0.281   0.029
        4  2n10       10255    0.396   0.002
        4  2n11        1636    0.302   0.020
        4  2n12       22448    0.284   0.006
        4  2n13       38375    0.391   0.000
        4  2n14        5387    0.312   0.003
        4  2n15        2403    0.256   0.006
        4  3n0        15413    0.324   0.057
        4  3n1        27593    0.503   0.041
        4  3n2         7119    0.495   0.011
        4  3n3       116922    0.149   0.013
        4  3n4        37623    0.258   0.022
        4  3n5        20251    0.341   0.046
        4  3n6       227225    0.129   0.011
        4  3n7        61034    0.277   0.009
        4  4n0        62433    0.434   0.006
        4  4n1        41929    0.000   0.000
        4  4n2        65095    0.279   0.024
        4  4n3       154683    0.000   0.000
        4  5n0        28559    0.061   0.005
        4  5n1        67019    0.321   0.000
        5  2n0         6442    0.202   0.032
        5  2n1        17520    0.329   0.015
        5  2n2         5716    0.362   0.005
        5  2n3         1510    0.297   0.019
        5  2n4         1216    0.291   0.021
        5  2n5        14875    0.248   0.001
        5  2n6         2300    0.224   0.004
        5  2n7         1896    0.527   0.016
        5  2n8        12916    0.187   0.001
        5  2n9         5393    0.265   0.001
        5  2n10        6527    0.435   0.032
        5  2n11        1633    0.170   0.011
        5  2n12       10444    0.241   0.003
        5  2n13       17654    0.309   0.002
        5  2n14        4926    0.299   0.003
        5  2n15        1208    0.208   0.005
        5  3n0        27652    0.368   0.098
        5  3n1        18404    0.657   0.026
        5  3n2         4643    0.559   0.034
        5  3n3       116419    0.111   0.007
        5  3n4        53106    0.439   0.009
        5  3n5        15425    0.413   0.055
        5  3n6       166372    0.107   0.005
        5  3n7        51014    0.195   0.005
        5  4n0        40572    0.200   0.008
        5  4n1        45614    0.001   0.000
        5  4n2        59284    0.068   0.005
        5  4n3       131505    0.006   0.001
        5  5n0         5208    0.830   0.003
        5  5n1        35806    0.205   0.002

    sb_yd_yk:
      era  cell        n        dev     ont
        1  2n0        25631    0.670   0.004
        1  2n1        25647    0.556   0.004
        1  2n2        25630    0.640   0.001
        1  2n3        25584    0.807   0.004
        1  2n4        25634    0.634   0.004
        1  2n5        25670    0.409   0.004
        1  2n6        25597    0.373   0.003
        1  2n7        25645    0.576   0.007
        1  2n8        25541    0.679   0.003
        1  2n9        25654    0.616   0.006
        1  2n10       25571    0.727   0.004
        1  2n11       25504    0.656   0.002
        1  2n12       25576    0.631   0.001
        1  2n13       25623    0.420   0.002
        1  2n14       25599    0.457   0.003
        1  2n15       25605    0.512   0.004
        2  2n0        15153    0.468   0.027
        2  2n1        33742    0.574   0.020
        2  2n2        40298    0.645   0.018
        2  2n3         8887    0.629   0.035
        2  2n4         7348    0.539   0.021
        2  2n5        23757    0.540   0.014
        2  2n6        27305    0.552   0.010
        2  2n7        12860    0.487   0.026
        2  2n8        10746    0.595   0.035
        2  2n9        21594    0.514   0.016
        2  2n10       51835    0.642   0.013
        2  2n11       11192    0.558   0.041
        2  2n12      139387    0.369   0.020
        2  2n13       46649    0.470   0.033
        2  2n14       21770    0.412   0.006
        2  2n15        8825    0.533   0.024
        2  3n0        37013    0.726   0.000
        2  3n1        35669    0.885   0.001
        2  3n2        35727    0.734   0.001
        2  3n3        36070    0.883   0.001
        2  3n4        35905    0.638   0.001
        2  3n5        35679    0.926   0.002
        2  3n6        35787    0.618   0.002
        2  3n7        35878    0.536   0.001
        3  2n0        23058    0.486   0.010
        3  2n1        63577    0.435   0.016
        3  2n2       109332    0.515   0.011
        3  2n3        18883    0.624   0.033
        3  2n4        16949    0.491   0.010
        3  2n5        83418    0.370   0.012
        3  2n6        98712    0.305   0.001
        3  2n7        35040    0.478   0.013
        3  2n8        22493    0.397   0.011
        3  2n9        15610    0.634   0.024
        3  2n10       74044    0.453   0.005
        3  2n11       13532    0.540   0.021
        3  2n12      539801    0.273   0.015
        3  2n13      314243    0.260   0.011
        3  2n14       44364    0.495   0.003
        3  2n15       45670    0.381   0.008
        3  3n0        34140    0.784   0.056
        3  3n1        86711    0.801   0.053
        3  3n2        54483    0.415   0.015
        3  3n3       170181    0.499   0.023
        3  3n4        66385    0.479   0.043
        3  3n5        50254    0.791   0.059
        3  3n6       701407    0.380   0.037
        3  3n7       147480    0.435   0.018
        3  4n0        30655    0.119   0.002
        3  4n1        95750    0.016   0.000
        3  4n2       129257    0.308   0.037
        3  4n3       160199    0.064   0.001
        4  2n0         2542    0.212   0.006
        4  2n1         7167    0.507   0.020
        4  2n2        13354    0.295   0.006
        4  2n3         5342    0.429   0.041
        4  2n4         3663    0.419   0.010
        4  2n5        10070    0.339   0.013
        4  2n6        21665    0.369   0.001
        4  2n7         5819    0.465   0.006
        4  2n8         3082    0.431   0.011
        4  2n9         1468    0.401   0.020
        4  2n10        4679    0.163   0.002
        4  2n11        3311    0.417   0.007
        4  2n12       45744    0.092   0.003
        4  2n13       46243    0.135   0.003
        4  2n14        1541    0.203   0.003
        4  2n15       22241    0.218   0.015
        4  3n0        22192    0.561   0.067
        4  3n1        24120    0.774   0.023
        4  3n2        22722    0.301   0.016
        4  3n3        61725    0.374   0.009
        4  3n4         9177    0.471   0.017
        4  3n5        19036    0.724   0.035
        4  3n6       200806    0.165   0.024
        4  3n7        45505    0.318   0.013
        4  4n0        12761    0.381   0.013
        4  4n1        46599    0.028   0.000
        4  4n2       100860    0.517   0.059
        4  4n3       127848    0.019   0.001
        4  5n0        28871    0.000   0.000
        4  5n1        69422    0.532   0.002
        5  2n0         1295    0.268   0.005
        5  2n1         1972    0.582   0.031
        5  2n2        10895    0.366   0.003
        5  2n3         3496    0.432   0.011
        5  2n4         1560    0.371   0.013
        5  2n5         9733    0.361   0.001
        5  2n6         3772    0.369   0.006
        5  2n7         5383    0.188   0.004
        5  2n8         1645    0.460   0.005
        5  2n9         4340    0.176   0.003
        5  2n10        1955    0.283   0.004
        5  2n11        2392    0.162   0.005
        5  2n12       32527    0.118   0.001
        5  2n13       29551    0.133   0.005
        5  2n14        2099    0.291   0.005
        5  2n15       20972    0.186   0.008
        5  3n0        22020    0.436   0.075
        5  3n1        17413    0.653   0.078
        5  3n2        16818    0.354   0.052
        5  3n3        45753    0.488   0.011
        5  3n4         7663    0.384   0.006
        5  3n5        27193    0.458   0.051
        5  3n6       100802    0.134   0.016
        5  3n7        51201    0.264   0.004
        5  4n0        23450    0.465   0.038
        5  4n1        60609    0.008   0.000
        5  4n2       116353    0.062   0.003
        5  4n3       137237    0.018   0.001
        5  5n0         7763    0.000   0.000
        5  5n1        25693    0.967   0.013

====================================================================================================
[D] WHAT THE CHOOSER WROTE — Q0 §5's table, live, on the EXECUTED population
====================================================================================================
    Filed writes only (kept by the beam and on a graded tip). `rows` is the operative
    table's size, `dist` distinct tuples written, `keys` distinct class-pair keys,
    `tok` distinct token classes, `top1` the share of the era's filed writes on one
    tuple. Q0's banked numbers at the same nodes: L4 2.6-3.6 of 155-187 rows, top1
    0.91-0.94; L5 1.5-1.6 of 144-152, top1 0.80-0.93 (the FIRED population).

    sb_so_yk:
      era  cell      n_filed  rows   dist/cyc  keys/cyc  tok/cyc   top1(w)
        1  2n0        1835    16      4.50     4.50    4.42     0.634
        1  2n1        1594    16      3.33     3.33    3.00     0.574
        1  2n2        1534    16      3.33     3.33    3.08     0.614
        1  2n3        1205    16      3.42     3.42    3.00     0.542
        1  2n4        1589    16      3.42     3.42    3.25     0.528
        1  2n5        1703    16      3.25     3.25    3.17     0.649
        1  2n6        1540    16      4.25     4.25    4.08     0.495
        1  2n7        1837    16      3.17     3.17    2.67     0.617
        1  2n8        1978    16      4.25     4.25    3.75     0.545
        1  2n9        1870    16      3.50     3.50    3.17     0.514
        1  2n10       1721    16      3.75     3.75    3.50     0.465
        1  2n11       1298    16      3.00     3.00    2.67     0.636
        1  2n12       1420    16      3.75     3.75    3.58     0.623
        1  2n13       2139    16      3.50     3.50    3.17     0.477
        1  2n14       1773    16      4.00     4.00    3.75     0.424
        1  2n15       1941    16      4.17     4.17    3.75     0.573
        2  2n0        4734    17      5.40     5.40    4.56     0.516
        2  2n1        5028    17      5.54     5.54    5.00     0.434
        2  2n2        4027    17      3.40     3.40    2.98     0.604
        2  2n3        3688    17      4.48     4.48    3.88     0.490
        2  2n4        3699    17      6.02     6.02    5.22     0.429
        2  2n5        4733    17      5.04     5.04    4.64     0.464
        2  2n6        3875    17      5.12     5.12    4.74     0.480
        2  2n7        4557    17      5.44     5.44    3.98     0.447
        2  2n8        3868    17      5.34     5.34    4.50     0.421
        2  2n9        5184    17      4.48     4.48    3.84     0.536
        2  2n10       3831    17      5.38     5.38    4.74     0.470
        2  2n11       3239    17      5.10     5.10    4.00     0.462
        2  2n12       8507    17      7.56     7.56    6.24     0.318
        2  2n13       5542    17      4.58     4.58    3.66     0.473
        2  2n14       4276    17      5.38     5.38    4.64     0.456
        2  2n15       4718    17      5.60     5.60    4.62     0.400
        2  3n0        1623    48      4.50     3.20    3.00     0.421
        2  3n1        1562    48      3.60     2.20    2.00     0.591
        2  3n2        1680    48      4.00     3.20    2.90     0.561
        2  3n3        1772    48      5.00     3.90    2.80     0.390
        2  3n4        1983    48      5.00     3.50    3.20     0.466
        2  3n5        1430    48      3.90     2.80    2.60     0.464
        2  3n6        2342    48      4.60     3.00    2.90     0.354
        2  3n7        1672    48      3.70     2.80    2.60     0.543
        3  2n0        6398    18      5.21     5.21    4.47     0.483
        3  2n1        4984    18      4.00     4.00    3.27     0.669
        3  2n2        4887    18      2.90     2.90    2.36     0.674
        3  2n3        4489    18      3.80     3.80    3.27     0.537
        3  2n4        4457    18      5.94     5.94    4.63     0.446
        3  2n5        5448    18      4.09     4.09    3.34     0.575
        3  2n6        4523    18      4.29     4.29    3.71     0.543
        3  2n7        4994    18      6.09     6.09    4.34     0.420
        3  2n8        5505    18      5.29     5.29    4.39     0.493
        3  2n9        6090    18      3.74     3.74    2.83     0.569
        3  2n10       4951    18      4.73     4.73    4.10     0.465
        3  2n11       4407    18      4.61     4.61    3.67     0.570
        3  2n12      18931    18      5.93     5.93    4.96     0.535
        3  2n13       8983    18      2.54     2.54    1.83     0.815
        3  2n14       4422    18      4.33     4.33    3.64     0.528
        3  2n15       6319    18      5.31     5.31    4.06     0.412
        3  3n0        4619    62      3.89     3.23    2.74     0.597
        3  3n1        4615    62      2.91     2.19    2.19     0.717
        3  3n2        4434    62      4.29     3.51    3.33     0.521
        3  3n3        5640    62      4.41     3.61    3.03     0.554
        3  3n4        5810    62      5.64     3.70    3.36     0.412
        3  3n5        4015    62      4.17     3.20    2.74     0.521
        3  3n6       18561    62      5.91     4.16    3.67     0.426
        3  3n7        6338    62      4.36     3.27    3.23     0.545
        3  4n0        2110   104      3.90     2.38    2.31     0.483
        3  4n1        2065   104      2.83     2.10    2.10     0.618
        3  4n2        2710   104      4.14     2.69    2.69     0.464
        3  4n3        3916   104      3.07     2.21    2.07     0.648
        4  2n0        1223    18      5.92     5.92    4.75     0.522
        4  2n1         774    18      5.25     5.25    4.08     0.460
        4  2n2         866    18      3.58     3.58    2.83     0.633
        4  2n3         493    18      4.00     4.00    3.75     0.479
        4  2n4         637    18      6.17     6.17    5.00     0.385
        4  2n5         722    18      5.08     5.08    3.75     0.546
        4  2n6         874    18      5.00     5.00    4.42     0.470
        4  2n7         858    18      7.17     7.17    4.83     0.330
        4  2n8         865    18      6.58     6.58    5.33     0.430
        4  2n9         793    18      5.00     5.00    4.08     0.470
        4  2n10        702    18      5.42     5.42    4.67     0.483
        4  2n11        805    18      5.83     5.83    4.17     0.379
        4  2n12       3120    18      7.67     7.67    6.33     0.348
        4  2n13       1633    18      3.50     3.50    2.42     0.516
        4  2n14       1041    18      6.25     6.25    5.42     0.338
        4  2n15       1512    18      5.08     5.08    4.08     0.433
        4  3n0         850    80      7.08     5.83    5.00     0.366
        4  3n1         943    80      3.67     2.17    2.17     0.591
        4  3n2         719    80      5.83     4.33    4.25     0.419
        4  3n3         919    80      6.67     4.25    3.83     0.382
        4  3n4        1150    80      7.50     4.50    4.25     0.346
        4  3n5        1000    80      6.75     4.50    3.83     0.394
        4  3n6        4016    80      9.00     4.25    4.25     0.324
        4  3n7        1604    80      6.42     4.75    4.50     0.424
        4  4n0         586   136      4.33     2.67    2.67     0.440
        4  4n1         384   136      1.83     1.08    1.08     0.711
        4  4n2        1147   136      6.50     3.25    3.08     0.384
        4  4n3        2609   136      5.83     3.83    3.08     0.419
        4  5n0         510    48      2.40     1.80    1.80     0.504
        4  5n1        1039    48      2.00     1.50    1.50     0.780
        5  2n0        1107    18      6.56     6.56    5.44     0.450
        5  2n1         611    18      5.33     5.33    4.22     0.460
        5  2n2         600    18      4.56     4.56    3.78     0.632
        5  2n3         439    18      5.33     5.33    4.56     0.501
        5  2n4         429    18      6.00     6.00    4.89     0.487
        5  2n5         679    18      5.44     5.44    4.22     0.485
        5  2n6         604    18      5.11     5.11    4.22     0.434
        5  2n7         689    18      5.89     5.89    4.22     0.383
        5  2n8         635    18      6.78     6.78    5.22     0.357
        5  2n9         561    18      4.11     4.11    3.11     0.474
        5  2n10       1054    18      7.00     7.00    6.11     0.391
        5  2n11        650    18      5.89     5.89    4.11     0.372
        5  2n12       2274    18      8.22     8.22    6.67     0.374
        5  2n13       1640    18      3.22     3.22    2.22     0.560
        5  2n14        595    18      6.00     6.00    5.11     0.429
        5  2n15       1440    18      4.89     4.89    4.11     0.417
        5  3n0         683    80      7.56     5.44    5.11     0.417
        5  3n1         592    80      6.22     3.22    3.22     0.373
        5  3n2         646    80      7.11     4.89    5.33     0.353
        5  3n3         716    80      7.33     4.22    4.00     0.306
        5  3n4         937    80      8.44     3.67    3.67     0.315
        5  3n5        1058    80      9.56     5.89    5.00     0.249
        5  3n6        3148    80     10.33     5.22    5.00     0.315
        5  3n7        1907    80      9.44     5.56    5.33     0.318
        5  4n0         466   152      4.67     2.44    2.44     0.350
        5  4n1         297   152      1.89     1.56    1.56     0.754
        5  4n2        1020   152      7.33     3.44    3.44     0.275
        5  4n3        1269   152      5.44     4.00    3.67     0.418
        5  5n0          61    48      1.20     1.00    1.00     0.984
        5  5n1        1245    48      1.33     1.00    1.00     0.958

    sb_sv_yk:
      era  cell      n_filed  rows   dist/cyc  keys/cyc  tok/cyc   top1(w)
        1  2n0        1462    13      3.42     3.42    3.17     0.581
        1  2n1        2099    13      3.58     3.58    3.42     0.597
        1  2n2        1636    13      3.58     3.58    3.25     0.612
        1  2n3        1690    13      3.33     3.33    3.08     0.617
        1  2n4        1514    13      3.42     3.42    3.17     0.618
        1  2n5        2024    13      3.08     3.08    2.83     0.658
        1  2n6        1706    13      2.83     2.83    2.67     0.608
        1  2n7        1924    13      3.75     3.75    3.17     0.573
        1  2n8        1448    13      3.75     3.75    3.33     0.704
        1  2n9        2111    13      3.25     3.25    3.08     0.581
        1  2n10       1635    13      3.42     3.42    3.17     0.566
        1  2n11       1488    13      2.83     2.83    2.58     0.651
        1  2n12       1411    13      3.25     3.25    3.08     0.675
        1  2n13       2051    13      3.25     3.25    3.08     0.605
        1  2n14       1597    13      3.67     3.67    3.33     0.497
        1  2n15       2128    13      3.17     3.17    2.75     0.690
        2  2n0        4442    16      5.18     5.18    4.70     0.443
        2  2n1        5274    16      5.10     5.10    4.44     0.462
        2  2n2        4639    16      5.08     5.08    4.38     0.470
        2  2n3        4800    16      4.06     4.06    3.42     0.535
        2  2n4        3192    16      4.42     4.42    4.26     0.464
        2  2n5        4982    16      4.70     4.70    3.96     0.439
        2  2n6        5014    16      4.34     4.34    3.56     0.479
        2  2n7        4142    16      4.02     4.02    3.26     0.530
        2  2n8        4112    16      5.06     5.06    4.38     0.427
        2  2n9        5679    16      4.82     4.82    4.38     0.487
        2  2n10       5749    16      4.88     4.88    4.40     0.460
        2  2n11       4659    16      4.36     4.36    3.56     0.472
        2  2n12       9616    16      4.84     4.84    4.20     0.520
        2  2n13       5406    16      4.90     4.90    4.06     0.433
        2  2n14       4163    16      4.74     4.74    4.06     0.476
        2  2n15       5733    16      4.34     4.34    3.62     0.512
        2  3n0        1703    59      2.00     1.80    1.80     0.924
        2  3n1        1681    59      1.90     1.40    1.30     0.767
        2  3n2        1870    59      2.40     2.10    2.00     0.841
        2  3n3        1768    59      2.20     1.80    1.80     0.756
        2  3n4        1977    59      2.00     1.80    1.80     0.835
        2  3n5        1556    59      2.40     1.70    1.90     0.576
        2  3n6        2490    59      2.20     1.90    1.80     0.804
        2  3n7        1921    59      2.00     1.70    1.60     0.749
        3  2n0        5169    17      5.27     5.27    4.59     0.431
        3  2n1        8172    17      5.40     5.40    4.81     0.434
        3  2n2        5850    17      4.79     4.79    3.94     0.496
        3  2n3        5515    17      4.73     4.73    3.69     0.473
        3  2n4        3558    17      4.77     4.77    4.27     0.442
        3  2n5        6433    17      4.14     4.14    3.64     0.492
        3  2n6        5608    17      3.77     3.77    3.13     0.614
        3  2n7        3831    17      4.20     4.20    3.26     0.539
        3  2n8        5459    17      4.96     4.96    4.60     0.423
        3  2n9        6439    17      4.31     4.31    4.14     0.507
        3  2n10       9502    17      5.87     5.87    5.13     0.399
        3  2n11       4512    17      4.50     4.50    3.76     0.452
        3  2n12      14544    17      5.90     5.90    4.53     0.476
        3  2n13      10268    17      4.93     4.93    4.30     0.415
        3  2n14       4045    17      3.79     3.79    2.89     0.522
        3  2n15       4687    17      3.74     3.74    3.11     0.551
        3  3n0        6823    72      4.16     3.67    3.20     0.510
        3  3n1        7548    72      3.43     3.00    2.81     0.594
        3  3n2        7234    72      4.54     3.81    3.59     0.492
        3  3n3       14113    72      3.24     2.30    2.30     0.630
        3  3n4        9445    72      4.69     4.13    3.80     0.550
        3  3n5        7798    72      4.44     3.33    3.20     0.497
        3  3n6       34593    72      4.71     4.34    4.24     0.504
        3  3n7       13619    72      4.90     2.99    2.87     0.507
        3  4n0        3912    88      2.28     1.86    1.86     0.707
        3  4n1        3928    88      1.31     1.21    1.21     0.915
        3  4n2        5278    88      2.14     1.90    1.90     0.810
        3  4n3        8752    88      1.00     1.00    1.00     1.000
        4  2n0        1185    17      5.25     5.25    5.00     0.423
        4  2n1        1429    17      5.00     5.00    4.50     0.438
        4  2n2         823    17      3.58     3.58    2.92     0.574
        4  2n3         801    17      4.50     4.50    3.83     0.429
        4  2n4         549    17      4.25     4.25    4.17     0.550
        4  2n5        1288    17      3.58     3.58    3.17     0.682
        4  2n6         833    17      2.92     2.92    2.67     0.675
        4  2n7         669    17      3.67     3.67    3.00     0.614
        4  2n8        1382    17      5.33     5.33    4.92     0.447
        4  2n9        1001    17      3.75     3.75    3.75     0.569
        4  2n10        919    17      4.17     4.17    4.17     0.510
        4  2n11        849    17      4.33     4.33    3.58     0.501
        4  2n12       1165    17      4.17     4.17    3.50     0.585
        4  2n13       1454    17      3.75     3.75    3.67     0.453
        4  2n14        642    17      3.08     3.08    2.33     0.575
        4  2n15        467    17      2.67     2.67    2.67     0.664
        4  3n0        1246    72      3.67     3.42    2.42     0.536
        4  3n1        1624    72      3.50     2.58    2.58     0.585
        4  3n2         791    72      3.50     2.50    2.50     0.560
        4  3n3        3806    72      3.00     2.17    2.17     0.747
        4  3n4        2173    72      3.42     3.33    2.67     0.574
        4  3n5        1500    72      3.17     2.08    2.08     0.643
        4  3n6        6879    72      3.67     3.42    3.42     0.614
        4  3n7        2823    72      4.50     2.75    2.75     0.551
        4  4n0        2063    92      2.17     2.00    2.00     0.716
        4  4n1        2198    92      1.00     1.00    1.00     1.000
        4  4n2        2909    92      1.92     1.50    1.50     0.810
        4  4n3        6098    92      1.00     1.00    1.00     1.000
        4  5n0         503    64      1.60     1.60    1.60     0.903
        4  5n1        2000    64      1.83     1.83    1.83     0.735
        5  2n0         779    18      4.11     4.11    3.78     0.465
        5  2n1         973    18      5.44     5.44    4.78     0.469
        5  2n2         613    18      3.67     3.67    3.11     0.556
        5  2n3         596    18      4.78     4.78    4.00     0.458
        5  2n4         506    18      3.89     3.89    3.67     0.502
        5  2n5         907    18      4.22     4.22    3.44     0.599
        5  2n6         455    18      3.33     3.33    2.89     0.591
        5  2n7         383    18      2.67     2.67    2.56     0.653
        5  2n8         563    18      4.11     4.11    3.78     0.627
        5  2n9         874    18      3.22     3.22    3.22     0.756
        5  2n10        559    18      4.11     4.11    4.00     0.424
        5  2n11        454    18      3.67     3.67    3.22     0.513
        5  2n12        597    18      3.00     3.00    2.67     0.635
        5  2n13        546    18      3.11     3.11    3.00     0.604
        5  2n14        449    18      2.89     2.89    2.22     0.568
        5  2n15        261    18      2.78     2.78    2.67     0.655
        5  3n0        1537    86      4.11     4.00    3.00     0.523
        5  3n1        1433    86      4.11     3.22    2.89     0.607
        5  3n2         903    86      4.67     3.33    3.11     0.444
        5  3n3        3516    86      4.00     2.89    2.67     0.603
        5  3n4        2315    86      2.89     2.89    2.22     0.722
        5  3n5        1204    86      3.33     2.22    2.22     0.597
        5  3n6        5122    86      4.00     3.78    3.78     0.680
        5  3n7        1853    86      3.56     2.33    2.33     0.539
        5  4n0        1839   204      2.00     2.00    2.00     0.683
        5  4n1        1675   204      1.00     1.00    1.00     1.000
        5  4n2        3616   204      2.22     1.56    1.56     0.946
        5  4n3        4555   204      1.44     1.33    1.33     0.993
        5  5n0         307   128      1.25     1.25    1.25     0.922
        5  5n1        2097   128      1.78     1.78    1.78     0.772

    sb_yd_yk:
      era  cell      n_filed  rows   dist/cyc  keys/cyc  tok/cyc   top1(w)
        1  2n0        1698    14      4.17     4.17    3.83     0.581
        1  2n1        1787    14      3.58     3.58    3.42     0.560
        1  2n2        1690    14      4.00     4.00    3.67     0.605
        1  2n3        1615    14      3.17     3.17    2.83     0.653
        1  2n4        1399    14      3.08     3.08    2.92     0.661
        1  2n5        1986    14      3.25     3.25    2.83     0.659
        1  2n6        1800    14      3.33     3.33    3.00     0.539
        1  2n7        2040    14      3.75     3.75    3.08     0.587
        1  2n8        1553    14      3.92     3.92    3.25     0.659
        1  2n9        2045    14      3.17     3.17    3.08     0.601
        1  2n10       1711    14      4.00     4.00    3.67     0.565
        1  2n11       1425    14      3.08     3.08    2.75     0.657
        1  2n12       1462    14      3.25     3.25    2.92     0.688
        1  2n13       2128    14      3.42     3.42    3.17     0.625
        1  2n14       1621    14      3.75     3.75    3.25     0.539
        1  2n15       2138    14      3.00     3.00    2.42     0.686
        2  2n0        4836    16      4.80     4.80    3.60     0.495
        2  2n1        6751    16      5.00     5.00    3.32     0.447
        2  2n2        5564    16      4.14     4.14    2.96     0.459
        2  2n3        5107    16      4.16     4.16    2.64     0.548
        2  2n4        3339    16      4.00     4.00    2.94     0.543
        2  2n5        5528    16      4.36     4.36    2.98     0.479
        2  2n6        6134    16      3.58     3.58    2.58     0.530
        2  2n7        5453    16      4.18     4.18    2.54     0.511
        2  2n8        4416    16      4.62     4.62    3.24     0.466
        2  2n9        4742    16      4.52     4.52    3.24     0.498
        2  2n10       4613    16      4.32     4.32    3.12     0.476
        2  2n11       4673    16      4.16     4.16    2.74     0.466
        2  2n12       8982    16      5.08     5.08    3.74     0.414
        2  2n13       7121    16      4.82     4.82    3.04     0.461
        2  2n14       4357    16      3.70     3.70    2.58     0.477
        2  2n15       4132    16      3.68     3.68    2.36     0.496
        2  3n0        1722    61      4.80     3.60    3.70     0.593
        2  3n1        1968    61      6.00     4.10    3.40     0.397
        2  3n2        1798    61      4.90     3.40    3.20     0.499
        2  3n3        2156    61      4.60     3.50    3.00     0.486
        2  3n4        2107    61      5.00     3.80    3.60     0.532
        2  3n5        1883    61      5.90     4.10    3.20     0.307
        2  3n6        2344    61      6.10     4.20    3.70     0.457
        2  3n7        1868    61      4.30     2.90    2.90     0.458
        3  2n0        4632    17      4.53     4.53    3.71     0.513
        3  2n1        6325    17      4.80     4.80    3.73     0.495
        3  2n2        7808    17      4.30     4.30    3.09     0.552
        3  2n3        5493    17      4.74     4.74    3.04     0.463
        3  2n4        3614    17      3.97     3.97    3.11     0.554
        3  2n5        7282    17      4.01     4.01    3.14     0.605
        3  2n6        6692    17      3.54     3.54    2.76     0.718
        3  2n7        5655    17      3.76     3.76    2.23     0.596
        3  2n8        5921    17      5.30     5.30    3.90     0.445
        3  2n9        5287    17      4.64     4.64    3.66     0.441
        3  2n10       5786    17      4.53     4.53    3.27     0.483
        3  2n11       4094    17      4.53     4.53    3.00     0.492
        3  2n12      18373    17      4.60     4.60    3.83     0.559
        3  2n13      15058    17      5.11     5.11    3.44     0.527
        3  2n14       4710    17      2.79     2.79    2.29     0.677
        3  2n15       5872    17      4.09     4.09    2.71     0.550
        3  3n0        7080    79      5.39     4.16    3.47     0.416
        3  3n1        8250    79      6.41     4.04    3.54     0.383
        3  3n2        6786    79      5.10     3.66    3.40     0.505
        3  3n3       11704    79      5.53     3.66    3.27     0.462
        3  3n4        8441    79      5.13     3.74    3.36     0.456
        3  3n5        7421    79      6.16     3.69    3.36     0.420
        3  3n6       31420    79      7.34     4.67    3.89     0.420
        3  3n7       10835    79      4.37     2.80    2.80     0.497
        3  4n0        2370   108      2.24     2.17    2.17     0.728
        3  4n1        4890   108      1.28     1.24    1.24     0.971
        3  4n2        5805   108      2.45     1.90    1.90     0.714
        3  4n3        7439   108      1.38     1.21    1.21     0.971
        4  2n0         853    17      4.50     4.50    3.92     0.542
        4  2n1         916    17      5.17     5.17    4.25     0.417
        4  2n2        1035    17      3.83     3.83    2.92     0.675
        4  2n3        1091    17      4.08     4.08    3.08     0.516
        4  2n4         677    17      3.58     3.58    3.17     0.535
        4  2n5        1139    17      3.25     3.25    2.92     0.716
        4  2n6         997    17      2.75     2.75    2.58     0.866
        4  2n7         730    17      3.00     3.00    2.17     0.610
        4  2n8         966    17      4.67     4.67    3.75     0.409
        4  2n9         704    17      3.75     3.75    3.42     0.477
        4  2n10        728    17      3.33     3.33    2.75     0.640
        4  2n11        817    17      4.17     4.17    3.00     0.554
        4  2n12       1804    17      3.67     3.67    3.67     0.502
        4  2n13       1940    17      4.67     4.67    3.83     0.479
        4  2n14        716    17      2.17     2.17    2.00     0.906
        4  2n15       1068    17      3.17     3.17    2.67     0.660
        4  3n0        1416    80      4.58     3.92    3.25     0.459
        4  3n1        1377    80      6.08     4.25    3.75     0.361
        4  3n2        1102    80      4.42     3.25    3.17     0.542
        4  3n3        2343    80      4.75     2.92    2.83     0.504
        4  3n4        1250    80      5.42     3.33    2.42     0.431
        4  3n5        1589    80      6.50     4.33    3.33     0.415
        4  3n6        5529    80      5.00     4.42    3.75     0.546
        4  3n7        2376    80      3.75     2.67    2.67     0.466
        4  4n0        1434   132      2.92     2.83    2.83     0.621
        4  4n1        2372   132      1.58     1.50    1.50     0.941
        4  4n2        3619   132      2.58     1.83    1.83     0.732
        4  4n3        5173   132      1.42     1.42    1.42     0.972
        4  5n0         541    96      1.00     1.00    1.00     1.000
        4  5n1        1555    96      1.83     1.67    1.67     0.801
        5  2n0         594    18      3.89     3.89    3.67     0.510
        5  2n1         602    18      4.89     4.89    4.33     0.485
        5  2n2         951    18      3.11     3.11    2.56     0.732
        5  2n3         754    18      4.11     4.11    3.00     0.503
        5  2n4         439    18      3.11     3.11    2.56     0.599
        5  2n5         594    18      3.67     3.67    3.11     0.625
        5  2n6         391    18      2.44     2.44    2.00     0.801
        5  2n7         564    18      3.44     3.44    2.44     0.638
        5  2n8         535    18      3.67     3.67    2.89     0.563
        5  2n9         367    18      3.11     3.11    2.89     0.556
        5  2n10        531    18      3.00     3.00    2.67     0.652
        5  2n11        422    18      3.44     3.44    2.78     0.595
        5  2n12       1322    18      3.44     3.44    3.33     0.661
        5  2n13        735    18      2.89     2.89    2.67     0.581
        5  2n14        397    18      2.11     2.11    2.00     0.872
        5  2n15        661    18      3.33     3.33    2.78     0.741
        5  3n0        1453    83      5.00     3.67    2.67     0.394
        5  3n1        1145    83      4.89     3.67    2.89     0.457
        5  3n2        1137    83      4.11     3.00    2.78     0.557
        5  3n3        1697    83      4.78     2.78    2.78     0.358
        5  3n4         980    83      4.33     3.11    2.22     0.404
        5  3n5        1528    83      6.67     4.00    2.89     0.323
        5  3n6        3641    83      3.44     3.22    3.11     0.683
        5  3n7        1656    83      3.67     2.56    2.56     0.481
        5  4n0        1443   144      2.89     2.78    2.78     0.558
        5  4n1        1868   144      1.33     1.33    1.33     0.981
        5  4n2        4835   144      1.56     1.33    1.33     0.979
        5  4n3        4990   144      1.33     1.33    1.33     0.982
        5  5n0         684   112      1.00     1.00    1.00     1.000
        5  5n1        1504   112      1.22     1.22    1.22     0.962

====================================================================================================
[E] THE WRITER'S CLASS ACCURACY ON THE PRICED BEAM (held-out: fresh instances/cycle)
====================================================================================================
    `contains` against the clean latent, `rep` against the set of features that REPAIR
    the instance there. On an open slot the writer IS the head, so `rep` is the head's
    class accuracy; where the corridor is closed it is the DP's. Q0 §3's audition-path
    numbers for the DP at the frontier: 4n3 contains_rep 0.718 (era 4), 5n1 0.582.

    sb_so_yk:
      era  cell     contains n    contains   rep n     rep
        1  2n0         1835      0.308      754    0.053
        1  2n1         1594      0.484      701    0.098
        1  2n2         1534      0.524      705    0.183
        1  2n3         1205      0.434      662    0.080
        1  2n4         1589      0.383      715    0.109
        1  2n5         1703      0.327      743    0.100
        1  2n6         1540      0.344      669    0.078
        1  2n7         1837      0.417      741    0.089
        1  2n8         1978      0.187      716    0.025
        1  2n9         1870      0.293      768    0.130
        1  2n10        1721      0.589      725    0.135
        1  2n11        1298      0.386      675    0.058
        1  2n12        1420      0.358      651    0.315
        1  2n13        2139      0.387      768    0.224
        1  2n14        1773      0.470      765    0.118
        1  2n15        1941      0.360      761    0.079
        2  2n0         4734      0.356     3134    0.069
        2  2n1         5028      0.370     3119    0.061
        2  2n2         4027      0.446     2881    0.070
        2  2n3         3688      0.309     2746    0.058
        2  2n4         3699      0.407     2791    0.063
        2  2n5         4733      0.252     2979    0.033
        2  2n6         3875      0.394     2863    0.075
        2  2n7         4557      0.418     2999    0.072
        2  2n8         3868      0.293     2880    0.043
        2  2n9         5184      0.317     3049    0.087
        2  2n10        3831      0.477     2844    0.085
        2  2n11        3239      0.326     2625    0.066
        2  2n12        8507      0.515     3186    0.381
        2  2n13        5542      0.318     3112    0.094
        2  2n14        4276      0.251     2986    0.035
        2  2n15        4718      0.286     2953    0.070
        2  3n0         1623      0.134      597    0.057
        2  3n1         1562      0.164      544    0.044
        2  3n2         1680      0.547      635    0.107
        2  3n3         1772      0.274      577    0.021
        2  3n4         1983      0.132      619    0.050
        2  3n5         1430      0.343      481    0.019
        2  3n6         2342      0.419      629    0.211
        2  3n7         1672      0.250      579    0.069
        3  2n0         6398      0.452     4218    0.086
        3  2n1         4984      0.407     3926    0.048
        3  2n2         4887      0.518     3896    0.107
        3  2n3         4489      0.285     3711    0.044
        3  2n4         4457      0.441     3737    0.063
        3  2n5         5448      0.513     4059    0.092
        3  2n6         4523      0.646     3660    0.069
        3  2n7         4994      0.457     3846    0.069
        3  2n8         5505      0.354     4143    0.064
        3  2n9         6090      0.446     4219    0.069
        3  2n10        4951      0.578     3939    0.083
        3  2n11        4407      0.281     3673    0.049
        3  2n12       18931      0.382     4480    0.107
        3  2n13        8983      0.403     4417    0.172
        3  2n14        4422      0.351     3702    0.070
        3  2n15        6319      0.295     4202    0.105
        3  3n0         4619      0.135     3752    0.031
        3  3n1         4615      0.296     3866    0.116
        3  3n2         4434      0.370     3484    0.080
        3  3n3         5640      0.329     4247    0.068
        3  3n4         5810      0.124     4136    0.043
        3  3n5         4015      0.253     3503    0.094
        3  3n6        18561      0.422     4480    0.383
        3  3n7         6338      0.231     4158    0.138
        3  4n0         2110      0.273     1316    0.095
        3  4n1         2065      0.257     1137    0.119
        3  4n2         2710      0.451     1641    0.180
        3  4n3         3916      0.230     1812    0.387
        4  2n0         1223      0.405      737    0.058
        4  2n1          774      0.368      613    0.047
        4  2n2          866      0.664      649    0.094
        4  2n3          493      0.333      482    0.041
        4  2n4          637      0.308      581    0.117
        4  2n5          722      0.566      603    0.020
        4  2n6          874      0.635      686    0.076
        4  2n7          858      0.517      663    0.063
        4  2n8          865      0.430      679    0.127
        4  2n9          793      0.507      695    0.030
        4  2n10         702      0.544      626    0.050
        4  2n11         805      0.307      647    0.060
        4  2n12        3120      0.186      768    0.022
        4  2n13        1633      0.434      755    0.087
        4  2n14        1041      0.235      731    0.238
        4  2n15        1512      0.307      768    0.087
        4  3n0          850      0.166      670    0.039
        4  3n1          943      0.324      657    0.135
        4  3n2          719      0.239      610    0.116
        4  3n3          919      0.277      714    0.066
        4  3n4         1150      0.124      738    0.053
        4  3n5         1000      0.283      709    0.072
        4  3n6         4016      0.167      768    0.125
        4  3n7         1604      0.208      768    0.250
        4  4n0          586      0.676      547    0.115
        4  4n1          384      0.211      384    0.057
        4  4n2         1147      0.438      738    0.176
        4  4n3         2609      0.319      768    0.526
        4  5n0          510      0.625      161    0.043
        4  5n1         1039      0.473      349    0.318
        5  2n0         1107      0.361      568    0.077
        5  2n1          611      0.476      522    0.100
        5  2n2          600      0.523      462    0.104
        5  2n3          439      0.248      425    0.052
        5  2n4          429      0.490      422    0.038
        5  2n5          679      0.703      528    0.134
        5  2n6          604      0.631      471    0.074
        5  2n7          689      0.399      522    0.027
        5  2n8          635      0.143      509    0.090
        5  2n9          561      0.465      496    0.123
        5  2n10        1054      0.213      537    0.138
        5  2n11         650      0.174      499    0.064
        5  2n12        2274      0.225      576    0.031
        5  2n13        1640      0.329      543    0.044
        5  2n14         595      0.408      497    0.099
        5  2n15        1440      0.261      576    0.120
        5  3n0          683      0.329      529    0.034
        5  3n1          592      0.355      513    0.060
        5  3n2          646      0.396      523    0.136
        5  3n3          716      0.303      534    0.006
        5  3n4          937      0.298      573    0.049
        5  3n5         1058      0.237      576    0.066
        5  3n6         3148      0.159      576    0.050
        5  3n7         1907      0.253      576    0.099
        5  4n0          466      0.556      406    0.099
        5  4n1          297      0.010      251    0.080
        5  4n2         1020      0.454      568    0.213
        5  4n3         1269      0.314      573    0.223
        5  5n0           61      0.262       61    0.115
        5  5n1         1245      0.281      576    0.444

    sb_sv_yk:
      era  cell     contains n    contains   rep n     rep
        1  2n0         1462      0.482      684    0.161
        1  2n1         2099      0.321      764    0.194
        1  2n2         1636      0.424      763    0.208
        1  2n3         1690      0.335      757    0.160
        1  2n4         1514      0.420      723    0.195
        1  2n5         2024      0.478      766    0.142
        1  2n6         1706      0.648      768    0.259
        1  2n7         1924      0.466      753    0.218
        1  2n8         1448      0.349      713    0.149
        1  2n9         2111      0.280      768    0.221
        1  2n10        1635      0.529      704    0.203
        1  2n11        1488      0.353      730    0.071
        1  2n12        1411      0.352      645    0.433
        1  2n13        2051      0.405      768    0.227
        1  2n14        1597      0.621      746    0.223
        1  2n15        2128      0.315      768    0.107
        2  2n0         4442      0.432     3080    0.158
        2  2n1         5274      0.424     3070    0.171
        2  2n2         4639      0.529     2961    0.156
        2  2n3         4800      0.435     3066    0.152
        2  2n4         3192      0.488     2646    0.160
        2  2n5         4982      0.325     3061    0.151
        2  2n6         5014      0.597     3098    0.177
        2  2n7         4142      0.399     2853    0.149
        2  2n8         4112      0.384     2959    0.147
        2  2n9         5679      0.354     3144    0.191
        2  2n10        5749      0.615     3109    0.199
        2  2n11        4659      0.494     3006    0.153
        2  2n12        9616      0.368     3169    0.375
        2  2n13        5406      0.358     3067    0.284
        2  2n14        4163      0.573     3007    0.187
        2  2n15        5733      0.348     3120    0.174
        2  3n0         1703      0.223      640    0.095
        2  3n1         1681      0.280      605    0.172
        2  3n2         1870      0.188      633    0.096
        2  3n3         1768      0.405      593    0.182
        2  3n4         1977      0.223      639    0.194
        2  3n5         1556      0.307      491    0.214
        2  3n6         2490      0.478      640    0.452
        2  3n7         1921      0.315      640    0.211
        3  2n0         5169      0.490     4003    0.251
        3  2n1         8172      0.424     4444    0.226
        3  2n2         5850      0.584     4058    0.267
        3  2n3         5515      0.417     4149    0.178
        3  2n4         3558      0.604     3191    0.264
        3  2n5         6433      0.584     4311    0.249
        3  2n6         5608      0.705     4104    0.235
        3  2n7         3831      0.457     3348    0.205
        3  2n8         5459      0.437     3999    0.235
        3  2n9         6439      0.337     4245    0.212
        3  2n10        9502      0.654     4432    0.229
        3  2n11        4512      0.480     3743    0.191
        3  2n12       14544      0.379     4467    0.201
        3  2n13       10268      0.312     4426    0.251
        3  2n14        4045      0.684     3556    0.217
        3  2n15        4687      0.379     3792    0.248
        3  3n0         6823      0.329     4190    0.220
        3  3n1         7548      0.390     4402    0.235
        3  3n2         7234      0.376     4398    0.268
        3  3n3        14113      0.533     4476    0.347
        3  3n4         9445      0.319     4455    0.275
        3  3n5         7798      0.361     4295    0.304
        3  3n6        34593      0.456     4480    0.529
        3  3n7        13619      0.265     4475    0.267
        3  4n0         3912      0.542     1705    0.372
        3  4n1         3928      0.786     1740    0.485
        3  4n2         5278      0.415     1856    0.418
        3  4n3         8752      0.869     1827    0.750
        4  2n0         1185      0.543      714    0.419
        4  2n1         1429      0.514      768    0.309
        4  2n2          823      0.555      639    0.294
        4  2n3          801      0.463      649    0.254
        4  2n4          549      0.619      542    0.301
        4  2n5         1288      0.655      732    0.433
        4  2n6          833      0.733      677    0.310
        4  2n7          669      0.441      608    0.278
        4  2n8         1382      0.365      768    0.272
        4  2n9         1001      0.302      712    0.392
        4  2n10         919      0.715      733    0.352
        4  2n11         849      0.450      657    0.301
        4  2n12        1165      0.311      728    0.144
        4  2n13        1454      0.293      758    0.161
        4  2n14         642      0.497      517    0.414
        4  2n15         467      0.236      457    0.236
        4  3n0         1246      0.438      748    0.430
        4  3n1         1624      0.462      760    0.401
        4  3n2          791      0.508      676    0.417
        4  3n3         3806      0.473      768    0.418
        4  3n4         2173      0.506      768    0.529
        4  3n5         1500      0.419      754    0.488
        4  3n6         6879      0.321      768    0.357
        4  3n7         2823      0.244      768    0.328
        4  4n0         2063      0.432      768    0.402
        4  4n1         2198      0.897      767    0.508
        4  4n2         2909      0.284      768    0.505
        4  4n3         6098      0.847      768    0.728
        4  5n0          503      0.871      192    0.505
        4  5n1         2000      0.698      384    0.781
        5  2n0          779      0.413      499    0.433
        5  2n1          973      0.554      559    0.338
        5  2n2          613      0.612      514    0.232
        5  2n3          596      0.545      540    0.356
        5  2n4          506      0.534      445    0.279
        5  2n5          907      0.740      569    0.434
        5  2n6          455      0.659      425    0.365
        5  2n7          383      0.606      377    0.329
        5  2n8          563      0.202      489    0.501
        5  2n9          874      0.238      568    0.518
        5  2n10         559      0.470      438    0.224
        5  2n11         454      0.258      447    0.199
        5  2n12         597      0.270      466    0.204
        5  2n13         546      0.222      468    0.194
        5  2n14         449      0.597      436    0.222
        5  2n15         261      0.207      261    0.490
        5  3n0         1537      0.364      576    0.425
        5  3n1         1433      0.344      576    0.439
        5  3n2          903      0.439      567    0.319
        5  3n3         3516      0.471      576    0.472
        5  3n4         2315      0.555      576    0.528
        5  3n5         1204      0.333      576    0.391
        5  3n6         5122      0.266      576    0.292
        5  3n7         1853      0.365      576    0.299
        5  4n0         1839      0.574      576    0.318
        5  4n1         1675      0.888      576    0.483
        5  4n2         3616      0.419      576    0.472
        5  4n3         4555      0.845      576    0.434
        5  5n0          307      0.541      253    0.569
        5  5n1         2097      0.741      576    0.908

    sb_yd_yk:
      era  cell     contains n    contains   rep n     rep
        1  2n0         1698      0.506      727    0.164
        1  2n1         1787      0.299      754    0.154
        1  2n2         1690      0.415      750    0.197
        1  2n3         1615      0.354      764    0.205
        1  2n4         1399      0.339      693    0.153
        1  2n5         1986      0.472      765    0.103
        1  2n6         1800      0.583      745    0.184
        1  2n7         2040      0.441      768    0.129
        1  2n8         1553      0.348      738    0.202
        1  2n9         2045      0.300      768    0.176
        1  2n10        1711      0.565      721    0.186
        1  2n11        1425      0.436      728    0.168
        1  2n12        1462      0.311      678    0.422
        1  2n13        2128      0.385      768    0.177
        1  2n14        1621      0.640      760    0.217
        1  2n15        2138      0.346      768    0.146
        2  2n0         4836      0.474     3047    0.175
        2  2n1         6751      0.387     3148    0.135
        2  2n2         5564      0.643     3113    0.225
        2  2n3         5107      0.331     3023    0.099
        2  2n4         3339      0.573     2655    0.198
        2  2n5         5528      0.556     3160    0.149
        2  2n6         6134      0.688     3193    0.207
        2  2n7         5453      0.458     3087    0.172
        2  2n8         4416      0.442     3083    0.129
        2  2n9         4742      0.382     3003    0.155
        2  2n10        4613      0.663     2964    0.202
        2  2n11        4673      0.513     2940    0.199
        2  2n12        8982      0.639     3144    0.521
        2  2n13        7121      0.349     3199    0.242
        2  2n14        4357      0.675     2951    0.181
        2  2n15        4132      0.417     2867    0.186
        2  3n0         1722      0.387      620    0.156
        2  3n1         1968      0.201      640    0.120
        2  3n2         1798      0.393      620    0.179
        2  3n3         2156      0.139      640    0.192
        2  3n4         2107      0.404      640    0.172
        2  3n5         1883      0.347      582    0.198
        2  3n6         2344      0.466      640    0.520
        2  3n7         1868      0.302      624    0.237
        3  2n0         4632      0.546     3723    0.214
        3  2n1         6325      0.484     4218    0.174
        3  2n2         7808      0.666     4387    0.337
        3  2n3         5493      0.438     4090    0.171
        3  2n4         3614      0.685     3268    0.249
        3  2n5         7282      0.677     4294    0.291
        3  2n6         6692      0.773     4263    0.322
        3  2n7         5655      0.422     4116    0.215
        3  2n8         5921      0.472     4238    0.275
        3  2n9         5287      0.340     4025    0.148
        3  2n10        5786      0.694     4123    0.264
        3  2n11        4094      0.538     3596    0.224
        3  2n12       18373      0.491     4480    0.269
        3  2n13       15058      0.417     4480    0.248
        3  2n14        4710      0.700     3598    0.254
        3  2n15        5872      0.415     4139    0.288
        3  3n0         7080      0.399     4270    0.210
        3  3n1         8250      0.306     4426    0.230
        3  3n2         6786      0.445     4253    0.292
        3  3n3        11704      0.366     4466    0.270
        3  3n4         8441      0.457     4404    0.204
        3  3n5         7421      0.307     4404    0.188
        3  3n6        31420      0.499     4480    0.530
        3  3n7        10835      0.283     4408    0.327
        3  4n0         2370      0.551     1651    0.392
        3  4n1         4890      0.858     1821    0.405
        3  4n2         5805      0.582     1844    0.413
        3  4n3         7439      0.882     1848    0.791
        4  2n0          853      0.524      695    0.283
        4  2n1          916      0.397      709    0.255
        4  2n2         1035      0.566      756    0.447
        4  2n3         1091      0.467      750    0.208
        4  2n4          677      0.490      636    0.212
        4  2n5         1139      0.755      749    0.330
        4  2n6          997      0.711      675    0.284
        4  2n7          730      0.532      607    0.244
        4  2n8          966      0.462      659    0.302
        4  2n9          704      0.403      594    0.189
        4  2n10         728      0.783      642    0.260
        4  2n11         817      0.486      671    0.341
        4  2n12        1804      0.368      730    0.140
        4  2n13        1940      0.273      768    0.146
        4  2n14         716      0.716      617    0.196
        4  2n15        1068      0.250      689    0.372
        4  3n0         1416      0.433      746    0.237
        4  3n1         1377      0.349      752    0.267
        4  3n2         1102      0.470      752    0.367
        4  3n3         2343      0.484      768    0.293
        4  3n4         1250      0.424      701    0.295
        4  3n5         1589      0.267      768    0.225
        4  3n6         5529      0.320      768    0.275
        4  3n7         2376      0.180      768    0.339
        4  4n0         1434      0.662      714    0.317
        4  4n1         2372      0.888      768    0.428
        4  4n2         3619      0.387      768    0.457
        4  4n3         5173      0.799      768    0.743
        4  5n0          541      0.932      284    0.651
        4  5n1         1555      0.766      368    0.840
        5  2n0          594      0.513      476    0.351
        5  2n1          602      0.367      464    0.347
        5  2n2          951      0.729      575    0.358
        5  2n3          754      0.426      576    0.274
        5  2n4          439      0.636      396    0.404
        5  2n5          594      0.732      454    0.240
        5  2n6          391      0.637      363    0.251
        5  2n7          564      0.504      462    0.331
        5  2n8          535      0.252      461    0.445
        5  2n9          367      0.368      340    0.321
        5  2n10         531      0.571      480    0.308
        5  2n11         422      0.329      401    0.357
        5  2n12        1322      0.463      576    0.200
        5  2n13         735      0.286      560    0.111
        5  2n14         397      0.657      391    0.355
        5  2n15         661      0.224      513    0.446
        5  3n0         1453      0.455      576    0.234
        5  3n1         1145      0.351      576    0.241
        5  3n2         1137      0.533      576    0.344
        5  3n3         1697      0.446      576    0.427
        5  3n4          980      0.505      576    0.439
        5  3n5         1528      0.199      565    0.278
        5  3n6         3641      0.283      576    0.306
        5  3n7         1656      0.284      576    0.387
        5  4n0         1443      0.829      576    0.314
        5  4n1         1868      0.921      576    0.417
        5  4n2         4835      0.392      576    0.564
        5  4n3         4990      0.824      576    0.457
        5  5n0          684      0.975      492    0.793
        5  5n1         1504      0.096      576    0.623

====================================================================================================
[F] THE IN-SITU READ-BACK — the number DESIGN §15 says decides whether Q2's
    `own_readback` has anything to read
====================================================================================================
    The frozen reader run on the span the learner just wrote, IN PLACE, quotiented
    through the arm's own class map and tallied against the record's class. Never
    summed with the verdict. Q0 §4: the STRUCTURAL disagreement on the token class is
    0.000 by construction on this draw, so everything here is the neural ear plus the
    learned quotient.

    sb_so_yk:
      era  cell         n   class_agree  tuple_agree   unnamed
        1  2n0       1031       0.928       0.928     0.000
        1  2n1        953       0.932       0.932     0.000
        1  2n2        977       0.930       0.930     0.000
        1  2n3        846       1.000       1.000     0.000
        1  2n4        910       0.924       0.924     0.000
        1  2n5       1042       0.935       0.935     0.000
        1  2n6        869       0.974       0.974     0.000
        1  2n7        944       0.905       0.905     0.000
        1  2n8       1003       0.934       0.934     0.000
        1  2n9       1122       0.946       0.946     0.000
        1  2n10       931       0.966       0.966     0.000
        1  2n11       829       0.881       0.881     0.000
        1  2n12       825       0.904       0.904     0.000
        1  2n13      1106       0.963       0.963     0.000
        1  2n14      1062       0.982       0.982     0.000
        1  2n15      1041       0.906       0.906     0.000
        2  2n0       4175       0.941       0.941     0.000
        2  2n1       4260       0.970       0.970     0.000
        2  2n2       3639       0.923       0.923     0.000
        2  2n3       3414       0.925       0.925     0.000
        2  2n4       3483       0.971       0.971     0.000
        2  2n5       3972       0.941       0.941     0.000
        2  2n6       3584       0.944       0.944     0.000
        2  2n7       3976       0.924       0.924     0.000
        2  2n8       3629       0.906       0.906     0.000
        2  2n9       4107       0.898       0.898     0.000
        2  2n10      3608       0.933       0.933     0.000
        2  2n11      3139       0.892       0.892     0.000
        2  2n12      4714       0.961       0.961     0.000
        2  2n13      4390       0.844       0.844     0.000
        2  2n14      3925       0.942       0.942     0.000
        2  2n15      3947       0.974       0.974     0.000
        2  3n0        709       1.000       0.175     0.000
        2  3n1        690       1.000       0.646     0.000
        2  3n2        785       1.000       0.346     0.000
        2  3n3        763       1.000       0.374     0.000
        2  3n4        837       1.000       0.480     0.000
        2  3n5        549       1.000       0.563     0.000
        2  3n6        857       1.000       0.243     0.000
        2  3n7        755       1.000       0.781     0.000
        3  2n0       5506       0.624       0.624     0.000
        3  2n1       4730       0.317       0.317     0.000
        3  2n2       4617       0.348       0.348     0.000
        3  2n3       4403       0.547       0.547     0.000
        3  2n4       4347       0.641       0.641     0.000
        3  2n5       5072       0.455       0.455     0.000
        3  2n6       4388       0.511       0.511     0.000
        3  2n7       4700       0.628       0.628     0.000
        3  2n8       5166       0.620       0.620     0.000
        3  2n9       5325       0.550       0.550     0.000
        3  2n10      4685       0.766       0.766     0.000
        3  2n11      4320       0.443       0.443     0.000
        3  2n12      6720       0.488       0.488     0.000
        3  2n13      6325       0.190       0.190     0.000
        3  2n14      4337       0.688       0.688     0.000
        3  2n15      5463       0.709       0.709     0.000
        3  3n0       4498       1.000       0.202     0.000
        3  3n1       4547       1.000       0.113     0.000
        3  3n2       4106       1.000       0.138     0.000
        3  3n3       5297       1.000       0.187     0.000
        3  3n4       5285       1.000       0.185     0.000
        3  3n5       3900       1.000       0.354     0.000
        3  3n6       6670       1.000       0.143     0.000
        3  3n7       5493       1.000       0.231     0.000
        3  4n0       1436       1.000       0.072     0.000
        3  4n1       1233       1.000       0.407     0.000
        3  4n2       2038       1.000       0.459     0.000
        3  4n3       2435       1.000       0.299     0.000
        4  2n0        984       0.741       0.741     0.000
        4  2n1        730       0.647       0.647     0.000
        4  2n2        777       0.435       0.435     0.000
        4  2n3        493       0.832       0.832     0.000
        4  2n4        618       0.623       0.623     0.000
        4  2n5        718       0.582       0.582     0.000
        4  2n6        853       0.739       0.739     0.000
        4  2n7        791       0.828       0.828     0.000
        4  2n8        824       0.779       0.779     0.000
        4  2n9        793       0.762       0.762     0.000
        4  2n10       697       0.951       0.951     0.000
        4  2n11       776       0.736       0.736     0.000
        4  2n12      1152       0.734       0.734     0.000
        4  2n13      1082       0.523       0.523     0.000
        4  2n14       905       0.804       0.804     0.000
        4  2n15      1114       0.856       0.856     0.000
        4  3n0        826       0.989       0.622     0.000
        4  3n1        852       1.000       0.127     0.000
        4  3n2        704       1.000       0.347     0.000
        4  3n3        876       1.000       0.505     0.000
        4  3n4       1030       0.986       0.485     0.000
        4  3n5        909       0.991       0.669     0.000
        4  3n6       1152       1.000       0.442     0.000
        4  3n7       1107       1.000       0.338     0.000
        4  4n0        586       1.000       0.029     0.000
        4  4n1        384       1.000       0.107     0.000
        4  4n2       1005       1.000       0.599     0.000
        4  4n3       1152       1.000       0.161     0.000
        4  5n0        225       1.000       0.258     0.000
        4  5n1        456       1.000       0.502     0.000
        5  2n0        821       0.742       0.742     0.000
        5  2n1        610       0.669       0.669     0.000
        5  2n2        549       0.423       0.423     0.000
        5  2n3        439       0.825       0.825     0.000
        5  2n4        429       0.781       0.781     0.000
        5  2n5        641       0.668       0.668     0.000
        5  2n6        575       0.748       0.748     0.000
        5  2n7        646       0.899       0.899     0.000
        5  2n8        605       0.906       0.906     0.000
        5  2n9        557       0.768       0.768     0.000
        5  2n10       752       0.979       0.979     0.000
        5  2n11       598       0.758       0.758     0.000
        5  2n12       864       0.669       0.669     0.000
        5  2n13       799       0.477       0.477     0.000
        5  2n14       589       0.812       0.812     0.000
        5  2n15       864       0.928       0.928     0.000
        5  3n0        640       0.984       0.753     0.000
        5  3n1        565       1.000       0.310     0.000
        5  3n2        578       1.000       0.439     0.000
        5  3n3        666       1.000       0.480     0.000
        5  3n4        800       1.000       0.718     0.000
        5  3n5        842       0.993       0.681     0.000
        5  3n6        864       1.000       0.610     0.000
        5  3n7        864       1.000       0.484     0.000
        5  4n0        463       1.000       0.065     0.000
        5  4n1        283       1.000       0.000     0.000
        5  4n2        815       1.000       0.477     0.000
        5  4n3        829       1.000       0.119     0.000
        5  5n0         61       1.000       0.000     0.000
        5  5n1        840       1.000       0.019     0.000

    sb_sv_yk:
      era  cell         n   class_agree  tuple_agree   unnamed
        1  2n0        821       0.944       0.944     0.000
        1  2n1       1088       0.877       0.877     0.000
        1  2n2       1059       0.862       0.862     0.000
        1  2n3       1031       0.849       0.849     0.000
        1  2n4        947       0.855       0.855     0.000
        1  2n5       1100       0.951       0.951     0.000
        1  2n6       1079       0.794       0.794     0.000
        1  2n7       1023       0.727       0.727     0.000
        1  2n8        880       0.920       0.920     0.000
        1  2n9       1141       0.989       0.989     0.000
        1  2n10       981       0.807       0.807     0.000
        1  2n11       997       0.859       0.859     0.000
        1  2n12       730       0.866       0.866     0.000
        1  2n13      1101       0.869       0.869     0.000
        1  2n14       975       0.880       0.880     0.000
        1  2n15      1109       0.818       0.818     0.000
        2  2n0       3909       0.762       0.762     0.000
        2  2n1       4252       0.820       0.820     0.000
        2  2n2       3929       0.515       0.515     0.000
        2  2n3       4122       0.492       0.492     0.000
        2  2n4       3125       0.561       0.561     0.000
        2  2n5       4104       0.792       0.792     0.000
        2  2n6       4166       0.584       0.584     0.000
        2  2n7       3669       0.413       0.413     0.000
        2  2n8       3774       0.789       0.789     0.000
        2  2n9       4408       0.840       0.840     0.000
        2  2n10      4373       0.610       0.610     0.000
        2  2n11      4002       0.616       0.616     0.000
        2  2n12      4651       0.714       0.714     0.000
        2  2n13      4216       0.664       0.664     0.000
        2  2n14      3836       0.602       0.602     0.000
        2  2n15      4400       0.681       0.681     0.000
        2  3n0        920       1.000       0.997     0.000
        2  3n1        861       1.000       0.927     0.000
        2  3n2        879       1.000       0.972     0.000
        2  3n3        839       1.000       0.940     0.000
        2  3n4        863       1.000       1.000     0.000
        2  3n5        593       1.000       0.987     0.000
        2  3n6        907       1.000       1.000     0.000
        2  3n7        928       1.000       0.994     0.000
        3  2n0       4978       0.909       0.909     0.000
        3  2n1       6297       0.947       0.947     0.000
        3  2n2       5200       0.734       0.734     0.000
        3  2n3       5106       0.716       0.716     0.000
        3  2n4       3550       0.792       0.792     0.000
        3  2n5       5733       0.944       0.944     0.000
        3  2n6       5119       0.842       0.842     0.000
        3  2n7       3761       0.780       0.780     0.000
        3  2n8       5001       0.951       0.951     0.000
        3  2n9       5610       0.992       0.992     0.000
        3  2n10      6403       0.715       0.715     0.000
        3  2n11      4347       0.843       0.843     0.000
        3  2n12      6573       0.850       0.850     0.000
        3  2n13      6361       0.942       0.942     0.000
        3  2n14      3972       0.745       0.745     0.000
        3  2n15      4478       0.876       0.876     0.000
        3  3n0       5652       1.000       0.969     0.000
        3  3n1       5989       1.000       0.943     0.000
        3  3n2       6000       1.000       0.782     0.000
        3  3n3       6636       1.000       0.840     0.000
        3  3n4       6455       1.000       0.988     0.000
        3  3n5       5931       1.000       0.772     0.000
        3  3n6       6720       1.000       0.995     0.000
        3  3n7       6613       1.000       0.814     0.000
        3  4n0       2397       1.000       1.000     0.000
        3  4n1       2347       1.000       0.993     0.000
        3  4n2       2719       1.000       0.996     0.000
        3  4n3       2708       1.000       1.000     0.000
        4  2n0       1000       0.975       0.975     0.000
        4  2n1       1115       0.998       0.998     0.000
        4  2n2        780       0.760       0.760     0.000
        4  2n3        773       0.891       0.891     0.000
        4  2n4        549       0.871       0.871     0.000
        4  2n5       1036       0.963       0.963     0.000
        4  2n6        809       0.956       0.956     0.000
        4  2n7        669       0.783       0.783     0.000
        4  2n8       1067       0.954       0.954     0.000
        4  2n9        866       0.999       0.999     0.000
        4  2n10       881       0.857       0.857     0.000
        4  2n11       799       0.930       0.930     0.000
        4  2n12       960       0.883       0.883     0.000
        4  2n13      1075       0.991       0.991     0.000
        4  2n14       616       0.708       0.708     0.000
        4  2n15       467       1.000       1.000     0.000
        4  3n0        948       1.000       1.000     0.000
        4  3n1       1112       1.000       0.989     0.000
        4  3n2        747       1.000       0.572     0.000
        4  3n3       1152       1.000       0.999     0.000
        4  3n4       1152       1.000       1.000     0.000
        4  3n5       1043       1.000       0.983     0.000
        4  3n6       1152       1.000       1.000     0.000
        4  3n7       1152       1.000       0.819     0.000
        4  4n0       1120       1.000       1.000     0.000
        4  4n1       1104       1.000       1.000     0.000
        4  4n2       1152       1.000       0.996     0.000
        4  4n3       1152       1.000       1.000     0.000
        4  5n0        256       1.000       1.000     0.000
        4  5n1        553       1.000       1.000     0.000
        5  2n0        636       0.987       0.987     0.000
        5  2n1        737       0.940       0.940     0.000
        5  2n2        597       0.858       0.858     0.000
        5  2n3        596       0.906       0.906     0.000
        5  2n4        506       0.891       0.891     0.000
        5  2n5        755       0.952       0.952     0.000
        5  2n6        455       0.952       0.952     0.000
        5  2n7        383       0.903       0.903     0.000
        5  2n8        554       0.993       0.993     0.000
        5  2n9        776       1.000       1.000     0.000
        5  2n10       541       0.786       0.786     0.000
        5  2n11       454       0.905       0.905     0.000
        5  2n12       549       0.954       0.954     0.000
        5  2n13       545       0.932       0.932     0.000
        5  2n14       449       0.742       0.742     0.000
        5  2n15       261       0.950       0.950     0.000
        5  3n0        864       1.000       1.000     0.000
        5  3n1        864       1.000       0.966     0.000
        5  3n2        786       1.000       0.728     0.000
        5  3n3        864       1.000       0.991     0.000
        5  3n4        864       1.000       1.000     0.000
        5  3n5        848       1.000       0.982     0.000
        5  3n6        864       1.000       1.000     0.000
        5  3n7        864       1.000       0.897     0.000
        5  4n0        864       1.000       1.000     0.000
        5  4n1        841       1.000       1.000     0.000
        5  4n2        864       1.000       1.000     0.000
        5  4n3        864       1.000       1.000     0.000
        5  5n0        285       1.000       1.000     0.000
        5  5n1        864       1.000       1.000     0.000

    sb_yd_yk:
      era  cell         n   class_agree  tuple_agree   unnamed
        1  2n0        999       0.927       0.927     0.000
        1  2n1        950       0.913       0.913     0.000
        1  2n2       1052       0.867       0.867     0.000
        1  2n3       1024       0.778       0.778     0.000
        1  2n4        851       0.919       0.919     0.000
        1  2n5       1068       0.900       0.900     0.000
        1  2n6       1011       0.888       0.888     0.000
        1  2n7       1079       0.778       0.778     0.000
        1  2n8        989       0.879       0.879     0.000
        1  2n9       1106       0.986       0.986     0.000
        1  2n10      1020       0.898       0.898     0.000
        1  2n11       925       0.869       0.869     0.000
        1  2n12       774       0.903       0.903     0.000
        1  2n13      1149       0.912       0.912     0.000
        1  2n14      1000       0.909       0.909     0.000
        1  2n15      1147       0.851       0.851     0.000
        2  2n0       4055       0.760       0.760     0.000
        2  2n1       4511       0.581       0.581     0.000
        2  2n2       4351       0.475       0.475     0.000
        2  2n3       4126       0.404       0.404     0.000
        2  2n4       3221       0.495       0.495     0.000
        2  2n5       4429       0.643       0.643     0.000
        2  2n6       4530       0.669       0.669     0.000
        2  2n7       4254       0.384       0.384     0.000
        2  2n8       3988       0.646       0.646     0.000
        2  2n9       4005       0.588       0.588     0.000
        2  2n10      3875       0.577       0.577     0.000
        2  2n11      3961       0.335       0.335     0.000
        2  2n12      4539       0.711       0.711     0.000
        2  2n13      4613       0.672       0.672     0.000
        2  2n14      3894       0.686       0.686     0.000
        2  2n15      3651       0.531       0.531     0.000
        2  3n0        879       1.000       0.861     0.000
        2  3n1        941       0.983       0.296     0.000
        2  3n2        773       1.000       0.699     0.000
        2  3n3        927       0.999       0.720     0.000
        2  3n4        942       1.000       0.924     0.000
        2  3n5        733       0.999       0.577     0.000
        2  3n6        919       1.000       0.871     0.000
        2  3n7        828       1.000       0.664     0.000
        3  2n0       4441       0.905       0.905     0.000
        3  2n1       5596       0.819       0.819     0.000
        3  2n2       6155       0.744       0.744     0.000
        3  2n3       5161       0.713       0.713     0.000
        3  2n4       3578       0.801       0.801     0.000
        3  2n5       5833       0.845       0.845     0.000
        3  2n6       5750       0.852       0.852     0.000
        3  2n7       5234       0.684       0.684     0.000
        3  2n8       5482       0.905       0.905     0.000
        3  2n9       4985       0.794       0.794     0.000
        3  2n10      5232       0.845       0.845     0.000
        3  2n11      4014       0.739       0.739     0.000
        3  2n12      6708       0.945       0.945     0.000
        3  2n13      6714       0.824       0.824     0.000
        3  2n14      4407       0.875       0.875     0.000
        3  2n15      5229       0.687       0.687     0.000
        3  3n0       5836       1.000       0.895     0.000
        3  3n1       6377       1.000       0.656     0.000
        3  3n2       5751       1.000       0.824     0.000
        3  3n3       6670       1.000       0.888     0.000
        3  3n4       6241       0.998       0.965     0.000
        3  3n5       5979       0.994       0.680     0.000
        3  3n6       6713       1.000       0.866     0.000
        3  3n7       6412       1.000       0.789     0.000
        3  4n0       1961       1.000       0.997     0.000
        3  4n1       2651       1.000       0.994     0.000
        3  4n2       2639       0.994       0.989     0.000
        3  4n3       2744       1.000       1.000     0.000
        4  2n0        843       0.994       0.994     0.000
        4  2n1        856       0.871       0.871     0.000
        4  2n2        951       0.906       0.906     0.000
        4  2n3        967       0.840       0.840     0.000
        4  2n4        677       0.922       0.922     0.000
        4  2n5        973       0.908       0.908     0.000
        4  2n6        868       0.978       0.978     0.000
        4  2n7        718       0.876       0.876     0.000
        4  2n8        824       0.983       0.983     0.000
        4  2n9        687       0.991       0.991     0.000
        4  2n10       728       0.940       0.940     0.000
        4  2n11       767       0.977       0.977     0.000
        4  2n12      1016       1.000       1.000     0.000
        4  2n13      1148       0.956       0.956     0.000
        4  2n14       677       0.975       0.975     0.000
        4  2n15       890       0.908       0.908     0.000
        4  3n0       1006       1.000       0.953     0.000
        4  3n1       1055       1.000       0.809     0.000
        4  3n2        983       1.000       0.945     0.000
        4  3n3       1152       0.992       0.783     0.000
        4  3n4        973       1.000       0.881     0.000
        4  3n5       1146       1.000       0.874     0.000
        4  3n6       1152       1.000       0.986     0.000
        4  3n7       1152       1.000       0.694     0.000
        4  4n0       1023       1.000       1.000     0.000
        4  4n1       1152       1.000       1.000     0.000
        4  4n2       1152       1.000       1.000     0.000
        4  4n3       1152       1.000       1.000     0.000
        4  5n0        348       1.000       1.000     0.000
        4  5n1        526       1.000       1.000     0.000
        5  2n0        587       0.963       0.963     0.000
        5  2n1        578       0.874       0.874     0.000
        5  2n2        772       0.990       0.990     0.000
        5  2n3        742       0.725       0.725     0.000
        5  2n4        439       0.870       0.870     0.000
        5  2n5        568       0.961       0.961     0.000
        5  2n6        391       0.931       0.931     0.000
        5  2n7        530       0.800       0.800     0.000
        5  2n8        527       1.000       1.000     0.000
        5  2n9        367       1.000       1.000     0.000
        5  2n10       531       0.996       0.996     0.000
        5  2n11       422       0.964       0.964     0.000
        5  2n12       840       1.000       1.000     0.000
        5  2n13       732       0.956       0.956     0.000
        5  2n14       397       0.972       0.972     0.000
        5  2n15       617       0.896       0.896     0.000
        5  3n0        864       1.000       0.906     0.000
        5  3n1        823       1.000       0.837     0.000
        5  3n2        810       1.000       0.957     0.000
        5  3n3        864       1.000       0.725     0.000
        5  3n4        838       1.000       0.922     0.000
        5  3n5        815       1.000       0.832     0.000
        5  3n6        864       1.000       0.998     0.000
        5  3n7        864       1.000       0.830     0.000
        5  4n0        847       1.000       1.000     0.000
        5  4n1        864       1.000       1.000     0.000
        5  4n2        864       1.000       1.000     0.000
        5  4n3        864       1.000       1.000     0.000
        5  5n0        648       1.000       1.000     0.000
        5  5n1        864       1.000       1.000     0.000

====================================================================================================
[G] THE RECORD'S VOLUME AND THE OBJECTIVE'S DIET
====================================================================================================
    `filed` writes kept by the beam and on a graded tip; `solved` their verdict;
    `unnamed` training rows whose recorded class has no member in the current table
    (the argmax arms' own hazard — DESIGN §14); `verify_bad` gate V-1's counter.

    arm                    written    filed   solved%   unnamed   verify   v_bad   buf(last, max over slots)
    sb_so_yk                  1206554   341614    0.068         0   341614       0   8192
    sb_sv_yk                  1559967   444683    0.294         0   444683       0   8192
    sb_yd_yk                  1519341   441012    0.273         0   441012       0   8192

====================================================================================================
[H] ARRIVAL, CLASS COVERAGE, MERGES AND THE BILL
====================================================================================================
    arm                   L5@sup(end) L6@sup(end)  L4 classes(end)  merges taken  exp_reads   t_cum
    sb_so_yk                          3           0              21            29    2169596    51118976
    sb_sv_yk                         14           2              25            35    2235930    51127667
    sb_yd_yk                         11           2              28            32    2258259    51158771
    vo_s3:voi3_dp                    17           3              26            44    2288898    51208256
    vo_s3b:voi3b_comp_yk              8           2              21            43    2283467    51135949
    vo_s3b:voi3b_comp_pr_yk          12           1              26            37    2269032    51358593
    so_s1:so_mg_yk                   14           1              30            37    2253268    51218048
    so_s1:so_cg_yk                    9           2              24            36    2267901    51155866
    so_s1:so_hy_yk                   18           1              24            43    2289053    51293561
    al_s1:al_pj_yk                   14           2              27            35    2261183    51179110
    al_s1:al_rt_yk                    7           1              33            35    2246763    51148339

====================================================================================================
[I] ERA-4/5 ERROR — with the caveat
====================================================================================================
    `enharmonic`'s matched-clock gaps between near-identical arms reach 0.08, and these
    arms are SELF-PACED and lived different numbers of cycles, so error is NOT a claim
    here. The structural readouts above are.

    arm                   era1  era2  era3  era4  era5
    sb_so_yk                 0.538  0.785  0.828  0.875  0.905
    sb_sv_yk                 0.502  0.634  0.562  0.472  0.515
    sb_yd_yk                 0.501  0.626  0.587  0.586  0.550
    vo_s3:voi3_dp            0.499  0.620  0.613  0.671  0.773
    vo_s3b:voi3b_comp_yk     0.502  0.624  0.565  0.588  0.550
    vo_s3b:voi3b_comp_pr_yk  0.501  0.614  0.532  0.644  0.703
    so_s1:so_mg_yk           0.496  0.612  0.567  0.530  0.503
    so_s1:so_cg_yk           0.499  0.602  0.589  0.527  0.496
    so_s1:so_hy_yk           0.501  0.647  0.595  0.581  0.647
    al_s1:al_pj_yk           0.503  0.628  0.584  0.531  0.517
    al_s1:al_rt_yk           0.499  0.611  0.596  0.632  0.624

====================================================================================================
[J] THE CRITIC — held-out AUC against the verdict, per slot, over the run
====================================================================================================
    The held-out split is by the parity gate's own BIJECTIVE row code, not a coin flip,
    so a context recurring across cycles cannot sit on both sides. `auc` is None where
    one class is absent on the held-out rows — an AUC is undefined then, and saying so
    beats reporting 0.5. DENOMINATORS AND BASE RATES ARE PART OF THE READING: the
    preflight's AUCs sat on 16-26 rows at base rate 0.045-0.08 and were a path check.

    [sotto] `auc_world` is the probe AUC scored against the WORLD'S verdict on the
    same rows rather than against the verdict that was FILED. On a world-graded arm the
    two columns are the same number; on a model-graded arm they are not, and the one
    the question is about is `auc_world` — can the critic rank what the world would have
    said, having been taught by a mirror. `filed==world` is the share of the filed
    probe rows whose verdict the world agreed with, i.e. the mirror's own accuracy on
    the rows it actually put into the critic.

    [Q3] THE TWO DIETS ARE READ APART and are NEVER pooled. The filed rows are the
    practice beam's own writes — a narrow, self-selected candidate set (Q0 finding 3:
    at the frontier almost every write falls in one token class) — and the probe rows
    are the babbler's substitutions, a DIFFERENT class by construction. A pooled AUC
    would read that candidate-set difference as discrimination. Both columns carry
    their own denominator and base rate.

    sb_so_yk:
      FILED rows                                              PROBE rows [Q3], the AUC scored against the WORLD [sotto]
      slot   reads  n(last) base(last)  auc f/med/last  >.5   n(last) base(last)  auc f/med/last  >.5   auc_world f/med/last  filed==world
      2:0      152      870      0.038  0.697/0.636/0.680  0.94       799      0.053  0.576/0.790/0.684  1.00   0.313/0.584/0.709   0.948
      2:1      153      743      0.057  0.934/0.826/0.874  0.99       716      0.076  0.100/0.733/0.718  0.95   0.851/0.642/0.576   0.932
      2:2      153      875      0.037  0.484/0.678/0.542  0.75       857      0.024  0.329/0.331/0.517  0.39   0.471/0.662/0.484   0.978
      2:3      153      786      0.053  0.562/0.730/0.772  0.99       799      0.026  0.647/0.758/0.751  0.90   0.290/0.572/0.517   0.960
      2:4      153      842      0.076  0.644/0.788/0.813  0.99       836      0.052  0.376/0.629/0.660  0.74   0.318/0.645/0.721   0.974
      2:5      153      738      0.046  0.000/0.691/0.634  0.95       807      0.021  0.599/0.751/0.635  1.00   0.373/0.589/0.557   0.985
      2:6      153      815      0.033  0.622/0.614/0.745  0.87       840      0.023  0.515/0.677/0.576  0.85   0.353/0.791/0.766   0.970
      2:7      153      843      0.033  0.026/0.719/0.542  0.97       828      0.025  0.968/0.931/0.672  1.00   0.901/0.785/0.655   0.993
      2:8      153      815      0.036  0.326/0.935/0.557  0.99       838      0.038  0.761/0.748/0.899  1.00   0.232/0.795/0.635   0.951
      2:9      153     1024      0.040  0.366/0.715/0.738  0.98      1002      0.050  0.367/0.668/0.621  0.96   0.750/0.528/0.465   0.947
      2:10     152      861      0.074  0.980/0.814/0.585  0.97       840      0.060  0.712/0.820/0.752  0.97   0.719/0.773/0.773   0.948
      2:11     153      875      0.035  0.043/0.816/0.862  0.99       907      0.053  0.935/0.648/0.548  0.93   0.000/0.824/0.770   0.961
      2:12     153      950      0.025  0.900/0.657/0.453  0.75       854      0.035  0.059/0.734/0.694  0.99   0.440/0.526/0.495   0.955
      2:13     153      685      0.134  0.147/0.622/0.744  0.88       765      0.076  0.739/0.732/0.661  1.00   0.529/0.582/0.699   0.926
      2:14     153      849      0.078  0.818/0.776/0.791  0.98       869      0.029  0.486/0.559/0.673  0.71   0.365/0.687/0.759   0.977
      2:15     153      929      0.085  0.162/0.822/0.812  0.99       948      0.049  0.869/0.756/0.752  1.00   0.231/0.780/0.748   0.973
      3:0      101      707      0.034  0.984/0.913/0.957  1.00       514      0.017    (undefined: one class)      0.826/0.629/0.713   0.974
      3:1      101      738      0.131  0.616/0.616/0.528  0.94       556      0.023  0.947/0.968/0.989  1.00   0.795/0.842/0.806   0.983
      3:2      101      676      0.121  0.990/0.704/0.773  0.97       447      0.028  0.742/0.672/0.575  0.85   0.874/0.814/0.734   0.977
      3:3      101      794      0.034  0.955/0.837/0.903  0.94       559      0.024  0.931/0.818/0.902  1.00   0.619/0.754/0.599   0.968
      3:4      101      720      0.042  0.855/0.477/0.306  0.44       510      0.044  0.921/0.648/0.546  0.93   0.957/0.691/0.692   0.974
      3:5      101      630      0.094  0.809/0.762/0.571  1.00       422      0.028  0.383/0.377/0.185  0.08   0.642/0.698/0.429   0.986
      3:6      101      762      0.018  0.698/0.619/0.472  0.81       684      0.041  0.633/0.698/0.806  0.80   0.232/0.434/0.513   0.973
      3:7      100      876      0.108  0.056/0.611/0.567  0.79       611      0.025  0.476/0.718/0.793  0.78   0.722/0.691/0.681   0.989
      4:0       50      331      0.030  0.988/0.989/0.786  1.00       223      0.049  0.933/0.954/0.982  1.00   0.882/0.690/0.708   0.882
      4:1       50      275      0.102  0.858/0.732/0.393  0.84       197      0.065    (undefined: one class)      0.467/0.641/0.556   0.898
      4:2       50      491      0.114  0.459/0.646/0.605  0.96       259      0.047    (undefined: one class)      0.325/0.466/0.463   0.966
      4:3       50      858      0.086  0.629/0.736/0.685  0.95       322      0.111  0.940/0.614/0.606  0.98   0.714/0.703/0.641   0.924
      5:0       15       54      0.148  0.000/0.204/0.346  0.00        31      0.037    (undefined: one class)      0.923/0.350/0.200   0.966
      5:1       14      187      0.332  0.852/0.794/0.595  1.00        70      0.264  0.989/0.727/0.846  1.00   0.714/0.709/0.677   0.582

    sb_sv_yk:
      FILED rows                                              PROBE rows [Q3], the AUC scored against the WORLD [sotto]
      slot   reads  n(last) base(last)  auc f/med/last  >.5   n(last) base(last)  auc f/med/last  >.5   auc_world f/med/last  filed==world
      2:0      153     1024      0.249  1.000/0.716/0.723  0.98       928      0.106  0.502/0.616/0.750  0.80   0.457/0.658/0.731   0.882
      2:1      153      825      0.262  0.182/0.749/0.760  0.95       739      0.195  0.859/0.621/0.761  1.00   0.967/0.731/0.753   0.888
      2:2      153      780      0.231  0.457/0.731/0.667  0.99       835      0.164  0.322/0.564/0.502  0.90   0.810/0.639/0.652   0.876
      2:3      146      843      0.231  0.071/0.645/0.702  0.95       927      0.100  0.979/0.843/0.759  0.94   0.765/0.669/0.721   0.945
      2:4      153      801      0.203  0.375/0.555/0.568  0.91       705      0.117  0.463/0.674/0.717  0.82   0.571/0.557/0.642   0.899
      2:5      153      710      0.304  0.900/0.645/0.604  1.00       758      0.126  0.263/0.731/0.778  0.99   0.036/0.706/0.707   0.899
      2:6      153      801      0.305  0.689/0.514/0.827  0.55       851      0.113  0.852/0.645/0.726  0.86   0.190/0.440/0.586   0.878
      2:7      153     1013      0.223  0.650/0.763/0.729  0.87       976      0.067  0.897/0.817/0.800  1.00   0.350/0.743/0.766   0.950
      2:8      153      885      0.393  0.392/0.680/0.666  0.99       797      0.140  0.310/0.596/0.739  0.80   0.684/0.588/0.689   0.832
      2:9      153      922      0.234  0.515/0.645/0.713  0.97       931      0.134  0.000/0.663/0.721  0.88   0.060/0.652/0.841   0.898
      2:10     153     1011      0.302  0.700/0.638/0.622  1.00       962      0.142  0.442/0.721/0.698  0.99   0.464/0.681/0.682   0.865
      2:11     153      622      0.174  0.586/0.609/0.660  0.78       714      0.129  1.000/0.755/0.718  1.00   0.000/0.496/0.502   0.816
      2:12     153      771      0.226  0.163/0.625/0.625  0.86       810      0.112  0.620/0.706/0.706  1.00   0.413/0.656/0.718   0.852
      2:13     153      871      0.250  0.061/0.714/0.646  0.99       829      0.136  0.773/0.720/0.657  1.00   0.550/0.722/0.705   0.864
      2:14     152      836      0.191  0.438/0.619/0.604  0.93       861      0.153  0.354/0.724/0.765  0.92   0.844/0.698/0.673   0.835
      2:15     153      830      0.177  1.000/0.667/0.654  0.99       883      0.118  0.938/0.776/0.790  1.00   0.345/0.574/0.630   0.895
      3:0      101      999      0.339  0.928/0.777/0.812  0.99       741      0.134  0.580/0.715/0.842  1.00   0.192/0.752/0.787   0.915
      3:1      101      899      0.419  1.000/0.713/0.669  0.96       585      0.132  0.836/0.802/0.792  1.00   0.700/0.555/0.551   0.917
      3:2      101      896      0.339  0.517/0.691/0.729  0.90       679      0.097  0.674/0.841/0.890  1.00   0.679/0.679/0.716   0.905
      3:3      101      759      0.404  1.000/0.744/0.696  1.00       540      0.078  0.765/0.893/0.768  1.00   0.958/0.681/0.711   0.918
      3:4      101      796      0.555  0.636/0.717/0.682  1.00       676      0.144  1.000/0.861/0.761  1.00   0.661/0.663/0.745   0.893
      3:5      101      800      0.320  0.880/0.682/0.736  1.00       579      0.153  0.556/0.669/0.656  1.00   0.167/0.644/0.683   0.897
      3:6      101      812      0.433  0.572/0.575/0.624  0.93       614      0.127  0.510/0.761/0.798  0.99   0.273/0.661/0.697   0.884
      3:7      101      840      0.312  0.565/0.637/0.647  0.97       669      0.091  0.053/0.665/0.707  0.89   0.295/0.641/0.635   0.909
      4:0       50      764      0.466  0.222/0.662/0.672  0.94       293      0.220  0.607/0.717/0.698  1.00   0.600/0.718/0.705   0.687
      4:1       50      771      0.529  0.300/0.563/0.554  0.92       314      0.238  0.905/0.823/0.772  1.00   0.333/0.495/0.508   0.624
      4:2       50      803      0.440  0.181/0.470/0.469  0.34       307      0.172  0.765/0.858/0.861  0.96   0.388/0.559/0.547   0.886
      4:3       50      623      0.441  0.722/0.556/0.496  0.90       306      0.200  0.880/0.819/0.817  1.00   0.722/0.605/0.625   0.747
      5:0       14      145      0.738  0.677/0.908/0.848  1.00        66      0.513  0.781/0.750/0.567  1.00   0.827/0.489/0.584   0.529
      5:1       15      368      0.666  0.900/0.623/0.704  0.93        74      0.305  0.680/0.669/0.669  1.00   0.667/0.610/0.584   0.766

    sb_yd_yk:
      FILED rows                                              PROBE rows [Q3], the AUC scored against the WORLD [sotto]
      slot   reads  n(last) base(last)  auc f/med/last  >.5   n(last) base(last)  auc f/med/last  >.5   auc_world f/med/last  filed==world
      2:0      153      782      0.196  1.000/0.692/0.773  0.95       763      0.106  0.357/0.745/0.825  0.99   0.362/0.650/0.705   0.875
      2:1      153      796      0.166  0.182/0.710/0.751  0.97       808      0.185  0.538/0.617/0.669  0.99   0.083/0.590/0.599   0.854
      2:2      153      763      0.336  0.825/0.608/0.734  0.89       826      0.129  0.593/0.675/0.761  0.83   0.000/0.684/0.700   0.935
      2:3      148      769      0.238  0.180/0.582/0.667  0.88       818      0.128  0.100/0.631/0.641  0.97   0.188/0.535/0.664   0.897
      2:4      153      765      0.221  0.333/0.624/0.641  0.82       741      0.090  0.030/0.707/0.758  0.92   0.973/0.714/0.824   0.956
      2:5      153      791      0.319  0.900/0.629/0.664  0.99       801      0.158  0.288/0.577/0.541  0.89   0.042/0.636/0.638   0.866
      2:6      153      854      0.425  0.689/0.645/0.677  0.85       873      0.133  0.938/0.624/0.678  0.94   0.938/0.567/0.576   0.900
      2:7      153      778      0.263  0.596/0.794/0.819  0.92       773      0.127  0.677/0.606/0.739  0.91   0.306/0.689/0.778   0.907
      2:8      153      856      0.210  0.549/0.775/0.887  0.99       879      0.156  1.000/0.751/0.774  1.00   0.947/0.567/0.632   0.887
      2:9      153      903      0.147  0.515/0.680/0.773  0.97       898      0.132  0.316/0.709/0.658  0.99   0.908/0.681/0.689   0.863
      2:10     153      834      0.271  0.700/0.636/0.736  0.89       764      0.137  0.600/0.681/0.648  1.00   0.167/0.506/0.634   0.862
      2:11     153      724      0.256  0.562/0.631/0.698  0.89       714      0.149  0.897/0.612/0.670  0.89   0.667/0.591/0.666   0.882
      2:12     153      880      0.280  0.163/0.604/0.578  0.86       850      0.157  0.333/0.636/0.636  0.97   0.432/0.572/0.656   0.857
      2:13     153      783      0.207  0.061/0.628/0.619  0.94       719      0.169  0.716/0.664/0.640  1.00   0.786/0.631/0.618   0.873
      2:14     151      762      0.247  0.861/0.700/0.701  0.77       836      0.127  0.111/0.604/0.570  0.97   0.933/0.733/0.743   0.893
      2:15     153      871      0.341  1.000/0.691/0.726  0.97       829      0.162  0.981/0.779/0.793  1.00   0.630/0.615/0.605   0.925
      3:0      101      892      0.327  0.171/0.528/0.714  0.57       677      0.142  0.857/0.686/0.812  0.95   0.530/0.708/0.842   0.927
      3:1      101      809      0.237  1.000/0.714/0.629  0.99       609      0.097  0.471/0.708/0.786  0.89   0.295/0.629/0.654   0.927
      3:2      101      775      0.373  0.190/0.696/0.695  0.95       625      0.126  0.882/0.790/0.785  1.00   0.757/0.618/0.734   0.955
      3:3      101      691      0.368  0.749/0.705/0.665  1.00       655      0.090  0.870/0.818/0.833  1.00   0.870/0.690/0.682   0.964
      3:4      101      748      0.441  0.082/0.737/0.709  0.99       586      0.125  0.452/0.744/0.857  0.99   0.684/0.677/0.692   0.920
      3:5      101      807      0.379  0.647/0.684/0.671  0.96       611      0.091  0.333/0.730/0.803  0.94   0.451/0.670/0.674   0.912
      3:6      101      764      0.284  0.586/0.676/0.665  0.98       670      0.137  0.833/0.685/0.633  0.94   0.533/0.626/0.661   0.876
      3:7      101      726      0.296  0.328/0.717/0.713  0.98       609      0.113  0.468/0.676/0.632  0.99   0.276/0.717/0.810   0.935
      4:0       49      522      0.621  0.692/0.736/0.689  1.00       333      0.371  0.737/0.653/0.645  0.89   0.635/0.487/0.511   0.660
      4:1       50      959      0.502  0.533/0.726/0.728  0.92       390      0.300  0.922/0.857/0.834  1.00   0.320/0.611/0.638   0.748
      4:2       50     1024      0.542  0.307/0.664/0.586  0.86       297      0.134  0.857/0.935/0.903  1.00   0.676/0.616/0.579   0.897
      4:3       50      764      0.559  0.727/0.692/0.751  1.00       324      0.297  0.667/0.740/0.735  0.96   0.788/0.732/0.724   0.786
      5:0       15      107      0.850  1.000/1.000/1.000  1.00        63      0.470  0.000/0.587/0.717  0.82   0.933/0.704/0.580   0.469
      5:1       15      264      0.670  0.303/0.493/0.470  0.47        76      0.387  0.673/0.767/0.744  1.00   0.762/0.604/0.547   0.578

====================================================================================================
[K] EPSILON — its OWN counters, and the frontier it is confined to
====================================================================================================
    `n_eps` counts calls where epsilon FIRED; `eps_shift` those where the uniform class
    draw actually changed the write (it is below `n_eps` because a uniform draw can land
    on the class the argmax would have written). These are separate from `shift`, which
    also counts the CRITIC re-deciding — on a governed arm the two are not separable
    from `shift` alone. Q1 §19 is why the frontier confinement exists at all.

    sb_so_yk: epsilon never fired (argmax arm).

    sb_sv_yk: epsilon never fired (argmax arm).

    sb_yd_yk: epsilon never fired (argmax arm).

====================================================================================================
[L] GOVERNANCE — which slots the critic earned, when, and how often it moved the write
====================================================================================================
    A slot is governed once it holds `vo_critic_min` filed rows. `shift - eps_shift`
    is the part of the re-decision the CRITIC is responsible for.

    sb_so_yk:  30 slots governed
      slot   first  last   calls     critic-moved share
      2:0   c49    c201    137595               0.711
      2:1   c49    c201     64374               0.565
      2:2   c49    c201     76173               0.590
      2:3   c50    c201     79377               0.797
      2:4   c49    c201     65029               0.694
      2:5   c49    c201     83347               0.709
      2:6   c49    c201     57563               0.744
      2:7   c49    c201     69877               0.618
      2:8   c49    c201    122140               0.834
      2:9   c49    c201    111938               0.637
      2:10  c49    c201     90289               0.681
      2:11  c49    c201     69328               0.762
      2:12  c49    c201    905879               0.686
      2:13  c49    c201    248565               0.727
      2:14  c49    c201     69347               0.744
      2:15  c49    c201    144914               0.556
      3:0   c101   c201     53762               0.831
      3:1   c101   c201     61235               0.625
      3:2   c101   c201     55675               0.826
      3:3   c101   c201     52982               0.865
      3:4   c101   c201     79356               0.760
      3:5   c101   c201     80638               0.881
      3:6   c101   c201    582348               0.861
      3:7   c101   c201    154378               0.823
      4:0   c152   c201     62694               0.953
      4:1   c152   c201     56623               0.913
      4:2   c152   c201     73450               0.942
      4:3   c152   c201    117809               0.962
      5:0   c188   c201     29926               0.975
      5:1   c187   c201     70013               0.434

    sb_sv_yk:  30 slots governed
      slot   first  last   calls     critic-moved share
      2:0   c49    c201     75077               0.589
      2:1   c49    c201    201650               0.540
      2:2   c49    c201    100013               0.599
      2:3   c49    c201     96701               0.602
      2:4   c49    c201     49411               0.556
      2:5   c49    c201    118731               0.358
      2:6   c49    c201    104849               0.435
      2:7   c49    c201     50168               0.536
      2:8   c49    c201     83981               0.524
      2:9   c49    c201    117711               0.442
      2:10  c49    c201    332540               0.512
      2:11  c49    c201     72115               0.615
      2:12  c49    c201    653846               0.430
      2:13  c49    c201    297142               0.383
      2:14  c49    c201     80798               0.520
      2:15  c49    c201     69113               0.540
      3:0   c101   c201    116721               0.308
      3:1   c101   c201    158461               0.568
      3:2   c101   c201     69202               0.486
      3:3   c101   c201    500151               0.229
      3:4   c101   c201    203420               0.308
      3:5   c101   c201    151122               0.434
      3:6   c101   c201   1148906               0.199
      3:7   c101   c201    370658               0.384
      4:0   c152   c201    199246               0.418
      4:1   c152   c201    165263               0.120
      4:2   c152   c201    217781               0.227
      4:3   c152   c201    467558               0.002
      5:0   c188   c201     33767               0.179
      5:1   c187   c201    102825               0.281

    sb_yd_yk:  30 slots governed
      slot   first  last   calls     critic-moved share
      2:0   c49    c201     67679               0.537
      2:1   c49    c201    132105               0.500
      2:2   c49    c201    199509               0.534
      2:3   c49    c201     62192               0.673
      2:4   c49    c201     55154               0.555
      2:5   c49    c201    152648               0.401
      2:6   c49    c201    177051               0.362
      2:7   c49    c201     84747               0.490
      2:8   c49    c201     63507               0.547
      2:9   c49    c201     68666               0.556
      2:10  c49    c201    158084               0.549
      2:11  c49    c201     55931               0.573
      2:12  c49    c201    783035               0.285
      2:13  c49    c201    462309               0.269
      2:14  c49    c201     95373               0.457
      2:15  c49    c201    123313               0.357
      3:0   c101   c201    115365               0.656
      3:1   c101   c201    163913               0.799
      3:2   c101   c201    129750               0.475
      3:3   c101   c201    313729               0.517
      3:4   c101   c201    119130               0.520
      3:5   c101   c201    132162               0.749
      3:6   c101   c201   1038802               0.323
      3:7   c101   c201    280064               0.398
      4:0   c153   c201     66866               0.290
      4:1   c152   c201    202958               0.016
      4:2   c152   c201    346470               0.286
      4:3   c152   c201    425284               0.036
      5:0   c188   c201     36634               0.000
      5:1   c187   c201     95115               0.649

====================================================================================================
[M] THE CORRIDOR UNDER A MOVED WRITE — misfire with the treatment's own draws removed
====================================================================================================
    `n_misfire` counts FIRED rows (the head executed) whose span did not match
    `dp_features` exactly. Where the treatment RE-DECIDED the write, a mismatch with the
    DP's row IS the treatment and not a defect — so the raw rate is not the corridor's
    health on a treated arm.

    [Q3] THE SPLIT Q2 COULD NOT MAKE. `n_sampled` / `n_xp_shift` count every
    re-decided call, OPEN and CLOSED alike, and `n_fired` counts only calls the head
    executed — so on an arm whose corridor is mostly shut, Q2's `shift - misfire` was
    a subtraction across two different denominators and `excess` had to be withheld
    wherever `shift > n_misfire`. The recorder now tallies the shift BY PATH
    (`n_shift_fired` / `n_shift_closed`), so `excess` below is
        (n_misfire - shift_FIRED) / n_fired
    on the same denominator throughout. It is the misfire the moved write does NOT
    explain. A negative value means the head matched the DP on rows the treatment had
    moved — possible, and printed rather than clipped. Q2's undecomposable form is kept
    in the last two columns so a Q2 tag reduces to the same numbers it did.

    arm                    open max/last  n_fired    misfire   shift_fire  shift_clos   excess    [Q2 form]
    sb_so_yk                   26 /   24    2706313    0.8081     1931050     1011419    0.0946   shift/sampled 0.7494 excess n/a
    sb_sv_yk                   30 /   29    5581080    0.3807     1723781      436339    0.0719   shift/sampled 0.3370 excess n/a
    sb_yd_yk                   30 /   30    5376710    0.3928     1800968      511118    0.0579   shift/sampled 0.3725 excess n/a

    n_open per 10 cycles:
      sb_so_yk                 0   0   0   0   0   1  16  16  16  16  16  24  22  22  21  22  25  23  23  23  24
      sb_sv_yk                 0   0   0   0   0   1  16  16  16  16  15  24  24  24  24  24  28  26  26  30  29
      sb_yd_yk                 0   0   0   0   0   1  16  16  16  16  16  24  23  24  24  24  28  28  28  29  30

====================================================================================================
[N] THE COMPOSED CHOICE — how often the critic moved the write off the DP's row
====================================================================================================
    On a governed slot the composed chooser is  argmax_t  z(dp_t / span) + w * z(critic_t)
    over the on-table candidates, each z-scored over the candidate SET. `moved` is the
    share of governed calls where that argmax is not the DP's own argmax — MEASURED at
    the choice, never inferred from the write.

    `dp_vs_head` is printed beside it and is a DIFFERENT quantity: on an OPEN slot the
    executor's own would-be write is the head's emission, not the DP's row, so the two
    priors already disagree before the critic is consulted. Reading `moved` without it
    would attribute that standing disagreement to the critic. It is 0 on a closed slot
    by construction (there the DP IS the writer).

    A `moved` share near 0 says the critic is decorative at this w; near 1 says the DP
    is. Neither is a defect and neither is read as one here.

    sb_so_yk:  mode=composed  w=1.0
      cell    governed calls      moved   share    dp_vs_head share
      2n0             137595     104499   0.759              0.122
      2n1              64374      38176   0.593              0.113
      2n2              76173      47330   0.621              0.095
      2n3              79377      66684   0.840              0.148
      2n4              65029      46448   0.714              0.113
      2n5              83347      62585   0.751              0.113
      2n6              57563      45358   0.788              0.122
      2n7              69877      45823   0.656              0.138
      2n8             122140     105539   0.864              0.115
      2n9             111938      73035   0.652              0.079
      2n10             90289      64308   0.712              0.120
      2n11             69328      54289   0.783              0.117
      2n12            905879     731529   0.808              0.256
      2n13            248565     209219   0.842              0.194
      2n14             69347      54226   0.782              0.137
      2n15            144914      86069   0.594              0.134
      3n0              53762      45186   0.840              0.030
      3n1              61235      42489   0.694              0.162
      3n2              55675      46906   0.842              0.100
      3n3              52982      46889   0.885              0.088
      3n4              79356      60717   0.765              0.162
      3n5              80638      73260   0.909              0.167
      3n6             582348     535351   0.919              0.230
      3n7             154378     134705   0.873              0.174
      4n0              62694      59806   0.954              0.037
      4n1              56623      51395   0.908              0.021
      4n2              73450      69204   0.942              0.000
      4n3             117809     113924   0.967              0.256
      5n0              29926      29178   0.975              0.002
      5n1              70013      30471   0.435              0.015
      ALL            3926624    3174598   0.808

    sb_sv_yk:  mode=composed  w=1.0
      cell    governed calls      moved   share    dp_vs_head share
      2n0              75077      49236   0.656              0.159
      2n1             201650     127226   0.631              0.194
      2n2             100013      65957   0.659              0.157
      2n3              96701      67527   0.698              0.177
      2n4              49411      30257   0.612              0.153
      2n5             118731      45405   0.382              0.144
      2n6             104849      52806   0.504              0.141
      2n7              50168      30572   0.609              0.171
      2n8              83981      47187   0.562              0.133
      2n9             117711      59609   0.506              0.155
      2n10            332540     208125   0.626              0.188
      2n11             72115      48097   0.667              0.143
      2n12            653846     342169   0.523              0.233
      2n13            297142     137466   0.463              0.161
      2n14             80798      46581   0.577              0.152
      2n15             69113      41597   0.602              0.163
      3n0             116721      38248   0.328              0.116
      3n1             158461     105243   0.664              0.195
      3n2              69202      35640   0.515              0.083
      3n3             500151     154790   0.309              0.147
      3n4             203420      80892   0.398              0.162
      3n5             151122      72049   0.477              0.156
      3n6            1148906     286531   0.249              0.126
      3n7             370658     155913   0.421              0.159
      4n0             199246      98612   0.495              0.149
      4n1             165263      19861   0.120              0.000
      4n2             217781      58226   0.267              0.129
      4n3             467558       1617   0.003              0.004
      5n0              33767       6253   0.185              0.012
      5n1             102825      30684   0.298              0.028
      ALL            6408927    2544376   0.397

    sb_yd_yk:  mode=composed  w=1.0
      cell    governed calls      moved   share    dp_vs_head share
      2n0              67679      39548   0.584              0.131
      2n1             132105      70308   0.532              0.155
      2n2             199509     122772   0.615              0.144
      2n3              62192      44171   0.710              0.153
      2n4              55154      33351   0.605              0.135
      2n5             152648      65456   0.429              0.103
      2n6             177051      73114   0.413              0.092
      2n7              84747      46886   0.553              0.156
      2n8              63507      36926   0.581              0.135
      2n9              68666      39211   0.571              0.120
      2n10            158084      93756   0.593              0.151
      2n11             55931      34924   0.624              0.152
      2n12            783035     271333   0.347              0.150
      2n13            462309     139796   0.302              0.115
      2n14             95373      50625   0.531              0.126
      2n15            123313      48486   0.393              0.103
      3n0             115365      79755   0.691              0.136
      3n1             163913     134475   0.820              0.150
      3n2             129750      63074   0.486              0.063
      3n3             313729     186134   0.593              0.181
      3n4             119130      66406   0.557              0.129
      3n5             132162     104548   0.791              0.187
      3n6            1038802     388158   0.374              0.183
      3n7             280064     139281   0.497              0.179
      4n0              66866      20793   0.311              0.098
      4n1             202958       3313   0.016              0.000
      4n2             346470     123386   0.356              0.183
      4n3             425284      25471   0.060              0.031
      5n0              36634          0   0.000              0.000
      5n1              95115      62268   0.655              0.028
      ALL            6207545    2607725   0.420

====================================================================================================
[O] BABBLING OFF-STREAM — the probe's counts, what it graded, and its share of the bill
====================================================================================================
    Per governed slot per cycle, up to `vo_probe_n` filed contexts: the trajectory's
    FINAL configuration with a DIFFERENT on-table class substituted at that slot,
    rendered and graded once. The verdict answers 'would this write ALONE have been
    right, holding the rest of the trajectory fixed' — not 'would the beam have
    solved it'; the rest of the trajectory is the beam's own, unchanged. Said here
    because the probe's solve rate is only comparable to the FILED rate under that
    reading.

    PRICED: every probe grading is a grounding on the meter at `d_fb`, inside the
    cycle's own ledger. `share` below is of the WHOLE cycle's priced ledger, the
    probe's own cost included — the number the design's ~5% cap is stated against.
    Gate V-4B asserts the bill moved by exactly the probe count and gate V-5 that
    nothing else did.

    arm                    probes   graded    solved   solve rate    bill: mean / max    cycles billed
    sb_so_yk               195931        0      4750       0.0242    0.0000 / 0.0000          0 / 201
    sb_sv_yk               204225        0     13329       0.0653    0.0000 / 0.0000          0 / 201
    sb_yd_yk               205816        0     12477       0.0606    0.0000 / 0.0000          0 / 201

    the FILED solve rate on the same slots, for the comparison the reading above
    licenses (both are per-write verdicts; the filed one is on the write that was
    actually made, the probe one on a substitution into the same final state):
      sb_so_yk               filed   23141/341614  = 0.0677    probe    4750/195931  = 0.0242
      sb_sv_yk               filed  130525/444683  = 0.2935    probe   13329/204225  = 0.0653
      sb_yd_yk               filed  120347/441012  = 0.2729    probe   12477/205816  = 0.0606

    the bill per era, so a share that grows with the ladder is visible:

====================================================================================================
[P] THE MIRROR — the outcome model against the world
====================================================================================================
    The outcome model reads a RENDERED CONFIGURATION and its root — what the world's
    grader reads — and is trained by BCE against the world's verdict on the
    configurations the learner actually produced (the filed rows' `fin` and `y`,
    deduplicated by (configuration, root) within the cycle). It is a separate object:
    its own parameters, its own optimizer, its own numpy streams, never the plant's.

    TWO NUMBERS, and the gap between them is the whole question. On HELD-OUT
    EXPERIENCE the mirror is scored on rows drawn from the same distribution it was
    polished on. On PROBES it is scored on substitutions the learner never wrote — off
    its own support by construction — against the world's verdict, which every arm
    computes as an instrument and no arm consumes (gate M-1).

    [aliquot] the BANKED mirror arms are printed here too (marked *), so the
    projection's column and `so_mg_yk`'s sit in one table.

    arm                  mode        K   rows   held-out EXPERIENCE      on PROBES
                                                 acc     AUC    base     acc    base   n
    sb_so_yk             proj        1  30000   0.9453  0.8005  0.0547   0.9644  0.0242  195931
    sb_sv_yk             proj        1  30000   0.7822  0.8187  0.2881   0.8809  0.0653  204225
    sb_yd_yk             proj        1  30000   0.7822  0.7824  0.2578   0.8856  0.0606  205816
    so_s1:so_mg_yk       model       1  30000   0.9775  0.9963  0.3071   0.9256  0.0658  204096
    so_s1:so_cg_yk       committee   5  30000   0.9771  0.9957  0.2729   0.9261  0.0682  206806
    so_s1:so_hy_yk       hybrid      5  30000   0.9487  0.9870  0.3018   0.9473  0.0621  206861
    al_s1:al_pj_yk       proj        1  30000   0.7466  0.7591  0.2896   0.8507  0.0555  205452
    al_s1:al_rt_yk       proj        1  30000   0.7490  0.7158  0.2637   0.8851  0.0582  205307

    the mirror's own trajectory (held-out accuracy and AUC against the world, per
    cycle, thinned): a mirror that is still improving at the last cycle is a mirror
    whose blind region is a function of how much experience it has had, not of the
    architecture.
      sb_so_yk             c1:0.000  c26:0.000  c51:0.871  c76:0.884  c101:0.833  c126:0.795  c151:0.806  c176:0.810  c201:0.800
      sb_sv_yk             c1:0.000  c26:0.000  c51:0.868  c76:0.860  c101:0.838  c126:0.797  c151:0.773  c176:0.798  c201:0.819
      sb_yd_yk             c1:0.000  c26:0.000  c51:0.946  c76:0.850  c101:0.822  c126:0.779  c151:0.743  c176:0.770  c201:0.782
      so_s1:so_mg_yk       c1:0.000  c26:0.000  c51:0.524  c76:0.678  c101:0.760  c126:0.756  c151:0.899  c176:0.987  c201:0.996
      so_s1:so_cg_yk       c1:0.000  c26:0.000  c51:0.686  c76:0.569  c101:0.773  c126:0.806  c151:0.939  c176:0.990  c201:0.996
      so_s1:so_hy_yk       c1:0.000  c26:0.000  c51:0.686  c76:0.649  c101:0.693  c126:0.699  c151:0.817  c176:0.935  c201:0.987
      al_s1:al_pj_yk       c1:0.000  c26:0.000  c51:0.878  c76:0.820  c101:0.781  c126:0.735  c151:0.724  c176:0.751  c201:0.759
      al_s1:al_rt_yk       c1:0.000  c26:0.000  c51:0.868  c76:0.816  c101:0.740  c126:0.723  c151:0.701  c176:0.741  c201:0.716

    the committee's spread on held-out experience and the agreement threshold it set
    (the threshold is the q-th quantile of that spread, q = `vo_om_agree_q`):
      so_s1:so_cg_yk       spread(last) 0.05537   thr(last) 0.00120   experience rows 30000 (3022 held out)   world-graded rows admitted 0
      so_s1:so_hy_yk       spread(last) 0.08921   thr(last) 0.04886   experience rows 30000 (2973 held out)   world-graded rows admitted 73823

====================================================================================================
[Q] DISAGREEMENT AS A DETECTOR — does the committee's spread find the mirror's own error
====================================================================================================
    `committee_head` read disagreement at 0.716 as a reward-free reader of 'is this
    learnable', and `ballistic/directed` read it as finding where you LACK DATA rather
    than where data went stale. A counterfactual is by construction where you lack
    data, so the question here is whether the spread is sighted where the mean is not:
    the AUC of the spread as a detector of 'the committee's mean verdict disagrees with
    the world' on the probes themselves.

    Read off the capped per-probe instrument sample (`vo_probe_rows`), which is the
    only place the two are stored row by row. `n` is that sample's size, not the run's
    probe count — the denominator is part of the reading.

    arm                     n   err rate   AUC(spread -> wrong)   AUC(|p-0.5| -> right)
    sb_so_yk               4000    0.0348                 0.5000                 0.7845
    sb_sv_yk               4000    0.1115                 0.5000                 0.7970
    sb_yd_yk               4000    0.1215                 0.5000                 0.7788

    THE SAMPLE'S WINDOW MATTERS AND IS PRINTED. Before the reservoir fix the sample
    filled front-to-back and stopped, so on `so_s1` / `so_s2` every row comes from the
    first five cycles in which probes fired — a FIVE-CYCLE-OLD mirror, not the run's.
    Read the between-cycle panel below instead on those tags.
      sb_so_yk             sample cycles 50-200 (151 distinct of 201)
      sb_sv_yk             sample cycles 50-200 (151 distinct of 201)
      sb_yd_yk             sample cycles 50-200 (151 distinct of 201)

    BETWEEN CYCLES, over the WHOLE run, from the per-cycle mirror counters (every
    cycle, every probe, no sample): does a cycle in which the committee is more spread
    have a higher mirror error rate? A different question from the between-probe one —
    it asks whether the spread tracks the mirror's error as the mirror MATURES rather
    than which individual counterfactual it is wrong about — and it is the one this
    tag's logging can answer over its whole life.
      arm                cycles   rho(spread, err)   AUC(spread -> err>median)   err first/last
      sb_so_yk                151                nan                      0.5000   0.0359/0.0324
      sb_sv_yk                151                nan                      0.5000   0.0810/0.1851
      sb_yd_yk                151                nan                      0.5000   0.0779/0.1621

    the same, per cycle, for the mirror's own error trajectory (thinned) — so a
    detector AUC near 0.5 can be read against whether the error moved at all:
      sb_so_yk             c51:0.036  c69:0.042  c87:0.042  c105:0.025  c123:0.048  c141:0.015  c159:0.026  c177:0.024  c195:0.033
      sb_sv_yk             c51:0.081  c69:0.101  c87:0.094  c105:0.090  c123:0.085  c141:0.063  c159:0.111  c177:0.178  c195:0.175
      sb_yd_yk             c51:0.078  c69:0.071  c87:0.110  c105:0.126  c123:0.091  c141:0.089  c159:0.122  c177:0.184  c195:0.194

    the same, split by whether the substituted class is in the slot's frequently-
    written set (`sup`), because that is the axis the blind region is expected on:
      sb_so_yk             sup=1  n=   616  err 0.0471  AUC(spread->wrong) 0.5000
      sb_so_yk             sup=0  n=  3384  err 0.0325  AUC(spread->wrong) 0.5000
      sb_sv_yk             sup=1  n=   615  err 0.1431  AUC(spread->wrong) 0.5000
      sb_sv_yk             sup=0  n=  3385  err 0.1058  AUC(spread->wrong) 0.5000
      sb_yd_yk             sup=1  n=   603  err 0.1476  AUC(spread->wrong) 0.5000
      sb_yd_yk             sup=0  n=  3397  err 0.1169  AUC(spread->wrong) 0.5000

====================================================================================================
[R] THE BLIND REGION — where the mirror and the world disagree
====================================================================================================
    Per (level, in the slot's frequently-written set): the 2x2 of the mirror's verdict
    against the world's on the probes, the world's own solve rate there, the mirror's
    mean probability and the committee's mean spread, and what the agreement rule did
    (`agree` = the committee concurred; `filed` = the row reached the critic's buffer).

    A mirror trained on the learner's own experience is the same grader in a mirror
    (`ideas/heterogeneous_graders.md` §8). This table is how far it extends before it
    goes blind, LOCATED rather than summarised.

    sb_so_yk:
      cell     n     world   mirror   acc     TP    FP    FN    TN    p̄      spread   agree   filed
      L2s0    117403  0.0182  0.0174  0.9671    159  1882  1978 113384  0.0440  0.00000  1.0000  1.0000
      L2s1     21879  0.0270  0.0172  0.9599     45   331   546 20957  0.0486  0.00000  1.0000  1.0000
      L3s0     38721  0.0205  0.0034  0.9768     13   118   780 37810  0.0275  0.00000  1.0000  1.0000
      L3s1      7088  0.0285  0.0054  0.9704     15    23   187  6863  0.0391  0.00000  1.0000  1.0000
      L4s0      7613  0.0839  0.0143  0.9067     19    90   620  6884  0.0765  0.00000  1.0000  1.0000
      L4s1      2272  0.0722  0.0136  0.9203      7    24   157  2084  0.0817  0.00000  1.0000  1.0000
      L5s0       920  0.2326  0.1076  0.7446     39    60   175   646  0.2306  0.00000  1.0000  1.0000
      L5s1        35  0.2857  0.0000  0.7143      0     0    10    25  0.1875  0.00000  1.0000  1.0000
      ALL     195931  0.0242  0.0144  0.9644    297  2528  4453 188653                    1.0000  1.0000

    sb_sv_yk:
      cell     n     world   mirror   acc     TP    FP    FN    TN    p̄      spread   agree   filed
      L2s0    117106  0.0469  0.0776  0.8962   1218  7874  4279 103735  0.1178  0.00000  1.0000  1.0000
      L2s1     23510  0.0644  0.1258  0.8456    421  2536  1094 19459  0.1740  0.00000  1.0000  1.0000
      L3s0     44465  0.0760  0.0560  0.8942    583  1908  2798 39176  0.1159  0.00000  1.0000  1.0000
      L3s1      5684  0.0663  0.0820  0.8834     90   376   287  4931  0.1505  0.00000  1.0000  1.0000
      L4s0     11509  0.1810  0.0984  0.7777    328   804  1755  8622  0.2042  0.00000  1.0000  1.0000
      L4s1       738  0.2520  0.2195  0.6640     50   112   136   440  0.2882  0.00000  1.0000  1.0000
      L5s0       982  0.2189  0.1741  0.7312     61   110   154   657  0.2860  0.00000  1.0000  1.0000
      L5s1       231  0.3247  0.3030  0.5887     25    45    50   111  0.3728  0.00000  1.0000  1.0000
      ALL     204225  0.0653  0.0810  0.8809   2776 13765 10553 177131                    1.0000  1.0000

    sb_yd_yk:
      cell     n     world   mirror   acc     TP    FP    FN    TN    p̄      spread   agree   filed
      L2s0    119603  0.0471  0.0809  0.8908   1122  8555  4509 105417  0.1290  0.00000  1.0000  1.0000
      L2s1     22294  0.0750  0.1104  0.8629    538  1923  1134 18699  0.1655  0.00000  1.0000  1.0000
      L3s0     43039  0.0463  0.0420  0.9235    255  1554  1738 39492  0.1120  0.00000  1.0000  1.0000
      L3s1      7186  0.0774  0.0835  0.8745    127   473   429  6157  0.1675  0.00000  1.0000  1.0000
      L4s0     11368  0.1643  0.1429  0.7906    556  1069  1312  8431  0.2402  0.00000  1.0000  1.0000
      L4s1       798  0.2469  0.2331  0.6679     59   127   138   474  0.3207  0.00000  1.0000  1.0000
      L5s0      1464  0.3798  0.4317  0.6093    308   324   248   584  0.4423  0.00000  1.0000  1.0000
      L5s1        64  0.0625  0.2656  0.6719      0    17     4    43  0.3496  0.00000  1.0000  1.0000
      ALL     205816  0.0606  0.0826  0.8856   2965 14042  9512 179297                    1.0000  1.0000

    so_s1:so_mg_yk:
      cell     n     world   mirror   acc     TP    FP    FN    TN    p̄      spread   agree   filed
      L2s0    116950  0.0513  0.0540  0.9332   2256  4064  3748 106882  0.1484  0.00000  1.0000  1.0000
      L2s1     24084  0.0674  0.0646  0.9173    594   962  1029 21499  0.1773  0.00000  1.0000  1.0000
      L3s0     43077  0.0722  0.0789  0.9268   1678  1720  1433 38246  0.1487  0.00000  1.0000  1.0000
      L3s1      6554  0.0999  0.0949  0.9052    328   294   327  5605  0.1901  0.00000  1.0000  1.0000
      L4s0     11858  0.1425  0.2150  0.8914   1476  1074   214  9094  0.2136  0.00000  1.0000  1.0000
      L4s1       384  0.3411  0.4635  0.8411    124    54     7   199  0.4376  0.00000  1.0000  1.0000
      L5s0      1171  0.1819  0.3749  0.7848    200   239    13   719  0.3655  0.00000  1.0000  1.0000
      L5s1        18  0.2778  0.4444  0.8333      5     3     0    10  0.4268  0.00000  1.0000  1.0000
      ALL     204096  0.0658  0.0738  0.9256   6661  8410  6771 182254                    1.0000  1.0000

    so_s1:so_cg_yk:
      cell     n     world   mirror   acc     TP    FP    FN    TN    p̄      spread   agree   filed
      L2s0    117768  0.0501  0.0519  0.9364   2258  3849  3638 108023  0.1572  0.05684  0.5050  0.5050
      L2s1     25196  0.0695  0.0533  0.9258    612   730  1139 22715  0.1782  0.06197  0.4376  0.4376
      L3s0     45252  0.0733  0.0758  0.9289   1765  1666  1552 40269  0.1596  0.06489  0.5307  0.5307
      L3s1      4920  0.0577  0.0596  0.9465    157   136   127  4500  0.1638  0.06979  0.4843  0.4843
      L4s0     11742  0.1832  0.2793  0.8277   1704  1576   447  8015  0.2884  0.11480  0.3330  0.3330
      L4s1       623  0.3531  0.4446  0.8090    189    88    31   315  0.4336  0.12431  0.2199  0.2199
      L5s0      1305  0.3663  0.5954  0.7678    476   301     2   526  0.5447  0.11424  0.1739  0.1739
      ALL     206806  0.0682  0.0750  0.9261   7161  8346  6936 184363                    0.4892  0.4892

    so_s1:so_hy_yk:
      cell     n     world   mirror   acc     TP    FP    FN    TN    p̄      spread   agree   filed
      L2s0    119773  0.0474  0.0121  0.9571    995   455  4687 113636  0.0856  0.02714  0.6451  1.0000
      L2s1     23300  0.0706  0.0161  0.9365    271   105  1375 21549  0.1052  0.03321  0.5767  1.0000
      L3s0     44387  0.0645  0.0260  0.9483    860   294  2002 41231  0.0875  0.03225  0.7036  1.0000
      L3s1      5799  0.0581  0.0141  0.9502     65    17   272  5445  0.0965  0.03559  0.6436  1.0000
      L4s0     11434  0.1391  0.1130  0.8857    788   504   803  9339  0.1845  0.07860  0.5681  1.0000
      L4s1       525  0.3524  0.2876  0.7981    115    36    70   304  0.3013  0.10176  0.4343  1.0000
      L5s0      1568  0.3125  0.3897  0.8221    411   200    79   878  0.3990  0.13358  0.3782  1.0000
      L5s1        75  0.7333  0.7600  0.9200     53     4     2    16  0.7005  0.07801  0.6667  1.0000
      ALL     206861  0.0621  0.0250  0.9473   3558  1615  9290 192398                    0.6431  1.0000

    al_s1:al_pj_yk:
      cell     n     world   mirror   acc     TP    FP    FN    TN    p̄      spread   agree   filed
      L2s0    119724  0.0396  0.1219  0.8585   1191 13398  3545 101590  0.1626  0.00000  1.0000  1.0000
      L2s1     22345  0.0779  0.1428  0.8274    537  2654  1203 17951  0.1947  0.00000  1.0000  1.0000
      L3s0     43961  0.0557  0.1008  0.8650    474  3959  1975 37553  0.1683  0.00000  1.0000  1.0000
      L3s1      5781  0.0737  0.1284  0.8343    105   637   321  4718  0.1998  0.00000  1.0000  1.0000
      L4s0     11700  0.1392  0.1453  0.7910    442  1258  1187  8813  0.2250  0.00000  1.0000  1.0000
      L4s1       476  0.2101  0.1912  0.6996     24    67    76   309  0.2696  0.00000  1.0000  1.0000
      L5s0      1415  0.2163  0.1986  0.7364    107   174   199   935  0.2812  0.00000  1.0000  1.0000
      L5s1        50  0.4800  0.3000  0.6200     10     5    14    21  0.3211  0.00000  1.0000  1.0000
      ALL     205452  0.0555  0.1219  0.8507   2890 22152  8520 171890                    1.0000  1.0000

    al_s1:al_rt_yk:
      cell     n     world   mirror   acc     TP    FP    FN    TN    p̄      spread   agree   filed
      L2s0    117513  0.0488  0.0811  0.8866    974  8555  4766 103218  0.1575  0.00000  1.0000  1.0000
      L2s1     25430  0.0651  0.0912  0.8685    314  2004  1341 21771  0.1786  0.00000  1.0000  1.0000
      L3s0     42007  0.0429  0.0510  0.9162    213  1928  1591 38275  0.1550  0.00000  1.0000  1.0000
      L3s1      7418  0.0663  0.0554  0.8961     66   345   426  6581  0.1649  0.00000  1.0000  1.0000
      L4s0     11643  0.1561  0.0965  0.8087    357   767  1460  9059  0.2222  0.00000  1.0000  1.0000
      L4s1       421  0.3088  0.1734  0.6983     38    35    92   256  0.2825  0.00000  1.0000  1.0000
      L5s0       784  0.3355  0.1875  0.6888     83    64   180   457  0.3182  0.00000  1.0000  1.0000
      L5s1        91  0.4396  0.1209  0.5934      7     4    33    47  0.3174  0.00000  1.0000  1.0000
      ALL     205307  0.0582  0.0767  0.8851   2052 13702  9889 179664                    1.0000  1.0000

====================================================================================================
[T] THE MIRROR'S GATE TABLE — M-1r / M-2r / M-3r / M-4r, re-asserted post hoc
====================================================================================================
    The same assertions the preflight ran, re-run here on the paid tag's own arm files.
    A RAISE below is a failure of the round, not of the reduction.

    [PASS] sb_so_yk             {"arm": "sb_so_yk", "mode": "proj", "n_probe": 195931, "n_filed": 195931, "n_agree": 195931, "n_world": 0, "bill_ground": 0, "mirror_rows": 195931, "om_push_world": 0, "om_src_world": 0, "om_world_cum": 0, "om_push_exp": 52802, "om_push_cum": 52802, "om_append_world": 0, "om_append_exp": 52802, "om_rows": 30000, "om_cap": 30000, "pbuf_rows": 187152, "bill_line_sum": 0, "om_window_world_expected": 0}
    [PASS] sb_sv_yk             {"arm": "sb_sv_yk", "mode": "proj", "n_probe": 204225, "n_filed": 204225, "n_agree": 204225, "n_world": 0, "bill_ground": 0, "mirror_rows": 204225, "om_push_world": 0, "om_src_world": 0, "om_world_cum": 0, "om_push_exp": 45001, "om_push_cum": 45001, "om_append_world": 0, "om_append_exp": 45001, "om_rows": 30000, "om_cap": 30000, "pbuf_rows": 193469, "bill_line_sum": 0, "om_window_world_expected": 0}
    [PASS] sb_yd_yk             {"arm": "sb_yd_yk", "mode": "proj", "n_probe": 205816, "n_filed": 205816, "n_agree": 205816, "n_world": 0, "bill_ground": 0, "mirror_rows": 205816, "om_push_world": 0, "om_src_world": 0, "om_world_cum": 0, "om_push_exp": 45151, "om_push_cum": 45151, "om_append_world": 0, "om_append_exp": 45151, "om_rows": 30000, "om_cap": 30000, "pbuf_rows": 194316, "bill_line_sum": 0, "om_window_world_expected": 0}
    [PASS] so_s1:so_mg_yk       {"arm": "so_s1:so_mg_yk", "mode": "model", "n_probe": 204096, "n_filed": 204096, "n_agree": 204096, "n_world": 0, "bill_ground": 0, "mirror_rows": 204096, "om_push_world": 0, "om_src_world": 0, "om_world_cum": 0, "om_push_exp": 44936, "om_push_cum": 44936, "om_append_world": null, "om_append_exp": null, "om_rows": 30000, "om_cap": 30000, "pbuf_rows": 192856, "bill_line_sum": 0, "om_window_world_expected": 0}
    [PASS] so_s1:so_cg_yk       {"arm": "so_s1:so_cg_yk", "mode": "committee", "n_probe": 206806, "n_filed": 101165, "n_agree": 101165, "n_world": 0, "bill_ground": 0, "mirror_rows": 206806, "om_push_world": 0, "om_src_world": 0, "om_world_cum": 0, "om_push_exp": 44413, "om_push_cum": 44413, "om_append_world": null, "om_append_exp": null, "om_rows": 30000, "om_cap": 30000, "pbuf_rows": 101165, "bill_line_sum": 0, "om_window_world_expected": 0}
    [PASS] so_s1:so_hy_yk       {"arm": "so_s1:so_hy_yk", "mode": "hybrid", "n_probe": 206861, "n_filed": 206861, "n_agree": 133038, "n_world": 73823, "bill_ground": 73823, "mirror_rows": 206861, "om_push_world": 73823, "om_src_world": 19240, "om_world_cum": 73823, "om_push_exp": 44934, "om_push_cum": 44934, "om_append_world": null, "om_append_exp": null, "om_rows": 30000, "om_cap": 30000, "pbuf_rows": 193562, "bill_line_sum": 73823, "om_window_world_expected": 18649}
    [PASS] al_s1:al_pj_yk       {"arm": "al_s1:al_pj_yk", "mode": "proj", "n_probe": 205452, "n_filed": 205452, "n_agree": 205452, "n_world": 0, "bill_ground": 0, "mirror_rows": 205452, "om_push_world": 0, "om_src_world": 0, "om_world_cum": 0, "om_push_exp": 45294, "om_push_cum": 45294, "om_append_world": 0, "om_append_exp": 45294, "om_rows": 30000, "om_cap": 30000, "pbuf_rows": 193914, "bill_line_sum": 0, "om_window_world_expected": 0}
    [PASS] al_s1:al_rt_yk       {"arm": "al_s1:al_rt_yk", "mode": "proj", "n_probe": 205307, "n_filed": 205307, "n_agree": 205307, "n_world": 0, "bill_ground": 0, "mirror_rows": 205307, "om_push_world": 0, "om_src_world": 0, "om_world_cum": 0, "om_push_exp": 45697, "om_push_cum": 45697, "om_append_world": 0, "om_append_exp": 45697, "om_rows": 30000, "om_cap": 30000, "pbuf_rows": 192873, "bill_line_sum": 0, "om_window_world_expected": 0}

    [aliquot] P-2r / P-3r / P-4r on every PROJECTION arm: the trunk's fingerprint over
    the run (it MOVES on a `live` arm and is CONSTANT on the `rand` twin), the refit
    count, the ridge, and the held-out instrument.
    [PASS] sb_so_yk             {"arm": "sb_so_yk", "mode": "proj", "which": "live", "n_refit": 151, "refit_skipped": 0, "lam_last": 1024.0, "lams": [1.0, 32.0, 1024.0], "nfeat": 1737, "tdim": 96, "sig0": 19961.40316449365, "n_cycles_logged": 201, "n_sig": 151, "sig_min": 19974.97912463679, "sig_max": 20256.532360247045, "n_hold_auc": 152, "hold_auc_first": 0.5, "hold_auc_last": 0.8004676431523022, "n_degenerate": 0, "hold_base_last": 0.0546875, "hold_base_max": 0.10526315867900848, "auc_undefined": false, "fit_base_max": 0.10934744030237198, "n_fit_base": 151, "n_noslot": 0, "n_spanclamp": 0}
    [PASS] sb_sv_yk             {"arm": "sb_sv_yk", "mode": "proj", "which": "live", "n_refit": 151, "refit_skipped": 0, "lam_last": 32.0, "lams": [1.0, 32.0, 1024.0], "nfeat": 1737, "tdim": 96, "sig0": 19961.40316449365, "n_cycles_logged": 201, "n_sig": 151, "sig_min": 20013.709434088127, "sig_max": 20262.16207112837, "n_hold_auc": 152, "hold_auc_first": 0.5, "hold_auc_last": 0.818703354955709, "n_degenerate": 0, "hold_base_last": 0.2880859375, "hold_base_max": 0.2880859375, "auc_undefined": false, "fit_base_max": 0.2454833984375, "n_fit_base": 151, "n_noslot": 0, "n_spanclamp": 0}
    [PASS] sb_yd_yk             {"arm": "sb_yd_yk", "mode": "proj", "which": "live", "n_refit": 151, "refit_skipped": 0, "lam_last": 32.0, "lams": [1.0, 32.0, 1024.0], "nfeat": 1737, "tdim": 96, "sig0": 19961.40316449365, "n_cycles_logged": 201, "n_sig": 151, "sig_min": 20013.823787518977, "sig_max": 20248.824687568973, "n_hold_auc": 152, "hold_auc_first": 0.5, "hold_auc_last": 0.7824474182615629, "n_degenerate": 0, "hold_base_last": 0.2578125, "hold_base_max": 0.2578125, "auc_undefined": false, "fit_base_max": 0.2353515625, "n_fit_base": 151, "n_noslot": 0, "n_spanclamp": 0}
    [PASS] al_s1:al_pj_yk       {"arm": "al_s1:al_pj_yk", "mode": "proj", "which": "live", "n_refit": 151, "refit_skipped": 0, "lam_last": 32.0, "lams": [1.0, 32.0, 1024.0], "nfeat": 1737, "tdim": 96, "sig0": 19961.40316449365, "n_cycles_logged": 201, "n_sig": 151, "sig_min": 20009.98854800577, "sig_max": 20214.290839114587, "n_hold_auc": 152, "hold_auc_first": 0.5, "hold_auc_last": 0.759093200744076, "n_degenerate": 0, "hold_base_last": 0.28955078125, "hold_base_max": 0.28955078125, "auc_undefined": false, "fit_base_max": null, "n_fit_base": 0, "n_noslot": 0, "n_spanclamp": 0}
    [PASS] al_s1:al_rt_yk       {"arm": "al_s1:al_rt_yk", "mode": "proj", "which": "rand", "n_refit": 151, "refit_skipped": 0, "lam_last": 1.0, "lams": [1.0, 32.0, 1024.0], "nfeat": 1737, "tdim": 96, "sig0": 16198.119362383673, "n_cycles_logged": 201, "n_sig": 151, "sig_min": 16198.119362383673, "sig_max": 16198.119362383673, "n_hold_auc": 152, "hold_auc_first": 0.5, "hold_auc_last": 0.7158291580705374, "n_degenerate": 0, "hold_base_last": 0.263671875, "hold_base_max": 0.263671875, "auc_undefined": false, "fit_base_max": null, "n_fit_base": 0, "n_noslot": 0, "n_spanclamp": 0}

    [soundboard] S-1r / S-2r / S-3r on every arm carrying the shaping series: the term
    fired, the plant MOVED, the target is the one the arm named, the yield currency is
    not constant, and the world-model diagnostics exist.
    [PASS] sb_so_yk             {"arm": "sb_so_yk", "shaping": true, "target": "solve", "infill": false, "n_cycles_logged": 201, "sig_first": 19961.40316449365, "sig_last": 20257.62617602095, "sig_min": 19961.40316449365, "sig_max": 20257.62617602095, "n_step": 3060, "n_skip": 960, "n_rows": 782580, "bce_first": 0.5873245596885681, "bce_last": 0.125478595495224, "n_nograd": 960, "n_wm": 201, "infill_ce_first": 1.166833145673885, "infill_ce_last": 2.9199839664060017, "parse_mask1_first": 0.6728673135080645, "parse_mask1_last": 0.3761813256048387, "dp_cycles": [1, 51, 101, 151, 201], "dp_last": {"2": {"acc": 0.3134765625, "n": 2048, "nodes": 2}, "3": {"acc": 0.22412109375, "n": 4096, "nodes": 2}, "4": {"acc": 0.1632080078125, "n": 8192, "nodes": 2}, "5": {"acc": 0.18292236328125, "n": 16384, "nodes": 2}}}
    [PASS] sb_sv_yk             {"arm": "sb_sv_yk", "shaping": true, "target": "solve", "infill": true, "n_cycles_logged": 201, "sig_first": 19963.716250376834, "sig_last": 20263.0478687754, "sig_min": 19963.716250376834, "sig_max": 20263.0478687754, "n_step": 3060, "n_skip": 960, "n_rows": 782700, "bce_first": 0.5609350204467773, "bce_last": 0.32015132904052734, "n_nograd": 0, "n_wm": 201, "infill_ce_first": 1.2124384627785794, "infill_ce_last": 1.267767346182535, "parse_mask1_first": 0.6744109122983871, "parse_mask1_last": 0.5289030997983871, "dp_cycles": [1, 51, 101, 151, 201], "dp_last": {"2": {"acc": 0.40234375, "n": 2048, "nodes": 2}, "3": {"acc": 0.3212890625, "n": 4096, "nodes": 2}, "4": {"acc": 0.2935791015625, "n": 8192, "nodes": 2}, "5": {"acc": 0.28656005859375, "n": 16384, "nodes": 2}}}
    [PASS] sb_yd_yk             {"arm": "sb_yd_yk", "shaping": true, "target": "yield", "infill": true, "n_cycles_logged": 201, "sig_first": 19963.716250376834, "sig_last": 20249.815956546438, "sig_min": 19963.716250376834, "sig_max": 20249.815956546438, "n_step": 3060, "n_skip": 960, "n_rows": 782700, "bce_first": 0.555894672870636, "bce_last": 0.2931646704673767, "n_nograd": 0, "n_label": 45151, "label_mean": 0.0796632411242276, "label_pos": 7380, "n_label_solved": 9346, "n_wm": 201, "infill_ce_first": 1.2124384627785794, "infill_ce_last": 1.2574163855508316, "parse_mask1_first": 0.6744109122983871, "parse_mask1_last": 0.5699344758064516, "dp_cycles": [1, 51, 101, 151, 201], "dp_last": {"2": {"acc": 0.4150390625, "n": 2048, "nodes": 2}, "3": {"acc": 0.30810546875, "n": 4096, "nodes": 2}, "4": {"acc": 0.294189453125, "n": 8192, "nodes": 2}, "5": {"acc": 0.282958984375, "n": 16384, "nodes": 2}}}

====================================================================================================
[PJ] THE PROJECTION — the readout, its refits, its drift, and the trunk under it
====================================================================================================
    The grader on a `proj` arm is a ridge-logistic readout of `SN.trunk`'s pooled
    hiddens over the substituted configuration, per ROOT (the root one-hot and its
    interaction with the pooled state are in the design, which is what makes it a
    linear readout per goal rather than one readout with a per-goal bias), fit on the
    same experience diet the mirror gets and on nothing else.

    THE TRUNK IS THE LIVE GENERATOR on `al_pj_yk`, so the features move under the
    readout and the buffered rows are re-read through the current trunk at every refit.
    `al_rt_yk` is the same readout over a NEVER-TRAINED trunk of the same architecture
    (`overtone`'s control two, in the loop): it is what says whether the trained
    representation carries the reading or the link function does.

    arm                  trunk  refits  skip   ridge   nfeat    held-out AUC on EXPERIENCE
                                                                 first    last   |drift| mean/max
    sb_so_yk             live      151     0  1024.0    1737   0.5000  0.8005  0.0130 / 0.3713
    sb_sv_yk             live      151     0    32.0    1737   0.5000  0.8187  0.0114 / 0.3676
    sb_yd_yk             live      151     0    32.0    1737   0.5000  0.7824  0.0110 / 0.4459
    al_s1:al_pj_yk       live      151     0    32.0    1737   0.5000  0.7591  0.0135 / 0.3785
    al_s1:al_rt_yk       rand      151     0     1.0    1737   0.5000  0.7158  0.0128 / 0.3684

    THE SECONDARY VARIANTS, on the SAME held-out experience rows and at the same ridge,
    so 'was that choice load-bearing' is a number and not an argument:
      inter   the arm's own: root one-hot AND root x pooled state (a readout per goal)
      add     the root as an additive term only (one readout, a per-goal bias)
      mean    mean-pooling over ALL blocks only, dropping the written span's own pool
      nomask  the same readout over the UNMASKED configuration — the read `overtone`
              did offline, and out of the plant's masked-infill distribution
    arm                  inter     add     mean   nomask
    sb_so_yk             0.8005  0.7960  0.7958  0.7986
    sb_sv_yk             0.8187  0.8068  0.7961  0.7914
    sb_yd_yk             0.7824  0.7611  0.7646  0.7538
    al_s1:al_pj_yk       0.7591  0.7249  0.7414  0.7470
    al_s1:al_rt_yk       0.7158  0.6869  0.7113  0.6411

    THE TRUNK'S OWN FINGERPRINT (sum of |parameter|, logged at every refit). On a `live`
    arm it moves, which is the fact that makes the recompute necessary; on the `rand`
    twin it is constant to the bit, which is the fact that makes the twin a control.
      sb_so_yk             range 281.553236   c51:19974.979  c69:20037.909  c87:20085.166  c105:20118.149  c123:20147.966  c141:20174.210  c159:20200.931  c177:20225.381  c195:20249.220
      sb_sv_yk             range 248.452637   c51:20013.709  c69:20070.231  c87:20118.691  c105:20146.840  c123:20173.568  c141:20195.944  c159:20218.071  c177:20237.225  c195:20255.949
      sb_yd_yk             range 235.000900   c51:20013.824  c69:20064.015  c87:20105.498  c105:20136.169  c123:20161.097  c141:20184.292  c159:20203.351  c177:20221.941  c195:20241.813
      al_s1:al_pj_yk       range 204.302291   c51:20009.989  c69:20051.832  c87:20089.619  c105:20118.989  c123:20142.757  c141:20162.304  c159:20178.345  c177:20193.184  c195:20209.642
      al_s1:al_rt_yk       range 0.000000   c51:16198.119  c69:16198.119  c87:16198.119  c105:16198.119  c123:16198.119  c141:16198.119  c159:16198.119  c177:16198.119  c195:16198.119

    [soundboard] THE READOUT'S LEVEL, beside its ranking, on the bank's HELD-OUT filed
    rows. `duplex` found that most of what shaping buys on filed rows is CONTEXT rather
    than candidate — the pre-write read rose almost as much as the post-write one — which
    says shaping writes 'how solvable is this state' into the global pool. That is a
    statement about the LEVEL, so the level is measured: p̄ against the realised base
    rate, the Brier score, and a 10-bin calibration error. Ranking and calibration can
    move in opposite directions at this base rate and both are reported.
    arm                    p̄     base   Brier    ECE     AUC
    sb_so_yk             0.0572 0.0547 0.0455 0.0087 0.8005
    sb_sv_yk             0.2885 0.2881 0.1521 0.0540 0.8187
    sb_yd_yk             0.2656 0.2578 0.1547 0.0332 0.7824
    al_s1:al_pj_yk          -   0.2896    -      -   0.7591
    al_s1:al_rt_yk          -   0.2637    -      -   0.7158

    [soundboard] THE CROSS-CYCLE DUPLICATE SHARE — the channel `duplex` §2.6 named and
    could not size. The bank's hold key is a COIN FLIP against a per-cycle dedup, so the
    same (configuration, root) recurring in a later cycle is appended again with a fresh
    draw and can straddle the split, carrying the same verdict. The draw is KEPT as it is,
    for comparability with `aliquot`'s banked arms; what is new is that it has a number.
    arm                  held-out rows   also in training   of those, same verdict
    sb_so_yk                      3029          0 = 0.0000   nan
    sb_sv_yk                      3081          1 = 0.0003   1.0000
    sb_yd_yk                      3075          4 = 0.0013   1.0000

    THE RIDGE CHOSEN PER REFIT (the grid is `vo_pj_ridge`; `lam_fixed` marks a refit
    whose validation slice was too small to select on and took the middle of the grid):
      sb_so_yk             lam=1.0:27  lam=32.0:85  lam=1024.0:39   fixed-ridge refits 0   val rows (last) 2048   val AUC (last) 0.9193645640074212
      sb_sv_yk             lam=1.0:30  lam=32.0:102  lam=1024.0:19   fixed-ridge refits 0   val rows (last) 2048   val AUC (last) 0.8934478371501272
      sb_yd_yk             lam=1.0:76  lam=32.0:75   fixed-ridge refits 0   val rows (last) 2048   val AUC (last) 0.8224667075607971
      al_s1:al_pj_yk       lam=1.0:139  lam=32.0:12   fixed-ridge refits 0   val rows (last) 2048   val AUC (last) 0.7452909276676011
      al_s1:al_rt_yk       lam=1.0:151   fixed-ridge refits 0   val rows (last) 2048   val AUC (last) 0.7196384950210024

====================================================================================================
[SB] THE SHAPING — the outcome error in the plant's own weights, and what it cost
====================================================================================================
    The shaped arms add ONE term to the plant's own optimizer step: BCE of an outcome
    head over `SN.trunk`'s pooled hiddens, at weight 1, whose gradient reaches the trunk
    and never the emission head. `sb_sv_yk` reads the WORLD'S VERDICT on the learner's
    own experienced configurations; `sb_yd_yk` reads NEXT-LEVEL YIELD from the learner's
    own miner; `sb_so_yk` is the verdict again with the plant's own masked-infill term
    OFF. The readout in the grader's seat is `aliquot`'s, unchanged.

    arm                  target  infill   steps    rows   BCE first/last   AUC last   base
    sb_so_yk             solve   OFF       3060  782580   0.5873 / 0.1255     0.9177  0.0469
    sb_sv_yk             solve   on        3060  782700   0.5609 / 0.3202     0.9183  0.2539
    sb_yd_yk             yield   on        3060  782700   0.5559 / 0.2932     0.8329  0.1201

    THE PLANT'S OWN FINGERPRINT (sum of |parameter|, logged EVERY cycle on every
    projection arm, shaped or not). This is the number gate S-1r reads: the outcome
    error reached the trunk iff this moved, and the shaped arm's series must differ from
    the unshaped twin's (gate S-4r).
      sb_so_yk             range 296.223012   c1:19961.403  c26:19961.403  c51:19979.227  c76:20060.248  c101:20113.027  c126:20154.374  c151:20191.153  c176:20225.381  c201:20257.626
      sb_sv_yk             range 299.331618   c1:19963.716  c26:19982.178  c51:20015.642  c76:20093.912  c101:20143.906  c126:20178.780  c151:20210.159  c176:20237.225  c201:20263.048
      sb_yd_yk             range 286.099706   c1:19963.716  c26:19982.178  c51:20015.904  c76:20084.026  c101:20132.189  c126:20167.554  c151:20196.907  c176:20221.941  c201:20249.816

    S-4r, THE TWIN FORM, in this table: the shaped arms' plants against the banked
    UNSHAPED projection arm's, cycle by cycle. `first` is the first cycle at which the
    two differ at all, which should be the first cycle the shaping fired.
      (no unshaped projection twin carries the fingerprint series in this table —
       `aliquot`'s banked arms predate the instrument, so the twin form against an
       UNSHAPED plant is read on the PREFLIGHT. What can be read here is the PAIRWISE
       form: the three shaped plants against each other, which is the contrast the
       preflight could not assert because nothing solved there and all three heads saw
       the same all-zero target. `sv` vs `yd` is the TARGET alone; either against `so`
       is the plant's own infill term.)
      [DIFFER] sb_so_yk     vs sb_sv_yk     max|d sig| 41.740555  first differing cycle 0  last 20257.626 / 20263.048
      [DIFFER] sb_so_yk     vs sb_yd_yk     max|d sig| 41.740555  first differing cycle 0  last 20257.626 / 20249.816
      [DIFFER] sb_sv_yk     vs sb_yd_yk     max|d sig| 15.414628  first differing cycle 48  last 20263.048 / 20249.816

    THE WORLD-MODEL DIAGNOSTICS — what the shaping cost the plant's PREDICTIVE
    competence. `infill` is the held-out masked-infill cross-entropy and fill accuracy on
    FRESH corpus windows at a FIXED window/mask plan drawn once per arm (so a movement is
    the plant and not the draw); `parse` is the block head's level-1 parse accuracy
    against the EXACT features, read with one block masked (`parse_features`' idiom) and
    unmasked — an oracle instrument. Neither enters any loss, buffer or bill.
    arm                  infill_ce first/last   infill_acc f/l   parse_mask1 f/l   parse_nomask f/l
    sb_so_yk             1.1668 / 2.9200      0.495 / 0.350      0.673 / 0.376       0.678 / 0.377
    sb_sv_yk             1.2124 / 1.2678      0.476 / 0.483      0.674 / 0.529       0.680 / 0.530
    sb_yd_yk             1.2124 / 1.2574      0.476 / 0.483      0.674 / 0.570       0.680 / 0.571

    the held-out infill CE by HOW MANY BLOCKS ARE MASKED, last cycle — a shaping step
    could in principle trade the easy end of that curve for the hard end:
      sb_so_yk             17-32:3.1049(n=12800)  2-4:2.7146(n=1024)  5-8:2.5383(n=3072)  9-16:2.7278(n=5120)
      sb_sv_yk             17-32:1.6040(n=12800)  2-4:0.6038(n=1024)  5-8:0.7188(n=3072)  9-16:0.8894(n=5120)
      sb_yd_yk             17-32:1.6013(n=12800)  2-4:0.5738(n=1024)  5-8:0.6953(n=3072)  9-16:0.8717(n=5120)

    THE NESTED DP PARSE over the TRUE table at each rung, span masked, recovered level-1
    features against the exact ones — `duplex` §4.3's replacement for `nested_phase` on a
    masked block infiller, and the round's altitude instrument. Run at checkpoints; the
    `final` row is the end-of-arm read.
    arm                  cycles run                      L2      L3      L4      L5
    sb_so_yk             [1, 51, 101, 151, 201]        
        c1        0.4126  0.3167  0.2948  0.2969
        c51       0.3677  0.2688  0.2085  0.1989
        c101      0.3203  0.2104  0.1736  0.1976
        c151      0.3096  0.2288  0.1693  0.2000
        c201      0.3135  0.2241  0.1632  0.1829
        final     0.3135  0.2241  0.1632  0.1829
    sb_sv_yk             [1, 51, 101, 151, 201]        
        c1        0.4053  0.2861  0.2737  0.2811
        c51       0.4019  0.3076  0.2953  0.2892
        c101      0.3838  0.3120  0.2942  0.2961
        c151      0.3936  0.3179  0.2922  0.2957
        c201      0.4023  0.3213  0.2936  0.2866
        final     0.4023  0.3213  0.2936  0.2866
    sb_yd_yk             [1, 51, 101, 151, 201]        
        c1        0.4053  0.2861  0.2737  0.2811
        c51       0.4014  0.3066  0.2960  0.2897
        c101      0.3857  0.3088  0.2942  0.2965
        c151      0.3877  0.3125  0.2935  0.2966
        c201      0.4150  0.3081  0.2942  0.2830
        final     0.4150  0.3081  0.2942  0.2830

    THE YIELD CURRENCY the `sb_yd_yk` head was trained on: the target LEVEL it was read
    at per era (`min(max_macro_level, era_level + 1)`), how many rows carried a label,
    and the label's realised mean. A constant currency carries no gradient, which is what
    gate S-2r asserts.
    arm                  target levels seen        n_label   label mean   label > 0
    sb_yd_yk             [2, 3, 4, 5]              45151   0.0797       7380

    THE PER-PROBE YIELD INSTRUMENT, three columns, consumed by nothing. `endo` is the
    learner's own reader's parse of the SUBSTITUTED configuration counted against the
    learner's own miner — the currency the yield arm's head was trained on; `true` is the
    same parse against the TRUE table; `orc` is the EXACT parse against the true table.
    The three separate the reader's parse error from the miner's incompleteness. AUC is
    the arm's own filed probability ranking `endo > 0`, i.e. the grader scored in the
    currency the plant was shaped on rather than in the one it is fit to.
    arm                      n   endo   true    orc   AUC(p, endo>0)  AUC(p, world)
    sb_so_yk               4000  0.0064 0.0059 0.0059         0.7466         0.7183
    sb_sv_yk               4000  0.0255 0.0231 0.0231         0.7325         0.7248
    sb_yd_yk               4000  0.0282 0.0226 0.0226         0.7100         0.7080

    the same, per LEVEL (the currency's own level moves with the era, so a per-level
    split is the only honest cut):
    sb_so_yk              L2:0.769(2819)  L3:0.628(952)  L4:0.644(211)  L5:   -   
    sb_sv_yk              L2:0.713(2762)  L3:0.729(991)  L4:0.616(229)  L5:   -   
    sb_yd_yk              L2:0.654(2738)  L3:0.793(976)  L4:0.731(258)  L5:0.642(28)

====================================================================================================
[Y] THE CLOCK YOKES — realised against planned (gate Y-1's check, post hoc)
====================================================================================================
    A clock yoke replays its source's realised commit and advance CYCLES and decides
    nothing else. That is the round's whole control: the chooser is read at L4 and L5
    with the same slots open at the same cycles as the anchor, so a level-resolved
    readout is not silently comparing two different ladders. Gate Y-1 asserts the match
    in `preflight`; this is the same check on the paid tag.

    `cancelled` actions are EXCLUDED from the match and printed separately: a replayed
    commit whose build is empty is cancelled by the substrate, not by the clock. Those
    are a finding about the arm's BOOK — it had nothing to commit at a cycle the anchor
    did — and are the one place a yoked arm's ladder can still fall short of its source.

    source: vo_s3:voi3_dp
    sb_so_yk
      commits   planned [48, 100, 151, 186]
                realised [48, 100, 151, 186]    MATCH = True
      advances  planned [60, 110, 180, 192, 201]
                realised [60, 110, 180, 192, 201]    MATCH = True
      cancelled (the book had nothing to commit there): none
      commit LEVELS realised: [(2, 48), (3, 100), (4, 151), (5, 186)]
      lifetime  source 201 cycles / 51,208,256g    yoke 201 cycles / 51,118,976g

    sb_sv_yk
      commits   planned [48, 100, 151, 186]
                realised [48, 100, 151, 186]    MATCH = True
      advances  planned [60, 110, 180, 192, 201]
                realised [60, 110, 180, 192, 201]    MATCH = True
      cancelled (the book had nothing to commit there): none
      commit LEVELS realised: [(2, 48), (3, 100), (4, 151), (5, 186)]
      lifetime  source 201 cycles / 51,208,256g    yoke 201 cycles / 51,127,667g

    sb_yd_yk
      commits   planned [48, 100, 151, 186]
                realised [48, 100, 151, 186]    MATCH = True
      advances  planned [60, 110, 180, 192, 201]
                realised [60, 110, 180, 192, 201]    MATCH = True
      cancelled (the book had nothing to commit there): none
      commit LEVELS realised: [(2, 48), (3, 100), (4, 151), (5, 186)]
      lifetime  source 201 cycles / 51,208,256g    yoke 201 cycles / 51,158,771g


====================================================================================================
[Z] THE L4/L5 PANEL — every readout the round turns on, at the cells it turns on
====================================================================================================
    Q3 could not produce this table: no treated arm except Q2's replace-critic had an
    L4 or L5 slot at all, because each one reached or missed L3 through the commit
    latch's response to its own L2 writes. With the ladder yoked, every arm has the
    anchor's slots at the anchor's cycles and the chooser is finally READ where the
    node is about.

    rep     the written class holds SOME feature that repairs the instance there — the
            honest measure, and on an open slot it IS the head's class accuracy on
            held-out data (fresh instances every cycle).
    cont    it holds the CLEAN derivation's latent — a stricter and less forgiving read;
            the gap between the two is the chooser spreading over classes the clean
            derivation did not carry (`DESIGN.md` §23's correction).
    dist    distinct tuples written, `top1` the share of filed writes on one tuple.
    moved   the composed argmax was not the DP's row (composed arms only).

    [sotto] THE BANKED FLOOR AND CEILING ARE IN THIS TABLE, marked `(banked)`, so the
    three mirror arms are read beside the composed chooser on the FILED diet (the floor)
    and on the WORLD-graded probe (the ceiling) without leaving the page. A pooled
    L2/L3 panel follows it, which is the cell that replicated across seeds in `voicing`
    and the one a frontier number should not be read ahead of.

    sb_so_yk:
      cell    rows   writes    rep          cont         dist  top1    moved
      4n0       152     3162   0.100 (  2269)  0.389 (  3162)    4.1  0.455   0.954
      4n1       152     2746   0.100 (  1772)  0.224 (  2746)    2.4  0.646   0.908
      4n2       152     4877   0.186 (  2947)  0.448 (  4877)    5.3  0.406   0.942
      4n3       152     7794   0.391 (  3153)  0.274 (  7794)    4.2  0.534   0.967
      5n0        48      571   0.063 (   222)  0.587 (   571)    1.8  0.555   0.975
      5n1        48     2284   0.397 (   925)  0.368 (  2284)    1.6  0.877   0.435

    sb_sv_yk:
      cell    rows   writes    rep          cont         dist  top1    moved
      4n0       204     7814   0.370 (  3049)  0.521 (  7814)    2.2  0.704   0.495
      4n1       204     7801   0.490 (  3083)  0.839 (  7801)    1.2  0.957   0.120
      4n2       204    11803   0.449 (  3200)  0.384 ( 11803)    2.1  0.852   0.267
      4n3       204    19405   0.687 (  3171)  0.856 ( 19405)    1.1  0.998   0.003
      5n0       128      810   0.542 (   445)  0.746 (   810)    1.4  0.910   0.185
      5n1       128     4097   0.857 (   960)  0.720 (  4097)    1.8  0.754   0.298

    sb_yd_yk:
      cell    rows   writes    rep          cont         dist  top1    moved
      4n0       144     5247   0.359 (  2941)  0.658 (  5247)    2.5  0.652   0.311
      4n1       144     9130   0.413 (  3165)  0.879 (  9130)    1.4  0.965   0.016
      4n2       144    14259   0.451 (  3188)  0.468 ( 14259)    2.3  0.808   0.356
      4n3       144    17602   0.719 (  3192)  0.841 ( 17602)    1.4  0.974   0.060
      5n0       112     1225   0.741 (   776)  0.956 (  1225)    1.0  1.000   0.000
      5n1       112     3059   0.708 (   944)  0.437 (  3059)    1.5  0.880   0.655

    vo_s3:voi3_dp:   (banked)
      cell    rows   writes    rep          cont         dist  top1    moved
      4n0       188     4711   0.269 (  2718)  0.719 (  4711)    1.2  0.951     -  
      4n1       188     9914   0.393 (  3182)  0.882 (  9914)    1.0  1.000     -  
      4n2       188     7494   0.368 (  3105)  0.758 (  7494)    1.5  0.898     -  
      4n3       188    18671   0.632 (  3200)  0.821 ( 18671)    1.7  0.943     -  
      5n0       192     2107   0.356 (   884)  0.917 (  2107)    1.4  0.924     -  
      5n1       192     2956   0.691 (   887)  0.916 (  2956)    1.0  1.000     -  

    vo_s3b:voi3b_comp_yk:   (banked)
      cell    rows   writes    rep          cont         dist  top1    moved
      4n0       160     6093   0.284 (  3057)  0.731 (  6093)    1.8  0.756   0.093
      4n1       160     8020   0.451 (  3191)  0.868 (  8020)    1.7  0.849   0.134
      4n2       160     7743   0.489 (  3037)  0.815 (  7743)    1.4  0.972   0.066
      4n3       160    18161   0.683 (  3200)  0.859 ( 18161)    1.6  0.951   0.043
      5n0       128      796   0.526 (   468)  0.918 (   796)    1.2  0.937   0.026
      5n1       128     4908   0.830 (   960)  0.659 (  4908)    2.1  0.885   0.461

    vo_s3b:voi3b_comp_pr_yk:   (banked)
      cell    rows   writes    rep          cont         dist  top1    moved
      4n0       196     5819   0.278 (  3057)  0.576 (  5819)    2.0  0.784   0.557
      4n1       196     6867   0.392 (  3123)  0.898 (  6867)    1.1  0.987   0.071
      4n2       196     7250   0.307 (  3103)  0.419 (  7250)    2.2  0.786   0.711
      4n3       196    11494   0.727 (  3159)  0.858 ( 11494)    1.6  0.941   0.085
      5n0       144      688   0.505 (   479)  0.881 (   688)    1.1  0.955   0.009
      5n1       144     4992   0.730 (   960)  0.886 (  4992)    1.3  0.943   0.077

    so_s1:so_mg_yk:   (banked)
      cell    rows   writes    rep          cont         dist  top1    moved
      4n0       208     8265   0.361 (  3098)  0.667 (  8265)    2.6  0.765   0.540
      4n1       208     7626   0.442 (  3060)  0.785 (  7626)    1.7  0.912   0.150
      4n2       208    12176   0.427 (  3199)  0.367 ( 12176)    1.9  0.879   0.219
      4n3       208    16188   0.685 (  3141)  0.858 ( 16188)    1.5  0.958   0.092
      5n0       160      816   0.403 (   357)  0.912 (   816)    1.1  0.978   0.798
      5n1       160     3903   0.721 (   960)  0.382 (  3903)    1.2  0.921   0.844

    so_s1:so_cg_yk:   (banked)
      cell    rows   writes    rep          cont         dist  top1    moved
      4n0       164     9186   0.408 (  3112)  0.641 (  9186)    2.3  0.773   0.322
      4n1       164    10578   0.463 (  3131)  0.856 ( 10578)    1.5  0.924   0.057
      4n2       164    10611   0.409 (  3178)  0.533 ( 10611)    2.5  0.793   0.373
      4n3       164    15069   0.674 (  3200)  0.820 ( 15069)    1.1  0.982   0.073
      5n0       112      802   0.565 (   542)  0.865 (   802)    1.0  1.000   0.820
      5n1       112     3867   0.891 (   943)  0.626 (  3867)    1.2  0.917   0.569

    so_s1:so_hy_yk:   (banked)
      cell    rows   writes    rep          cont         dist  top1    moved
      4n0       244     4526   0.312 (  2765)  0.733 (  4526)    1.4  0.938   0.083
      4n1       244     7666   0.366 (  3169)  0.863 (  7666)    1.6  0.881   0.114
      4n2       244     8280   0.404 (  3145)  0.705 (  8280)    2.6  0.680   0.782
      4n3       244    15520   0.672 (  3200)  0.837 ( 15520)    1.3  0.968   0.130
      5n0       208     1474   0.515 (   875)  0.914 (  1474)    1.7  0.861   0.113
      5n1       208     3181   0.716 (   960)  0.890 (  3181)    1.3  0.954   0.254

    al_s1:al_pj_yk:   (banked)
      cell    rows   writes    rep          cont         dist  top1    moved
      4n0       148     5691   0.329 (  3089)  0.505 (  5691)    2.4  0.721   0.450
      4n1       148     8349   0.426 (  3102)  0.875 (  8349)    1.2  0.986   0.017
      4n2       148     9875   0.428 (  3105)  0.379 (  9875)    1.7  0.870   0.246
      4n3       148    15556   0.656 (  3200)  0.833 ( 15556)    1.1  0.997   0.010
      5n0       160     1086   0.531 (   697)  0.779 (  1086)    1.3  0.905   0.873
      5n1       160     3768   0.904 (   960)  0.661 (  3768)    1.2  0.834   0.133

    al_s1:al_rt_yk:   (banked)
      cell    rows   writes    rep          cont         dist  top1    moved
      4n0       152     5069   0.338 (  2786)  0.678 (  5069)    1.5  0.839   0.151
      4n1       152     7709   0.402 (  3157)  0.888 (  7709)    1.5  0.931   0.065
      4n2       152    10899   0.406 (  3177)  0.669 ( 10899)    2.2  0.839   0.188
      4n3       152    22198   0.651 (  3200)  0.835 ( 22198)    1.5  0.928   0.107
      5n0        80      529   0.553 (   367)  0.904 (   529)    1.1  0.970   0.047
      5n1        80     2898   0.804 (   929)  0.836 (  2898)    1.3  0.939   0.184

    [sotto] THE POOLED L2/L3 PANEL — the cell `voicing` replicated on every seed that
    produced those rungs (+18.5 / +24.5 / +19.3% relative for the composed chooser on
    the filed diet). `rep` pooled over every L2 and L3 cell, with the denominator.

      arm                        rep (L2/L3 pooled)        n        vs floor
      vo_s3b:voi3b_comp_pr_yk    0.2736            196590      +9.6%   (banked)
      so_s1:so_mg_yk             0.2602            193225      +4.2%   (banked)
      vo_s3b:voi3b_comp_yk       0.2496            196991      +0.0%   (banked)
      sb_sv_yk                   0.2480            193325      -0.6%
      al_s1:al_pj_yk             0.2472            194371      -1.0%   (banked)
      so_s1:so_cg_yk             0.2466            195696      -1.2%   (banked)
      sb_yd_yk                   0.2440            194682      -2.3%
      so_s1:so_hy_yk             0.2420            195819      -3.1%   (banked)
      al_s1:al_rt_yk             0.2290            194928      -8.3%   (banked)
      vo_s3:voi3_dp              0.2130            196392     -14.7%   (banked)
      sb_so_yk                   0.0925            187651     -62.9%

