====================================================================================================
[voicing] vo_s3b — reduction
====================================================================================================
  arms   : voi3b_comp_pr_yk, voi3b_comp_yk, voi3b_rep_pr_yk, voi3b_rep_yk
  banked : en_s9:endo_ledger_open_ung5_ra, vo_s3:voi3_dp, vo_s2:voi2_critic

====================================================================================================
[A] LIFETIMES, COMMITS, AND THE IN-TAG IDENTITY CHECK
====================================================================================================
    arm                       cyc  commits (level@cycle)                 s/cycle
    voi3b_comp_pr_yk          201  L2@c48, L3@c100, L4@c151, L5@c186   
    voi3b_comp_yk             201  L2@c48, L3@c100, L4@c151, L5@c186   
    voi3b_rep_pr_yk           201  L2@c48, L3@c100, L4@c151, L5@c186   
    voi3b_rep_yk              201  L2@c48, L3@c100, L4@c151, L5@c186   
    en_s9:endo_ledger_open_ung5_ra  201  L2@c48, L3@c100, L4@c151, L5@c186      (banked)
    vo_s3:voi3_dp             201  L2@c48, L3@c100, L4@c151, L5@c186      (banked)
    vo_s2:voi2_critic         188  L2@c48, L3@c81, L4@c111                (banked)


====================================================================================================
[B] THE CORRIDOR — slots open, parity, misfire, and when it closed
====================================================================================================
    `n_open` is slots past the firing gate; `misfire` is fired rows whose span did not
    match `dp_features` exactly. An arm whose corridor closes stops executing with the
    head and falls back to the DP on every macro call.

    arm                    open@max  open@last  first c with open=0 after a peak   misfire(all)  misfire(era>=3)
    voi3b_comp_pr_yk             30         30  None                             0.2592        0.2455
    voi3b_comp_yk                30         30  None                             0.2934        0.2837
    voi3b_rep_pr_yk              30         27  None                             0.8449        0.8177
    voi3b_rep_yk                 30         29  None                             0.6003        0.5921

    n_open per 10 cycles (the corridor's whole life):
      voi3b_comp_pr_yk         0   0   0   0   0   1  16  16  16  16  16  24  23  24  23  24  27  28  27  28  30
      voi3b_comp_yk            0   0   0   0   0   1  16  16  16  16  16  24  22  24  24  24  28  28  28  29  30
      voi3b_rep_pr_yk          0   0   0   0   0   2  15  16  16  16  16  23  21  20  20  19  25  28  24  27  27
      voi3b_rep_yk             0   0   0   0   0   2  16  15  16  16  16  22  21  24  24  23  28  27  28  27  29
      cycle                    1  11  21  31  41  51  61  71  81  91 101 111 121 131 141 151 161 171 181 191 201

====================================================================================================
[C] THE SAMPLER, REALISED — deviation and on-table projection
====================================================================================================
    `dev`  the sampled entry left the on-table argmax (the quantity the temperature is
           set on; `DESIGN.md` §17 predicted this would fall below the preflight's
           0.44-0.67 because a sharper plant deviates less at fixed T).
    `ont`  the on-table argmax was not the head's FREE-RUN emission — the projection
           component that rides with the write axis (`DESIGN.md` §11).

    voi3b_comp_pr_yk:
      era  cell        n        dev     ont
        1  2n0        25621    0.649   0.002
        1  2n1        25644    0.607   0.004
        1  2n2        25633    0.601   0.001
        1  2n3        25583    0.721   0.003
        1  2n4        25631    0.600   0.004
        1  2n5        25668    0.414   0.003
        1  2n6        25603    0.332   0.003
        1  2n7        25637    0.496   0.006
        1  2n8        25544    0.654   0.004
        1  2n9        25653    0.625   0.003
        1  2n10       25567    0.699   0.002
        1  2n11       25501    0.612   0.001
        1  2n12       25554    0.631   0.001
        1  2n13       25627    0.445   0.003
        1  2n14       25598    0.411   0.003
        1  2n15       25595    0.468   0.002
        2  2n0         8398    0.454   0.020
        2  2n1        16573    0.366   0.012
        2  2n2        19896    0.439   0.017
        2  2n3         9714    0.463   0.015
        2  2n4        17307    0.394   0.013
        2  2n5        25664    0.305   0.016
        2  2n6        35424    0.248   0.004
        2  2n7        30218    0.297   0.015
        2  2n8        12132    0.529   0.021
        2  2n9        13014    0.451   0.018
        2  2n10       28831    0.466   0.011
        2  2n11        8461    0.392   0.031
        2  2n12      190648    0.262   0.014
        2  2n13       80925    0.343   0.009
        2  2n14       14469    0.257   0.003
        2  2n15       14086    0.452   0.013
        2  3n0        35825    0.369   0.000
        2  3n1        36420    0.506   0.003
        2  3n2        35865    0.343   0.001
        2  3n3        35749    0.253   0.000
        2  3n4        36331    0.503   0.001
        2  3n5        35842    0.711   0.002
        2  3n6        37081    0.269   0.005
        2  3n7        36725    0.325   0.001
        3  2n0        46922    0.419   0.009
        3  2n1        15540    0.298   0.010
        3  2n2        77110    0.299   0.003
        3  2n3        19142    0.327   0.010
        3  2n4        49675    0.282   0.006
        3  2n5       115555    0.196   0.003
        3  2n6       203133    0.209   0.000
        3  2n7       157000    0.185   0.004
        3  2n8        50631    0.499   0.008
        3  2n9        16352    0.242   0.005
        3  2n10       69755    0.274   0.005
        3  2n11       26917    0.433   0.005
        3  2n12      546041    0.170   0.009
        3  2n13      438232    0.175   0.003
        3  2n14       36565    0.248   0.000
        3  2n15       18898    0.229   0.004
        3  3n0        78935    0.265   0.019
        3  3n1        91311    0.396   0.023
        3  3n2        88982    0.232   0.024
        3  3n3        50565    0.083   0.004
        3  3n4        57736    0.449   0.053
        3  3n5        92606    0.415   0.025
        3  3n6       843260    0.206   0.020
        3  3n7       263279    0.103   0.005
        3  4n0        63061    0.847   0.003
        3  4n1        82628    0.123   0.000
        3  4n2        71322    0.941   0.021
        3  4n3       121877    0.124   0.000
        4  2n0        19432    0.308   0.004
        4  2n1         2675    0.351   0.010
        4  2n2        18257    0.184   0.005
        4  2n3         5010    0.464   0.006
        4  2n4         1679    0.329   0.002
        4  2n5        25300    0.058   0.000
        4  2n6        34245    0.139   0.000
        4  2n7        21212    0.159   0.004
        4  2n8         5756    0.370   0.025
        4  2n9         5069    0.176   0.003
        4  2n10        7466    0.238   0.004
        4  2n11        4006    0.143   0.001
        4  2n12       53146    0.134   0.004
        4  2n13       47407    0.123   0.003
        4  2n14        3133    0.072   0.000
        4  2n15        4685    0.214   0.022
        4  3n0        37707    0.331   0.025
        4  3n1        22185    0.247   0.018
        4  3n2        44178    0.144   0.022
        4  3n3        16209    0.038   0.005
        4  3n4        29385    0.213   0.058
        4  3n5        53598    0.256   0.040
        4  3n6       257497    0.169   0.025
        4  3n7       129289    0.020   0.001
        4  4n0        22506    0.164   0.018
        4  4n1        32584    0.001   0.000
        4  4n2        37176    0.610   0.045
        4  4n3        86443    0.040   0.000
        4  5n0        28993    0.000   0.000
        4  5n1        68288    0.001   0.000
        5  2n0        17119    0.272   0.013
        5  2n1         3027    0.258   0.036
        5  2n2        15632    0.101   0.001
        5  2n3         3268    0.265   0.014
        5  2n4         3961    0.523   0.004
        5  2n5        14387    0.059   0.002
        5  2n6        33449    0.228   0.000
        5  2n7        17858    0.201   0.001
        5  2n8         3641    0.339   0.009
        5  2n9         1771    0.236   0.003
        5  2n10        9386    0.245   0.011
        5  2n11        1181    0.156   0.003
        5  2n12       41039    0.113   0.004
        5  2n13       41025    0.108   0.003
        5  2n14        3380    0.369   0.001
        5  2n15        3257    0.401   0.002
        5  3n0        23116    0.243   0.029
        5  3n1        16126    0.321   0.031
        5  3n2        34209    0.198   0.019
        5  3n3        11274    0.044   0.001
        5  3n4        28682    0.389   0.084
        5  3n5        41098    0.236   0.032
        5  3n6       168225    0.201   0.015
        5  3n7       133441    0.030   0.003
        5  4n0        25881    0.157   0.006
        5  4n1        27194    0.000   0.000
        5  4n2        48494    0.485   0.066
        5  4n3        74396    0.082   0.000
        5  5n0         3382    0.078   0.000
        5  5n1        53667    0.174   0.000

    voi3b_comp_yk:
      era  cell        n        dev     ont
        1  2n0        25629    0.653   0.002
        1  2n1        25643    0.615   0.003
        1  2n2        25703    0.604   0.001
        1  2n3        25582    0.754   0.004
        1  2n4        25628    0.609   0.005
        1  2n5        25686    0.417   0.005
        1  2n6        25605    0.346   0.004
        1  2n7        25641    0.527   0.006
        1  2n8        25548    0.655   0.004
        1  2n9        25653    0.631   0.004
        1  2n10       25566    0.703   0.003
        1  2n11       25503    0.625   0.002
        1  2n12       25550    0.626   0.001
        1  2n13       25727    0.448   0.003
        1  2n14       25603    0.425   0.002
        1  2n15       25597    0.486   0.003
        2  2n0        11459    0.402   0.012
        2  2n1        16974    0.379   0.009
        2  2n2        29816    0.301   0.007
        2  2n3         8225    0.399   0.013
        2  2n4        15180    0.371   0.011
        2  2n5        38067    0.326   0.006
        2  2n6        14140    0.358   0.010
        2  2n7        19884    0.354   0.013
        2  2n8         8911    0.442   0.016
        2  2n9        23497    0.374   0.007
        2  2n10       53461    0.385   0.009
        2  2n11       10567    0.321   0.014
        2  2n12      223905    0.266   0.010
        2  2n13       90466    0.300   0.006
        2  2n14        8563    0.236   0.005
        2  2n15       23342    0.381   0.013
        2  3n0        35706    0.287   0.000
        2  3n1        35719    0.434   0.000
        2  3n2        35767    0.213   0.000
        2  3n3        35739    0.514   0.000
        2  3n4        35702    0.579   0.000
        2  3n5        35668    0.790   0.000
        2  3n6        36358    0.289   0.001
        2  3n7        36461    0.534   0.001
        3  2n0        35940    0.449   0.012
        3  2n1        37866    0.509   0.008
        3  2n2        53212    0.268   0.004
        3  2n3        21860    0.465   0.006
        3  2n4        29735    0.255   0.001
        3  2n5       159186    0.297   0.003
        3  2n6       172518    0.220   0.000
        3  2n7        65149    0.290   0.003
        3  2n8        25690    0.333   0.014
        3  2n9        95436    0.365   0.002
        3  2n10      138500    0.218   0.002
        3  2n11       20689    0.317   0.004
        3  2n12      666221    0.208   0.009
        3  2n13      384047    0.240   0.005
        3  2n14       13457    0.194   0.002
        3  2n15       93280    0.275   0.008
        3  3n0        46795    0.155   0.019
        3  3n1        71812    0.424   0.023
        3  3n2        49486    0.287   0.018
        3  3n3        52141    0.237   0.015
        3  3n4        95378    0.452   0.061
        3  3n5        49418    0.330   0.048
        3  3n6       757903    0.202   0.009
        3  3n7       145893    0.267   0.015
        3  4n0        63447    0.063   0.000
        3  4n1        84717    0.152   0.000
        3  4n2        89209    0.008   0.000
        3  4n3       165566    0.039   0.000
        4  2n0        16453    0.477   0.006
        4  2n1        11028    0.498   0.018
        4  2n2         4868    0.276   0.001
        4  2n3         2707    0.351   0.010
        4  2n4         2684    0.357   0.002
        4  2n5        41269    0.304   0.004
        4  2n6        29275    0.151   0.000
        4  2n7        10058    0.169   0.001
        4  2n8         5149    0.233   0.004
        4  2n9        11991    0.244   0.002
        4  2n10        8577    0.276   0.001
        4  2n11        6040    0.312   0.002
        4  2n12       63110    0.224   0.004
        4  2n13       46456    0.206   0.003
        4  2n14        3053    0.120   0.001
        4  2n15       42763    0.285   0.005
        4  3n0        25145    0.246   0.021
        4  3n1        13511    0.392   0.015
        4  3n2        20968    0.224   0.014
        4  3n3        20515    0.234   0.012
        4  3n4        48822    0.452   0.076
        4  3n5        21229    0.187   0.022
        4  3n6       214246    0.280   0.023
        4  3n7        41934    0.145   0.010
        4  4n0        14548    0.115   0.000
        4  4n1        37328    0.200   0.000
        4  4n2        31768    0.016   0.003
        4  4n3       160946    0.054   0.000
        4  5n0        28774    0.029   0.000
        4  5n1        70358    0.416   0.000
        5  2n0         7396    0.254   0.002
        5  2n1         5501    0.292   0.004
        5  2n2         8414    0.152   0.000
        5  2n3         6629    0.377   0.022
        5  2n4         1553    0.353   0.001
        5  2n5        46879    0.223   0.005
        5  2n6        15044    0.283   0.001
        5  2n7         8721    0.266   0.014
        5  2n8        15500    0.419   0.020
        5  2n9        10370    0.410   0.001
        5  2n10        9096    0.451   0.009
        5  2n11        7082    0.236   0.006
        5  2n12       45629    0.177   0.002
        5  2n13       19757    0.131   0.003
        5  2n14        1982    0.141   0.000
        5  2n15       28450    0.199   0.002
        5  3n0        26470    0.221   0.019
        5  3n1         7702    0.438   0.035
        5  3n2        14085    0.226   0.015
        5  3n3        34729    0.258   0.011
        5  3n4        91988    0.367   0.029
        5  3n5         6706    0.247   0.021
        5  3n6       124123    0.225   0.022
        5  3n7        34563    0.102   0.007
        5  4n0        29200    0.101   0.000
        5  4n1        38420    0.068   0.000
        5  4n2        23757    0.186   0.019
        5  4n3       144135    0.040   0.000
        5  5n0         3545    0.007   0.000
        5  5n1        36347    0.456   0.031

    voi3b_rep_pr_yk:
      era  cell        n        dev     ont
        1  2n0        25911    0.827   0.005
        1  2n1        25648    0.779   0.003
        1  2n2        25921    0.839   0.002
        1  2n3        25668    0.800   0.004
        1  2n4        28955    0.768   0.003
        1  2n5        29263    0.777   0.008
        1  2n6        26784    0.776   0.006
        1  2n7        25660    0.724   0.003
        1  2n8        25728    0.877   0.003
        1  2n9        26058    0.883   0.005
        1  2n10       25647    0.869   0.002
        1  2n11       25523    0.744   0.001
        1  2n12       25875    0.891   0.003
        1  2n13       26175    0.692   0.005
        1  2n14       26671    0.807   0.002
        1  2n15       27955    0.618   0.005
        2  2n0        49483    0.932   0.017
        2  2n1        48837    0.870   0.034
        2  2n2       117714    0.836   0.019
        2  2n3        31694    0.915   0.034
        2  2n4        46463    0.781   0.017
        2  2n5        93614    0.858   0.025
        2  2n6        39303    0.843   0.006
        2  2n7        43263    0.918   0.033
        2  2n8        31380    0.895   0.025
        2  2n9        79031    0.923   0.029
        2  2n10       26050    0.834   0.030
        2  2n11       14628    0.888   0.044
        2  2n12      208627    0.816   0.055
        2  2n13       76164    0.880   0.046
        2  2n14       86775    0.867   0.011
        2  2n15       90165    0.822   0.026
        2  3n0        35699    0.989   0.000
        2  3n1        35678    0.993   0.001
        2  3n2        35783    0.984   0.000
        2  3n3        35742    0.985   0.000
        2  3n4        35679    0.990   0.000
        2  3n5        35671    0.963   0.002
        2  3n6        36361    0.897   0.001
        2  3n7        35858    0.897   0.001
        3  2n0        40546    0.798   0.026
        3  2n1       113710    0.830   0.006
        3  2n2       175876    0.767   0.011
        3  2n3        63603    0.922   0.013
        3  2n4        28733    0.843   0.034
        3  2n5       193988    0.847   0.010
        3  2n6       150247    0.802   0.010
        3  2n7       101076    0.830   0.016
        3  2n8        85890    0.779   0.030
        3  2n9        36318    0.835   0.027
        3  2n10       48166    0.871   0.022
        3  2n11       36083    0.840   0.028
        3  2n12      665421    0.863   0.012
        3  2n13      451835    0.810   0.042
        3  2n14       68602    0.812   0.009
        3  2n15      157116    0.850   0.016
        3  3n0        30884    0.444   0.028
        3  3n1        30678    0.712   0.034
        3  3n2        37421    0.489   0.017
        3  3n3        17769    0.466   0.014
        3  3n4        45522    0.643   0.020
        3  3n5        43472    0.599   0.026
        3  3n6       383471    0.379   0.023
        3  3n7        51777    0.350   0.020
        3  4n0        27512    0.180   0.003
        3  4n1       115068    0.488   0.000
        3  4n2        75042    0.893   0.016
        3  4n3       119908    0.673   0.024
        4  2n0         5556    0.720   0.013
        4  2n1        19024    0.750   0.011
        4  2n2        18308    0.723   0.020
        4  2n3         8620    0.888   0.016
        4  2n4         3700    0.759   0.041
        4  2n5        30047    0.674   0.017
        4  2n6        22541    0.678   0.002
        4  2n7        13653    0.735   0.031
        4  2n8        30308    0.673   0.029
        4  2n9         7238    0.790   0.026
        4  2n10        2942    0.717   0.017
        4  2n11        3177    0.640   0.022
        4  2n12       98930    0.775   0.026
        4  2n13      103570    0.739   0.057
        4  2n14        5275    0.719   0.003
        4  2n15       66838    0.860   0.008
        4  3n0         6405    0.747   0.038
        4  3n1         9123    0.828   0.084
        4  3n2        31802    0.587   0.010
        4  3n3         8301    0.982   0.007
        4  3n4         9957    0.782   0.038
        4  3n5        19625    0.661   0.045
        4  3n6       156160    0.554   0.060
        4  3n7        27464    0.822   0.017
        4  4n0         8853    0.886   0.012
        4  4n1        40728    0.171   0.003
        4  4n2        43992    0.785   0.045
        4  4n3       126294    0.416   0.026
        4  5n0        64004    0.921   0.000
        4  5n1        34466    0.918   0.000
        5  2n0         6538    0.702   0.021
        5  2n1        11765    0.736   0.019
        5  2n2        19485    0.585   0.010
        5  2n3         6544    0.882   0.029
        5  2n4         3400    0.698   0.013
        5  2n5        12716    0.736   0.009
        5  2n6        10648    0.756   0.003
        5  2n7        12202    0.688   0.025
        5  2n8        65443    0.538   0.040
        5  2n9         3116    0.782   0.017
        5  2n10        2199    0.712   0.012
        5  2n11        4509    0.758   0.020
        5  2n12       69454    0.683   0.017
        5  2n13       60360    0.843   0.032
        5  2n14       15307    0.707   0.008
        5  2n15       54069    0.795   0.013
        5  3n0         5410    0.540   0.021
        5  3n1        13372    0.761   0.073
        5  3n2        25032    0.657   0.020
        5  3n3        10157    0.925   0.019
        5  3n4         4997    0.726   0.028
        5  3n5        25362    0.684   0.034
        5  3n6        92338    0.673   0.039
        5  3n7        23684    0.830   0.013
        5  4n0        12027    0.900   0.023
        5  4n1        39040    0.827   0.000
        5  4n2        67987    0.358   0.052
        5  4n3       135831    0.766   0.006
        5  5n0         5038    0.904   0.001
        5  5n1        37799    0.842   0.021

    voi3b_rep_yk:
      era  cell        n        dev     ont
        1  2n0        25990    0.830   0.004
        1  2n1        25648    0.778   0.002
        1  2n2        25839    0.862   0.000
        1  2n3        25777    0.803   0.003
        1  2n4        29377    0.782   0.007
        1  2n5        29605    0.751   0.016
        1  2n6        26264    0.797   0.005
        1  2n7        25630    0.728   0.002
        1  2n8        25612    0.878   0.003
        1  2n9        25658    0.885   0.003
        1  2n10       25847    0.871   0.004
        1  2n11       25576    0.746   0.001
        1  2n12       25847    0.903   0.001
        1  2n13       26490    0.689   0.006
        1  2n14       27835    0.798   0.002
        1  2n15       28977    0.612   0.005
        2  2n0        28424    0.592   0.008
        2  2n1        35654    0.478   0.011
        2  2n2        87231    0.584   0.010
        2  2n3        26666    0.675   0.020
        2  2n4        50265    0.475   0.008
        2  2n5        72337    0.423   0.015
        2  2n6        31275    0.335   0.004
        2  2n7        29490    0.424   0.024
        2  2n8        36757    0.511   0.008
        2  2n9        52587    0.669   0.008
        2  2n10       29693    0.560   0.016
        2  2n11       13072    0.519   0.034
        2  2n12      193114    0.455   0.021
        2  2n13       74853    0.367   0.012
        2  2n14      109842    0.329   0.006
        2  2n15       80002    0.492   0.014
        2  3n0        35708    0.606   0.000
        2  3n1        35675    0.824   0.001
        2  3n2        35722    0.469   0.001
        2  3n3        35736    0.480   0.000
        2  3n4        35678    0.762   0.001
        2  3n5        35672    0.629   0.001
        2  3n6        35776    0.882   0.001
        2  3n7        35869    0.793   0.001
        3  2n0        63267    0.575   0.015
        3  2n1        59767    0.393   0.008
        3  2n2       114836    0.374   0.002
        3  2n3        24021    0.625   0.014
        3  2n4        26957    0.343   0.008
        3  2n5        89671    0.420   0.003
        3  2n6       186035    0.390   0.002
        3  2n7        65902    0.336   0.006
        3  2n8       113353    0.695   0.010
        3  2n9        50532    0.533   0.007
        3  2n10       16895    0.330   0.008
        3  2n11       18431    0.459   0.008
        3  2n12      535189    0.514   0.024
        3  2n13      386794    0.397   0.005
        3  2n14      108119    0.352   0.002
        3  2n15       59241    0.501   0.014
        3  3n0        15582    0.300   0.028
        3  3n1        42275    0.448   0.043
        3  3n2        18744    0.846   0.045
        3  3n3        49131    0.204   0.011
        3  3n4        27391    0.693   0.031
        3  3n5        72263    0.502   0.045
        3  3n6       271438    0.758   0.052
        3  3n7       140133    0.201   0.011
        3  4n0        26044    0.987   0.003
        3  4n1        61570    0.984   0.015
        3  4n2        59175    0.991   0.005
        3  4n3       101703    0.721   0.004
        4  2n0         6704    0.387   0.012
        4  2n1         8892    0.306   0.019
        4  2n2        38256    0.399   0.003
        4  2n3         6199    0.780   0.025
        4  2n4         4122    0.464   0.007
        4  2n5        18617    0.517   0.009
        4  2n6        26069    0.314   0.000
        4  2n7         9676    0.557   0.021
        4  2n8        13304    0.832   0.014
        4  2n9         4903    0.629   0.016
        4  2n10        2971    0.440   0.004
        4  2n11        2212    0.808   0.020
        4  2n12      124311    0.635   0.021
        4  2n13      126773    0.472   0.038
        4  2n14       12635    0.182   0.002
        4  2n15       11619    0.474   0.031
        4  3n0         9707    0.477   0.039
        4  3n1        18004    0.425   0.068
        4  3n2         4047    0.754   0.049
        4  3n3        23568    0.237   0.024
        4  3n4         5160    0.741   0.034
        4  3n5        19843    0.566   0.033
        4  3n6       171077    0.707   0.065
        4  3n7        48856    0.142   0.004
        4  4n0         4966    0.923   0.018
        4  4n1        12976    0.930   0.087
        4  4n2        10433    0.555   0.026
        4  4n3        80722    0.536   0.013
        4  5n0        28462    1.000   0.000
        4  5n1        64273    0.999   0.000
        5  2n0        10323    0.569   0.019
        5  2n1         6415    0.611   0.005
        5  2n2        41596    0.263   0.003
        5  2n3         4983    0.827   0.004
        5  2n4         1186    0.547   0.024
        5  2n5        18713    0.323   0.010
        5  2n6        18927    0.293   0.001
        5  2n7         3320    0.755   0.013
        5  2n8        11024    0.579   0.036
        5  2n9         3168    0.588   0.007
        5  2n10        5992    0.423   0.009
        5  2n11        2234    0.773   0.019
        5  2n12       80734    0.447   0.014
        5  2n13      104592    0.435   0.019
        5  2n14       13464    0.375   0.001
        5  2n15        9716    0.232   0.007
        5  3n0        10868    0.238   0.005
        5  3n1        11713    0.457   0.041
        5  3n2         3374    0.811   0.090
        5  3n3        23687    0.286   0.008
        5  3n4         7797    0.931   0.029
        5  3n5        16778    0.521   0.070
        5  3n6       128069    0.659   0.058
        5  3n7        55977    0.166   0.007
        5  4n0        10118    0.803   0.017
        5  4n1        15126    0.959   0.008
        5  4n2        16720    0.328   0.009
        5  4n3       111154    0.513   0.012
        5  5n0         2310    0.537   0.012
        5  5n1        18478    0.537   0.040

====================================================================================================
[D] WHAT THE CHOOSER WROTE — Q0 §5's table, live, on the EXECUTED population
====================================================================================================
    Filed writes only (kept by the beam and on a graded tip). `rows` is the operative
    table's size, `dist` distinct tuples written, `keys` distinct class-pair keys,
    `tok` distinct token classes, `top1` the share of the era's filed writes on one
    tuple. Q0's banked numbers at the same nodes: L4 2.6-3.6 of 155-187 rows, top1
    0.91-0.94; L5 1.5-1.6 of 144-152, top1 0.80-0.93 (the FIRED population).

    voi3b_comp_pr_yk:
      era  cell      n_filed  rows   dist/cyc  keys/cyc  tok/cyc   top1(w)
        1  2n0        1553    13      2.92     2.92    2.92     0.638
        1  2n1        2142    13      3.42     3.42    3.00     0.641
        1  2n2        1679    13      2.83     2.83    2.50     0.661
        1  2n3        1605    13      2.50     2.50    2.25     0.670
        1  2n4        1551    13      2.50     2.50    2.33     0.719
        1  2n5        2020    13      2.58     2.58    2.25     0.768
        1  2n6        1778    13      2.25     2.25    2.25     0.708
        1  2n7        1832    13      2.25     2.25    2.00     0.747
        1  2n8        1591    13      2.75     2.75    2.58     0.720
        1  2n9        2102    13      3.00     3.00    2.92     0.605
        1  2n10       1741    13      2.92     2.92    2.83     0.591
        1  2n11       1492    13      2.50     2.50    2.33     0.716
        1  2n12       1491    13      2.42     2.42    2.25     0.753
        1  2n13       2174    13      2.42     2.42    2.33     0.761
        1  2n14       1538    13      3.00     3.00    2.83     0.533
        1  2n15       2042    13      2.33     2.33    2.00     0.786
        2  2n0        4668    16      4.42     4.42    3.86     0.462
        2  2n1        5059    16      3.94     3.94    3.66     0.522
        2  2n2        5427    16      3.86     3.86    3.34     0.511
        2  2n3        4396    16      3.52     3.52    2.90     0.542
        2  2n4        3532    16      3.56     3.56    3.18     0.624
        2  2n5        6132    16      3.68     3.68    3.32     0.606
        2  2n6        5902    16      2.86     2.86    2.06     0.791
        2  2n7        5595    16      3.18     3.18    2.64     0.648
        2  2n8        4647    16      3.98     3.98    3.58     0.490
        2  2n9        4894    16      3.98     3.98    3.60     0.485
        2  2n10       4950    16      3.80     3.80    3.10     0.538
        2  2n11       3836    16      3.50     3.50    2.92     0.564
        2  2n12      10758    16      4.34     4.34    3.72     0.540
        2  2n13       8040    16      3.82     3.82    3.70     0.546
        2  2n14       4205    16      2.86     2.86    2.52     0.693
        2  2n15       5130    16      3.38     3.38    2.82     0.584
        2  3n0        1818    70      3.40     3.20    2.90     0.727
        2  3n1        1957    70      4.50     3.50    3.10     0.424
        2  3n2        1869    70      3.90     3.60    3.40     0.606
        2  3n3        2078    70      4.00     3.40    3.30     0.610
        2  3n4        2040    70      3.70     3.00    2.80     0.488
        2  3n5        2122    70      4.80     3.40    2.70     0.578
        2  3n6        2598    70      4.20     3.80    3.20     0.648
        2  3n7        1752    70      2.80     2.40    2.30     0.667
        3  2n0        6058    17      6.40     6.40    5.39     0.381
        3  2n1        4990    17      4.86     4.86    4.26     0.455
        3  2n2        6613    17      4.00     4.00    3.36     0.563
        3  2n3        5827    17      4.79     4.79    3.01     0.476
        3  2n4        3989    17      4.17     4.17    3.41     0.560
        3  2n5        8427    17      3.97     3.97    3.14     0.628
        3  2n6        8868    17      3.07     3.07    2.39     0.779
        3  2n7        8636    17      4.34     4.34    3.24     0.609
        3  2n8        5933    17      5.01     5.01    4.26     0.447
        3  2n9        5421    17      4.83     4.83    4.03     0.459
        3  2n10       6084    17      4.46     4.46    3.53     0.445
        3  2n11       4911    17      4.80     4.80    3.37     0.500
        3  2n12      17946    17      4.99     4.99    4.53     0.596
        3  2n13      17465    17      4.99     4.99    3.83     0.533
        3  2n14       4005    17      2.39     2.39    2.06     0.774
        3  2n15       5102    17      4.07     4.07    3.04     0.491
        3  3n0        8439    76      3.00     2.64    2.57     0.608
        3  3n1        8287    76      4.10     3.24    2.84     0.519
        3  3n2        8197    76      3.31     2.94    2.80     0.663
        3  3n3        8511    76      2.86     2.50    2.49     0.760
        3  3n4        8002    76      3.93     2.94    2.60     0.583
        3  3n5        8355    76      3.77     3.06    2.20     0.517
        3  3n6       37054    76      4.93     3.83    3.53     0.502
        3  3n7       15233    76      1.64     1.53    1.50     0.948
        3  4n0        3245   128      1.79     1.69    1.69     0.825
        3  4n1        4024   128      1.14     1.14    1.14     0.977
        3  4n2        3883   128      2.14     1.55    1.55     0.829
        3  4n3        5426   128      1.62     1.62    1.62     0.921
        4  2n0        1361    17      6.83     6.83    5.67     0.354
        4  2n1         897    17      5.25     5.25    4.42     0.430
        4  2n2         936    17      3.67     3.67    3.33     0.501
        4  2n3        1251    17      5.42     5.42    3.50     0.420
        4  2n4         542    17      3.33     3.33    2.75     0.587
        4  2n5        1298    17      3.83     3.83    3.00     0.685
        4  2n6        1403    17      3.67     3.67    2.83     0.658
        4  2n7        1053    17      4.17     4.17    3.33     0.615
        4  2n8        1099    17      5.92     5.92    5.00     0.420
        4  2n9         850    17      4.00     4.00    3.50     0.572
        4  2n10        802    17      3.92     3.92    3.33     0.534
        4  2n11        535    17      4.58     4.58    3.50     0.505
        4  2n12       1991    17      4.17     4.17    3.75     0.666
        4  2n13       1693    17      3.83     3.83    3.17     0.640
        4  2n14        782    17      2.42     2.42    2.42     0.715
        4  2n15        848    17      4.75     4.75    3.50     0.420
        4  3n0        1846    76      3.33     2.75    2.67     0.617
        4  3n1        1266    76      3.50     3.08    2.67     0.628
        4  3n2        1659    76      2.92     2.83    2.67     0.586
        4  3n3        1448    76      2.75     2.58    2.58     0.798
        4  3n4        1440    76      3.58     2.33    2.33     0.589
        4  3n5        2181    76      3.67     2.75    2.17     0.558
        4  3n6        7333    76      5.58     4.00    3.92     0.511
        4  3n7        4919    76      1.92     1.92    1.92     0.956
        4  4n0        1405   132      2.33     1.92    1.92     0.725
        4  4n1        1585   132      1.00     1.00    1.00     1.000
        4  4n2        1653   132      2.17     1.75    1.75     0.777
        4  4n3        3219   132      1.67     1.67    1.67     0.958
        4  5n0         390    96      1.00     1.00    1.00     1.000
        4  5n1        2247    96      1.17     1.17    1.17     0.998
        5  2n0        1008    19      6.22     6.22    5.22     0.400
        5  2n1         617    19      4.78     4.78    4.22     0.530
        5  2n2        1114    19      4.56     4.56    3.89     0.483
        5  2n3         903    19      5.00     5.00    3.00     0.420
        5  2n4         402    19      4.00     4.00    3.56     0.595
        5  2n5         982    19      4.11     4.11    3.56     0.573
        5  2n6        1303    19      3.78     3.78    3.22     0.697
        5  2n7         938    19      4.78     4.78    3.78     0.464
        5  2n8         563    19      4.78     4.78    4.22     0.494
        5  2n9         586    19      4.00     4.00    3.67     0.561
        5  2n10        790    19      4.00     4.00    3.56     0.495
        5  2n11        522    19      4.44     4.44    3.44     0.571
        5  2n12       1104    19      3.22     3.22    3.00     0.681
        5  2n13       1172    19      4.22     4.22    3.78     0.566
        5  2n14        376    19      2.33     2.33    2.22     0.795
        5  2n15        512    19      3.33     3.33    2.56     0.646
        5  3n0        1771    92      3.78     2.78    2.78     0.602
        5  3n1        1165    92      4.44     3.67    2.89     0.424
        5  3n2        1747    92      3.22     3.00    2.78     0.588
        5  3n3        1083    92      3.22     3.11    3.11     0.657
        5  3n4        1335    92      3.11     2.11    2.11     0.634
        5  3n5        1964    92      3.56     2.78    2.22     0.535
        5  3n6        4661    92      6.11     4.11    4.00     0.662
        5  3n7        4081    92      1.67     1.67    1.56     0.975
        5  4n0        1169   196      2.44     2.22    2.22     0.740
        5  4n1        1258   196      1.00     1.00    1.00     1.000
        5  4n2        1714   196      2.33     2.11    2.11     0.698
        5  4n3        2849   196      1.33     1.33    1.33     0.959
        5  5n0         298   144      1.25     1.12    1.12     0.896
        5  5n1        2745   144      1.44     1.22    1.22     0.898

    voi3b_comp_yk:
      era  cell      n_filed  rows   dist/cyc  keys/cyc  tok/cyc   top1(w)
        1  2n0        1516    13      3.25     3.25    3.25     0.592
        1  2n1        2073    13      3.33     3.33    3.25     0.582
        1  2n2        1806    13      2.83     2.83    2.67     0.599
        1  2n3        1661    13      3.00     3.00    2.92     0.609
        1  2n4        1436    13      3.00     3.00    2.92     0.651
        1  2n5        1926    13      3.17     3.17    3.00     0.656
        1  2n6        1766    13      3.00     3.00    3.00     0.636
        1  2n7        1859    13      3.00     3.00    2.75     0.633
        1  2n8        1777    13      3.42     3.42    3.33     0.648
        1  2n9        2081    13      3.17     3.17    3.08     0.613
        1  2n10       1766    13      3.42     3.42    3.33     0.593
        1  2n11       1576    13      2.75     2.75    2.67     0.657
        1  2n12       1491    13      2.92     2.92    2.83     0.663
        1  2n13       2297    13      2.92     2.92    2.92     0.651
        1  2n14       1450    13      2.83     2.83    2.83     0.533
        1  2n15       2115    13      2.75     2.75    2.58     0.690
        2  2n0        4797    15      4.38     4.38    4.38     0.470
        2  2n1        5662    15      3.86     3.86    3.82     0.538
        2  2n2        6079    15      3.54     3.54    3.54     0.549
        2  2n3        4321    15      3.30     3.30    3.26     0.573
        2  2n4        3552    15      3.55     3.55    3.55     0.578
        2  2n5        5688    15      3.80     3.80    3.80     0.544
        2  2n6        5267    15      3.12     3.12    3.12     0.749
        2  2n7        4733    15      2.82     2.82    2.80     0.617
        2  2n8        4362    15      4.02     4.02    4.02     0.460
        2  2n9        5721    15      4.30     4.30    4.26     0.460
        2  2n10       5051    15      3.46     3.46    3.46     0.512
        2  2n11       4255    15      3.96     3.96    3.96     0.477
        2  2n12      11714    15      3.72     3.72    3.70     0.585
        2  2n13       8003    15      3.98     3.98    3.98     0.575
        2  2n14       4119    15      3.08     3.08    3.08     0.674
        2  2n15       5754    15      3.36     3.36    3.32     0.527
        2  3n0        1691    48      3.50     3.00    2.90     0.711
        2  3n1        1766    48      4.60     3.80    3.50     0.422
        2  3n2        1862    48      2.70     2.40    2.30     0.731
        2  3n3        2154    48      3.70     3.30    3.20     0.569
        2  3n4        2199    48      3.30     2.80    2.70     0.561
        2  3n5        1954    48      4.80     3.10    2.80     0.365
        2  3n6        2467    48      4.60     4.10    3.70     0.648
        2  3n7        1913    48      3.90     3.40    3.40     0.650
        3  2n0        5925    17      4.66     4.66    4.61     0.450
        3  2n1        5794    17      4.01     4.01    3.73     0.567
        3  2n2        5798    17      3.80     3.80    3.80     0.531
        3  2n3        5289    17      3.39     3.39    3.24     0.556
        3  2n4        4154    17      3.73     3.73    3.70     0.518
        3  2n5        8860    17      3.36     3.36    3.36     0.619
        3  2n6        7848    17      3.70     3.70    3.70     0.661
        3  2n7        5829    17      2.84     2.84    2.81     0.629
        3  2n8        5581    17      4.64     4.64    4.60     0.442
        3  2n9        7501    17      3.90     3.90    3.86     0.534
        3  2n10       7044    17      4.29     4.29    4.26     0.466
        3  2n11       4406    17      3.83     3.83    3.69     0.510
        3  2n12      19921    17      3.96     3.96    3.94     0.551
        3  2n13      15714    17      4.11     4.11    4.06     0.514
        3  2n14       4135    17      3.14     3.14    3.14     0.689
        3  2n15       7903    17      4.13     4.13    3.51     0.515
        3  3n0        7564    79      3.66     3.27    3.21     0.586
        3  3n1        7994    79      4.13     3.11    3.09     0.639
        3  3n2        7579    79      3.16     3.11    3.07     0.610
        3  3n3        8078    79      4.60     3.96    3.33     0.562
        3  3n4       10184    79      4.29     3.86    3.27     0.525
        3  3n5        7191    79      5.24     3.89    3.67     0.458
        3  3n6       33988    79      4.97     4.23    4.10     0.492
        3  3n7       10433    79      4.63     4.01    3.94     0.588
        3  4n0        3037   144      1.76     1.76    1.76     0.804
        3  4n1        4698   144      1.83     1.83    1.83     0.809
        3  4n2        4411   144      1.21     1.17    1.17     0.988
        3  4n3        8103   144      1.55     1.55    1.55     0.941
        4  2n0        1362    17      5.83     5.83    5.75     0.426
        4  2n1        1065    17      3.92     3.92    3.67     0.511
        4  2n2         991    17      4.17     4.17    4.17     0.488
        4  2n3         890    17      3.67     3.67    3.00     0.509
        4  2n4         583    17      3.50     3.50    3.33     0.479
        4  2n5        1649    17      3.17     3.17    3.08     0.670
        4  2n6        1371    17      3.92     3.92    3.92     0.664
        4  2n7         818    17      3.17     3.17    2.92     0.549
        4  2n8        1230    17      4.33     4.33    4.33     0.433
        4  2n9         949    17      3.92     3.92    3.67     0.521
        4  2n10        970    17      4.50     4.50    4.42     0.448
        4  2n11        935    17      4.25     4.25    3.75     0.502
        4  2n12       2372    17      4.75     4.75    4.58     0.533
        4  2n13       1488    17      4.08     4.08    4.00     0.504
        4  2n14        650    17      3.17     3.17    3.17     0.691
        4  2n15       1354    17      3.50     3.50    2.83     0.700
        4  3n0        1640    79      3.50     3.25    3.17     0.594
        4  3n1         915    79      3.58     2.67    2.67     0.498
        4  3n2         923    79      3.00     2.92    2.92     0.696
        4  3n3        1603    79      3.42     3.00    2.83     0.590
        4  3n4        3070    79      4.75     4.58    3.58     0.526
        4  3n5        1106    79      4.33     2.92    2.92     0.528
        4  3n6        5379    79      6.83     4.92    4.50     0.551
        4  3n7        2183    79      3.42     2.83    2.75     0.750
        4  4n0        1547   144      1.92     1.92    1.92     0.730
        4  4n1        1756   144      1.67     1.67    1.67     0.862
        4  4n2        1700   144      1.33     1.33    1.33     0.979
        4  4n3        5742   144      1.50     1.50    1.50     0.948
        4  5n0         565    96      1.20     1.20    1.20     0.915
        4  5n1        1714    96      1.67     1.67    1.67     0.896
        5  2n0         879    18      5.00     5.00    4.56     0.403
        5  2n1         555    18      4.33     4.33    3.89     0.468
        5  2n2         753    18      4.11     4.11    4.11     0.554
        5  2n3         745    18      3.44     3.44    3.11     0.581
        5  2n4         399    18      3.67     3.67    3.56     0.556
        5  2n5        1702    18      3.56     3.56    3.22     0.680
        5  2n6         792    18      3.67     3.67    3.67     0.583
        5  2n7         580    18      3.00     3.00    2.78     0.597
        5  2n8        1208    18      4.67     4.67    4.67     0.425
        5  2n9         962    18      2.89     2.89    2.89     0.678
        5  2n10        853    18      4.56     4.56    4.56     0.429
        5  2n11        581    18      3.11     3.11    2.89     0.537
        5  2n12       1316    18      3.78     3.78    3.78     0.492
        5  2n13        770    18      2.89     2.89    2.78     0.557
        5  2n14        346    18      2.56     2.56    2.56     0.676
        5  2n15        898    18      3.56     3.56    3.00     0.664
        5  3n0        1866    89      3.78     3.67    3.56     0.486
        5  3n1         772    89      3.67     2.78    2.56     0.521
        5  3n2        1257    89      3.89     3.56    3.44     0.608
        5  3n3        1624    89      4.22     3.22    3.00     0.570
        5  3n4        3902    89      4.22     4.00    3.00     0.568
        5  3n5         784    89      4.78     2.78    2.33     0.444
        5  3n6        3374    89      6.78     4.78    4.22     0.540
        5  3n7        1198    89      2.44     2.44    2.44     0.842
        5  4n0        1509   168      2.00     2.00    2.00     0.686
        5  4n1        1566   168      1.56     1.56    1.56     0.957
        5  4n2        1632   168      2.00     2.00    2.00     0.920
        5  4n3        4316   168      1.78     1.78    1.78     0.972
        5  5n0         231   128      1.12     1.12    1.12     0.991
        5  5n1        3194   128      2.33     2.22    2.22     0.879

    voi3b_rep_pr_yk:
      era  cell      n_filed  rows   dist/cyc  keys/cyc  tok/cyc   top1(w)
        1  2n0        1793    13      1.83     1.83    1.83     0.796
        1  2n1        2187    13      1.92     1.92    1.83     0.769
        1  2n2        1900    13      1.83     1.83    1.67     0.858
        1  2n3        1563    13      1.83     1.83    1.75     0.790
        1  2n4        1786    13      1.67     1.67    1.58     0.852
        1  2n5        2199    13      1.58     1.58    1.42     0.896
        1  2n6        1814    13      1.33     1.33    1.33     0.907
        1  2n7        1870    13      1.75     1.75    1.50     0.788
        1  2n8        1603    13      1.75     1.75    1.67     0.908
        1  2n9        1909    13      1.75     1.75    1.67     0.777
        1  2n10       1447    13      1.75     1.75    1.67     0.724
        1  2n11       1522    13      1.58     1.58    1.50     0.779
        1  2n12       1529    13      1.67     1.67    1.58     0.833
        1  2n13       2106    13      1.58     1.58    1.58     0.842
        1  2n14       1604    13      1.67     1.67    1.67     0.831
        1  2n15       1759    13      1.83     1.83    1.67     0.796
        2  2n0        5067    15      2.08     2.08    1.64     0.775
        2  2n1        7273    15      2.00     2.00    1.68     0.832
        2  2n2        8034    15      2.08     2.08    1.64     0.819
        2  2n3        5144    15      2.32     2.32    1.84     0.718
        2  2n4        4762    15      1.76     1.76    1.46     0.842
        2  2n5        7989    15      1.50     1.50    1.36     0.938
        2  2n6        6500    15      1.40     1.40    1.14     0.953
        2  2n7        5829    15      1.74     1.74    1.54     0.874
        2  2n8        4671    15      1.86     1.86    1.50     0.800
        2  2n9        4891    15      1.70     1.70    1.46     0.825
        2  2n10       3989    15      2.02     2.02    1.74     0.747
        2  2n11       4860    15      2.02     2.02    1.64     0.746
        2  2n12      11901    15      1.90     1.90    1.62     0.838
        2  2n13       7562    15      2.18     2.18    1.80     0.737
        2  2n14       5188    15      1.62     1.62    1.32     0.926
        2  2n15       6210    15      1.92     1.92    1.60     0.824
        2  3n0        1497    60      3.20     2.30    2.30     0.637
        2  3n1        1624    60      4.50     2.70    2.70     0.427
        2  3n2        1693    60      1.60     1.50    1.50     0.820
        2  3n3        1434    60      1.90     1.80    1.80     0.667
        2  3n4        1559    60      2.10     1.90    1.90     0.844
        2  3n5        1724    60      4.40     2.50    2.60     0.456
        2  3n6        2054    60      3.80     2.90    2.80     0.590
        2  3n7        1480    60      1.90     1.60    1.60     0.724
        3  2n0        5820    18      2.71     2.71    2.56     0.682
        3  2n1        7787    18      2.44     2.44    2.30     0.786
        3  2n2        9743    18      2.49     2.49    2.23     0.764
        3  2n3        5666    18      2.86     2.86    2.57     0.604
        3  2n4        4859    18      2.84     2.84    2.60     0.639
        3  2n5       10500    18      2.87     2.87    2.83     0.747
        3  2n6        8537    18      1.51     1.51    1.33     0.967
        3  2n7        8288    18      2.50     2.50    2.33     0.692
        3  2n8        7488    18      3.17     3.17    2.71     0.613
        3  2n9        4443    18      2.27     2.27    2.04     0.728
        3  2n10       4287    18      2.56     2.56    2.29     0.629
        3  2n11       5034    18      3.06     3.06    2.86     0.611
        3  2n12      23775    18      2.84     2.84    2.40     0.722
        3  2n13      22810    18      3.46     3.46    2.83     0.604
        3  2n14       5068    18      2.14     2.14    1.64     0.834
        3  2n15       9820    18      2.77     2.77    2.57     0.723
        3  3n0        5851    87      3.13     2.60    2.27     0.610
        3  3n1        7130    87      3.44     2.73    2.13     0.549
        3  3n2        6068    87      2.76     2.63    2.24     0.688
        3  3n3        5243    87      2.00     2.00    1.56     0.830
        3  3n4        6010    87      2.80     2.39    1.77     0.673
        3  3n5        5814    87      3.31     2.63    2.20     0.578
        3  3n6       18620    87      3.41     3.00    2.63     0.581
        3  3n7        6981    87      1.50     1.46    1.10     0.894
        3  4n0        2390   172      1.83     1.62    1.62     0.830
        3  4n1        4793   172      1.14     1.14    1.14     0.961
        3  4n2        3478   172      2.45     1.93    1.93     0.718
        3  4n3        6511   172      2.41     2.10    2.10     0.712
        4  2n0        1158    18      4.42     4.42    4.33     0.441
        4  2n1        1116    18      2.67     2.67    2.50     0.650
        4  2n2        1162    18      3.33     3.33    3.25     0.807
        4  2n3         844    18      3.17     3.17    2.92     0.671
        4  2n4         667    18      4.08     4.08    3.67     0.574
        4  2n5        1535    18      2.83     2.83    2.75     0.558
        4  2n6        1202    18      1.75     1.75    1.75     0.947
        4  2n7        1241    18      2.83     2.83    2.83     0.602
        4  2n8        2007    18      3.50     3.50    3.25     0.694
        4  2n9         884    18      2.58     2.58    2.58     0.611
        4  2n10        619    18      3.42     3.42    3.08     0.540
        4  2n11        701    18      3.25     3.25    3.08     0.568
        4  2n12       3503    18      3.42     3.42    3.42     0.682
        4  2n13       3605    18      3.17     3.17    2.92     0.502
        4  2n14        960    18      2.67     2.67    2.42     0.716
        4  2n15       2135    18      3.08     3.08    2.67     0.600
        4  3n0         890    94      3.00     2.50    2.00     0.606
        4  3n1        1318    94      3.33     3.00    2.58     0.644
        4  3n2        1919    94      2.92     2.92    2.50     0.677
        4  3n3         706    94      2.67     2.67    2.25     0.630
        4  3n4        1117    94      3.67     2.67    2.08     0.620
        4  3n5        1325    94      3.92     3.00    2.25     0.494
        4  3n6        4664    94      4.33     3.67    2.83     0.524
        4  3n7        1731    94      2.25     2.25    1.58     0.802
        4  4n0         882   172      2.17     1.83    1.83     0.770
        4  4n1        1791   172      1.58     1.58    1.58     0.877
        4  4n2        2353   172      2.33     1.83    1.83     0.833
        4  4n3        5607   172      2.67     2.67    2.67     0.756
        4  5n0         957    80      1.67     1.50    1.33     0.731
        4  5n1        1114    80      1.50     1.50    1.00     0.771
        5  2n0         714    18      4.00     4.00    3.67     0.542
        5  2n1         933    18      4.22     4.22    4.00     0.568
        5  2n2        1088    18      3.78     3.78    3.44     0.645
        5  2n3         707    18      3.56     3.56    2.78     0.491
        5  2n4         426    18      4.00     4.00    3.89     0.523
        5  2n5        1116    18      3.11     3.11    3.00     0.672
        5  2n6         774    18      2.11     2.11    2.11     0.872
        5  2n7         807    18      3.00     3.00    3.00     0.693
        5  2n8        2720    18      3.89     3.89    3.67     0.831
        5  2n9         417    18      2.44     2.44    2.44     0.616
        5  2n10        400    18      4.44     4.44    3.56     0.492
        5  2n11        482    18      2.89     2.89    2.89     0.550
        5  2n12       2247    18      3.89     3.89    3.89     0.705
        5  2n13       2196    18      4.33     4.33    3.67     0.561
        5  2n14        524    18      2.00     2.00    2.00     0.691
        5  2n15       1449    18      3.00     3.00    2.56     0.651
        5  3n0         860   104      2.89     2.44    2.11     0.558
        5  3n1        1002   104      3.22     2.89    2.44     0.755
        5  3n2        1334   104      3.56     3.22    2.78     0.703
        5  3n3         707   104      3.56     3.11    2.89     0.557
        5  3n4         698   104      3.00     2.22    2.11     0.701
        5  3n5        1256   104      4.22     3.44    2.89     0.513
        5  3n6        2554   104      6.00     4.56    3.78     0.389
        5  3n7        1064   104      2.11     1.89    1.56     0.744
        5  4n0         927   208      2.11     2.11    2.11     0.816
        5  4n1        1757   208      2.11     2.11    2.11     0.801
        5  4n2        3830   208      2.11     1.67    1.67     0.923
        5  4n3        4055   208      2.89     2.89    2.67     0.696
        5  5n0         423   160      1.22     1.11    1.11     0.960
        5  5n1        2159   160      2.22     2.22    2.22     0.773

    voi3b_rep_yk:
      era  cell      n_filed  rows   dist/cyc  keys/cyc  tok/cyc   top1(w)
        1  2n0        1708    14      1.67     1.67    1.67     0.822
        1  2n1        2128    14      1.75     1.75    1.67     0.769
        1  2n2        1888    14      1.67     1.67    1.50     0.887
        1  2n3        1725    14      1.67     1.67    1.58     0.829
        1  2n4        1790    14      1.50     1.50    1.42     0.884
        1  2n5        2287    14      1.50     1.50    1.33     0.917
        1  2n6        1685    14      1.17     1.17    1.17     0.909
        1  2n7        1998    14      1.67     1.67    1.42     0.804
        1  2n8        1663    14      1.58     1.58    1.50     0.921
        1  2n9        1874    14      1.67     1.67    1.58     0.797
        1  2n10       1587    14      1.58     1.58    1.50     0.796
        1  2n11       1559    14      1.42     1.42    1.33     0.851
        1  2n12       1617    14      1.42     1.42    1.33     0.876
        1  2n13       2193    14      1.42     1.42    1.42     0.922
        1  2n14       1533    14      1.50     1.50    1.50     0.872
        1  2n15       1891    14      1.58     1.58    1.42     0.833
        2  2n0        4564    15      1.14     1.14    1.14     0.990
        2  2n1        6986    15      1.64     1.64    1.64     0.939
        2  2n2        7695    15      1.24     1.24    1.24     0.986
        2  2n3        4647    15      1.84     1.84    1.84     0.875
        2  2n4        4611    15      1.06     1.06    1.06     0.987
        2  2n5        7414    15      1.14     1.14    1.14     0.979
        2  2n6        6221    15      1.04     1.04    1.04     0.999
        2  2n7        5317    15      1.08     1.08    1.08     0.996
        2  2n8        5137    15      1.12     1.12    1.12     0.983
        2  2n9        5000    15      1.20     1.20    1.20     0.977
        2  2n10       3527    15      1.42     1.42    1.42     0.938
        2  2n11       5200    15      1.14     1.14    1.14     0.989
        2  2n12      10241    15      1.66     1.66    1.66     0.929
        2  2n13       7375    15      1.24     1.24    1.24     0.981
        2  2n14       6077    15      1.22     1.22    1.22     0.986
        2  2n15       6149    15      1.34     1.34    1.34     0.940
        2  3n0        1793    62      1.80     1.60    1.60     0.861
        2  3n1        1577    62      4.10     2.60    2.50     0.479
        2  3n2        1393    62      2.60     2.10    2.10     0.719
        2  3n3        1926    62      2.00     1.70    1.70     0.648
        2  3n4        1728    62      2.00     1.70    1.70     0.734
        2  3n5        1704    62      4.40     3.00    2.90     0.372
        2  3n6        1620    62      4.10     2.20    2.20     0.586
        2  3n7        1448    62      3.40     2.60    2.60     0.609
        3  2n0        5687    17      3.11     3.11    2.97     0.705
        3  2n1        7086    17      2.69     2.69    2.63     0.838
        3  2n2       10095    17      2.09     2.09    2.07     0.914
        3  2n3        5434    17      3.00     3.00    2.94     0.693
        3  2n4        4025    17      2.17     2.17    2.17     0.753
        3  2n5        7553    17      2.00     2.00    1.94     0.894
        3  2n6        8179    17      2.11     2.11    2.11     0.888
        3  2n7        6302    17      1.66     1.66    1.63     0.915
        3  2n8        8016    17      3.49     3.49    3.30     0.683
        3  2n9        5161    17      1.97     1.97    1.96     0.790
        3  2n10       4170    17      2.19     2.19    2.19     0.708
        3  2n11       4575    17      2.17     2.17    2.11     0.828
        3  2n12      20803    17      4.84     4.84    3.99     0.668
        3  2n13      19716    17      4.07     4.07    3.43     0.759
        3  2n14       5770    17      1.84     1.84    1.84     0.882
        3  2n15       6345    17      3.09     3.09    2.97     0.719
        3  3n0        5822    83      3.27     2.79    2.73     0.619
        3  3n1        6350    83      4.20     3.53    3.14     0.515
        3  3n2        4732    83      3.30     2.69    2.27     0.591
        3  3n3        7318    83      3.20     2.67    2.66     0.627
        3  3n4        4704    83      3.16     2.49    2.23     0.649
        3  3n5        6629    83      5.14     3.56    3.07     0.455
        3  3n6       15711    83      5.84     4.84    3.91     0.473
        3  3n7       10296    83      2.61     2.46    2.40     0.591
        3  4n0        2098   164      1.52     1.52    1.52     0.881
        3  4n1        3067   164      2.28     2.24    2.00     0.701
        3  4n2        2314   164      2.72     2.14    2.10     0.652
        3  4n3        6165   164      2.45     2.45    2.38     0.773
        4  2n0        1073    17      4.00     4.00    3.83     0.497
        4  2n1         928    17      2.50     2.50    2.50     0.659
        4  2n2        1827    17      3.08     3.08    3.08     0.789
        4  2n3         963    17      2.25     2.25    2.25     0.746
        4  2n4         660    17      3.08     3.08    3.08     0.609
        4  2n5        1268    17      3.00     3.00    2.83     0.565
        4  2n6        1379    17      2.58     2.58    2.58     0.870
        4  2n7         913    17      2.33     2.33    2.08     0.656
        4  2n8        1234    17      4.75     4.75    4.17     0.467
        4  2n9         688    17      2.42     2.42    2.33     0.688
        4  2n10        661    17      2.92     2.92    2.92     0.637
        4  2n11        766    17      2.58     2.58    2.50     0.597
        4  2n12       3282    17      6.67     6.67    5.75     0.502
        4  2n13       3786    17      5.08     5.08    3.92     0.677
        4  2n14        980    17      1.58     1.58    1.58     0.861
        4  2n15       1311    17      2.92     2.92    2.67     0.569
        4  3n0        1171    83      3.00     2.58    2.58     0.636
        4  3n1        1253    83      4.42     3.58    3.00     0.546
        4  3n2         744    83      3.50     3.17    2.25     0.527
        4  3n3        1665    83      3.33     3.17    3.17     0.580
        4  3n4         703    83      3.25     2.42    2.25     0.706
        4  3n5        1503    83      6.25     4.17    3.33     0.445
        4  3n6        4368    83      8.50     6.58    4.92     0.332
        4  3n7        2601    83      3.50     3.33    3.25     0.574
        4  4n0         854   164      2.00     1.83    1.83     0.720
        4  4n1        1179   164      2.25     2.25    2.08     0.793
        4  4n2         763   164      1.92     1.92    1.83     0.806
        4  4n3        3607   164      3.25     3.00    2.92     0.578
        4  5n0         493    96      1.50     1.17    1.00     0.836
        4  5n1        1450    96      2.17     1.50    1.50     0.914
        5  2n0         517    19      4.00     4.00    3.78     0.493
        5  2n1         727    19      2.89     2.89    2.67     0.619
        5  2n2        1956    19      3.56     3.56    3.33     0.739
        5  2n3         734    19      2.56     2.56    2.33     0.653
        5  2n4         381    19      3.11     3.11    3.00     0.520
        5  2n5         778    19      3.11     3.11    2.67     0.676
        5  2n6        1133    19      3.00     3.00    2.89     0.713
        5  2n7         542    19      2.33     2.33    2.11     0.710
        5  2n8         874    19      4.67     4.67    4.22     0.500
        5  2n9         665    19      3.11     3.11    2.78     0.552
        5  2n10        867    19      3.67     3.67    3.67     0.513
        5  2n11        741    19      2.67     2.67    2.56     0.762
        5  2n12       2001    19      5.11     5.11    4.11     0.657
        5  2n13       2989    19      6.22     6.22    4.00     0.583
        5  2n14        500    19      2.11     2.11    2.11     0.898
        5  2n15        853    19      2.56     2.56    2.33     0.733
        5  3n0        1070   109      3.78     3.33    3.22     0.581
        5  3n1         802   109      4.56     3.44    2.78     0.504
        5  3n2         556   109      4.22     3.67    2.44     0.507
        5  3n3        1419   109      3.56     3.22    3.22     0.541
        5  3n4         855   109      3.22     2.78    2.78     0.687
        5  3n5        1662   109      6.56     4.33    3.44     0.359
        5  3n6        3623   109      7.67     6.33    4.78     0.322
        5  3n7        1938   109      2.67     2.44    2.44     0.692
        5  4n0        1043   264      2.33     2.22    2.22     0.683
        5  4n1         957   264      2.56     2.56    2.56     0.853
        5  4n2        1109   264      1.67     1.56    1.56     0.858
        5  4n3        3090   264      2.89     2.89    2.89     0.676
        5  5n0         710   144      1.50     1.25    1.25     0.917
        5  5n1        1694   144      2.22     2.11    1.78     0.756

====================================================================================================
[E] THE WRITER'S CLASS ACCURACY ON THE PRICED BEAM (held-out: fresh instances/cycle)
====================================================================================================
    `contains` against the clean latent, `rep` against the set of features that REPAIR
    the instance there. On an open slot the writer IS the head, so `rep` is the head's
    class accuracy; where the corridor is closed it is the DP's. Q0 §3's audition-path
    numbers for the DP at the frontier: 4n3 contains_rep 0.718 (era 4), 5n1 0.582.

    voi3b_comp_pr_yk:
      era  cell     contains n    contains   rep n     rep
        1  2n0         1553      0.504      762    0.193
        1  2n1         2142      0.298      757    0.077
        1  2n2         1679      0.481      746    0.201
        1  2n3         1605      0.349      758    0.120
        1  2n4         1551      0.391      758    0.168
        1  2n5         2020      0.488      748    0.171
        1  2n6         1778      0.746      710    0.194
        1  2n7         1832      0.390      768    0.178
        1  2n8         1591      0.356      736    0.099
        1  2n9         2102      0.308      768    0.155
        1  2n10        1741      0.580      753    0.142
        1  2n11        1492      0.338      768    0.049
        1  2n12        1491      0.327      607    0.283
        1  2n13        2174      0.451      768    0.211
        1  2n14        1538      0.644      692    0.221
        1  2n15        2042      0.341      764    0.132
        2  2n0         4668      0.421     3068    0.177
        2  2n1         5059      0.364     3082    0.155
        2  2n2         5427      0.611     3129    0.203
        2  2n3         4396      0.490     3010    0.181
        2  2n4         3532      0.639     2717    0.229
        2  2n5         6132      0.629     3138    0.235
        2  2n6         5902      0.770     3107    0.252
        2  2n7         5595      0.530     3083    0.202
        2  2n8         4647      0.454     2981    0.185
        2  2n9         4894      0.436     3078    0.210
        2  2n10        4950      0.656     3094    0.242
        2  2n11        3836      0.473     2798    0.164
        2  2n12       10758      0.613     3191    0.514
        2  2n13        8040      0.337     3200    0.260
        2  2n14        4205      0.657     2937    0.199
        2  2n15        5130      0.400     3069    0.188
        2  3n0         1818      0.349      625    0.194
        2  3n1         1957      0.277      640    0.175
        2  3n2         1869      0.391      574    0.244
        2  3n3         2078      0.236      618    0.141
        2  3n4         2040      0.382      640    0.181
        2  3n5         2122      0.317      639    0.180
        2  3n6         2598      0.456      640    0.544
        2  3n7         1752      0.245      605    0.260
        3  2n0         6058      0.502     4253    0.266
        3  2n1         4990      0.606     3869    0.298
        3  2n2         6613      0.705     4151    0.363
        3  2n3         5827      0.464     4040    0.287
        3  2n4         3989      0.705     3443    0.319
        3  2n5         8427      0.716     4419    0.363
        3  2n6         8868      0.844     4441    0.400
        3  2n7         8636      0.648     4430    0.370
        3  2n8         5933      0.515     4138    0.304
        3  2n9         5421      0.458     4022    0.279
        3  2n10        6084      0.723     4258    0.321
        3  2n11        4911      0.544     3851    0.226
        3  2n12       17946      0.484     4476    0.294
        3  2n13       17465      0.385     4480    0.318
        3  2n14        4005      0.764     3457    0.364
        3  2n15        5102      0.433     3999    0.321
        3  3n0         8439      0.467     4363    0.266
        3  3n1         8287      0.314     4402    0.240
        3  3n2         8197      0.517     4444    0.277
        3  3n3         8511      0.389     4458    0.195
        3  3n4         8002      0.434     4428    0.277
        3  3n5         8355      0.386     4392    0.277
        3  3n6        37054      0.535     4480    0.592
        3  3n7        15233      0.322     4460    0.294
        3  4n0         3245      0.565     1741    0.341
        3  4n1         4024      0.873     1828    0.448
        3  4n2         3883      0.423     1759    0.310
        3  4n3         5426      0.842     1815    0.785
        4  2n0         1361      0.539      757    0.299
        4  2n1          897      0.584      732    0.235
        4  2n2          936      0.766      662    0.405
        4  2n3         1251      0.454      754    0.255
        4  2n4          542      0.592      528    0.267
        4  2n5         1298      0.643      750    0.427
        4  2n6         1403      0.846      742    0.340
        4  2n7         1053      0.629      693    0.328
        4  2n8         1099      0.469      740    0.250
        4  2n9          850      0.492      645    0.198
        4  2n10         802      0.820      630    0.329
        4  2n11         535      0.688      514    0.212
        4  2n12        1991      0.364      768    0.148
        4  2n13        1693      0.351      768    0.279
        4  2n14         782      0.556      633    0.455
        4  2n15         848      0.267      650    0.158
        4  3n0         1846      0.507      768    0.246
        4  3n1         1266      0.242      705    0.231
        4  3n2         1659      0.518      768    0.340
        4  3n3         1448      0.494      751    0.290
        4  3n4         1440      0.466      765    0.331
        4  3n5         2181      0.332      768    0.163
        4  3n6         7333      0.321      768    0.266
        4  3n7         4919      0.204      768    0.268
        4  4n0         1405      0.578      768    0.121
        4  4n1         1585      0.922      731    0.317
        4  4n2         1653      0.447      768    0.283
        4  4n3         3219      0.884      768    0.814
        4  5n0          390      0.913      181    0.326
        4  5n1         2247      0.868      384    0.698
        5  2n0         1008      0.534      561    0.430
        5  2n1          617      0.674      537    0.384
        5  2n2         1114      0.812      550    0.293
        5  2n3          903      0.468      575    0.315
        5  2n4          402      0.662      392    0.230
        5  2n5          982      0.701      550    0.255
        5  2n6         1303      0.828      576    0.227
        5  2n7          938      0.604      557    0.233
        5  2n8          563      0.210      506    0.356
        5  2n9          586      0.288      481    0.293
        5  2n10         790      0.341      564    0.312
        5  2n11         522      0.236      475    0.244
        5  2n12        1104      0.368      576    0.104
        5  2n13        1172      0.265      576    0.118
        5  2n14         376      0.662      331    0.139
        5  2n15         512      0.258      468    0.271
        5  3n0         1771      0.457      576    0.269
        5  3n1         1165      0.386      576    0.087
        5  3n2         1747      0.572      576    0.361
        5  3n3         1083      0.439      576    0.186
        5  3n4         1335      0.440      576    0.297
        5  3n5         1964      0.207      576    0.220
        5  3n6         4661      0.285      576    0.167
        5  3n7         4081      0.283      576    0.212
        5  4n0         1169      0.602      548    0.299
        5  4n1         1258      0.952      564    0.305
        5  4n2         1714      0.383      576    0.333
        5  4n3         2849      0.860      576    0.431
        5  5n0          298      0.839      298    0.614
        5  5n1         2745      0.901      576    0.752

    voi3b_comp_yk:
      era  cell     contains n    contains   rep n     rep
        1  2n0         1516      0.491      732    0.102
        1  2n1         2073      0.304      761    0.118
        1  2n2         1806      0.436      768    0.206
        1  2n3         1661      0.312      761    0.139
        1  2n4         1436      0.389      699    0.256
        1  2n5         1926      0.450      741    0.157
        1  2n6         1766      0.683      728    0.136
        1  2n7         1859      0.452      752    0.201
        1  2n8         1777      0.349      768    0.126
        1  2n9         2081      0.278      768    0.159
        1  2n10        1766      0.527      746    0.218
        1  2n11        1576      0.459      735    0.148
        1  2n12        1491      0.331      624    0.418
        1  2n13        2297      0.433      768    0.201
        1  2n14        1450      0.674      704    0.283
        1  2n15        2115      0.332      768    0.145
        2  2n0         4797      0.500     3120    0.204
        2  2n1         5662      0.443     3161    0.171
        2  2n2         6079      0.643     3176    0.200
        2  2n3         4321      0.444     2915    0.169
        2  2n4         3552      0.618     2748    0.238
        2  2n5         5688      0.534     3081    0.194
        2  2n6         5267      0.754     3077    0.270
        2  2n7         4733      0.583     3085    0.211
        2  2n8         4362      0.497     3042    0.158
        2  2n9         5721      0.398     3124    0.212
        2  2n10        5051      0.650     3059    0.229
        2  2n11        4255      0.485     2977    0.172
        2  2n12       11714      0.610     3197    0.473
        2  2n13        8003      0.362     3200    0.274
        2  2n14        4119      0.590     2942    0.169
        2  2n15        5754      0.363     3083    0.178
        2  3n0         1691      0.333      630    0.149
        2  3n1         1766      0.244      607    0.165
        2  3n2         1862      0.295      639    0.100
        2  3n3         2154      0.233      640    0.125
        2  3n4         2199      0.257      638    0.107
        2  3n5         1954      0.298      595    0.153
        2  3n6         2467      0.481      612    0.487
        2  3n7         1913      0.250      640    0.123
        3  2n0         5925      0.525     4138    0.270
        3  2n1         5794      0.453     4303    0.188
        3  2n2         5798      0.632     4085    0.281
        3  2n3         5289      0.530     3922    0.214
        3  2n4         4154      0.609     3492    0.241
        3  2n5         8860      0.710     4423    0.257
        3  2n6         7848      0.815     4407    0.359
        3  2n7         5829      0.585     4059    0.253
        3  2n8         5581      0.469     4053    0.250
        3  2n9         7501      0.375     4380    0.268
        3  2n10        7044      0.729     4336    0.267
        3  2n11        4406      0.475     3683    0.172
        3  2n12       19921      0.463     4480    0.242
        3  2n13       15714      0.382     4480    0.330
        3  2n14        4135      0.721     3593    0.250
        3  2n15        7903      0.391     4378    0.245
        3  3n0         7564      0.299     4313    0.210
        3  3n1         7994      0.347     4370    0.206
        3  3n2         7579      0.490     4325    0.222
        3  3n3         8078      0.310     4416    0.238
        3  3n4        10184      0.440     4480    0.215
        3  3n5         7191      0.364     4254    0.236
        3  3n6        33988      0.449     4480    0.492
        3  3n7        10433      0.259     4434    0.318
        3  4n0         3037      0.754     1713    0.278
        3  4n1         4698      0.842     1847    0.440
        3  4n2         4411      0.815     1733    0.450
        3  4n3         8103      0.866     1856    0.728
        4  2n0         1362      0.515      729    0.181
        4  2n1         1065      0.437      753    0.203
        4  2n2          991      0.738      711    0.373
        4  2n3          890      0.573      633    0.253
        4  2n4          583      0.533      528    0.301
        4  2n5         1649      0.772      768    0.299
        4  2n6         1371      0.839      679    0.334
        4  2n7          818      0.550      653    0.279
        4  2n8         1230      0.514      739    0.333
        4  2n9          949      0.393      731    0.244
        4  2n10         970      0.655      703    0.235
        4  2n11         935      0.506      680    0.218
        4  2n12        2372      0.248      768    0.134
        4  2n13        1488      0.305      758    0.263
        4  2n14         650      0.468      589    0.216
        4  2n15        1354      0.247      744    0.218
        4  3n0         1640      0.299      768    0.331
        4  3n1          915      0.336      652    0.225
        4  3n2          923      0.408      730    0.285
        4  3n3         1603      0.457      768    0.238
        4  3n4         3070      0.488      768    0.378
        4  3n5         1106      0.368      749    0.266
        4  3n6         5379      0.264      768    0.185
        4  3n7         2183      0.263      768    0.316
        4  4n0         1547      0.696      768    0.329
        4  4n1         1756      0.892      768    0.434
        4  4n2         1700      0.885      728    0.577
        4  4n3         5742      0.839      768    0.747
        4  5n0          565      0.943      237    0.523
        4  5n1         1714      0.798      384    0.737
        5  2n0          879      0.542      536    0.412
        5  2n1          555      0.515      464    0.207
        5  2n2          753      0.693      555    0.395
        5  2n3          745      0.514      543    0.243
        5  2n4          399      0.627      382    0.343
        5  2n5         1702      0.687      576    0.420
        5  2n6          792      0.717      547    0.468
        5  2n7          580      0.571      500    0.268
        5  2n8         1208      0.219      576    0.443
        5  2n9          962      0.259      557    0.408
        5  2n10         853      0.374      565    0.335
        5  2n11         581      0.322      455    0.266
        5  2n12        1316      0.261      557    0.176
        5  2n13         770      0.258      497    0.284
        5  2n14         346      0.552      346    0.269
        5  2n15         898      0.263      569    0.402
        5  3n0         1866      0.247      576    0.420
        5  3n1          772      0.311      529    0.306
        5  3n2         1257      0.555      569    0.348
        5  3n3         1624      0.518      576    0.410
        5  3n4         3902      0.498      576    0.547
        5  3n5          784      0.193      565    0.381
        5  3n6         3374      0.263      576    0.115
        5  3n7         1198      0.438      567    0.287
        5  4n0         1509      0.723      576    0.240
        5  4n1         1566      0.920      576    0.512
        5  4n2         1632      0.744      576    0.498
        5  4n3         4316      0.873      576    0.453
        5  5n0          231      0.857      231    0.528
        5  5n1         3194      0.585      576    0.892

    voi3b_rep_pr_yk:
      era  cell     contains n    contains   rep n     rep
        1  2n0         1793      0.442      768    0.112
        1  2n1         2187      0.278      768    0.094
        1  2n2         1900      0.471      768    0.204
        1  2n3         1563      0.270      705    0.085
        1  2n4         1786      0.397      749    0.095
        1  2n5         2199      0.337      768    0.069
        1  2n6         1814      0.585      767    0.190
        1  2n7         1870      0.381      743    0.100
        1  2n8         1603      0.317      748    0.084
        1  2n9         1909      0.235      740    0.070
        1  2n10        1447      0.529      644    0.123
        1  2n11        1522      0.313      750    0.017
        1  2n12        1529      0.351      640    0.347
        1  2n13        2106      0.368      764    0.152
        1  2n14        1604      0.570      720    0.167
        1  2n15        1759      0.309      744    0.059
        2  2n0         5067      0.428     3071    0.119
        2  2n1         7273      0.459     3200    0.092
        2  2n2         8034      0.590     3200    0.128
        2  2n3         5144      0.264     3030    0.072
        2  2n4         4762      0.494     2965    0.130
        2  2n5         7989      0.550     3198    0.093
        2  2n6         6500      0.770     3175    0.172
        2  2n7         5829      0.399     3082    0.088
        2  2n8         4671      0.404     3020    0.108
        2  2n9         4891      0.442     2987    0.086
        2  2n10        3989      0.557     2882    0.124
        2  2n11        4860      0.297     3057    0.113
        2  2n12       11901      0.583     3200    0.424
        2  2n13        7562      0.383     3186    0.166
        2  2n14        5188      0.715     3050    0.196
        2  2n15        6210      0.367     3144    0.093
        2  3n0         1497      0.188      640    0.136
        2  3n1         1624      0.226      638    0.044
        2  3n2         1693      0.206      595    0.141
        2  3n3         1434      0.225      592    0.118
        2  3n4         1559      0.127      553    0.083
        2  3n5         1724      0.153      624    0.038
        2  3n6         2054      0.387      625    0.373
        2  3n7         1480      0.176      611    0.139
        3  2n0         5820      0.399     4059    0.188
        3  2n1         7787      0.596     4295    0.182
        3  2n2         9743      0.675     4479    0.213
        3  2n3         5666      0.413     4070    0.162
        3  2n4         4859      0.538     3898    0.162
        3  2n5        10500      0.659     4445    0.157
        3  2n6         8537      0.777     4364    0.232
        3  2n7         8288      0.524     4334    0.196
        3  2n8         7488      0.380     4352    0.169
        3  2n9         4443      0.515     3670    0.156
        3  2n10        4287      0.558     3613    0.174
        3  2n11        5034      0.498     3956    0.139
        3  2n12       23775      0.505     4480    0.253
        3  2n13       22810      0.368     4480    0.256
        3  2n14        5068      0.711     3866    0.218
        3  2n15        9820      0.388     4443    0.221
        3  3n0         5851      0.295     4091    0.190
        3  3n1         7130      0.286     4371    0.173
        3  3n2         6068      0.518     4062    0.233
        3  3n3         5243      0.396     3936    0.178
        3  3n4         6010      0.282     4072    0.155
        3  3n5         5814      0.394     4095    0.236
        3  3n6        18620      0.479     4480    0.546
        3  3n7         6981      0.365     4121    0.255
        3  4n0         2390      0.462     1567    0.257
        3  4n1         4793      0.777     1841    0.348
        3  4n2         3478      0.394     1740    0.347
        3  4n3         6511      0.565     1853    0.651
        4  2n0         1158      0.446      766    0.298
        4  2n1         1116      0.591      732    0.314
        4  2n2         1162      0.659      723    0.463
        4  2n3          844      0.396      652    0.296
        4  2n4          667      0.507      589    0.324
        4  2n5         1535      0.722      768    0.267
        4  2n6         1202      0.786      745    0.314
        4  2n7         1241      0.616      761    0.304
        4  2n8         2007      0.342      757    0.396
        4  2n9          884      0.451      690    0.239
        4  2n10         619      0.572      545    0.189
        4  2n11         701      0.561      613    0.382
        4  2n12        3503      0.381      768    0.195
        4  2n13        3605      0.346      768    0.240
        4  2n14         960      0.548      710    0.355
        4  2n15        2135      0.315      756    0.372
        4  3n0          890      0.516      731    0.249
        4  3n1         1318      0.401      755    0.350
        4  3n2         1919      0.712      768    0.294
        4  3n3          706      0.494      601    0.379
        4  3n4         1117      0.459      743    0.252
        4  3n5         1325      0.460      723    0.313
        4  3n6         4664      0.412      768    0.202
        4  3n7         1731      0.293      756    0.337
        4  4n0          882      0.437      679    0.256
        4  4n1         1791      0.752      719    0.413
        4  4n2         2353      0.296      768    0.428
        4  4n3         5607      0.657      768    0.746
        4  5n0          957      0.821      276    0.319
        4  5n1         1114      0.856      384    0.784
        5  2n0          714      0.352      520    0.212
        5  2n1          933      0.492      570    0.356
        5  2n2         1088      0.626      575    0.357
        5  2n3          707      0.464      544    0.257
        5  2n4          426      0.533      423    0.333
        5  2n5         1116      0.767      576    0.274
        5  2n6          774      0.753      570    0.395
        5  2n7          807      0.549      549    0.209
        5  2n8         2720      0.174      576    0.420
        5  2n9          417      0.273      415    0.145
        5  2n10         400      0.398      353    0.235
        5  2n11         482      0.266      367    0.093
        5  2n12        2247      0.411      576    0.155
        5  2n13        2196      0.320      576    0.193
        5  2n14         524      0.630      379    0.156
        5  2n15        1449      0.290      576    0.352
        5  3n0          860      0.435      573    0.347
        5  3n1         1002      0.204      558    0.179
        5  3n2         1334      0.746      576    0.368
        5  3n3          707      0.413      487    0.263
        5  3n4          698      0.433      482    0.334
        5  3n5         1256      0.180      576    0.248
        5  3n6         2554      0.299      576    0.101
        5  3n7         1064      0.309      555    0.229
        5  4n0          927      0.393      535    0.267
        5  4n1         1757      0.792      576    0.410
        5  4n2         3830      0.362      576    0.542
        5  4n3         4055      0.573      576    0.387
        5  5n0          423      0.884      356    0.402
        5  5n1         2159      0.654      576    0.648

    voi3b_rep_yk:
      era  cell     contains n    contains   rep n     rep
        1  2n0         1708      0.360      768    0.133
        1  2n1         2128      0.280      768    0.134
        1  2n2         1888      0.356      768    0.146
        1  2n3         1725      0.301      739    0.057
        1  2n4         1790      0.325      763    0.122
        1  2n5         2287      0.326      768    0.079
        1  2n6         1685      0.540      720    0.200
        1  2n7         1998      0.336      768    0.070
        1  2n8         1663      0.315      768    0.079
        1  2n9         1874      0.212      768    0.074
        1  2n10        1587      0.478      663    0.106
        1  2n11        1559      0.269      745    0.042
        1  2n12        1617      0.328      683    0.283
        1  2n13        2193      0.361      764    0.110
        1  2n14        1533      0.532      725    0.175
        1  2n15        1891      0.303      768    0.086
        2  2n0         4564      0.409     3008    0.116
        2  2n1         6986      0.383     3196    0.098
        2  2n2         7695      0.599     3198    0.114
        2  2n3         4647      0.210     3023    0.063
        2  2n4         4611      0.527     2962    0.150
        2  2n5         7414      0.500     3182    0.086
        2  2n6         6221      0.773     3168    0.184
        2  2n7         5317      0.347     3143    0.107
        2  2n8         5137      0.419     3101    0.122
        2  2n9         5000      0.380     3017    0.075
        2  2n10        3527      0.578     2759    0.145
        2  2n11        5200      0.238     3072    0.053
        2  2n12       10241      0.507     3200    0.396
        2  2n13        7375      0.451     3200    0.156
        2  2n14        6077      0.712     3118    0.140
        2  2n15        6149      0.339     3175    0.103
        2  3n0         1793      0.163      626    0.129
        2  3n1         1577      0.204      618    0.110
        2  3n2         1393      0.266      563    0.060
        2  3n3         1926      0.266      611    0.201
        2  3n4         1728      0.116      553    0.052
        2  3n5         1704      0.255      622    0.154
        2  3n6         1620      0.360      532    0.393
        2  3n7         1448      0.288      614    0.125
        3  2n0         5687      0.363     4104    0.093
        3  2n1         7086      0.435     4348    0.089
        3  2n2        10095      0.633     4423    0.223
        3  2n3         5434      0.267     4013    0.107
        3  2n4         4025      0.474     3439    0.171
        3  2n5         7553      0.543     4334    0.124
        3  2n6         8179      0.757     4393    0.223
        3  2n7         6302      0.407     4257    0.101
        3  2n8         8016      0.409     4379    0.091
        3  2n9         5161      0.411     4022    0.093
        3  2n10        4170      0.511     3505    0.130
        3  2n11        4575      0.257     3781    0.069
        3  2n12       20803      0.444     4480    0.143
        3  2n13       19716      0.463     4480    0.158
        3  2n14        5770      0.693     3934    0.175
        3  2n15        6345      0.267     4146    0.131
        3  3n0         5822      0.199     4176    0.091
        3  3n1         6350      0.317     4269    0.160
        3  3n2         4732      0.323     3688    0.119
        3  3n3         7318      0.479     4331    0.199
        3  3n4         4704      0.330     3652    0.099
        3  3n5         6629      0.331     4309    0.175
        3  3n6        15711      0.315     4441    0.341
        3  3n7        10296      0.225     4376    0.266
        3  4n0         2098      0.260     1521    0.371
        3  4n1         3067      0.336     1552    0.264
        3  4n2         2314      0.375     1300    0.247
        3  4n3         6165      0.470     1856    0.725
        4  2n0         1073      0.427      726    0.182
        4  2n1          928      0.334      732    0.085
        4  2n2         1827      0.700      768    0.318
        4  2n3          963      0.453      754    0.114
        4  2n4          660      0.348      594    0.099
        4  2n5         1268      0.604      768    0.060
        4  2n6         1379      0.711      768    0.161
        4  2n7          913      0.379      669    0.142
        4  2n8         1234      0.403      763    0.123
        4  2n9          688      0.499      565    0.117
        4  2n10         661      0.737      641    0.243
        4  2n11         766      0.208      595    0.104
        4  2n12        3282      0.324      768    0.062
        4  2n13        3786      0.387      768    0.073
        4  2n14         980      0.541      650    0.232
        4  2n15        1311      0.315      742    0.175
        4  3n0         1171      0.248      737    0.167
        4  3n1         1253      0.401      754    0.123
        4  3n2          744      0.464      610    0.234
        4  3n3         1665      0.385      768    0.272
        4  3n4          703      0.397      618    0.165
        4  3n5         1503      0.344      761    0.109
        4  3n6         4368      0.189      768    0.191
        4  3n7         2601      0.230      768    0.326
        4  4n0          854      0.180      630    0.183
        4  4n1         1179      0.315      724    0.235
        4  4n2          763      0.480      683    0.350
        4  4n3         3607      0.500      768    0.730
        4  5n0          493      0.846      197    0.122
        4  5n1         1450      0.674      384    0.667
        5  2n0          517      0.288      419    0.103
        5  2n1          727      0.421      493    0.063
        5  2n2         1956      0.634      576    0.262
        5  2n3          734      0.316      542    0.042
        5  2n4          381      0.430      381    0.157
        5  2n5          778      0.675      549    0.087
        5  2n6         1133      0.642      576    0.130
        5  2n7          542      0.386      415    0.048
        5  2n8          874      0.239      514    0.117
        5  2n9          665      0.289      500    0.118
        5  2n10         867      0.245      576    0.240
        5  2n11         741      0.131      524    0.101
        5  2n12        2001      0.377      576    0.066
        5  2n13        2989      0.323      576    0.062
        5  2n14         500      0.694      461    0.132
        5  2n15         853      0.304      548    0.210
        5  3n0         1070      0.135      576    0.068
        5  3n1          802      0.334      550    0.145
        5  3n2          556      0.453      483    0.128
        5  3n3         1419      0.330      576    0.231
        5  3n4          855      0.299      551    0.187
        5  3n5         1662      0.178      576    0.200
        5  3n6         3623      0.267      576    0.139
        5  3n7         1938      0.262      576    0.200
        5  4n0         1043      0.354      568    0.146
        5  4n1          957      0.730      551    0.143
        5  4n2         1109      0.651      576    0.368
        5  4n3         3090      0.844      576    0.328
        5  5n0          710      0.893      407    0.305
        5  5n1         1694      0.808      576    0.703

====================================================================================================
[F] THE IN-SITU READ-BACK — the number DESIGN §15 says decides whether Q2's
    `own_readback` has anything to read
====================================================================================================
    The frozen reader run on the span the learner just wrote, IN PLACE, quotiented
    through the arm's own class map and tallied against the record's class. Never
    summed with the verdict. Q0 §4: the STRUCTURAL disagreement on the token class is
    0.000 by construction on this draw, so everything here is the neural ear plus the
    learned quotient.

    voi3b_comp_pr_yk:
      era  cell         n   class_agree  tuple_agree   unnamed
        1  2n0        982       1.000       1.000     0.000
        1  2n1       1102       0.988       0.988     0.000
        1  2n2       1035       0.973       0.973     0.000
        1  2n3       1020       1.000       1.000     0.000
        1  2n4        975       0.997       0.997     0.000
        1  2n5       1059       0.998       0.998     0.000
        1  2n6        951       1.000       1.000     0.000
        1  2n7       1071       0.997       0.997     0.000
        1  2n8        984       0.999       0.999     0.000
        1  2n9       1141       1.000       1.000     0.000
        1  2n10      1060       1.000       1.000     0.000
        1  2n11      1063       1.000       1.000     0.000
        1  2n12       757       0.999       0.999     0.000
        1  2n13      1101       1.000       1.000     0.000
        1  2n14       936       0.980       0.980     0.000
        1  2n15      1098       0.980       0.980     0.000
        2  2n0       4099       0.960       0.960     0.000
        2  2n1       4212       0.979       0.979     0.000
        2  2n2       4358       0.959       0.959     0.000
        2  2n3       3917       0.982       0.982     0.000
        2  2n4       3250       0.952       0.952     0.000
        2  2n5       4472       0.977       0.977     0.000
        2  2n6       4352       0.895       0.895     0.000
        2  2n7       4226       0.955       0.955     0.000
        2  2n8       3988       0.964       0.964     0.000
        2  2n9       4146       0.968       0.968     0.000
        2  2n10      4116       0.951       0.951     0.000
        2  2n11      3537       0.936       0.936     0.000
        2  2n12      4723       0.980       0.980     0.000
        2  2n13      4750       0.995       0.995     0.000
        2  2n14      3763       0.966       0.966     0.000
        2  2n15      4147       0.973       0.973     0.000
        2  3n0        840       1.000       1.000     0.000
        2  3n1        944       1.000       0.925     0.000
        2  3n2        764       1.000       1.000     0.000
        2  3n3        906       1.000       0.946     0.000
        2  3n4        912       1.000       0.997     0.000
        2  3n5        869       1.000       0.971     0.000
        2  3n6        922       1.000       1.000     0.000
        2  3n7        846       1.000       0.981     0.000
        3  2n0       5531       0.944       0.944     0.000
        3  2n1       4650       0.981       0.981     0.000
        3  2n2       5585       0.934       0.934     0.000
        3  2n3       5182       0.964       0.964     0.000
        3  2n4       3866       0.884       0.884     0.000
        3  2n5       6254       0.980       0.980     0.000
        3  2n6       6405       0.933       0.933     0.000
        3  2n7       6286       0.932       0.932     0.000
        3  2n8       5355       0.975       0.975     0.000
        3  2n9       5037       0.972       0.972     0.000
        3  2n10      5575       0.941       0.941     0.000
        3  2n11      4685       0.927       0.927     0.000
        3  2n12      6684       0.993       0.993     0.000
        3  2n13      6688       0.987       0.987     0.000
        3  2n14      3916       0.969       0.969     0.000
        3  2n15      4776       0.964       0.964     0.000
        3  3n0       6206       1.000       1.000     0.000
        3  3n1       6297       1.000       0.976     0.000
        3  3n2       6336       1.000       0.995     0.000
        3  3n3       6282       1.000       0.982     0.000
        3  3n4       6184       1.000       1.000     0.000
        3  3n5       6188       1.000       0.990     0.000
        3  3n6       6720       1.000       1.000     0.000
        3  3n7       6545       1.000       0.982     0.000
        3  4n0       2328       1.000       1.000     0.000
        3  4n1       2567       1.000       1.000     0.000
        3  4n2       2410       1.000       1.000     0.000
        3  4n3       2636       1.000       1.000     0.000
        4  2n0       1031       0.986       0.986     0.000
        4  2n1        881       0.982       0.982     0.000
        4  2n2        848       0.956       0.956     0.000
        4  2n3       1058       0.961       0.961     0.000
        4  2n4        542       0.880       0.880     0.000
        4  2n5       1098       0.942       0.942     0.000
        4  2n6       1029       0.926       0.926     0.000
        4  2n7        913       0.927       0.927     0.000
        4  2n8        958       0.985       0.985     0.000
        4  2n9        769       1.000       1.000     0.000
        4  2n10       734       0.973       0.973     0.000
        4  2n11       535       0.966       0.966     0.000
        4  2n12      1121       1.000       1.000     0.000
        4  2n13      1113       1.000       1.000     0.000
        4  2n14       739       1.000       1.000     0.000
        4  2n15       815       0.966       0.966     0.000
        4  3n0       1122       1.000       1.000     0.000
        4  3n1        991       1.000       1.000     0.000
        4  3n2       1106       1.000       1.000     0.000
        4  3n3       1067       1.000       0.978     0.000
        4  3n4       1091       1.000       1.000     0.000
        4  3n5       1132       1.000       1.000     0.000
        4  3n6       1152       1.000       1.000     0.000
        4  3n7       1152       1.000       1.000     0.000
        4  4n0       1096       1.000       1.000     0.000
        4  4n1       1051       1.000       1.000     0.000
        4  4n2       1098       1.000       1.000     0.000
        4  4n3       1152       1.000       1.000     0.000
        4  5n0        245       1.000       1.000     0.000
        4  5n1        576       1.000       1.000     0.000
        5  2n0        788       0.933       0.933     0.000
        5  2n1        614       0.974       0.974     0.000
        5  2n2        774       0.911       0.911     0.000
        5  2n3        775       0.994       0.994     0.000
        5  2n4        402       0.915       0.915     0.000
        5  2n5        756       0.940       0.940     0.000
        5  2n6        864       0.934       0.934     0.000
        5  2n7        732       0.902       0.902     0.000
        5  2n8        563       1.000       1.000     0.000
        5  2n9        559       0.975       0.975     0.000
        5  2n10       732       1.000       1.000     0.000
        5  2n11       522       0.989       0.989     0.000
        5  2n12       805       1.000       1.000     0.000
        5  2n13       835       0.962       0.962     0.000
        5  2n14       363       0.997       0.997     0.000
        5  2n15       512       1.000       1.000     0.000
        5  3n0        864       1.000       1.000     0.000
        5  3n1        795       1.000       0.987     0.000
        5  3n2        864       1.000       1.000     0.000
        5  3n3        856       1.000       0.992     0.000
        5  3n4        841       1.000       1.000     0.000
        5  3n5        864       1.000       1.000     0.000
        5  3n6        864       1.000       1.000     0.000
        5  3n7        864       1.000       1.000     0.000
        5  4n0        794       1.000       1.000     0.000
        5  4n1        820       1.000       1.000     0.000
        5  4n2        864       1.000       1.000     0.000
        5  4n3        864       1.000       1.000     0.000
        5  5n0        298       1.000       1.000     0.000
        5  5n1        864       1.000       1.000     0.000

    voi3b_comp_yk:
      era  cell         n   class_agree  tuple_agree   unnamed
        1  2n0        956       1.000       1.000     0.000
        1  2n1       1105       1.000       1.000     0.000
        1  2n2       1071       1.000       1.000     0.000
        1  2n3       1054       1.000       1.000     0.000
        1  2n4        892       1.000       1.000     0.000
        1  2n5       1004       1.000       1.000     0.000
        1  2n6        958       1.000       1.000     0.000
        1  2n7       1059       0.997       0.997     0.000
        1  2n8       1084       1.000       1.000     0.000
        1  2n9       1114       1.000       1.000     0.000
        1  2n10      1063       1.000       1.000     0.000
        1  2n11      1027       1.000       1.000     0.000
        1  2n12       772       1.000       1.000     0.000
        1  2n13      1143       1.000       1.000     0.000
        1  2n14       884       1.000       1.000     0.000
        1  2n15      1087       1.000       1.000     0.000
        2  2n0       4190       1.000       1.000     0.000
        2  2n1       4515       1.000       1.000     0.000
        2  2n2       4538       1.000       1.000     0.000
        2  2n3       3778       1.000       1.000     0.000
        2  2n4       3250       1.000       1.000     0.000
        2  2n5       4290       1.000       1.000     0.000
        2  2n6       4201       1.000       1.000     0.000
        2  2n7       4200       1.000       1.000     0.000
        2  2n8       3942       1.000       1.000     0.000
        2  2n9       4351       1.000       1.000     0.000
        2  2n10      4115       1.000       1.000     0.000
        2  2n11      3823       1.000       1.000     0.000
        2  2n12      4625       1.000       1.000     0.000
        2  2n13      4743       1.000       1.000     0.000
        2  2n14      3706       1.000       1.000     0.000
        2  2n15      4296       1.000       1.000     0.000
        2  3n0        893       1.000       1.000     0.000
        2  3n1        832       1.000       0.998     0.000
        2  3n2        860       1.000       1.000     0.000
        2  3n3        925       1.000       1.000     0.000
        2  3n4        921       1.000       1.000     0.000
        2  3n5        806       1.000       1.000     0.000
        2  3n6        900       1.000       1.000     0.000
        2  3n7        918       1.000       1.000     0.000
        3  2n0       5357       1.000       1.000     0.000
        3  2n1       5426       1.000       1.000     0.000
        3  2n2       5246       1.000       1.000     0.000
        3  2n3       4869       1.000       1.000     0.000
        3  2n4       3989       1.000       1.000     0.000
        3  2n5       6277       1.000       1.000     0.000
        3  2n6       6060       1.000       1.000     0.000
        3  2n7       5206       0.995       0.995     0.000
        3  2n8       5048       1.000       1.000     0.000
        3  2n9       6117       0.997       0.997     0.000
        3  2n10      5723       0.999       0.999     0.000
        3  2n11      4279       1.000       1.000     0.000
        3  2n12      6720       1.000       1.000     0.000
        3  2n13      6720       1.000       1.000     0.000
        3  2n14      4113       1.000       1.000     0.000
        3  2n15      6166       1.000       1.000     0.000
        3  3n0       5924       1.000       1.000     0.000
        3  3n1       6289       1.000       0.996     0.000
        3  3n2       6023       1.000       1.000     0.000
        3  3n3       6273       1.000       0.978     0.000
        3  3n4       6644       1.000       0.996     0.000
        3  3n5       5747       1.000       0.992     0.000
        3  3n6       6720       1.000       0.999     0.000
        3  3n7       6463       0.999       0.981     0.000
        3  4n0       2213       1.000       1.000     0.000
        3  4n1       2669       1.000       1.000     0.000
        3  4n2       2425       1.000       1.000     0.000
        3  4n3       2754       1.000       1.000     0.000
        4  2n0       1017       1.000       1.000     0.000
        4  2n1        947       1.000       1.000     0.000
        4  2n2        915       1.000       1.000     0.000
        4  2n3        814       1.000       1.000     0.000
        4  2n4        583       1.000       1.000     0.000
        4  2n5       1095       1.000       1.000     0.000
        4  2n6        940       1.000       1.000     0.000
        4  2n7        800       1.000       1.000     0.000
        4  2n8        998       1.000       1.000     0.000
        4  2n9        902       1.000       1.000     0.000
        4  2n10       871       1.000       1.000     0.000
        4  2n11       842       1.000       1.000     0.000
        4  2n12      1152       1.000       1.000     0.000
        4  2n13      1064       1.000       1.000     0.000
        4  2n14       650       1.000       1.000     0.000
        4  2n15      1048       1.000       1.000     0.000
        4  3n0       1114       1.000       1.000     0.000
        4  3n1        805       0.999       0.999     0.000
        4  3n2        894       1.000       1.000     0.000
        4  3n3       1127       1.000       0.987     0.000
        4  3n4       1152       1.000       0.977     0.000
        4  3n5        996       1.000       0.981     0.000
        4  3n6       1152       1.000       1.000     0.000
        4  3n7       1152       1.000       0.966     0.000
        4  4n0       1108       1.000       1.000     0.000
        4  4n1       1152       1.000       1.000     0.000
        4  4n2       1025       0.993       0.993     0.000
        4  4n3       1152       1.000       1.000     0.000
        4  5n0        333       1.000       1.000     0.000
        4  5n1        576       1.000       1.000     0.000
        5  2n0        715       1.000       1.000     0.000
        5  2n1        540       1.000       1.000     0.000
        5  2n2        711       1.000       1.000     0.000
        5  2n3        666       1.000       1.000     0.000
        5  2n4        399       0.997       0.997     0.000
        5  2n5        852       1.000       1.000     0.000
        5  2n6        677       1.000       1.000     0.000
        5  2n7        579       1.000       1.000     0.000
        5  2n8        792       1.000       1.000     0.000
        5  2n9        778       1.000       1.000     0.000
        5  2n10       801       1.000       1.000     0.000
        5  2n11       564       1.000       1.000     0.000
        5  2n12       813       1.000       1.000     0.000
        5  2n13       669       1.000       1.000     0.000
        5  2n14       346       1.000       1.000     0.000
        5  2n15       754       0.993       0.993     0.000
        5  3n0        864       1.000       1.000     0.000
        5  3n1        694       0.971       0.967     0.000
        5  3n2        825       0.988       0.988     0.000
        5  3n3        825       1.000       1.000     0.000
        5  3n4        864       0.991       0.986     0.000
        5  3n5        748       0.956       0.948     0.000
        5  3n6        864       1.000       1.000     0.000
        5  3n7        794       0.997       0.982     0.000
        5  4n0        864       1.000       1.000     0.000
        5  4n1        860       1.000       1.000     0.000
        5  4n2        864       1.000       1.000     0.000
        5  4n3        864       1.000       1.000     0.000
        5  5n0        231       1.000       1.000     0.000
        5  5n1        864       1.000       1.000     0.000

    voi3b_rep_pr_yk:
      era  cell         n   class_agree  tuple_agree   unnamed
        1  2n0       1062       1.000       1.000     0.000
        1  2n1       1122       1.000       1.000     0.000
        1  2n2       1128       1.000       1.000     0.000
        1  2n3        916       1.000       1.000     0.000
        1  2n4       1049       1.000       1.000     0.000
        1  2n5       1118       1.000       1.000     0.000
        1  2n6       1073       1.000       1.000     0.000
        1  2n7       1078       0.997       0.997     0.000
        1  2n8       1030       1.000       1.000     0.000
        1  2n9       1051       1.000       1.000     0.000
        1  2n10       804       1.000       1.000     0.000
        1  2n11       990       1.000       1.000     0.000
        1  2n12       821       1.000       1.000     0.000
        1  2n13      1116       1.000       1.000     0.000
        1  2n14      1004       1.000       1.000     0.000
        1  2n15       995       1.000       1.000     0.000
        2  2n0       4270       0.227       0.227     0.000
        2  2n1       4756       0.142       0.142     0.000
        2  2n2       4772       0.176       0.176     0.000
        2  2n3       4178       0.194       0.194     0.000
        2  2n4       3950       0.214       0.214     0.000
        2  2n5       4689       0.108       0.108     0.000
        2  2n6       4567       0.200       0.200     0.000
        2  2n7       4293       0.207       0.207     0.000
        2  2n8       4004       0.173       0.173     0.000
        2  2n9       4130       0.141       0.141     0.000
        2  2n10      3680       0.178       0.178     0.000
        2  2n11      4179       0.151       0.151     0.000
        2  2n12      4741       0.142       0.142     0.000
        2  2n13      4660       0.146       0.146     0.000
        2  2n14      4200       0.211       0.211     0.000
        2  2n15      4337       0.184       0.184     0.000
        2  3n0        853       1.000       1.000     0.000
        2  3n1        823       1.000       0.999     0.000
        2  3n2        699       1.000       1.000     0.000
        2  3n3        803       1.000       1.000     0.000
        2  3n4        658       1.000       0.998     0.000
        2  3n5        785       1.000       1.000     0.000
        2  3n6        901       1.000       1.000     0.000
        2  3n7        779       1.000       1.000     0.000
        3  2n0       5184       0.071       0.071     0.000
        3  2n1       5961       0.020       0.020     0.000
        3  2n2       6511       0.031       0.031     0.000
        3  2n3       5178       0.069       0.069     0.000
        3  2n4       4635       0.065       0.065     0.000
        3  2n5       6487       0.088       0.088     0.000
        3  2n6       6213       0.017       0.017     0.000
        3  2n7       6134       0.017       0.017     0.000
        3  2n8       5989       0.070       0.070     0.000
        3  2n9       4240       0.051       0.051     0.000
        3  2n10      4185       0.071       0.071     0.000
        3  2n11      4751       0.090       0.090     0.000
        3  2n12      6720       0.029       0.029     0.000
        3  2n13      6716       0.071       0.071     0.000
        3  2n14      4715       0.097       0.097     0.000
        3  2n15      6444       0.045       0.045     0.000
        3  3n0       5208       1.000       1.000     0.000
        3  3n1       5883       1.000       0.998     0.000
        3  3n2       5267       1.000       0.999     0.000
        3  3n3       4871       1.000       1.000     0.000
        3  3n4       5257       1.000       0.996     0.000
        3  3n5       5230       1.000       1.000     0.000
        3  3n6       6659       1.000       1.000     0.000
        3  3n7       5513       1.000       1.000     0.000
        3  4n0       1895       1.000       1.000     0.000
        3  4n1       2658       1.000       1.000     0.000
        3  4n2       2285       1.000       0.988     0.000
        3  4n3       2706       1.000       0.996     0.000
        4  2n0       1008       0.225       0.225     0.000
        4  2n1        905       0.040       0.040     0.000
        4  2n2        957       0.119       0.119     0.000
        4  2n3        796       0.026       0.026     0.000
        4  2n4        622       0.174       0.174     0.000
        4  2n5       1107       0.004       0.004     0.000
        4  2n6       1003       0.039       0.039     0.000
        4  2n7       1063       0.000       0.000     0.000
        4  2n8       1097       0.075       0.075     0.000
        4  2n9        873       0.042       0.042     0.000
        4  2n10       619       0.254       0.254     0.000
        4  2n11       701       0.068       0.068     0.000
        4  2n12      1152       0.030       0.030     0.000
        4  2n13      1152       0.029       0.029     0.000
        4  2n14       897       0.205       0.205     0.000
        4  2n15      1108       0.010       0.010     0.000
        4  3n0        883       1.000       1.000     0.000
        4  3n1       1050       1.000       1.000     0.000
        4  3n2       1147       1.000       1.000     0.000
        4  3n3        694       1.000       1.000     0.000
        4  3n4       1002       1.000       1.000     0.000
        4  3n5       1018       1.000       1.000     0.000
        4  3n6       1152       1.000       1.000     0.000
        4  3n7       1073       1.000       1.000     0.000
        4  4n0        807       1.000       1.000     0.000
        4  4n1       1039       1.000       1.000     0.000
        4  4n2       1134       1.000       1.000     0.000
        4  4n3       1152       1.000       1.000     0.000
        4  5n0        372       1.000       1.000     0.000
        4  5n1        541       1.000       1.000     0.000
        5  2n0        666       0.131       0.131     0.000
        5  2n1        780       0.088       0.088     0.000
        5  2n2        813       0.213       0.213     0.000
        5  2n3        678       0.096       0.096     0.000
        5  2n4        426       0.319       0.319     0.000
        5  2n5        823       0.005       0.005     0.000
        5  2n6        718       0.106       0.106     0.000
        5  2n7        672       0.018       0.018     0.000
        5  2n8        864       0.056       0.056     0.000
        5  2n9        417       0.249       0.249     0.000
        5  2n10       400       0.417       0.417     0.000
        5  2n11       452       0.004       0.004     0.000
        5  2n12       864       0.067       0.067     0.000
        5  2n13       862       0.088       0.088     0.000
        5  2n14       443       0.291       0.291     0.000
        5  2n15       846       0.057       0.057     0.000
        5  3n0        764       1.000       1.000     0.000
        5  3n1        727       1.000       1.000     0.000
        5  3n2        851       1.000       1.000     0.000
        5  3n3        615       1.000       1.000     0.000
        5  3n4        634       1.000       1.000     0.000
        5  3n5        843       1.000       1.000     0.000
        5  3n6        864       1.000       1.000     0.000
        5  3n7        736       1.000       1.000     0.000
        5  4n0        753       0.979       0.979     0.000
        5  4n1        837       1.000       1.000     0.000
        5  4n2        864       0.910       0.910     0.000
        5  4n3        864       1.000       1.000     0.000
        5  5n0        388       1.000       1.000     0.000
        5  5n1        864       1.000       1.000     0.000

    voi3b_rep_yk:
      era  cell         n   class_agree  tuple_agree   unnamed
        1  2n0       1034       1.000       1.000     0.000
        1  2n1       1099       1.000       1.000     0.000
        1  2n2       1125       1.000       1.000     0.000
        1  2n3        981       1.000       1.000     0.000
        1  2n4       1049       1.000       1.000     0.000
        1  2n5       1150       1.000       1.000     0.000
        1  2n6        922       1.000       1.000     0.000
        1  2n7       1122       0.997       0.997     0.000
        1  2n8       1068       1.000       1.000     0.000
        1  2n9       1084       1.000       1.000     0.000
        1  2n10       887       1.000       1.000     0.000
        1  2n11       993       1.000       1.000     0.000
        1  2n12       879       1.000       1.000     0.000
        1  2n13      1116       1.000       1.000     0.000
        1  2n14       962       1.000       1.000     0.000
        1  2n15      1052       1.000       1.000     0.000
        2  2n0       4007       1.000       1.000     0.000
        2  2n1       4653       1.000       1.000     0.000
        2  2n2       4700       1.000       1.000     0.000
        2  2n3       4053       1.000       1.000     0.000
        2  2n4       3930       1.000       1.000     0.000
        2  2n5       4650       1.000       1.000     0.000
        2  2n6       4584       1.000       1.000     0.000
        2  2n7       4368       1.000       1.000     0.000
        2  2n8       4203       1.000       1.000     0.000
        2  2n9       4130       1.000       1.000     0.000
        2  2n10      3344       1.000       1.000     0.000
        2  2n11      4192       1.000       1.000     0.000
        2  2n12      4780       1.000       1.000     0.000
        2  2n13      4712       1.000       1.000     0.000
        2  2n14      4492       1.000       1.000     0.000
        2  2n15      4545       1.000       1.000     0.000
        2  3n0        849       1.000       1.000     0.000
        2  3n1        830       1.000       0.988     0.000
        2  3n2        691       1.000       1.000     0.000
        2  3n3        801       1.000       1.000     0.000
        2  3n4        711       1.000       1.000     0.000
        2  3n5        721       1.000       0.990     0.000
        2  3n6        643       1.000       1.000     0.000
        2  3n7        898       1.000       1.000     0.000
        3  2n0       5206       0.920       0.920     0.000
        3  2n1       5824       0.951       0.951     0.000
        3  2n2       6422       0.991       0.991     0.000
        3  2n3       5146       0.850       0.850     0.000
        3  2n4       3917       0.955       0.955     0.000
        3  2n5       6014       0.954       0.954     0.000
        3  2n6       6213       0.991       0.991     0.000
        3  2n7       5485       0.900       0.900     0.000
        3  2n8       6109       0.873       0.873     0.000
        3  2n9       4954       0.916       0.916     0.000
        3  2n10      3995       0.989       0.989     0.000
        3  2n11      4421       0.864       0.864     0.000
        3  2n12      6720       0.965       0.965     0.000
        3  2n13      6720       0.912       0.912     0.000
        3  2n14      4993       0.991       0.991     0.000
        3  2n15      5368       0.871       0.871     0.000
        3  3n0       5470       0.999       0.999     0.000
        3  3n1       5669       0.997       0.997     0.000
        3  3n2       4361       0.999       0.999     0.000
        3  3n3       5946       0.997       0.997     0.000
        3  3n4       4456       1.000       0.998     0.000
        3  3n5       5734       0.998       0.998     0.000
        3  3n6       6529       0.993       0.993     0.000
        3  3n7       6142       0.998       0.993     0.000
        3  4n0       1706       1.000       1.000     0.000
        3  4n1       1971       1.000       1.000     0.000
        3  4n2       1486       1.000       1.000     0.000
        3  4n3       2756       1.000       1.000     0.000
        4  2n0        939       0.757       0.757     0.000
        4  2n1        875       0.657       0.657     0.000
        4  2n2       1146       0.915       0.915     0.000
        4  2n3        911       0.348       0.348     0.000
        4  2n4        660       0.598       0.598     0.000
        4  2n5       1009       0.632       0.632     0.000
        4  2n6       1115       0.955       0.955     0.000
        4  2n7        804       0.394       0.394     0.000
        4  2n8       1041       0.641       0.641     0.000
        4  2n9        684       0.708       0.708     0.000
        4  2n10       661       0.847       0.847     0.000
        4  2n11       699       0.432       0.432     0.000
        4  2n12      1152       0.871       0.871     0.000
        4  2n13      1152       0.748       0.748     0.000
        4  2n14       878       0.928       0.928     0.000
        4  2n15      1033       0.523       0.523     0.000
        4  3n0        951       1.000       1.000     0.000
        4  3n1       1023       1.000       1.000     0.000
        4  3n2        732       1.000       1.000     0.000
        4  3n3       1101       1.000       1.000     0.000
        4  3n4        697       0.999       0.999     0.000
        4  3n5       1069       1.000       1.000     0.000
        4  3n6       1152       1.000       1.000     0.000
        4  3n7       1152       1.000       1.000     0.000
        4  4n0        795       1.000       1.000     0.000
        4  4n1        947       1.000       1.000     0.000
        4  4n2        752       1.000       1.000     0.000
        4  4n3       1152       1.000       1.000     0.000
        4  5n0        261       1.000       1.000     0.000
        4  5n1        525       1.000       1.000     0.000
        5  2n0        498       0.691       0.691     0.000
        5  2n1        631       0.707       0.707     0.000
        5  2n2        864       0.883       0.883     0.000
        5  2n3        706       0.354       0.354     0.000
        5  2n4        381       0.711       0.711     0.000
        5  2n5        694       0.586       0.586     0.000
        5  2n6        849       0.735       0.735     0.000
        5  2n7        470       0.455       0.455     0.000
        5  2n8        706       0.710       0.710     0.000
        5  2n9        606       0.606       0.606     0.000
        5  2n10       817       0.666       0.666     0.000
        5  2n11       645       0.225       0.225     0.000
        5  2n12       864       0.803       0.803     0.000
        5  2n13       864       0.752       0.752     0.000
        5  2n14       500       0.988       0.988     0.000
        5  2n15       740       0.816       0.816     0.000
        5  3n0        798       1.000       1.000     0.000
        5  3n1        721       1.000       1.000     0.000
        5  3n2        542       1.000       1.000     0.000
        5  3n3        859       1.000       1.000     0.000
        5  3n4        725       1.000       1.000     0.000
        5  3n5        864       1.000       1.000     0.000
        5  3n6        864       1.000       1.000     0.000
        5  3n7        864       1.000       1.000     0.000
        5  4n0        808       1.000       1.000     0.000
        5  4n1        761       1.000       1.000     0.000
        5  4n2        811       1.000       1.000     0.000
        5  4n3        864       1.000       1.000     0.000
        5  5n0        554       1.000       1.000     0.000
        5  5n1        864       1.000       1.000     0.000

====================================================================================================
[G] THE RECORD'S VOLUME AND THE OBJECTIVE'S DIET
====================================================================================================
    `filed` writes kept by the beam and on a graded tip; `solved` their verdict;
    `unnamed` training rows whose recorded class has no member in the current table
    (the argmax arms' own hazard — DESIGN §14); `verify_bad` gate V-1's counter.

    arm                    written    filed   solved%   unnamed   verify   v_bad   buf(last, max over slots)
    voi3b_comp_pr_yk          1633069   461331    0.296         0   461331       0   8192
    voi3b_comp_yk             1607499   457726    0.275         0   457726       0   8192
    voi3b_rep_pr_yk           1640533   453679    0.229         0   453679       0   8192
    voi3b_rep_yk              1520946   423458    0.149         0   423458       0   8192

====================================================================================================
[H] ARRIVAL, CLASS COVERAGE, MERGES AND THE BILL
====================================================================================================
    arm                   L5@sup(end) L6@sup(end)  L4 classes(end)  merges taken  exp_reads   t_cum
    voi3b_comp_pr_yk                 12           1              26            37    2269032    51358593
    voi3b_comp_yk                     8           2              21            43    2283467    51135949
    voi3b_rep_pr_yk                  12           0              34            48    2272990    51363633
    voi3b_rep_yk                      9           0              34            37    2257060    51169062
    en_s9:endo_ledger_open_ung5_ra         17           3              26            44     382722    51208256
    vo_s3:voi3_dp                    17           3              26            44    2288898    51208256
    vo_s2:voi2_critic                17           0              23            48    2194240    47493677

====================================================================================================
[I] ERA-4/5 ERROR — with the caveat
====================================================================================================
    `enharmonic`'s matched-clock gaps between near-identical arms reach 0.08, and these
    arms are SELF-PACED and lived different numbers of cycles, so error is NOT a claim
    here. The structural readouts above are.

    arm                   era1  era2  era3  era4  era5
    voi3b_comp_pr_yk         0.501  0.614  0.532  0.644  0.703
    voi3b_comp_yk            0.502  0.624  0.565  0.588  0.550
    voi3b_rep_pr_yk          0.505  0.650  0.637  0.568  0.611
    voi3b_rep_yk             0.505  0.653  0.662  0.728  0.824
    en_s9:endo_ledger_open_ung5_ra 0.499  0.620  0.613  0.671  0.773
    vo_s3:voi3_dp            0.499  0.620  0.613  0.671  0.773
    vo_s2:voi2_critic        0.505  0.680  0.692  0.684  0.779

====================================================================================================
[J] THE CRITIC — held-out AUC against the verdict, per slot, over the run
====================================================================================================
    The held-out split is by the parity gate's own BIJECTIVE row code, not a coin flip,
    so a context recurring across cycles cannot sit on both sides. `auc` is None where
    one class is absent on the held-out rows — an AUC is undefined then, and saying so
    beats reporting 0.5. DENOMINATORS AND BASE RATES ARE PART OF THE READING: the
    preflight's AUCs sat on 16-26 rows at base rate 0.045-0.08 and were a path check.

    [Q3] THE TWO DIETS ARE READ APART and are NEVER pooled. The filed rows are the
    practice beam's own writes — a narrow, self-selected candidate set (Q0 finding 3:
    at the frontier almost every write falls in one token class) — and the probe rows
    are the babbler's substitutions, a DIFFERENT class by construction. A pooled AUC
    would read that candidate-set difference as discrimination. Both columns carry
    their own denominator and base rate.

    voi3b_comp_pr_yk:
      FILED rows                                              PROBE rows [Q3]
      slot   reads  n(last) base(last)  auc f/med/last  >.5   n(last) base(last)  auc f/med/last  >.5
      2:0      153      899      0.321  1.000/0.712/0.619  0.96       871      0.049  0.733/0.661/0.859  0.83
      2:1      153      726      0.313  0.182/0.632/0.601  0.94       689      0.052  0.714/0.853/0.925  0.97
      2:2      153      789      0.422  0.983/0.665/0.522  1.00       855      0.058  0.207/0.829/0.901  0.99
      2:3      148      928      0.295  0.950/0.606/0.536  0.89       887      0.041  0.908/0.859/0.824  1.00
      2:4      153      761      0.235  0.866/0.752/0.748  1.00       732      0.038  0.722/0.749/0.833  0.97
      2:5      153      850      0.268  0.974/0.657/0.598  1.00       847      0.041  0.936/0.818/0.866  1.00
      2:6      153      664      0.334  0.689/0.553/0.542  0.79       705      0.028  0.080/0.848/0.937  0.92
      2:7      153      772      0.405  0.737/0.589/0.590  0.97       986      0.064  0.354/0.792/0.853  0.96
      2:8      153     1024      0.336  0.137/0.592/0.598  0.90      1011      0.057  0.062/0.685/0.830  0.70
      2:9      153      777      0.207  0.515/0.735/0.718  0.99       808      0.028  0.450/0.819/0.912  0.96
      2:10     153      744      0.257  0.700/0.631/0.662  0.95       726      0.047  0.594/0.787/0.852  1.00
      2:11     153      717      0.262  0.532/0.777/0.886  0.97       747      0.054  0.036/0.878/0.930  0.87
      2:12     153      734      0.274  0.163/0.570/0.506  0.97       836      0.037  0.406/0.728/0.830  0.96
      2:13     153      667      0.330  0.061/0.665/0.720  0.90       678      0.074  0.559/0.791/0.838  0.93
      2:14     149      780      0.246  0.015/0.554/0.642  0.70       819      0.028  0.500/0.840/0.957  0.93
      2:15     153      882      0.224  1.000/0.580/0.645  0.95       927      0.042  0.558/0.749/0.841  1.00
      3:0      101      771      0.313  0.697/0.656/0.530  1.00       604      0.086  0.373/0.873/0.905  0.97
      3:1      101      895      0.296  1.000/0.658/0.625  1.00       680      0.066  0.692/0.777/0.868  0.98
      3:2      101      905      0.449  0.773/0.739/0.679  1.00       637      0.055  0.844/0.891/0.887  1.00
      3:3      101      890      0.227  0.425/0.652/0.653  0.72       667      0.057  0.982/0.851/0.826  1.00
      3:4      101      764      0.382  0.000/0.558/0.648  0.75       658      0.073  0.828/0.829/0.892  1.00
      3:5      101      701      0.330  0.227/0.645/0.696  0.99       684      0.089  0.907/0.795/0.800  1.00
      3:6      101      915      0.364  0.365/0.617/0.577  0.93       725      0.069  0.842/0.838/0.854  1.00
      3:7      101      722      0.211  0.870/0.727/0.635  1.00       618      0.087  0.750/0.851/0.838  1.00
      4:0       50      597      0.337  0.900/0.668/0.701  0.80       309      0.175  0.400/0.718/0.760  0.91
      4:1       49      689      0.415  1.000/0.731/0.755  1.00       287      0.160  1.000/0.712/0.732  1.00
      4:2       50      783      0.375  0.313/0.534/0.542  0.72       307      0.130  0.415/0.685/0.712  0.98
      4:3       50      911      0.493  1.000/0.686/0.570  0.98       354      0.172  0.830/0.750/0.769  1.00
      5:0       15       27      0.000    (undefined: one class)            0          -          (no probe)   
      5:1       15      603      0.433  0.497/0.571/0.598  0.80       120      0.150  0.786/0.740/0.739  1.00

    voi3b_comp_yk:
      FILED rows                                              PROBE rows [Q3]
      slot   reads  n(last) base(last)  auc f/med/last  >.5   n(last) base(last)  auc f/med/last  >.5
      2:0      153      916      0.323  1.000/0.571/0.731  0.87         0          -          (no probe)   
      2:1      153      883      0.300  0.182/0.767/0.777  0.97         0          -          (no probe)   
      2:2      153      805      0.284  0.963/0.635/0.644  0.96         0          -          (no probe)   
      2:3      147      821      0.168  0.530/0.654/0.526  0.91         0          -          (no probe)   
      2:4      153      839      0.259  0.500/0.633/0.647  0.99         0          -          (no probe)   
      2:5      153     1024      0.350  0.974/0.721/0.765  1.00         0          -          (no probe)   
      2:6      153      849      0.458  0.689/0.634/0.720  0.86         0          -          (no probe)   
      2:7      153      682      0.386  0.228/0.608/0.573  0.95         0          -          (no probe)   
      2:8      153      795      0.208  0.872/0.690/0.642  1.00         0          -          (no probe)   
      2:9      153      838      0.233  0.515/0.665/0.621  0.97         0          -          (no probe)   
      2:10     153      882      0.264  0.700/0.622/0.633  0.97         0          -          (no probe)   
      2:11     153      783      0.245  0.933/0.566/0.836  0.78         0          -          (no probe)   
      2:12     153      766      0.225  0.163/0.659/0.563  0.92         0          -          (no probe)   
      2:13     153      783      0.326  0.061/0.630/0.585  0.96         0          -          (no probe)   
      2:14     150      914      0.143  0.586/0.680/0.704  0.95         0          -          (no probe)   
      2:15     153      968      0.226  1.000/0.692/0.794  0.98         0          -          (no probe)   
      3:0      101      731      0.280  0.980/0.723/0.724  0.98         0          -          (no probe)   
      3:1      101      752      0.314  0.587/0.668/0.617  0.99         0          -          (no probe)   
      3:2      100      661      0.357  0.729/0.615/0.715  0.89         0          -          (no probe)   
      3:3      101      829      0.228  0.974/0.741/0.728  1.00         0          -          (no probe)   
      3:4      101      906      0.400  0.848/0.683/0.731  0.92         0          -          (no probe)   
      3:5      101      813      0.224  1.000/0.717/0.642  0.99         0          -          (no probe)   
      3:6      101      887      0.276  0.576/0.531/0.417  0.61         0          -          (no probe)   
      3:7      101      808      0.355  0.971/0.645/0.622  0.94         0          -          (no probe)   
      4:0       50      581      0.401  0.396/0.711/0.646  0.98         0          -          (no probe)   
      4:1       50      844      0.488  0.091/0.709/0.781  0.96         0          -          (no probe)   
      4:2       50      653      0.410  0.000/0.580/0.585  0.96         0          -          (no probe)   
      4:3       50      962      0.467  0.853/0.626/0.686  0.96         0          -          (no probe)   
      5:0       15       85      0.565  0.944/0.955/0.955  1.00         0          -          (no probe)   
      5:1       15      537      0.503  0.968/0.785/0.747  1.00         0          -          (no probe)   

    voi3b_rep_pr_yk:
      FILED rows                                              PROBE rows [Q3]
      slot   reads  n(last) base(last)  auc f/med/last  >.5   n(last) base(last)  auc f/med/last  >.5
      2:0      153      945      0.175  1.000/0.684/0.816  0.90       878      0.052  0.333/0.709/0.840  0.98
      2:1      153      886      0.272  0.182/0.740/0.779  0.82       900      0.036  0.458/0.630/0.882  0.73
      2:2      153      937      0.291  0.972/0.734/0.552  1.00       823      0.038  0.075/0.811/0.870  0.99
      2:3      152      839      0.191  1.000/0.795/0.750  1.00       801      0.045  0.375/0.617/0.805  0.87
      2:4      153      741      0.273  1.000/0.828/0.826  1.00       688      0.057  0.387/0.751/0.884  0.97
      2:5      153      821      0.273  0.487/0.696/0.703  0.92       789      0.032  0.778/0.712/0.834  0.97
      2:6      153      759      0.240  0.689/0.703/0.703  0.98       773      0.043  0.667/0.658/0.831  0.79
      2:7      153      857      0.235  1.000/0.756/0.496  0.99       819      0.049  0.548/0.643/0.775  0.76
      2:8      153      763      0.421  0.994/0.830/0.768  1.00       772      0.051  0.167/0.803/0.844  0.99
      2:9      153      740      0.086  0.515/0.593/0.773  0.84       745      0.026  0.300/0.682/0.738  0.86
      2:10     153      885      0.153  0.700/0.566/0.772  0.63       864      0.045  0.787/0.713/0.828  0.99
      2:11     153      890      0.206  0.954/0.719/0.780  0.99       877      0.051  0.529/0.660/0.861  0.93
      2:12     153      885      0.255  0.163/0.580/0.595  0.87       890      0.037  0.526/0.700/0.782  0.88
      2:13     153      916      0.285  0.061/0.614/0.606  0.90       803      0.064  0.360/0.625/0.746  0.75
      2:14     152      791      0.250  0.102/0.725/0.646  0.97       766      0.042  0.607/0.696/0.824  0.99
      2:15     153      590      0.471  1.000/0.660/0.807  0.95       714      0.062  0.740/0.566/0.767  0.80
      3:0      101      821      0.171  0.000/0.766/0.756  0.96       633      0.060  0.250/0.809/0.880  0.97
      3:1      100      996      0.257  0.556/0.682/0.683  0.97       736      0.043  0.588/0.805/0.794  0.83
      3:2      101      840      0.314  0.058/0.740/0.623  0.98       672      0.046  0.444/0.736/0.777  0.83
      3:3      101      686      0.238  0.097/0.726/0.764  0.97       448      0.047  0.594/0.786/0.796  1.00
      3:4      101      874      0.216  0.850/0.640/0.764  1.00       618      0.057  0.667/0.814/0.829  1.00
      3:5      101      742      0.280  0.800/0.678/0.593  0.96       541      0.072  0.778/0.753/0.707  1.00
      3:6      101      663      0.275  0.649/0.607/0.620  0.91       596      0.074  0.233/0.695/0.792  0.89
      3:7      101      554      0.314  1.000/0.593/0.624  0.62       422      0.052  0.391/0.678/0.835  0.70
      4:0       50      468      0.321  0.815/0.728/0.718  0.98       267      0.097  1.000/0.805/0.808  1.00
      4:1       50      589      0.394  0.893/0.737/0.674  1.00       258      0.140  0.762/0.781/0.778  1.00
      4:2       50      705      0.601  0.335/0.586/0.635  0.76       242      0.029  0.652/0.625/0.712  0.70
      4:3       50      895      0.503  0.430/0.583/0.597  0.68       329      0.201  0.488/0.729/0.789  0.98
      5:0       15       50      0.660  1.000/0.544/0.515  1.00        27      0.593  0.994/1.000/1.000  1.00
      5:1       15      290      0.707  0.000/0.611/0.719  0.67        67      0.313  0.657/0.673/0.673  1.00

    voi3b_rep_yk:
      FILED rows                                              PROBE rows [Q3]
      slot   reads  n(last) base(last)  auc f/med/last  >.5   n(last) base(last)  auc f/med/last  >.5
      2:0      153      722      0.140  1.000/0.683/0.832  0.68         0          -          (no probe)   
      2:1      153      776      0.103  0.182/0.697/0.879  0.74         0          -          (no probe)   
      2:2      153      674      0.273  0.953/0.765/0.717  1.00         0          -          (no probe)   
      2:3      152      740      0.065  1.000/0.839/0.860  1.00         0          -          (no probe)   
      2:4      153      823      0.044  0.386/0.691/0.778  0.99         0          -          (no probe)   
      2:5      153      640      0.119  0.474/0.738/0.662  0.95         0          -          (no probe)   
      2:6      153      804      0.229  0.689/0.732/0.666  0.99         0          -          (no probe)   
      2:7      153      938      0.117  0.620/0.853/0.704  1.00         0          -          (no probe)   
      2:8      153      834      0.108  0.860/0.850/0.763  1.00         0          -          (no probe)   
      2:9      153      812      0.138  0.515/0.701/0.871  0.80         0          -          (no probe)   
      2:10     153      766      0.056  0.700/0.723/0.710  0.82         0          -          (no probe)   
      2:11     153      795      0.087  0.819/0.796/0.785  1.00         0          -          (no probe)   
      2:12     153      758      0.121  0.163/0.644/0.677  0.93         0          -          (no probe)   
      2:13     153      612      0.106  0.061/0.641/0.630  0.83         0          -          (no probe)   
      2:14     152      830      0.181  0.102/0.663/0.632  0.95         0          -          (no probe)   
      2:15     153      834      0.121  1.000/0.677/0.667  1.00         0          -          (no probe)   
      3:0      101      796      0.112  0.681/0.446/0.577  0.43         0          -          (no probe)   
      3:1      101      904      0.159  1.000/0.770/0.650  0.96         0          -          (no probe)   
      3:2      101      597      0.080  0.210/0.795/0.821  0.92         0          -          (no probe)   
      3:3      101      868      0.234  0.795/0.668/0.668  1.00         0          -          (no probe)   
      3:4      101      668      0.114  0.998/0.785/0.699  1.00         0          -          (no probe)   
      3:5      101      744      0.171  0.735/0.623/0.730  0.80         0          -          (no probe)   
      3:6      101      869      0.106  0.506/0.678/0.733  0.92         0          -          (no probe)   
      3:7       98      870      0.233  1.000/0.660/0.527  0.97         0          -          (no probe)   
      4:0       49      488      0.189  0.500/0.390/0.545  0.33         0          -          (no probe)   
      4:1       50      526      0.245  1.000/0.687/0.675  0.98         0          -          (no probe)   
      4:2       50      543      0.230  0.835/0.753/0.741  0.98         0          -          (no probe)   
      4:3       50     1024      0.281  0.479/0.467/0.596  0.30         0          -          (no probe)   
      5:0       15      131      0.489  0.000/0.653/0.808  0.93         0          -          (no probe)   
      5:1       15      319      0.326  0.934/0.556/0.489  0.80         0          -          (no probe)   

====================================================================================================
[K] EPSILON — its OWN counters, and the frontier it is confined to
====================================================================================================
    `n_eps` counts calls where epsilon FIRED; `eps_shift` those where the uniform class
    draw actually changed the write (it is below `n_eps` because a uniform draw can land
    on the class the argmax would have written). These are separate from `shift`, which
    also counts the CRITIC re-deciding — on a governed arm the two are not separable
    from `shift` alone. Q1 §19 is why the frontier confinement exists at all.

    voi3b_comp_pr_yk: epsilon never fired (argmax arm).

    voi3b_comp_yk: epsilon never fired (argmax arm).

    voi3b_rep_pr_yk: epsilon never fired (argmax arm).

    voi3b_rep_yk: epsilon never fired (argmax arm).

====================================================================================================
[L] GOVERNANCE — which slots the critic earned, when, and how often it moved the write
====================================================================================================
    A slot is governed once it holds `vo_critic_min` filed rows. `shift - eps_shift`
    is the part of the re-decision the CRITIC is responsible for.

    voi3b_comp_pr_yk:  30 slots governed
      slot   first  last   calls     critic-moved share
      2:0   c49    c201    117492               0.432
      2:1   c49    c201     63459               0.441
      2:2   c49    c201    156528               0.333
      2:3   c49    c201     62717               0.517
      2:4   c49    c201     98253               0.395
      2:5   c49    c201    206574               0.210
      2:6   c49    c201    331854               0.217
      2:7   c49    c201    251925               0.229
      2:8   c49    c201     97704               0.530
      2:9   c49    c201     61859               0.439
      2:10  c49    c201    141005               0.386
      2:11  c49    c201     66066               0.474
      2:12  c49    c201    856428               0.199
      2:13  c49    c201    633216               0.199
      2:14  c49    c201     83145               0.298
      2:15  c49    c201     66521               0.375
      3:0   c101   c201    175583               0.297
      3:1   c101   c201    166042               0.393
      3:2   c101   c201    203234               0.227
      3:3   c101   c201    113797               0.126
      3:4   c101   c201    152134               0.405
      3:5   c101   c201    223144               0.392
      3:6   c101   c201   1306063               0.200
      3:7   c101   c201    562734               0.081
      4:0   c152   c201    111448               0.549
      4:1   c152   c201    142406               0.071
      4:2   c152   c201    156992               0.722
      4:3   c152   c201    282716               0.087
      5:0   c188   c201     32375               0.009
      5:1   c187   c201    121955               0.077

    voi3b_comp_yk:  30 slots governed
      slot   first  last   calls     critic-moved share
      2:0   c49    c201     96877               0.487
      2:1   c49    c201     97012               0.501
      2:2   c49    c201    122013               0.339
      2:3   c49    c201     65003               0.557
      2:4   c49    c201     74780               0.406
      2:5   c49    c201    311087               0.300
      2:6   c49    c201    256582               0.236
      2:7   c49    c201    129453               0.336
      2:8   c49    c201     80798               0.457
      2:9   c49    c201    166947               0.401
      2:10  c49    c201    235200               0.320
      2:11  c49    c201     69881               0.421
      2:12  c49    c201   1024415               0.231
      2:13  c49    c201    566453               0.252
      2:14  c49    c201     52658               0.307
      2:15  c49    c201    213432               0.304
      3:0   c101   c201    134116               0.220
      3:1   c101   c201    128744               0.424
      3:2   c101   c201    120306               0.247
      3:3   c101   c201    143124               0.311
      3:4   c101   c201    271890               0.440
      3:5   c101   c201    113021               0.443
      3:6   c101   c201   1132630               0.222
      3:7   c101   c201    258851               0.262
      4:0   c152   c201    107195               0.081
      4:1   c152   c201    160465               0.143
      4:2   c152   c201    144734               0.039
      4:3   c152   c201    470647               0.045
      5:0   c188   c201     32319               0.026
      5:1   c187   c201    106705               0.430

    voi3b_rep_pr_yk:  30 slots governed
      slot   first  last   calls     critic-moved share
      2:0   c49    c201    128034               0.847
      2:1   c49    c201    218984               0.821
      2:2   c49    c201    357304               0.783
      2:3   c49    c201    136129               0.893
      2:4   c49    c201    111251               0.790
      2:5   c49    c201    359628               0.826
      2:6   c49    c201    249523               0.793
      2:7   c49    c201    195854               0.820
      2:8   c49    c201    238749               0.725
      2:9   c49    c201    151761               0.886
      2:10  c49    c201    105004               0.854
      2:11  c49    c201     83920               0.807
      2:12  c49    c201   1068307               0.835
      2:13  c49    c201    718104               0.806
      2:14  c49    c201    202630               0.825
      2:15  c49    c201    396143               0.821
      3:0   c101   c201     78398               0.724
      3:1   c101   c201     88851               0.844
      3:2   c101   c201    130038               0.681
      3:3   c101   c201     71969               0.848
      3:4   c101   c201     96155               0.790
      3:5   c101   c201    124130               0.731
      3:6   c101   c201    668330               0.488
      3:7   c101   c201    138783               0.667
      4:0   c153   c201     48392               0.488
      4:1   c152   c201    194836               0.490
      4:2   c152   c201    187021               0.673
      4:3   c152   c201    382033               0.621
      5:0   c187   c201     69042               0.920
      5:1   c188   c201     72265               0.878

    voi3b_rep_yk:  30 slots governed
      slot   first  last   calls     critic-moved share
      2:0   c49    c201    134708               0.618
      2:1   c49    c201    136376               0.492
      2:2   c49    c201    307758               0.463
      2:3   c49    c201     87646               0.715
      2:4   c49    c201    111907               0.524
      2:5   c49    c201    228943               0.464
      2:6   c49    c201    288570               0.408
      2:7   c49    c201    134018               0.457
      2:8   c49    c201    200050               0.687
      2:9   c49    c201    136848               0.656
      2:10  c49    c201     81398               0.597
      2:11  c49    c201     61525               0.615
      2:12  c49    c201    959195               0.523
      2:13  c49    c201    719502               0.423
      2:14  c49    c201    271895               0.382
      2:15  c49    c201    189555               0.498
      3:0   c101   c201     71865               0.467
      3:1   c101   c201    107667               0.570
      3:2   c101   c201     61887               0.620
      3:3   c101   c201    132122               0.299
      3:4   c101   c201     76026               0.753
      3:5   c101   c201    144556               0.544
      3:6   c101   c201    606360               0.730
      3:7   c101   c201    280835               0.259
      4:0   c153   c201     41128               0.934
      4:1   c152   c201     89672               0.972
      4:2   c152   c201     86328               0.810
      4:3   c152   c201    293579               0.592
      5:0   c188   c201     30772               0.965
      5:1   c187   c201     82751               0.896

====================================================================================================
[M] THE CORRIDOR UNDER A MOVED WRITE — misfire with the treatment's own draws removed
====================================================================================================
    `n_misfire` counts FIRED rows (the head executed) whose span did not match
    `dp_features` exactly. Where the treatment RE-DECIDED the write, a mismatch with the
    DP's row IS the treatment and not a defect — so the raw rate is not the corridor's
    health on a treated arm.

    [Q3] THE SPLIT Q2 COULD NOT MAKE. `n_sampled` / `n_xp_shift` count every
    re-decided call, OPEN and CLOSED alike, and `n_fired` counts only calls the head
    executed — so on an arm whose corridor is mostly shut, Q2's `shift - misfire` was
    a subtraction across two different denominators and `excess` had to be withheld
    wherever `shift > n_misfire`. The recorder now tallies the shift BY PATH
    (`n_shift_fired` / `n_shift_closed`), so `excess` below is
        (n_misfire - shift_FIRED) / n_fired
    on the same denominator throughout. It is the misfire the moved write does NOT
    explain. A negative value means the head matched the DP on rows the treatment had
    moved — possible, and printed rather than clipped. Q2's undecomposable form is kept
    in the last two columns so a Q2 tag reduces to the same numbers it did.

    arm                    open max/last  n_fired    misfire   shift_fire  shift_clos   excess    [Q2 form]
    voi3b_comp_pr_yk           30 /   30    6225371    0.2592     1320193      418507    0.0471   shift/sampled 0.2468 excess n/a
    voi3b_comp_yk              30 /   30    6056540    0.2934     1424925      397539    0.0581   shift/sampled 0.2646 excess n/a
    voi3b_rep_pr_yk            30 /   27    5271164    0.8449     3594872     1741919    0.1629   shift/sampled 0.7547 excess n/a
    voi3b_rep_yk               30 /   29    5241193    0.6003     2520718      793346    0.1193   shift/sampled 0.5384 excess n/a

    n_open per 10 cycles:
      voi3b_comp_pr_yk         0   0   0   0   0   1  16  16  16  16  16  24  23  24  23  24  27  28  27  28  30
      voi3b_comp_yk            0   0   0   0   0   1  16  16  16  16  16  24  22  24  24  24  28  28  28  29  30
      voi3b_rep_pr_yk          0   0   0   0   0   2  15  16  16  16  16  23  21  20  20  19  25  28  24  27  27
      voi3b_rep_yk             0   0   0   0   0   2  16  15  16  16  16  22  21  24  24  23  28  27  28  27  29

====================================================================================================
[N] THE COMPOSED CHOICE — how often the critic moved the write off the DP's row
====================================================================================================
    On a governed slot the composed chooser is  argmax_t  z(dp_t / span) + w * z(critic_t)
    over the on-table candidates, each z-scored over the candidate SET. `moved` is the
    share of governed calls where that argmax is not the DP's own argmax — MEASURED at
    the choice, never inferred from the write.

    `dp_vs_head` is printed beside it and is a DIFFERENT quantity: on an OPEN slot the
    executor's own would-be write is the head's emission, not the DP's row, so the two
    priors already disagree before the critic is consulted. Reading `moved` without it
    would attribute that standing disagreement to the critic. It is 0 on a closed slot
    by construction (there the DP IS the writer).

    A `moved` share near 0 says the critic is decorative at this w; near 1 says the DP
    is. Neither is a defect and neither is read as one here.

    voi3b_comp_pr_yk:  mode=composed  w=1.0
      cell    governed calls      moved   share    dp_vs_head share
      2n0             117492      56684   0.482              0.146
      2n1              63459      30013   0.473              0.140
      2n2             156528      60015   0.383              0.089
      2n3              62717      34591   0.552              0.129
      2n4              98253      42885   0.436              0.095
      2n5             206574      51710   0.250              0.091
      2n6             331854      89129   0.269              0.080
      2n7             251925      62082   0.246              0.091
      2n8              97704      54542   0.558              0.127
      2n9              61859      28307   0.458              0.132
      2n10            141005      59587   0.423              0.114
      2n11             66066      33646   0.509              0.112
      2n12            856428     193119   0.225              0.117
      2n13            633216     144336   0.228              0.088
      2n14             83145      29915   0.360              0.089
      2n15             66521      26456   0.398              0.116
      3n0             175583      59066   0.336              0.105
      3n1             166042      77074   0.464              0.200
      3n2             203234      54791   0.270              0.093
      3n3             113797      15655   0.138              0.038
      3n4             152134      69457   0.457              0.141
      3n5             223144     109615   0.491              0.214
      3n6            1306063     340641   0.261              0.159
      3n7             562734      70519   0.125              0.071
      4n0             111448      62045   0.557              0.121
      4n1             142406      10140   0.071              0.000
      4n2             156992     111547   0.711              0.096
      4n3             282716      23991   0.085              0.009
      5n0              32375        277   0.009              0.000
      5n1             121955       9406   0.077              0.000
      ALL            7045369    2011241   0.285

    voi3b_comp_yk:  mode=composed  w=1.0
      cell    governed calls      moved   share    dp_vs_head share
      2n0              96877      54827   0.566              0.174
      2n1              97012      53672   0.553              0.123
      2n2             122013      48875   0.401              0.122
      2n3              65003      42107   0.648              0.148
      2n4              74780      34173   0.457              0.100
      2n5             311087     111774   0.359              0.106
      2n6             256582      73084   0.285              0.079
      2n7             129453      54357   0.420              0.112
      2n8              80798      43687   0.541              0.148
      2n9             166947      75226   0.451              0.102
      2n10            235200      86376   0.367              0.096
      2n11             69881      32276   0.462              0.099
      2n12           1024415     311345   0.304              0.138
      2n13            566453     177204   0.313              0.111
      2n14             52658      18052   0.343              0.075
      2n15            213432      75204   0.352              0.114
      3n0             134116      31782   0.237              0.062
      3n1             128744      62371   0.484              0.147
      3n2             120306      35971   0.299              0.098
      3n3             143124      47061   0.329              0.120
      3n4             271890     143985   0.530              0.265
      3n5             113021      53287   0.471              0.150
      3n6            1132630     292859   0.259              0.169
      3n7             258851      79772   0.308              0.122
      4n0             107195       9950   0.093              0.066
      4n1             160465      21466   0.134              0.032
      4n2             144734       9522   0.066              0.040
      4n3             470647      20117   0.043              0.017
      5n0              32319        849   0.026              0.000
      5n1             106705      49139   0.461              0.052
      ALL            6887338    2150370   0.312

    voi3b_rep_pr_yk:  mode=replace  w=1.0
      cell    governed calls      moved   share    dp_vs_head share
      2n0             128034     120933   0.945              0.202
      2n1             218984     208991   0.954              0.203
      2n2             357304     332598   0.931              0.224
      2n3             136129     127766   0.939              0.121
      2n4             111251      96303   0.866              0.194
      2n5             359628     350162   0.974              0.205
      2n6             249523     239130   0.958              0.201
      2n7             195854     186013   0.950              0.203
      2n8             238749     225118   0.943              0.310
      2n9             151761     146651   0.966              0.189
      2n10            105004      97290   0.927              0.158
      2n11             83920      76324   0.909              0.202
      2n12           1068307    1046963   0.980              0.201
      2n13            718104     695225   0.968              0.237
      2n14            202630     185634   0.916              0.165
      2n15            396143     370952   0.936              0.190
      3n0              78398      58382   0.745              0.059
      3n1              88851      82382   0.927              0.201
      3n2             130038      95571   0.735              0.091
      3n3              71969      62694   0.871              0.095
      3n4              96155      78524   0.817              0.117
      3n5             124130      98968   0.797              0.152
      3n6             668330     418002   0.625              0.209
      3n7             138783     100118   0.721              0.122
      4n0              48392      28740   0.594              0.225
      4n1             194836      95905   0.492              0.023
      4n2             187021     142088   0.760              0.213
      4n3             382033     241199   0.631              0.109
      5n0              69042      63560   0.921              0.010
      5n1              72265      63702   0.882              0.029
      ALL            7071568    6135888   0.868

    voi3b_rep_yk:  mode=replace  w=1.0
      cell    governed calls      moved   share    dp_vs_head share
      2n0             134708      97877   0.727              0.175
      2n1             136376      84044   0.616              0.185
      2n2             307758     182504   0.593              0.181
      2n3              87646      69702   0.795              0.149
      2n4             111907      71302   0.637              0.185
      2n5             228943     132268   0.578              0.153
      2n6             288570     146948   0.509              0.142
      2n7             134018      76574   0.571              0.162
      2n8             200050     160338   0.801              0.194
      2n9             136848     103846   0.759              0.158
      2n10             81398      56494   0.694              0.170
      2n11             61525      45073   0.733              0.182
      2n12            959195     622433   0.649              0.222
      2n13            719502     392919   0.546              0.188
      2n14            271895     140529   0.517              0.167
      2n15            189555     118027   0.623              0.190
      3n0              71865      34836   0.485              0.071
      3n1             107667      68198   0.633              0.152
      3n2              61887      39287   0.635              0.109
      3n3             132122      50211   0.380              0.124
      3n4              76026      58753   0.773              0.097
      3n5             144556      92340   0.639              0.198
      3n6             606360     466657   0.770              0.219
      3n7             280835     110506   0.393              0.175
      4n0              41128      38425   0.934              0.055
      4n1              89672      86898   0.969              0.033
      4n2              86328      71623   0.830              0.226
      4n3             293579     175591   0.598              0.118
      5n0              30772      29816   0.969              0.005
      5n1              82751      74719   0.903              0.022
      ALL            6155442    3898738   0.633

====================================================================================================
[O] BABBLING OFF-STREAM — the probe's counts, what it graded, and its share of the bill
====================================================================================================
    Per governed slot per cycle, up to `vo_probe_n` filed contexts: the trajectory's
    FINAL configuration with a DIFFERENT on-table class substituted at that slot,
    rendered and graded once. The verdict answers 'would this write ALONE have been
    right, holding the rest of the trajectory fixed' — not 'would the beam have
    solved it'; the rest of the trajectory is the beam's own, unchanged. Said here
    because the probe's solve rate is only comparable to the FILED rate under that
    reading.

    PRICED: every probe grading is a grounding on the meter at `d_fb`, inside the
    cycle's own ledger. `share` below is of the WHOLE cycle's priced ledger, the
    probe's own cost included — the number the design's ~5% cap is stated against.
    Gate V-4B asserts the bill moved by exactly the probe count and gate V-5 that
    nothing else did.

    arm                    probes   graded    solved   solve rate    bill: mean / max    cycles billed
    voi3b_comp_pr_yk       208487   208487     13334       0.0640    0.0056 / 0.0083        152 / 201
    voi3b_comp_yk          (no probe)
    voi3b_rep_pr_yk        207601   207601     11305       0.0545    0.0055 / 0.0082        152 / 201
    voi3b_rep_yk           (no probe)

    the FILED solve rate on the same slots, for the comparison the reading above
    licenses (both are per-write verdicts; the filed one is on the write that was
    actually made, the probe one on a substitution into the same final state):
      voi3b_comp_pr_yk       filed  136749/461331  = 0.2964    probe   13334/208487  = 0.0640
      voi3b_rep_pr_yk        filed  103824/453679  = 0.2288    probe   11305/207601  = 0.0545

    the bill per era, so a share that grows with the ladder is visible:
      voi3b_comp_pr_yk       e1:0.0008  e2:0.0040  e3:0.0059  e4:0.0066  e5:0.0072
      voi3b_rep_pr_yk        e1:0.0007  e2:0.0041  e3:0.0058  e4:0.0066  e5:0.0070

====================================================================================================
[Y] THE CLOCK YOKES — realised against planned (gate Y-1's check, post hoc)
====================================================================================================
    A clock yoke replays its source's realised commit and advance CYCLES and decides
    nothing else. That is the round's whole control: the chooser is read at L4 and L5
    with the same slots open at the same cycles as the anchor, so a level-resolved
    readout is not silently comparing two different ladders. Gate Y-1 asserts the match
    in `preflight`; this is the same check on the paid tag.

    `cancelled` actions are EXCLUDED from the match and printed separately: a replayed
    commit whose build is empty is cancelled by the substrate, not by the clock. Those
    are a finding about the arm's BOOK — it had nothing to commit at a cycle the anchor
    did — and are the one place a yoked arm's ladder can still fall short of its source.

    source: vo_s3:voi3_dp
    voi3b_comp_pr_yk
      commits   planned [48, 100, 151, 186]
                realised [48, 100, 151, 186]    MATCH = True
      advances  planned [60, 110, 180, 192, 201]
                realised [60, 110, 180, 192, 201]    MATCH = True
      cancelled (the book had nothing to commit there): none
      commit LEVELS realised: [(2, 48), (3, 100), (4, 151), (5, 186)]
      lifetime  source 201 cycles / 51,208,256g    yoke 201 cycles / 51,358,593g

    voi3b_comp_yk
      commits   planned [48, 100, 151, 186]
                realised [48, 100, 151, 186]    MATCH = True
      advances  planned [60, 110, 180, 192, 201]
                realised [60, 110, 180, 192, 201]    MATCH = True
      cancelled (the book had nothing to commit there): none
      commit LEVELS realised: [(2, 48), (3, 100), (4, 151), (5, 186)]
      lifetime  source 201 cycles / 51,208,256g    yoke 201 cycles / 51,135,949g

    voi3b_rep_pr_yk
      commits   planned [48, 100, 151, 186]
                realised [48, 100, 151, 186]    MATCH = True
      advances  planned [60, 110, 180, 192, 201]
                realised [60, 110, 180, 192, 201]    MATCH = True
      cancelled (the book had nothing to commit there): none
      commit LEVELS realised: [(2, 48), (3, 100), (4, 151), (5, 186)]
      lifetime  source 201 cycles / 51,208,256g    yoke 201 cycles / 51,363,633g

    voi3b_rep_yk
      commits   planned [48, 100, 151, 186]
                realised [48, 100, 151, 186]    MATCH = True
      advances  planned [60, 110, 180, 192, 201]
                realised [60, 110, 180, 192, 201]    MATCH = True
      cancelled (the book had nothing to commit there): none
      commit LEVELS realised: [(2, 48), (3, 100), (4, 151), (5, 186)]
      lifetime  source 201 cycles / 51,208,256g    yoke 201 cycles / 51,169,062g


====================================================================================================
[Z] THE L4/L5 PANEL — every readout the round turns on, at the cells it turns on
====================================================================================================
    Q3 could not produce this table: no treated arm except Q2's replace-critic had an
    L4 or L5 slot at all, because each one reached or missed L3 through the commit
    latch's response to its own L2 writes. With the ladder yoked, every arm has the
    anchor's slots at the anchor's cycles and the chooser is finally READ where the
    node is about.

    rep     the written class holds SOME feature that repairs the instance there — the
            honest measure, and on an open slot it IS the head's class accuracy on
            held-out data (fresh instances every cycle).
    cont    it holds the CLEAN derivation's latent — a stricter and less forgiving read;
            the gap between the two is the chooser spreading over classes the clean
            derivation did not carry (`DESIGN.md` §23's correction).
    dist    distinct tuples written, `top1` the share of filed writes on one tuple.
    moved   the composed argmax was not the DP's row (composed arms only).

    voi3b_comp_pr_yk:
      cell    rows   writes    rep          cont         dist  top1    moved
      4n0       196     5819   0.278 (  3057)  0.576 (  5819)    2.0  0.784   0.557
      4n1       196     6867   0.392 (  3123)  0.898 (  6867)    1.1  0.987   0.071
      4n2       196     7250   0.307 (  3103)  0.419 (  7250)    2.2  0.786   0.711
      4n3       196    11494   0.727 (  3159)  0.858 ( 11494)    1.6  0.941   0.085
      5n0       144      688   0.505 (   479)  0.881 (   688)    1.1  0.955   0.009
      5n1       144     4992   0.730 (   960)  0.886 (  4992)    1.3  0.943   0.077

    voi3b_comp_yk:
      cell    rows   writes    rep          cont         dist  top1    moved
      4n0       160     6093   0.284 (  3057)  0.731 (  6093)    1.8  0.756   0.093
      4n1       160     8020   0.451 (  3191)  0.868 (  8020)    1.7  0.849   0.134
      4n2       160     7743   0.489 (  3037)  0.815 (  7743)    1.4  0.972   0.066
      4n3       160    18161   0.683 (  3200)  0.859 ( 18161)    1.6  0.951   0.043
      5n0       128      796   0.526 (   468)  0.918 (   796)    1.2  0.937   0.026
      5n1       128     4908   0.830 (   960)  0.659 (  4908)    2.1  0.885   0.461

    voi3b_rep_pr_yk:
      cell    rows   writes    rep          cont         dist  top1    moved
      4n0       208     4199   0.259 (  2781)  0.441 (  4199)    2.0  0.814   0.594
      4n1       208     8341   0.374 (  3136)  0.775 (  8341)    1.4  0.909   0.492
      4n2       208     9661   0.404 (  3084)  0.357 (  9661)    2.4  0.827   0.760
      4n3       208    16173   0.626 (  3197)  0.599 ( 16173)    2.6  0.723   0.631
      5n0       160     1380   0.366 (   632)  0.841 (  1380)    1.4  0.801   0.921
      5n1       160     3273   0.702 (   960)  0.723 (  3273)    1.9  0.772   0.882

    voi3b_rep_yk:
      cell    rows   writes    rep          cont         dist  top1    moved
      4n0       264     3995   0.281 (  2719)  0.268 (  3995)    1.8  0.795   0.934
      4n1       264     5203   0.233 (  2827)  0.404 (  5203)    2.3  0.750   0.969
      4n2       264     4186   0.302 (  2559)  0.467 (  4186)    2.3  0.735   0.830
      4n3       264    12862   0.655 (  3200)  0.568 ( 12862)    2.7  0.695   0.598
      5n0       144     1203   0.245 (   604)  0.874 (  1203)    1.5  0.884   0.969
      5n1       144     3144   0.689 (   960)  0.746 (  3144)    2.2  0.829   0.903

