====================================================================================================
[voicing] vo_s3 — reduction
====================================================================================================
  arms   : voi3_comp, voi3_comp_pr, voi3_dp, voi3_rep_pr
  banked : en_s9:endo_ledger_open_ung5_ra, vo_s2:voi2_critic

====================================================================================================
[A] LIFETIMES, COMMITS, AND THE IN-TAG IDENTITY CHECK
====================================================================================================
    arm                       cyc  commits (level@cycle)                 s/cycle
    voi3_comp                 164  L2@c48                              
    voi3_comp_pr              164  L2@c48                              
    voi3_dp                   201  L2@c48, L3@c100, L4@c151, L5@c186   
    voi3_rep_pr               188  L2@c48, L3@c81, L4@c111             
    en_s9:endo_ledger_open_ung5_ra  201  L2@c48, L3@c100, L4@c151, L5@c186      (banked)
    vo_s2:voi2_critic         188  L2@c48, L3@c81, L4@c111                (banked)

    IDENTITY CHECK — voi3_dp against EVERY banked anchor. The anchor names no
    consumer knob, so it must be the banked arm to the bit; anything else means the
    record or an instrument is not inert.
      vs en_s9:endo_ledger_open_ung5_ra:  MAX|delta| OVER ALL SERIES = 0.000e+00   commits equal: True
        e=0.000e+00  succ=0.000e+00  dres=0.000e+00  n_solved=0.000e+00  n_mined=0.000e+00  n_moves=0.000e+00  width=0.000e+00  e_practice=0.000e+00  vloss=0.000e+00  gloss=0.000e+00  t_cum=0.000e+00  g_per_solve=0.000e+00  m_per_solve=0.000e+00
      vs vo_s2:voi2_critic:  MAX|delta| OVER ALL SERIES = 4.217e+05   commits equal: False
        e=3.698e-01  succ=3.698e-01  dres=6.422e+00  n_solved=2.970e+02  n_mined=8.000e+00  n_moves=8.000e+00  width=1.300e+01  e_practice=3.281e-01  vloss=4.039e-01  gloss=3.744e-01  t_cum=4.217e+05  g_per_solve=2.500e+01  m_per_solve=1.200e+01
        commits: [(2, 48), (3, 100), (4, 151), (5, 186)]  vs  [(2, 48), (3, 81), (4, 111)]

====================================================================================================
[B] THE CORRIDOR — slots open, parity, misfire, and when it closed
====================================================================================================
    `n_open` is slots past the firing gate; `misfire` is fired rows whose span did not
    match `dp_features` exactly. An arm whose corridor closes stops executing with the
    head and falls back to the DP on every macro call.

    arm                    open@max  open@last  first c with open=0 after a peak   misfire(all)  misfire(era>=3)
    voi3_comp                    16         16  None                             0.3013        0.2852
    voi3_comp_pr                 16         16  None                             0.3013        0.2852
    voi3_dp                      30         30  None                             0.0683        0.0684
    voi3_rep_pr                  28         24  None                             0.6185        0.6127

    n_open per 10 cycles (the corridor's whole life):
      voi3_comp                0   0   0   0   0   1  16  16  16  16  16  16  16  16  16  16  16
      voi3_comp_pr             0   0   0   0   0   1  16  16  16  16  16  16  16  16  16  16  16
      voi3_dp                  0   0   0   0   0   4  16  16  16  16  16  24  24  24  24  24  28  28  28  28  30
      voi3_rep_pr              0   0   0   0   0   2  16  15  16  23  23  23  26  27  26  27  26  27  28
      cycle                    1  11  21  31  41  51  61  71  81  91 101 111 121 131 141 151 161

====================================================================================================
[C] THE SAMPLER, REALISED — deviation and on-table projection
====================================================================================================
    `dev`  the sampled entry left the on-table argmax (the quantity the temperature is
           set on; `DESIGN.md` §17 predicted this would fall below the preflight's
           0.44-0.67 because a sharper plant deviates less at fixed T).
    `ont`  the on-table argmax was not the head's FREE-RUN emission — the projection
           component that rides with the write axis (`DESIGN.md` §11).

    voi3_comp:
      era  cell        n        dev     ont
        1  2n0        25629    0.653   0.002
        1  2n1        25643    0.615   0.003
        1  2n2        25703    0.604   0.001
        1  2n3        25582    0.754   0.004
        1  2n4        25628    0.609   0.005
        1  2n5        25686    0.417   0.005
        1  2n6        25605    0.346   0.004
        1  2n7        25641    0.527   0.006
        1  2n8        25548    0.655   0.004
        1  2n9        25653    0.631   0.004
        1  2n10       25566    0.703   0.003
        1  2n11       25503    0.625   0.002
        1  2n12       25550    0.626   0.001
        1  2n13       25727    0.448   0.003
        1  2n14       25603    0.425   0.002
        1  2n15       25597    0.486   0.003
        2  2n0        11941    0.403   0.012
        2  2n1        18394    0.359   0.008
        2  2n2        30438    0.261   0.006
        2  2n3         8653    0.407   0.010
        2  2n4        15166    0.321   0.012
        2  2n5        39783    0.297   0.005
        2  2n6        13151    0.384   0.004
        2  2n7        19161    0.401   0.014
        2  2n8         9151    0.428   0.015
        2  2n9        17521    0.344   0.016
        2  2n10       58769    0.370   0.008
        2  2n11       11137    0.364   0.013
        2  2n12      240943    0.276   0.010
        2  2n13      109570    0.298   0.006
        2  2n14        9515    0.266   0.004
        2  2n15       22868    0.385   0.013
        3  2n0        23942    0.292   0.002
        3  2n1        21236    0.227   0.018
        3  2n2        36519    0.253   0.004
        3  2n3        32862    0.536   0.019
        3  2n4         7686    0.319   0.004
        3  2n5        57294    0.264   0.003
        3  2n6        27179    0.266   0.002
        3  2n7        25885    0.412   0.003
        3  2n8        29153    0.423   0.013
        3  2n9        47668    0.318   0.003
        3  2n10       72715    0.222   0.002
        3  2n11       11992    0.360   0.004
        3  2n12      546922    0.230   0.012
        3  2n13      352269    0.188   0.005
        3  2n14       21533    0.166   0.001
        3  2n15       33420    0.347   0.007
        4  2n0        12972    0.248   0.004
        4  2n1         6644    0.411   0.005
        4  2n2        11542    0.152   0.001
        4  2n3         8318    0.424   0.003
        4  2n4         5860    0.277   0.003
        4  2n5        21689    0.166   0.002
        4  2n6        15199    0.245   0.001
        4  2n7         8935    0.222   0.007
        4  2n8        19240    0.466   0.022
        4  2n9        15076    0.295   0.004
        4  2n10       11892    0.332   0.001
        4  2n11        4816    0.273   0.004
        4  2n12      292416    0.208   0.011
        4  2n13      288885    0.157   0.003
        4  2n14       10456    0.313   0.003
        4  2n15       27086    0.330   0.006
        5  2n0        14486    0.401   0.001
        5  2n1         3355    0.279   0.007
        5  2n2        13967    0.207   0.001
        5  2n3         5287    0.260   0.008
        5  2n4         6874    0.312   0.020
        5  2n5        23974    0.237   0.009
        5  2n6        12777    0.258   0.000
        5  2n7        24255    0.493   0.010
        5  2n8        10586    0.302   0.005
        5  2n9         7157    0.328   0.004
        5  2n10       19765    0.246   0.005
        5  2n11        2852    0.319   0.003
        5  2n12      182780    0.172   0.009
        5  2n13      259986    0.124   0.003
        5  2n14       15656    0.237   0.000
        5  2n15       61343    0.278   0.009

    voi3_comp_pr:
      era  cell        n        dev     ont
        1  2n0        25629    0.653   0.002
        1  2n1        25643    0.615   0.003
        1  2n2        25703    0.604   0.001
        1  2n3        25582    0.754   0.004
        1  2n4        25628    0.609   0.005
        1  2n5        25686    0.417   0.005
        1  2n6        25605    0.346   0.004
        1  2n7        25641    0.527   0.006
        1  2n8        25548    0.655   0.004
        1  2n9        25653    0.631   0.004
        1  2n10       25566    0.703   0.003
        1  2n11       25503    0.625   0.002
        1  2n12       25550    0.626   0.001
        1  2n13       25727    0.448   0.003
        1  2n14       25603    0.425   0.002
        1  2n15       25597    0.486   0.003
        2  2n0        11941    0.403   0.012
        2  2n1        18394    0.359   0.008
        2  2n2        30438    0.261   0.006
        2  2n3         8653    0.407   0.010
        2  2n4        15166    0.321   0.012
        2  2n5        39783    0.297   0.005
        2  2n6        13151    0.384   0.004
        2  2n7        19161    0.401   0.014
        2  2n8         9151    0.428   0.015
        2  2n9        17521    0.344   0.016
        2  2n10       58769    0.370   0.008
        2  2n11       11137    0.364   0.013
        2  2n12      240943    0.276   0.010
        2  2n13      109570    0.298   0.006
        2  2n14        9515    0.266   0.004
        2  2n15       22868    0.385   0.013
        3  2n0        23942    0.292   0.002
        3  2n1        21236    0.227   0.018
        3  2n2        36519    0.253   0.004
        3  2n3        32862    0.536   0.019
        3  2n4         7686    0.319   0.004
        3  2n5        57294    0.264   0.003
        3  2n6        27179    0.266   0.002
        3  2n7        25885    0.412   0.003
        3  2n8        29153    0.423   0.013
        3  2n9        47668    0.318   0.003
        3  2n10       72715    0.222   0.002
        3  2n11       11992    0.360   0.004
        3  2n12      546922    0.230   0.012
        3  2n13      352269    0.188   0.005
        3  2n14       21533    0.166   0.001
        3  2n15       33420    0.347   0.007
        4  2n0        12972    0.248   0.004
        4  2n1         6644    0.411   0.005
        4  2n2        11542    0.152   0.001
        4  2n3         8318    0.424   0.003
        4  2n4         5860    0.277   0.003
        4  2n5        21689    0.166   0.002
        4  2n6        15199    0.245   0.001
        4  2n7         8935    0.222   0.007
        4  2n8        19240    0.466   0.022
        4  2n9        15076    0.295   0.004
        4  2n10       11892    0.332   0.001
        4  2n11        4816    0.273   0.004
        4  2n12      292416    0.208   0.011
        4  2n13      288885    0.157   0.003
        4  2n14       10456    0.313   0.003
        4  2n15       27086    0.330   0.006
        5  2n0        14486    0.401   0.001
        5  2n1         3355    0.279   0.007
        5  2n2        13967    0.207   0.001
        5  2n3         5287    0.260   0.008
        5  2n4         6874    0.312   0.020
        5  2n5        23974    0.237   0.009
        5  2n6        12777    0.258   0.000
        5  2n7        24255    0.493   0.010
        5  2n8        10586    0.302   0.005
        5  2n9         7157    0.328   0.004
        5  2n10       19765    0.246   0.005
        5  2n11        2852    0.319   0.003
        5  2n12      182780    0.172   0.009
        5  2n13      259986    0.124   0.003
        5  2n14       15656    0.237   0.000
        5  2n15       61343    0.278   0.009

    voi3_dp: argmax arm — never sampled.
    voi3_rep_pr:
      era  cell        n        dev     ont
        1  2n0        25990    0.830   0.004
        1  2n1        25648    0.778   0.002
        1  2n2        25839    0.862   0.000
        1  2n3        25777    0.803   0.003
        1  2n4        29377    0.782   0.007
        1  2n5        29605    0.751   0.016
        1  2n6        26264    0.797   0.005
        1  2n7        25630    0.728   0.002
        1  2n8        25612    0.878   0.003
        1  2n9        25658    0.885   0.003
        1  2n10       25847    0.871   0.004
        1  2n11       25576    0.746   0.001
        1  2n12       25847    0.903   0.001
        1  2n13       26490    0.689   0.006
        1  2n14       27835    0.798   0.002
        1  2n15       28977    0.612   0.005
        2  2n0        15989    0.609   0.016
        2  2n1        27454    0.568   0.014
        2  2n2        60607    0.584   0.015
        2  2n3        20305    0.702   0.028
        2  2n4        44023    0.497   0.012
        2  2n5        55483    0.464   0.023
        2  2n6        16114    0.300   0.005
        2  2n7        16296    0.452   0.028
        2  2n8        17160    0.510   0.022
        2  2n9        30911    0.573   0.018
        2  2n10       25733    0.547   0.013
        2  2n11        9004    0.527   0.044
        2  2n12      101340    0.427   0.028
        2  2n13       45475    0.429   0.018
        2  2n14       73222    0.348   0.009
        2  2n15       63663    0.504   0.021
        2  3n0        36448    0.927   0.001
        2  3n1        36580    0.506   0.003
        2  3n2        36530    0.738   0.001
        2  3n3        36422    0.750   0.001
        2  3n4        37343    0.893   0.001
        2  3n5        36428    0.614   0.001
        2  3n6        36947    0.920   0.004
        2  3n7        36551    0.807   0.002
        3  2n0        31244    0.587   0.017
        3  2n1        94301    0.384   0.013
        3  2n2       128786    0.515   0.006
        3  2n3        27801    0.719   0.029
        3  2n4        29035    0.354   0.008
        3  2n5        98374    0.215   0.007
        3  2n6       101365    0.353   0.002
        3  2n7        55411    0.525   0.004
        3  2n8        32947    0.465   0.015
        3  2n9        26131    0.439   0.018
        3  2n10       39664    0.392   0.009
        3  2n11       59182    0.726   0.012
        3  2n12      454443    0.345   0.027
        3  2n13      473460    0.348   0.011
        3  2n14      161730    0.381   0.002
        3  2n15      120225    0.473   0.020
        3  3n0        20907    0.505   0.050
        3  3n1        44358    0.598   0.050
        3  3n2        25200    0.307   0.022
        3  3n3        41620    0.218   0.005
        3  3n4        62142    0.499   0.026
        3  3n5        47760    0.406   0.046
        3  3n6       325239    0.808   0.083
        3  3n7        33362    0.634   0.073
        3  4n0        91739    0.589   0.012
        3  4n1        79827    0.685   0.001
        3  4n2        83410    0.724   0.045
        3  4n3        89152    0.695   0.002
        4  2n0        10407    0.589   0.009
        4  2n1         9895    0.264   0.002
        4  2n2         9194    0.456   0.008
        4  2n3        13957    0.625   0.058
        4  2n4         9299    0.553   0.005
        4  2n5        17184    0.199   0.005
        4  2n6         8822    0.340   0.001
        4  2n7         8084    0.341   0.004
        4  2n8         7850    0.369   0.025
        4  2n9         2457    0.534   0.022
        4  2n10        5172    0.310   0.004
        4  2n11        6983    0.676   0.013
        4  2n12       95432    0.311   0.020
        4  2n13      127739    0.351   0.021
        4  2n14       75820    0.227   0.007
        4  2n15       40217    0.473   0.025
        4  3n0         4838    0.856   0.070
        4  3n1         3049    0.196   0.043
        4  3n2         3920    0.486   0.020
        4  3n3        12782    0.072   0.005
        4  3n4         9539    0.540   0.023
        4  3n5         6320    0.139   0.036
        4  3n6       143784    0.596   0.062
        4  3n7         7692    0.449   0.071
        4  4n0        31062    0.516   0.029
        4  4n1         5470    0.869   0.036
        4  4n2        37717    0.153   0.071
        4  4n3        24583    0.944   0.040
        5  2n0         6742    0.583   0.032
        5  2n1         5088    0.349   0.024
        5  2n2         9752    0.526   0.011
        5  2n3         8572    0.663   0.036
        5  2n4         7781    0.210   0.018
        5  2n5        16746    0.354   0.018
        5  2n6         7438    0.490   0.010
        5  2n7         7334    0.439   0.006
        5  2n8         4583    0.350   0.014
        5  2n9         2655    0.554   0.009
        5  2n10        3868    0.368   0.013
        5  2n11        2246    0.590   0.008
        5  2n12       99676    0.229   0.010
        5  2n13      108198    0.325   0.022
        5  2n14       66421    0.224   0.004
        5  2n15       51680    0.342   0.021
        5  3n0         5622    0.732   0.010
        5  3n1         5530    0.229   0.062
        5  3n2         2137    0.481   0.015
        5  3n3        12517    0.082   0.008
        5  3n4        16443    0.712   0.036
        5  3n5        10810    0.241   0.015
        5  3n6       107608    0.609   0.054
        5  3n7         6415    0.526   0.071
        5  4n0        30229    0.503   0.020
        5  4n1        12027    0.687   0.037
        5  4n2        43870    0.201   0.046
        5  4n3        53886    0.963   0.027

====================================================================================================
[D] WHAT THE CHOOSER WROTE — Q0 §5's table, live, on the EXECUTED population
====================================================================================================
    Filed writes only (kept by the beam and on a graded tip). `rows` is the operative
    table's size, `dist` distinct tuples written, `keys` distinct class-pair keys,
    `tok` distinct token classes, `top1` the share of the era's filed writes on one
    tuple. Q0's banked numbers at the same nodes: L4 2.6-3.6 of 155-187 rows, top1
    0.91-0.94; L5 1.5-1.6 of 144-152, top1 0.80-0.93 (the FIRED population).

    voi3_comp:
      era  cell      n_filed  rows   dist/cyc  keys/cyc  tok/cyc   top1(w)
        1  2n0        1516    13      3.25     3.25    3.25     0.592
        1  2n1        2073    13      3.33     3.33    3.25     0.582
        1  2n2        1806    13      2.83     2.83    2.67     0.599
        1  2n3        1661    13      3.00     3.00    2.92     0.609
        1  2n4        1436    13      3.00     3.00    2.92     0.651
        1  2n5        1926    13      3.17     3.17    3.00     0.656
        1  2n6        1766    13      3.00     3.00    3.00     0.636
        1  2n7        1859    13      3.00     3.00    2.75     0.633
        1  2n8        1777    13      3.42     3.42    3.33     0.648
        1  2n9        2081    13      3.17     3.17    3.08     0.613
        1  2n10       1766    13      3.42     3.42    3.33     0.593
        1  2n11       1576    13      2.75     2.75    2.67     0.657
        1  2n12       1491    13      2.92     2.92    2.83     0.663
        1  2n13       2297    13      2.92     2.92    2.92     0.651
        1  2n14       1450    13      2.83     2.83    2.83     0.533
        1  2n15       2115    13      2.75     2.75    2.58     0.690
        2  2n0        5154    15      4.54     4.54    4.54     0.467
        2  2n1        5867    15      4.00     4.00    3.92     0.537
        2  2n2        6387    15      3.62     3.62    3.62     0.542
        2  2n3        4860    15      3.34     3.34    3.30     0.555
        2  2n4        3824    15      3.70     3.70    3.70     0.544
        2  2n5        6239    15      3.94     3.94    3.94     0.533
        2  2n6        5551    15      3.26     3.26    3.26     0.742
        2  2n7        4911    15      2.84     2.84    2.82     0.614
        2  2n8        4805    15      4.16     4.16    4.16     0.448
        2  2n9        5879    15      4.46     4.46    4.34     0.457
        2  2n10       5706    15      3.42     3.42    3.42     0.502
        2  2n11       4594    15      4.00     4.00    4.00     0.475
        2  2n12      12406    15      3.68     3.68    3.66     0.600
        2  2n13       8904    15      4.08     4.08    4.08     0.577
        2  2n14       4543    15      3.28     3.28    3.28     0.663
        2  2n15       6086    15      3.42     3.42    3.38     0.545
        3  2n0        3969    16      4.39     4.39    4.39     0.505
        3  2n1        3770    16      4.21     4.21    4.09     0.551
        3  2n2        4574    16      3.91     3.91    3.85     0.561
        3  2n3        3549    16      3.36     3.36    3.36     0.506
        3  2n4        2488    16      3.97     3.97    3.97     0.523
        3  2n5        5521    16      3.79     3.79    3.76     0.613
        3  2n6        4150    16      3.70     3.70    3.70     0.694
        3  2n7        3884    16      2.91     2.91    2.91     0.601
        3  2n8        4152    16      5.03     5.03    4.94     0.430
        3  2n9        4429    16      4.45     4.45    4.27     0.445
        3  2n10       4760    16      4.09     4.09    4.06     0.418
        3  2n11       2718    16      4.09     4.09    4.03     0.523
        3  2n12      16887    16      4.64     4.64    4.58     0.665
        3  2n13      16114    16      4.42     4.42    4.39     0.592
        3  2n14       3492    16      3.64     3.64    3.61     0.697
        3  2n15       4743    16      3.70     3.70    3.42     0.530
        4  2n0        1336    17      5.17     5.17    5.08     0.437
        4  2n1        1276    17      4.83     4.83    4.42     0.484
        4  2n2        1635    17      3.92     3.92    3.92     0.542
        4  2n3        1254    17      3.42     3.42    3.42     0.441
        4  2n4         769    17      4.00     4.00    4.00     0.514
        4  2n5        1655    17      3.58     3.58    3.58     0.627
        4  2n6        1539    17      4.00     4.00    4.00     0.781
        4  2n7        1470    17      3.00     3.00    3.00     0.608
        4  2n8        1655    17      5.42     5.42    5.17     0.412
        4  2n9        1691    17      5.25     5.25    4.67     0.451
        4  2n10       1547    17      4.67     4.67    4.67     0.368
        4  2n11        995    17      4.17     4.17    3.92     0.470
        4  2n12       7374    17      6.25     6.25    5.33     0.548
        4  2n13       8745    17      4.08     4.08    4.08     0.516
        4  2n14       1970    17      3.92     3.92    3.92     0.746
        4  2n15       2339    17      5.00     5.00    4.42     0.477
        5  2n0        1148    18      4.56     4.56    4.56     0.450
        5  2n1         979    18      4.56     4.56    4.22     0.626
        5  2n2        1404    18      4.56     4.56    4.56     0.517
        5  2n3        1011    18      3.33     3.33    3.33     0.499
        5  2n4         781    18      4.22     4.22    4.22     0.471
        5  2n5        1509    18      3.89     3.89    3.78     0.643
        5  2n6        1083    18      4.11     4.11    4.11     0.647
        5  2n7        1261    18      3.00     3.00    3.00     0.557
        5  2n8        1397    18      5.78     5.78    5.67     0.435
        5  2n9        1346    18      5.00     5.00    4.56     0.508
        5  2n10       1449    18      4.11     4.11    4.11     0.442
        5  2n11        925    18      4.22     4.22    4.00     0.590
        5  2n12       4259    18      5.89     5.89    5.22     0.579
        5  2n13       7201    18      4.00     4.00    4.00     0.528
        5  2n14       1508    18      3.67     3.67    3.67     0.660
        5  2n15       2509    18      5.44     5.44    5.33     0.499

    voi3_comp_pr:
      era  cell      n_filed  rows   dist/cyc  keys/cyc  tok/cyc   top1(w)
        1  2n0        1516    13      3.25     3.25    3.25     0.592
        1  2n1        2073    13      3.33     3.33    3.25     0.582
        1  2n2        1806    13      2.83     2.83    2.67     0.599
        1  2n3        1661    13      3.00     3.00    2.92     0.609
        1  2n4        1436    13      3.00     3.00    2.92     0.651
        1  2n5        1926    13      3.17     3.17    3.00     0.656
        1  2n6        1766    13      3.00     3.00    3.00     0.636
        1  2n7        1859    13      3.00     3.00    2.75     0.633
        1  2n8        1777    13      3.42     3.42    3.33     0.648
        1  2n9        2081    13      3.17     3.17    3.08     0.613
        1  2n10       1766    13      3.42     3.42    3.33     0.593
        1  2n11       1576    13      2.75     2.75    2.67     0.657
        1  2n12       1491    13      2.92     2.92    2.83     0.663
        1  2n13       2297    13      2.92     2.92    2.92     0.651
        1  2n14       1450    13      2.83     2.83    2.83     0.533
        1  2n15       2115    13      2.75     2.75    2.58     0.690
        2  2n0        5154    15      4.54     4.54    4.54     0.467
        2  2n1        5867    15      4.00     4.00    3.92     0.537
        2  2n2        6387    15      3.62     3.62    3.62     0.542
        2  2n3        4860    15      3.34     3.34    3.30     0.555
        2  2n4        3824    15      3.70     3.70    3.70     0.544
        2  2n5        6239    15      3.94     3.94    3.94     0.533
        2  2n6        5551    15      3.26     3.26    3.26     0.742
        2  2n7        4911    15      2.84     2.84    2.82     0.614
        2  2n8        4805    15      4.16     4.16    4.16     0.448
        2  2n9        5879    15      4.46     4.46    4.34     0.457
        2  2n10       5706    15      3.42     3.42    3.42     0.502
        2  2n11       4594    15      4.00     4.00    4.00     0.475
        2  2n12      12406    15      3.68     3.68    3.66     0.600
        2  2n13       8904    15      4.08     4.08    4.08     0.577
        2  2n14       4543    15      3.28     3.28    3.28     0.663
        2  2n15       6086    15      3.42     3.42    3.38     0.545
        3  2n0        3969    16      4.39     4.39    4.39     0.505
        3  2n1        3770    16      4.21     4.21    4.09     0.551
        3  2n2        4574    16      3.91     3.91    3.85     0.561
        3  2n3        3549    16      3.36     3.36    3.36     0.506
        3  2n4        2488    16      3.97     3.97    3.97     0.523
        3  2n5        5521    16      3.79     3.79    3.76     0.613
        3  2n6        4150    16      3.70     3.70    3.70     0.694
        3  2n7        3884    16      2.91     2.91    2.91     0.601
        3  2n8        4152    16      5.03     5.03    4.94     0.430
        3  2n9        4429    16      4.45     4.45    4.27     0.445
        3  2n10       4760    16      4.09     4.09    4.06     0.418
        3  2n11       2718    16      4.09     4.09    4.03     0.523
        3  2n12      16887    16      4.64     4.64    4.58     0.665
        3  2n13      16114    16      4.42     4.42    4.39     0.592
        3  2n14       3492    16      3.64     3.64    3.61     0.697
        3  2n15       4743    16      3.70     3.70    3.42     0.530
        4  2n0        1336    17      5.17     5.17    5.08     0.437
        4  2n1        1276    17      4.83     4.83    4.42     0.484
        4  2n2        1635    17      3.92     3.92    3.92     0.542
        4  2n3        1254    17      3.42     3.42    3.42     0.441
        4  2n4         769    17      4.00     4.00    4.00     0.514
        4  2n5        1655    17      3.58     3.58    3.58     0.627
        4  2n6        1539    17      4.00     4.00    4.00     0.781
        4  2n7        1470    17      3.00     3.00    3.00     0.608
        4  2n8        1655    17      5.42     5.42    5.17     0.412
        4  2n9        1691    17      5.25     5.25    4.67     0.451
        4  2n10       1547    17      4.67     4.67    4.67     0.368
        4  2n11        995    17      4.17     4.17    3.92     0.470
        4  2n12       7374    17      6.25     6.25    5.33     0.548
        4  2n13       8745    17      4.08     4.08    4.08     0.516
        4  2n14       1970    17      3.92     3.92    3.92     0.746
        4  2n15       2339    17      5.00     5.00    4.42     0.477
        5  2n0        1148    18      4.56     4.56    4.56     0.450
        5  2n1         979    18      4.56     4.56    4.22     0.626
        5  2n2        1404    18      4.56     4.56    4.56     0.517
        5  2n3        1011    18      3.33     3.33    3.33     0.499
        5  2n4         781    18      4.22     4.22    4.22     0.471
        5  2n5        1509    18      3.89     3.89    3.78     0.643
        5  2n6        1083    18      4.11     4.11    4.11     0.647
        5  2n7        1261    18      3.00     3.00    3.00     0.557
        5  2n8        1397    18      5.78     5.78    5.67     0.435
        5  2n9        1346    18      5.00     5.00    4.56     0.508
        5  2n10       1449    18      4.11     4.11    4.11     0.442
        5  2n11        925    18      4.22     4.22    4.00     0.590
        5  2n12       4259    18      5.89     5.89    5.22     0.579
        5  2n13       7201    18      4.00     4.00    4.00     0.528
        5  2n14       1508    18      3.67     3.67    3.67     0.660
        5  2n15       2509    18      5.44     5.44    5.33     0.499

    voi3_dp:
      era  cell      n_filed  rows   dist/cyc  keys/cyc  tok/cyc   top1(w)
        1  2n0        1796    13      6.75     6.75    6.08     0.390
        1  2n1        1650    13      6.67     6.67    5.83     0.319
        1  2n2        1776    13      5.33     5.33    4.50     0.434
        1  2n3        1716    13      5.92     5.92    4.17     0.356
        1  2n4        1533    13      6.67     6.67    5.67     0.370
        1  2n5        1791    13      4.67     4.67    4.00     0.567
        1  2n6        1800    13      4.50     4.50    4.17     0.585
        1  2n7        1987    13      5.67     5.67    4.25     0.427
        1  2n8        1628    13      6.83     6.83    5.58     0.397
        1  2n9        2195    13      7.67     7.67    6.58     0.311
        1  2n10       2070    13      6.17     6.17    5.25     0.435
        1  2n11       1602    13      5.42     5.42    4.33     0.373
        1  2n12       1481    13      4.42     4.42    3.67     0.532
        1  2n13       2250    13      3.83     3.83    3.33     0.640
        1  2n14       1622    13      4.00     4.00    3.83     0.590
        1  2n15       1859    13      5.92     5.92    4.75     0.417
        2  2n0        4868    17      6.40     6.40    5.82     0.375
        2  2n1        5122    17      5.76     5.76    5.00     0.429
        2  2n2        5239    17      6.18     6.18    5.52     0.387
        2  2n3        4163    17      5.66     5.66    4.02     0.410
        2  2n4        3647    17      5.94     5.94    5.26     0.432
        2  2n5        7031    17      6.32     6.32    5.18     0.387
        2  2n6        5815    17      5.04     5.04    4.76     0.534
        2  2n7        4621    17      5.52     5.52    3.98     0.427
        2  2n8        5232    17      5.92     5.92    5.44     0.396
        2  2n9        5468    17      6.26     6.26    5.64     0.426
        2  2n10       5816    17      5.42     5.42    4.56     0.387
        2  2n11       4583    17      5.74     5.74    4.50     0.399
        2  2n12      12159    17      6.98     6.98    5.96     0.317
        2  2n13       7349    17      5.22     5.22    4.44     0.501
        2  2n14       4120    17      5.20     5.20    4.98     0.489
        2  2n15       6071    17      5.36     5.36    4.38     0.438
        2  3n0        1836    85      3.20     2.40    2.70     0.769
        2  3n1        1697    85      4.00     3.20    3.00     0.695
        2  3n2        1616    85      3.60     3.50    3.50     0.700
        2  3n3        2016    85      3.90     3.40    2.90     0.645
        2  3n4        1964    85      3.30     2.40    2.40     0.658
        2  3n5        1955    85      5.70     5.10    4.30     0.467
        2  3n6        2443    85      5.30     4.00    3.60     0.484
        2  3n7        1690    85      3.20     3.10    3.10     0.634
        3  2n0        5229    18      6.10     6.10    5.70     0.404
        3  2n1        4698    18      5.27     5.27    4.77     0.467
        3  2n2        5657    18      5.43     5.43    4.89     0.411
        3  2n3        5714    18      6.13     6.13    4.50     0.378
        3  2n4        4330    18      5.36     5.36    4.73     0.463
        3  2n5        8647    18      6.13     6.13    5.13     0.389
        3  2n6        9277    18      5.29     5.29    4.69     0.589
        3  2n7        5322    18      5.01     5.01    4.17     0.448
        3  2n8        6105    18      5.64     5.64    5.31     0.408
        3  2n9        5415    18      5.66     5.66    4.93     0.426
        3  2n10       7522    18      5.29     5.29    4.81     0.405
        3  2n11       4684    18      5.31     5.31    4.21     0.432
        3  2n12      20057    18      6.23     6.23    5.17     0.390
        3  2n13      13485    18      4.63     4.63    3.81     0.512
        3  2n14       4380    18      4.51     4.51    4.36     0.517
        3  2n15       7689    18      5.27     5.27    4.34     0.451
        3  3n0        8710    89      3.33     3.10    3.09     0.588
        3  3n1        6440    89      4.34     3.80    3.63     0.534
        3  3n2        8021    89      4.10     3.89    3.63     0.608
        3  3n3       10436    89      4.81     3.87    3.46     0.585
        3  3n4        6941    89      3.33     2.91    2.86     0.698
        3  3n5        6884    89      5.69     5.29    4.53     0.381
        3  3n6       32292    89      7.16     5.47    5.17     0.372
        3  3n7        9910    89      4.59     4.24    3.94     0.518
        3  4n0        2149   164      1.17     1.17    1.17     0.952
        3  4n1        5016   164      1.00     1.00    1.00     1.000
        3  4n2        3879   164      1.41     1.41    1.41     0.890
        3  4n3        7733   164      1.69     1.69    1.69     0.900
        4  2n0         900    18      6.00     6.00    5.42     0.424
        4  2n1         778    18      5.00     5.00    4.92     0.436
        4  2n2         843    18      4.50     4.50    4.25     0.386
        4  2n3         840    18      5.83     5.83    4.25     0.404
        4  2n4         737    18      4.67     4.67    4.50     0.491
        4  2n5         996    18      3.92     3.92    3.67     0.591
        4  2n6        1348    18      5.08     5.08    4.50     0.579
        4  2n7         735    18      4.50     4.50    3.92     0.502
        4  2n8         904    18      4.92     4.92    4.67     0.468
        4  2n9         763    18      5.42     5.42    4.92     0.402
        4  2n10       1227    18      5.00     5.00    4.83     0.453
        4  2n11        880    18      6.08     6.08    5.08     0.365
        4  2n12       2414    18      5.42     5.42    4.67     0.449
        4  2n13       1698    18      4.50     4.50    3.33     0.460
        4  2n14        777    18      3.83     3.83    3.83     0.568
        4  2n15       1091    18      4.92     4.92    4.08     0.504
        4  3n0        1829    89      4.17     4.00    3.92     0.531
        4  3n1         873    89      3.75     3.42    3.17     0.599
        4  3n2        1214    89      3.25     3.00    3.00     0.597
        4  3n3        2090    89      5.08     4.08    3.42     0.629
        4  3n4        1112    89      3.67     3.25    3.25     0.511
        4  3n5         920    89      4.83     4.08    3.75     0.496
        4  3n6        6599    89      7.58     5.33    5.17     0.450
        4  3n7        2650    89      5.33     4.58    4.33     0.585
        4  4n0         900   184      1.33     1.33    1.33     0.899
        4  4n1        2308   184      1.00     1.00    1.00     1.000
        4  4n2        1784   184      1.33     1.33    1.33     0.967
        4  4n3        5388   184      1.92     1.92    1.92     0.952
        4  5n0         765   144      1.50     1.50    1.00     0.835
        4  5n1        1216   144      1.00     1.00    1.00     1.000
        5  2n0         416    19      5.56     5.56    5.11     0.406
        5  2n1         553    19      4.78     4.78    4.44     0.519
        5  2n2         672    19      3.89     3.89    3.67     0.546
        5  2n3         636    19      5.00     5.00    3.44     0.497
        5  2n4         400    19      4.33     4.33    3.78     0.487
        5  2n5         628    19      2.89     2.89    2.44     0.822
        5  2n6         730    19      4.44     4.44    4.00     0.466
        5  2n7         405    19      4.00     4.00    3.67     0.531
        5  2n8         626    19      4.11     4.11    4.11     0.524
        5  2n9         718    19      5.44     5.44    4.78     0.376
        5  2n10       1579    19      5.56     5.56    4.78     0.341
        5  2n11        503    19      4.22     4.22    3.56     0.433
        5  2n12        881    19      4.00     4.00    3.67     0.502
        5  2n13        773    19      3.22     3.22    3.00     0.567
        5  2n14        500    19      3.56     3.56    3.56     0.588
        5  2n15        728    19      4.44     4.44    3.89     0.581
        5  3n0        1908   101      3.78     3.78    3.67     0.670
        5  3n1         560   101      3.67     3.11    2.89     0.570
        5  3n2        1581   101      3.89     3.67    3.56     0.797
        5  3n3        1437   101      3.78     3.56    3.56     0.611
        5  3n4        1048   101      3.00     2.89    2.89     0.541
        5  3n5        1009   101      4.11     3.22    3.11     0.519
        5  3n6        4557   101      7.00     5.33    5.22     0.489
        5  3n7        1563   101      4.00     3.56    3.44     0.681
        5  4n0        1662   192      1.22     1.22    1.22     0.978
        5  4n1        2590   192      1.00     1.00    1.00     1.000
        5  4n2        1831   192      2.11     2.11    2.11     0.845
        5  4n3        5550   192      1.22     1.22    1.22     0.994
        5  5n0        1342   192      1.33     1.33    1.00     0.974
        5  5n1        1740   192      1.00     1.00    1.00     1.000

    voi3_rep_pr:
      era  cell      n_filed  rows   dist/cyc  keys/cyc  tok/cyc   top1(w)
        1  2n0        1708    14      1.67     1.67    1.67     0.822
        1  2n1        2128    14      1.75     1.75    1.67     0.769
        1  2n2        1888    14      1.67     1.67    1.50     0.887
        1  2n3        1725    14      1.67     1.67    1.58     0.829
        1  2n4        1790    14      1.50     1.50    1.42     0.884
        1  2n5        2287    14      1.50     1.50    1.33     0.917
        1  2n6        1685    14      1.17     1.17    1.17     0.909
        1  2n7        1998    14      1.67     1.67    1.42     0.804
        1  2n8        1663    14      1.58     1.58    1.50     0.921
        1  2n9        1874    14      1.67     1.67    1.58     0.797
        1  2n10       1587    14      1.58     1.58    1.50     0.796
        1  2n11       1559    14      1.42     1.42    1.33     0.851
        1  2n12       1617    14      1.42     1.42    1.33     0.876
        1  2n13       2193    14      1.42     1.42    1.42     0.922
        1  2n14       1533    14      1.50     1.50    1.50     0.872
        1  2n15       1891    14      1.58     1.58    1.42     0.833
        2  2n0        3039    14      1.16     1.16    1.16     0.971
        2  2n1        4926    14      1.70     1.70    1.70     0.918
        2  2n2        5543    14      1.46     1.46    1.46     0.928
        2  2n3        3105    14      1.76     1.76    1.76     0.817
        2  2n4        3412    14      1.19     1.19    1.19     0.972
        2  2n5        5478    14      1.30     1.30    1.30     0.950
        2  2n6        3889    14      1.08     1.08    1.08     0.984
        2  2n7        3473    14      1.11     1.11    1.11     0.986
        2  2n8        3137    14      1.14     1.14    1.14     0.987
        2  2n9        3572    14      1.27     1.27    1.27     0.963
        2  2n10       3045    14      1.41     1.41    1.41     0.917
        2  2n11       3276    14      1.22     1.22    1.22     0.981
        2  2n12       6635    14      1.73     1.73    1.70     0.904
        2  2n13       5193    14      1.38     1.38    1.38     0.936
        2  2n14       4056    14      1.14     1.14    1.14     0.987
        2  2n15       4487    14      1.49     1.49    1.49     0.915
        2  3n0        1889    35      3.12     2.31    2.31     0.680
        2  3n1        2683    35      3.69     1.62    1.56     0.500
        2  3n2        1697    35      3.00     2.62    2.69     0.633
        2  3n3        2559    35      2.06     1.56    1.56     0.814
        2  3n4        2074    35      2.25     1.75    1.75     0.775
        2  3n5        2000    35      2.50     1.75    1.81     0.643
        2  3n6        2623    35      4.00     2.62    2.38     0.523
        2  3n7        2154    35      2.50     2.00    2.06     0.668
        3  2n0        4779    17      1.97     1.97    1.97     0.814
        3  2n1        7431    17      2.13     2.13    2.13     0.876
        3  2n2        7786    17      1.71     1.71    1.71     0.885
        3  2n3        5341    17      2.81     2.81    2.79     0.661
        3  2n4        4466    17      1.76     1.76    1.76     0.830
        3  2n5        7039    17      1.27     1.27    1.27     0.956
        3  2n6        6634    17      1.23     1.23    1.23     0.966
        3  2n7        5594    17      1.70     1.70    1.70     0.870
        3  2n8        5420    17      2.03     2.03    2.03     0.765
        3  2n9        4584    17      2.13     2.13    2.09     0.765
        3  2n10       3803    17      1.50     1.50    1.50     0.931
        3  2n11       4745    17      1.89     1.89    1.89     0.839
        3  2n12      21811    17      2.80     2.80    2.77     0.852
        3  2n13      22790    17      2.46     2.46    2.46     0.840
        3  2n14       7757    17      1.79     1.79    1.76     0.907
        3  2n15      10024    17      2.49     2.49    2.49     0.690
        3  3n0        5409    77      3.59     2.80    2.69     0.586
        3  3n1        6352    77      4.76     3.26    2.89     0.457
        3  3n2        4254    77      3.19     2.49    2.39     0.574
        3  3n3        7209    77      2.29     2.17    2.17     0.845
        3  3n4        7266    77      3.90     3.04    2.90     0.570
        3  3n5        5813    77      3.41     2.33    2.36     0.562
        3  3n6       15691    77      5.81     3.77    3.47     0.414
        3  3n7        4198    77      3.00     2.36    2.20     0.572
        3  4n0        6391   172      1.30     1.20    1.20     0.942
        3  4n1        4142   172      1.73     1.59    1.59     0.795
        3  4n2        5882   172      1.82     1.33    1.33     0.839
        3  4n3        6300   172      2.07     1.75    1.73     0.785
        4  2n0        1135    17      2.33     2.33    2.25     0.651
        4  2n1         746    17      2.08     2.08    2.08     0.832
        4  2n2        1205    17      3.42     3.42    3.08     0.548
        4  2n3        1371    17      2.08     2.08    1.83     0.881
        4  2n4         944    17      2.25     2.25    2.25     0.679
        4  2n5        1708    17      2.25     2.25    2.25     0.745
        4  2n6         898    17      1.75     1.75    1.75     0.898
        4  2n7         686    17      2.00     2.00    2.00     0.625
        4  2n8         777    17      1.92     1.92    1.92     0.662
        4  2n9         494    17      2.25     2.25    2.00     0.644
        4  2n10        474    17      2.25     2.25    2.25     0.840
        4  2n11        667    17      2.17     2.17    2.17     0.735
        4  2n12       3467    17      3.67     3.67    3.17     0.635
        4  2n13       3877    17      4.25     4.25    3.83     0.651
        4  2n14       4408    17      1.58     1.58    1.58     0.968
        4  2n15       2336    17      2.50     2.50    2.50     0.573
        4  3n0        1123    79      3.42     2.50    2.25     0.654
        4  3n1         710    79      3.33     2.42    2.33     0.601
        4  3n2         681    79      3.25     2.92    2.83     0.646
        4  3n3        1460    79      1.75     1.58    1.58     0.957
        4  3n4        1100    79      3.25     2.67    2.83     0.657
        4  3n5        1040    79      2.92     2.08    2.08     0.653
        4  3n6        5125    79      6.08     4.08    4.67     0.424
        4  3n7         696    79      2.75     2.00    2.00     0.556
        4  4n0        1944   200      1.75     1.00    1.00     0.814
        4  4n1         874   200      2.50     2.42    2.17     0.682
        4  4n2        2645   200      2.08     1.50    1.50     0.883
        4  4n3        2353   200      3.00     2.67    2.67     0.710
        5  2n0         854    19      2.67     2.67    2.67     0.629
        5  2n1         579    19      1.89     1.89    1.89     0.800
        5  2n2         904    19      2.89     2.89    2.89     0.549
        5  2n3         886    19      2.44     2.44    2.33     0.746
        5  2n4         580    19      2.33     2.33    2.33     0.600
        5  2n5        1203    19      2.11     2.11    2.00     0.672
        5  2n6         647    19      1.67     1.67    1.67     0.913
        5  2n7         739    19      2.00     2.00    2.00     0.663
        5  2n8         618    19      2.22     2.22    2.11     0.639
        5  2n9         474    19      2.67     2.67    2.22     0.603
        5  2n10        788    19      2.22     2.22    2.11     0.872
        5  2n11        431    19      2.11     2.11    2.11     0.784
        5  2n12       3133    19      3.44     3.44    3.00     0.767
        5  2n13       3363    19      3.78     3.78    3.00     0.644
        5  2n14       3100    19      1.56     1.56    1.56     0.985
        5  2n15       2140    19      2.22     2.22    2.22     0.686
        5  3n0         949    89      3.56     2.44    2.33     0.594
        5  3n1         829    89      3.11     2.33    2.33     0.526
        5  3n2         494    89      2.44     1.89    1.89     0.670
        5  3n3        1183    89      2.22     2.22    2.22     0.794
        5  3n4        1657    89      3.67     3.33    3.22     0.735
        5  3n5         904    89      2.89     2.00    2.00     0.731
        5  3n6        3196    89      5.89     4.33    4.56     0.445
        5  3n7         610    89      2.78     2.00    2.00     0.605
        5  4n0        1111   208      1.78     1.00    1.00     0.868
        5  4n1         873   208      2.89     2.89    2.22     0.724
        5  4n2        3421   208      1.89     1.67    1.67     0.831
        5  4n3        1804   208      3.89     3.89    3.78     0.493

====================================================================================================
[E] THE WRITER'S CLASS ACCURACY ON THE PRICED BEAM (held-out: fresh instances/cycle)
====================================================================================================
    `contains` against the clean latent, `rep` against the set of features that REPAIR
    the instance there. On an open slot the writer IS the head, so `rep` is the head's
    class accuracy; where the corridor is closed it is the DP's. Q0 §3's audition-path
    numbers for the DP at the frontier: 4n3 contains_rep 0.718 (era 4), 5n1 0.582.

    voi3_comp:
      era  cell     contains n    contains   rep n     rep
        1  2n0         1516      0.491      732    0.102
        1  2n1         2073      0.304      761    0.118
        1  2n2         1806      0.436      768    0.206
        1  2n3         1661      0.312      761    0.139
        1  2n4         1436      0.389      699    0.256
        1  2n5         1926      0.450      741    0.157
        1  2n6         1766      0.683      728    0.136
        1  2n7         1859      0.452      752    0.201
        1  2n8         1777      0.349      768    0.126
        1  2n9         2081      0.278      768    0.159
        1  2n10        1766      0.527      746    0.218
        1  2n11        1576      0.459      735    0.148
        1  2n12        1491      0.331      624    0.418
        1  2n13        2297      0.433      768    0.201
        1  2n14        1450      0.674      704    0.283
        1  2n15        2115      0.332      768    0.145
        2  2n0         5154      0.507     3149    0.196
        2  2n1         5867      0.435     3196    0.188
        2  2n2         6387      0.661     3196    0.222
        2  2n3         4860      0.448     3026    0.192
        2  2n4         3824      0.633     2829    0.255
        2  2n5         6239      0.553     3155    0.199
        2  2n6         5551      0.748     3137    0.247
        2  2n7         4911      0.576     3124    0.210
        2  2n8         4805      0.499     3095    0.188
        2  2n9         5879      0.388     3146    0.211
        2  2n10        5706      0.668     3109    0.262
        2  2n11        4594      0.482     3030    0.167
        2  2n12       12406      0.603     3200    0.491
        2  2n13        8904      0.365     3200    0.293
        2  2n14        4543      0.608     3044    0.212
        2  2n15        6086      0.388     3109    0.194
        3  2n0         3969      0.540     2091    0.130
        3  2n1         3770      0.449     2111    0.146
        3  2n2         4574      0.646     2103    0.183
        3  2n3         3549      0.519     2086    0.153
        3  2n4         2488      0.643     1928    0.149
        3  2n5         5521      0.680     2112    0.138
        3  2n6         4150      0.794     2092    0.252
        3  2n7         3884      0.506     2097    0.151
        3  2n8         4152      0.497     2097    0.121
        3  2n9         4429      0.353     2112    0.130
        3  2n10        4760      0.663     2112    0.144
        3  2n11        2718      0.483     1994    0.127
        3  2n12       16887      0.498     2112    0.201
        3  2n13       16114      0.422     2112    0.292
        3  2n14        3492      0.691     2081    0.244
        3  2n15        4743      0.407     2107    0.206
        4  2n0         1336      0.619      740    0.069
        4  2n1         1276      0.539      761    0.070
        4  2n2         1635      0.694      768    0.115
        4  2n3         1254      0.509      723    0.133
        4  2n4          769      0.701      689    0.094
        4  2n5         1655      0.582      768    0.049
        4  2n6         1539      0.853      768    0.139
        4  2n7         1470      0.643      768    0.142
        4  2n8         1655      0.421      768    0.086
        4  2n9         1691      0.427      768    0.082
        4  2n10        1547      0.621      768    0.086
        4  2n11         995      0.523      668    0.121
        4  2n12        7374      0.314      768    0.091
        4  2n13        8745      0.313      768    0.092
        4  2n14        1970      0.585      768    0.168
        4  2n15        2339      0.270      768    0.211
        5  2n0         1148      0.589      576    0.049
        5  2n1          979      0.513      564    0.060
        5  2n2         1404      0.739      576    0.092
        5  2n3         1011      0.634      572    0.072
        5  2n4          781      0.727      519    0.069
        5  2n5         1509      0.659      576    0.056
        5  2n6         1083      0.851      572    0.058
        5  2n7         1261      0.601      576    0.033
        5  2n8         1397      0.190      576    0.050
        5  2n9         1346      0.428      576    0.036
        5  2n10        1449      0.329      576    0.181
        5  2n11         925      0.236      534    0.064
        5  2n12        4259      0.365      576    0.050
        5  2n13        7201      0.304      576    0.056
        5  2n14        1508      0.460      576    0.062
        5  2n15        2509      0.239      576    0.054

    voi3_comp_pr:
      era  cell     contains n    contains   rep n     rep
        1  2n0         1516      0.491      732    0.102
        1  2n1         2073      0.304      761    0.118
        1  2n2         1806      0.436      768    0.206
        1  2n3         1661      0.312      761    0.139
        1  2n4         1436      0.389      699    0.256
        1  2n5         1926      0.450      741    0.157
        1  2n6         1766      0.683      728    0.136
        1  2n7         1859      0.452      752    0.201
        1  2n8         1777      0.349      768    0.126
        1  2n9         2081      0.278      768    0.159
        1  2n10        1766      0.527      746    0.218
        1  2n11        1576      0.459      735    0.148
        1  2n12        1491      0.331      624    0.418
        1  2n13        2297      0.433      768    0.201
        1  2n14        1450      0.674      704    0.283
        1  2n15        2115      0.332      768    0.145
        2  2n0         5154      0.507     3149    0.196
        2  2n1         5867      0.435     3196    0.188
        2  2n2         6387      0.661     3196    0.222
        2  2n3         4860      0.448     3026    0.192
        2  2n4         3824      0.633     2829    0.255
        2  2n5         6239      0.553     3155    0.199
        2  2n6         5551      0.748     3137    0.247
        2  2n7         4911      0.576     3124    0.210
        2  2n8         4805      0.499     3095    0.188
        2  2n9         5879      0.388     3146    0.211
        2  2n10        5706      0.668     3109    0.262
        2  2n11        4594      0.482     3030    0.167
        2  2n12       12406      0.603     3200    0.491
        2  2n13        8904      0.365     3200    0.293
        2  2n14        4543      0.608     3044    0.212
        2  2n15        6086      0.388     3109    0.194
        3  2n0         3969      0.540     2091    0.130
        3  2n1         3770      0.449     2111    0.146
        3  2n2         4574      0.646     2103    0.183
        3  2n3         3549      0.519     2086    0.153
        3  2n4         2488      0.643     1928    0.149
        3  2n5         5521      0.680     2112    0.138
        3  2n6         4150      0.794     2092    0.252
        3  2n7         3884      0.506     2097    0.151
        3  2n8         4152      0.497     2097    0.121
        3  2n9         4429      0.353     2112    0.130
        3  2n10        4760      0.663     2112    0.144
        3  2n11        2718      0.483     1994    0.127
        3  2n12       16887      0.498     2112    0.201
        3  2n13       16114      0.422     2112    0.292
        3  2n14        3492      0.691     2081    0.244
        3  2n15        4743      0.407     2107    0.206
        4  2n0         1336      0.619      740    0.069
        4  2n1         1276      0.539      761    0.070
        4  2n2         1635      0.694      768    0.115
        4  2n3         1254      0.509      723    0.133
        4  2n4          769      0.701      689    0.094
        4  2n5         1655      0.582      768    0.049
        4  2n6         1539      0.853      768    0.139
        4  2n7         1470      0.643      768    0.142
        4  2n8         1655      0.421      768    0.086
        4  2n9         1691      0.427      768    0.082
        4  2n10        1547      0.621      768    0.086
        4  2n11         995      0.523      668    0.121
        4  2n12        7374      0.314      768    0.091
        4  2n13        8745      0.313      768    0.092
        4  2n14        1970      0.585      768    0.168
        4  2n15        2339      0.270      768    0.211
        5  2n0         1148      0.589      576    0.049
        5  2n1          979      0.513      564    0.060
        5  2n2         1404      0.739      576    0.092
        5  2n3         1011      0.634      572    0.072
        5  2n4          781      0.727      519    0.069
        5  2n5         1509      0.659      576    0.056
        5  2n6         1083      0.851      572    0.058
        5  2n7         1261      0.601      576    0.033
        5  2n8         1397      0.190      576    0.050
        5  2n9         1346      0.428      576    0.036
        5  2n10        1449      0.329      576    0.181
        5  2n11         925      0.236      534    0.064
        5  2n12        4259      0.365      576    0.050
        5  2n13        7201      0.304      576    0.056
        5  2n14        1508      0.460      576    0.062
        5  2n15        2509      0.239      576    0.054

    voi3_dp:
      era  cell     contains n    contains   rep n     rep
        1  2n0         1796      0.438      758    0.211
        1  2n1         1650      0.313      725    0.145
        1  2n2         1776      0.452      727    0.190
        1  2n3         1716      0.478      738    0.125
        1  2n4         1533      0.457      737    0.159
        1  2n5         1791      0.553      756    0.270
        1  2n6         1800      0.769      752    0.158
        1  2n7         1987      0.594      718    0.255
        1  2n8         1628      0.365      768    0.161
        1  2n9         2195      0.241      765    0.129
        1  2n10        2070      0.477      746    0.186
        1  2n11        1602      0.534      661    0.127
        1  2n12        1481      0.348      608    0.382
        1  2n13        2250      0.464      718    0.297
        1  2n14        1622      0.684      746    0.216
        1  2n15        1859      0.478      766    0.157
        2  2n0         4868      0.483     3099    0.164
        2  2n1         5122      0.515     3131    0.195
        2  2n2         5239      0.461     3078    0.158
        2  2n3         4163      0.428     3054    0.184
        2  2n4         3647      0.621     2839    0.225
        2  2n5         7031      0.514     3183    0.175
        2  2n6         5815      0.718     3164    0.228
        2  2n7         4621      0.577     3050    0.195
        2  2n8         5232      0.380     3147    0.147
        2  2n9         5468      0.463     3125    0.189
        2  2n10        5816      0.693     3165    0.217
        2  2n11        4583      0.475     3029    0.179
        2  2n12       12159      0.520     3171    0.480
        2  2n13        7349      0.338     3200    0.263
        2  2n14        4120      0.566     2885    0.159
        2  2n15        6071      0.438     3192    0.206
        2  3n0         1836      0.256      640    0.158
        2  3n1         1697      0.324      634    0.170
        2  3n2         1616      0.242      558    0.136
        2  3n3         2016      0.309      640    0.220
        2  3n4         1964      0.185      631    0.184
        2  3n5         1955      0.368      623    0.226
        2  3n6         2443      0.498      638    0.509
        2  3n7         1690      0.284      601    0.168
        3  2n0         5229      0.553     4071    0.260
        3  2n1         4698      0.545     3735    0.219
        3  2n2         5657      0.601     4168    0.221
        3  2n3         5714      0.445     4096    0.177
        3  2n4         4330      0.558     3665    0.221
        3  2n5         8647      0.488     4433    0.147
        3  2n6         9277      0.762     4387    0.295
        3  2n7         5322      0.580     4012    0.215
        3  2n8         6105      0.478     4161    0.224
        3  2n9         5415      0.468     4101    0.215
        3  2n10        7522      0.665     4345    0.225
        3  2n11        4684      0.469     3852    0.178
        3  2n12       20057      0.317     4480    0.183
        3  2n13       13485      0.412     4448    0.298
        3  2n14        4380      0.565     3728    0.218
        3  2n15        7689      0.351     4349    0.229
        3  3n0         8710      0.241     4429    0.175
        3  3n1         6440      0.298     4287    0.194
        3  3n2         8021      0.376     4393    0.183
        3  3n3        10436      0.378     4455    0.190
        3  3n4         6941      0.256     4245    0.109
        3  3n5         6884      0.292     4355    0.183
        3  3n6        32292      0.388     4480    0.442
        3  3n7         9910      0.262     4418    0.247
        3  4n0         2149      0.712     1495    0.296
        3  4n1         5016      0.875     1838    0.380
        3  4n2         3879      0.770     1761    0.338
        3  4n3         7733      0.849     1856    0.737
        4  2n0          900      0.537      652    0.245
        4  2n1          778      0.449      685    0.194
        4  2n2          843      0.652      651    0.283
        4  2n3          840      0.560      637    0.187
        4  2n4          737      0.517      643    0.271
        4  2n5          996      0.585      705    0.148
        4  2n6         1348      0.734      747    0.210
        4  2n7          735      0.620      591    0.146
        4  2n8          904      0.269      661    0.144
        4  2n9          763      0.518      615    0.231
        4  2n10        1227      0.759      757    0.214
        4  2n11         880      0.416      659    0.196
        4  2n12        2414      0.350      768    0.103
        4  2n13        1698      0.294      746    0.177
        4  2n14         777      0.420      655    0.350
        4  2n15        1091      0.228      698    0.199
        4  3n0         1829      0.281      762    0.175
        4  3n1          873      0.275      661    0.239
        4  3n2         1214      0.471      733    0.255
        4  3n3         2090      0.341      768    0.148
        4  3n4         1112      0.264      736    0.163
        4  3n5          920      0.240      707    0.110
        4  3n6         6599      0.245      768    0.230
        4  3n7         2650      0.143      768    0.310
        4  4n0          900      0.729      647    0.261
        4  4n1         2308      0.882      768    0.405
        4  4n2         1784      0.838      768    0.478
        4  4n3         5388      0.773      768    0.599
        4  5n0          765      0.923      308    0.295
        4  5n1         1216      0.878      311    0.717
        5  2n0          416      0.531      412    0.172
        5  2n1          553      0.472      485    0.268
        5  2n2          672      0.588      518    0.245
        5  2n3          636      0.503      512    0.293
        5  2n4          400      0.500      377    0.162
        5  2n5          628      0.740      489    0.166
        5  2n6          730      0.747      538    0.184
        5  2n7          405      0.588      371    0.213
        5  2n8          626      0.302      525    0.143
        5  2n9          718      0.259      553    0.215
        5  2n10        1579      0.330      576    0.299
        5  2n11         503      0.167      468    0.179
        5  2n12         881      0.251      550    0.082
        5  2n13         773      0.233      569    0.139
        5  2n14         500      0.534      425    0.158
        5  2n15         728      0.177      500    0.176
        5  3n0         1908      0.251      576    0.276
        5  3n1          560      0.250      497    0.143
        5  3n2         1581      0.396      576    0.189
        5  3n3         1437      0.232      546    0.126
        5  3n4         1048      0.357      576    0.300
        5  3n5         1009      0.126      569    0.262
        5  3n6         4557      0.254      576    0.099
        5  3n7         1563      0.258      576    0.174
        5  4n0         1662      0.724      576    0.210
        5  4n1         2590      0.896      576    0.418
        5  4n2         1831      0.654      576    0.314
        5  4n3         5550      0.829      576    0.337
        5  5n0         1342      0.914      576    0.389
        5  5n1         1740      0.943      576    0.677

    voi3_rep_pr:
      era  cell     contains n    contains   rep n     rep
        1  2n0         1708      0.360      768    0.133
        1  2n1         2128      0.280      768    0.134
        1  2n2         1888      0.356      768    0.146
        1  2n3         1725      0.301      739    0.057
        1  2n4         1790      0.325      763    0.122
        1  2n5         2287      0.326      768    0.079
        1  2n6         1685      0.540      720    0.200
        1  2n7         1998      0.336      768    0.070
        1  2n8         1663      0.315      768    0.079
        1  2n9         1874      0.212      768    0.074
        1  2n10        1587      0.478      663    0.106
        1  2n11        1559      0.269      745    0.042
        1  2n12        1617      0.328      683    0.283
        1  2n13        2193      0.361      764    0.110
        1  2n14        1533      0.532      725    0.175
        1  2n15        1891      0.303      768    0.086
        2  2n0         3039      0.383     2200    0.100
        2  2n1         4926      0.389     2365    0.080
        2  2n2         5543      0.544     2365    0.091
        2  2n3         3105      0.192     2159    0.039
        2  2n4         3412      0.546     2229    0.134
        2  2n5         5478      0.387     2313    0.093
        2  2n6         3889      0.738     2288    0.144
        2  2n7         3473      0.367     2303    0.120
        2  2n8         3137      0.465     2196    0.145
        2  2n9         3572      0.396     2252    0.071
        2  2n10        3045      0.536     2240    0.165
        2  2n11        3276      0.226     2173    0.070
        2  2n12        6635      0.526     2368    0.391
        2  2n13        5193      0.468     2349    0.162
        2  2n14        4056      0.696     2304    0.145
        2  2n15        4487      0.367     2339    0.057
        2  3n0         1889      0.170      982    0.034
        2  3n1         2683      0.205      987    0.068
        2  3n2         1697      0.438      879    0.192
        2  3n3         2559      0.263      969    0.084
        2  3n4         2074      0.192      983    0.066
        2  3n5         2000      0.248      898    0.124
        2  3n6         2623      0.447      916    0.291
        2  3n7         2154      0.137      927    0.121
        3  2n0         4779      0.434     3859    0.109
        3  2n1         7431      0.455     4169    0.077
        3  2n2         7786      0.557     4432    0.106
        3  2n3         5341      0.265     4056    0.072
        3  2n4         4466      0.476     3753    0.132
        3  2n5         7039      0.574     4330    0.091
        3  2n6         6634      0.734     4262    0.185
        3  2n7         5594      0.406     4043    0.139
        3  2n8         5420      0.412     3946    0.127
        3  2n9         4584      0.470     3689    0.120
        3  2n10        3803      0.616     3228    0.109
        3  2n11        4745      0.323     3547    0.078
        3  2n12       21811      0.507     4480    0.152
        3  2n13       22790      0.476     4480    0.152
        3  2n14        7757      0.706     4338    0.174
        3  2n15       10024      0.297     4431    0.150
        3  3n0         5409      0.289     4117    0.091
        3  3n1         6352      0.185     4148    0.071
        3  3n2         4254      0.434     3530    0.127
        3  3n3         7209      0.397     4307    0.129
        3  3n4         7266      0.406     4336    0.130
        3  3n5         5813      0.390     4168    0.157
        3  3n6        15691      0.373     4452    0.383
        3  3n7         4198      0.166     3433    0.065
        3  4n0         6391      0.348     3467    0.177
        3  4n1         4142      0.275     2677    0.126
        3  4n2         5882      0.213     3230    0.129
        3  4n3         6300      0.346     3231    0.213
        4  2n0         1135      0.264      711    0.146
        4  2n1          746      0.727      569    0.130
        4  2n2         1205      0.402      714    0.155
        4  2n3         1371      0.270      733    0.150
        4  2n4          944      0.440      677    0.185
        4  2n5         1708      0.551      768    0.151
        4  2n6          898      0.659      643    0.180
        4  2n7          686      0.539      591    0.245
        4  2n8          777      0.380      616    0.068
        4  2n9          494      0.500      494    0.172
        4  2n10         474      0.477      443    0.131
        4  2n11         667      0.243      617    0.084
        4  2n12        3467      0.351      768    0.124
        4  2n13        3877      0.409      768    0.128
        4  2n14        4408      0.756      768    0.215
        4  2n15        2336      0.299      768    0.178
        4  3n0         1123      0.452      736    0.105
        4  3n1          710      0.272      596    0.144
        4  3n2          681      0.490      603    0.335
        4  3n3         1460      0.548      768    0.243
        4  3n4         1100      0.505      710    0.162
        4  3n5         1040      0.370      726    0.180
        4  3n6         5125      0.322      768    0.243
        4  3n7          696      0.233      583    0.101
        4  4n0         1944      0.315      768    0.241
        4  4n1          874      0.281      746    0.202
        4  4n2         2645      0.308      768    0.201
        4  4n3         2353      0.196      768    0.358
        5  2n0          854      0.294      575    0.167
        5  2n1          579      0.554      467    0.143
        5  2n2          904      0.551      574    0.188
        5  2n3          886      0.258      481    0.104
        5  2n4          580      0.412      468    0.199
        5  2n5         1203      0.537      576    0.134
        5  2n6          647      0.767      502    0.120
        5  2n7          739      0.457      540    0.137
        5  2n8          618      0.358      479    0.071
        5  2n9          474      0.207      433    0.085
        5  2n10         788      0.530      576    0.087
        5  2n11         431      0.179      381    0.031
        5  2n12        3133      0.508      576    0.066
        5  2n13        3363      0.440      576    0.099
        5  2n14        3100      0.721      576    0.113
        5  2n15        2140      0.263      576    0.106
        5  3n0          949      0.431      576    0.078
        5  3n1          829      0.269      558    0.084
        5  3n2          494      0.482      435    0.168
        5  3n3         1183      0.369      573    0.131
        5  3n4         1657      0.446      576    0.297
        5  3n5          904      0.232      547    0.186
        5  3n6         3196      0.245      576    0.148
        5  3n7          610      0.208      456    0.083
        5  4n0         1111      0.347      576    0.214
        5  4n1          873      0.215      536    0.170
        5  4n2         3421      0.260      576    0.285
        5  4n3         1804      0.150      576    0.203

====================================================================================================
[F] THE IN-SITU READ-BACK — the number DESIGN §15 says decides whether Q2's
    `own_readback` has anything to read
====================================================================================================
    The frozen reader run on the span the learner just wrote, IN PLACE, quotiented
    through the arm's own class map and tallied against the record's class. Never
    summed with the verdict. Q0 §4: the STRUCTURAL disagreement on the token class is
    0.000 by construction on this draw, so everything here is the neural ear plus the
    learned quotient.

    voi3_comp:
      era  cell         n   class_agree  tuple_agree   unnamed
        1  2n0        956       1.000       1.000     0.000
        1  2n1       1105       1.000       1.000     0.000
        1  2n2       1071       1.000       1.000     0.000
        1  2n3       1054       1.000       1.000     0.000
        1  2n4        892       1.000       1.000     0.000
        1  2n5       1004       1.000       1.000     0.000
        1  2n6        958       1.000       1.000     0.000
        1  2n7       1059       0.997       0.997     0.000
        1  2n8       1084       1.000       1.000     0.000
        1  2n9       1114       1.000       1.000     0.000
        1  2n10      1063       1.000       1.000     0.000
        1  2n11      1027       1.000       1.000     0.000
        1  2n12       772       1.000       1.000     0.000
        1  2n13      1143       1.000       1.000     0.000
        1  2n14       884       1.000       1.000     0.000
        1  2n15      1087       1.000       1.000     0.000
        2  2n0       4400       1.000       1.000     0.000
        2  2n1       4588       1.000       1.000     0.000
        2  2n2       4586       1.000       1.000     0.000
        2  2n3       4029       1.000       1.000     0.000
        2  2n4       3431       1.000       1.000     0.000
        2  2n5       4423       1.000       1.000     0.000
        2  2n6       4314       1.000       1.000     0.000
        2  2n7       4274       1.000       1.000     0.000
        2  2n8       4144       1.000       1.000     0.000
        2  2n9       4413       1.000       1.000     0.000
        2  2n10      4280       1.000       1.000     0.000
        2  2n11      3993       1.000       1.000     0.000
        2  2n12      4660       1.000       1.000     0.000
        2  2n13      4777       1.000       1.000     0.000
        2  2n14      3990       1.000       1.000     0.000
        2  2n15      4486       1.000       1.000     0.000
        3  2n0       3000       1.000       1.000     0.000
        3  2n1       2992       1.000       1.000     0.000
        3  2n2       3074       0.998       0.998     0.000
        3  2n3       2915       1.000       1.000     0.000
        3  2n4       2372       1.000       1.000     0.000
        3  2n5       3162       1.000       1.000     0.000
        3  2n6       3028       1.000       1.000     0.000
        3  2n7       2972       1.000       1.000     0.000
        3  2n8       2963       1.000       1.000     0.000
        3  2n9       3097       1.000       1.000     0.000
        3  2n10      3119       1.000       1.000     0.000
        3  2n11      2565       1.000       1.000     0.000
        3  2n12      3168       1.000       1.000     0.000
        3  2n13      3168       1.000       1.000     0.000
        3  2n14      2852       1.000       1.000     0.000
        3  2n15      3032       0.998       0.998     0.000
        4  2n0       1026       1.000       1.000     0.000
        4  2n1       1031       0.984       0.984     0.000
        4  2n2       1105       1.000       1.000     0.000
        4  2n3       1004       0.985       0.985     0.000
        4  2n4        769       1.000       1.000     0.000
        4  2n5       1103       1.000       1.000     0.000
        4  2n6       1130       1.000       1.000     0.000
        4  2n7       1083       1.000       1.000     0.000
        4  2n8       1144       0.997       0.997     0.000
        4  2n9       1146       0.995       0.995     0.000
        4  2n10      1129       1.000       1.000     0.000
        4  2n11       871       0.993       0.993     0.000
        4  2n12      1152       1.000       1.000     0.000
        4  2n13      1152       1.000       1.000     0.000
        4  2n14      1152       1.000       1.000     0.000
        4  2n15      1152       1.000       1.000     0.000
        5  2n0        799       1.000       1.000     0.000
        5  2n1        789       1.000       1.000     0.000
        5  2n2        864       1.000       1.000     0.000
        5  2n3        810       1.000       1.000     0.000
        5  2n4        710       1.000       1.000     0.000
        5  2n5        864       1.000       1.000     0.000
        5  2n6        794       1.000       1.000     0.000
        5  2n7        841       1.000       1.000     0.000
        5  2n8        864       1.000       1.000     0.000
        5  2n9        864       1.000       1.000     0.000
        5  2n10       861       1.000       1.000     0.000
        5  2n11       710       1.000       1.000     0.000
        5  2n12       864       1.000       1.000     0.000
        5  2n13       864       1.000       1.000     0.000
        5  2n14       833       1.000       1.000     0.000
        5  2n15       864       1.000       1.000     0.000

    voi3_comp_pr:
      era  cell         n   class_agree  tuple_agree   unnamed
        1  2n0        956       1.000       1.000     0.000
        1  2n1       1105       1.000       1.000     0.000
        1  2n2       1071       1.000       1.000     0.000
        1  2n3       1054       1.000       1.000     0.000
        1  2n4        892       1.000       1.000     0.000
        1  2n5       1004       1.000       1.000     0.000
        1  2n6        958       1.000       1.000     0.000
        1  2n7       1059       0.997       0.997     0.000
        1  2n8       1084       1.000       1.000     0.000
        1  2n9       1114       1.000       1.000     0.000
        1  2n10      1063       1.000       1.000     0.000
        1  2n11      1027       1.000       1.000     0.000
        1  2n12       772       1.000       1.000     0.000
        1  2n13      1143       1.000       1.000     0.000
        1  2n14       884       1.000       1.000     0.000
        1  2n15      1087       1.000       1.000     0.000
        2  2n0       4400       1.000       1.000     0.000
        2  2n1       4588       1.000       1.000     0.000
        2  2n2       4586       1.000       1.000     0.000
        2  2n3       4029       1.000       1.000     0.000
        2  2n4       3431       1.000       1.000     0.000
        2  2n5       4423       1.000       1.000     0.000
        2  2n6       4314       1.000       1.000     0.000
        2  2n7       4274       1.000       1.000     0.000
        2  2n8       4144       1.000       1.000     0.000
        2  2n9       4413       1.000       1.000     0.000
        2  2n10      4280       1.000       1.000     0.000
        2  2n11      3993       1.000       1.000     0.000
        2  2n12      4660       1.000       1.000     0.000
        2  2n13      4777       1.000       1.000     0.000
        2  2n14      3990       1.000       1.000     0.000
        2  2n15      4486       1.000       1.000     0.000
        3  2n0       3000       1.000       1.000     0.000
        3  2n1       2992       1.000       1.000     0.000
        3  2n2       3074       0.998       0.998     0.000
        3  2n3       2915       1.000       1.000     0.000
        3  2n4       2372       1.000       1.000     0.000
        3  2n5       3162       1.000       1.000     0.000
        3  2n6       3028       1.000       1.000     0.000
        3  2n7       2972       1.000       1.000     0.000
        3  2n8       2963       1.000       1.000     0.000
        3  2n9       3097       1.000       1.000     0.000
        3  2n10      3119       1.000       1.000     0.000
        3  2n11      2565       1.000       1.000     0.000
        3  2n12      3168       1.000       1.000     0.000
        3  2n13      3168       1.000       1.000     0.000
        3  2n14      2852       1.000       1.000     0.000
        3  2n15      3032       0.998       0.998     0.000
        4  2n0       1026       1.000       1.000     0.000
        4  2n1       1031       0.984       0.984     0.000
        4  2n2       1105       1.000       1.000     0.000
        4  2n3       1004       0.985       0.985     0.000
        4  2n4        769       1.000       1.000     0.000
        4  2n5       1103       1.000       1.000     0.000
        4  2n6       1130       1.000       1.000     0.000
        4  2n7       1083       1.000       1.000     0.000
        4  2n8       1144       0.997       0.997     0.000
        4  2n9       1146       0.995       0.995     0.000
        4  2n10      1129       1.000       1.000     0.000
        4  2n11       871       0.993       0.993     0.000
        4  2n12      1152       1.000       1.000     0.000
        4  2n13      1152       1.000       1.000     0.000
        4  2n14      1152       1.000       1.000     0.000
        4  2n15      1152       1.000       1.000     0.000
        5  2n0        799       1.000       1.000     0.000
        5  2n1        789       1.000       1.000     0.000
        5  2n2        864       1.000       1.000     0.000
        5  2n3        810       1.000       1.000     0.000
        5  2n4        710       1.000       1.000     0.000
        5  2n5        864       1.000       1.000     0.000
        5  2n6        794       1.000       1.000     0.000
        5  2n7        841       1.000       1.000     0.000
        5  2n8        864       1.000       1.000     0.000
        5  2n9        864       1.000       1.000     0.000
        5  2n10       861       1.000       1.000     0.000
        5  2n11       710       1.000       1.000     0.000
        5  2n12       864       1.000       1.000     0.000
        5  2n13       864       1.000       1.000     0.000
        5  2n14       833       1.000       1.000     0.000
        5  2n15       864       1.000       1.000     0.000

    voi3_dp:
      era  cell         n   class_agree  tuple_agree   unnamed
        1  2n0       1017       0.996       0.996     0.000
        1  2n1        901       1.000       1.000     0.000
        1  2n2       1011       0.984       0.984     0.000
        1  2n3       1090       0.996       0.996     0.000
        1  2n4       1023       0.993       0.993     0.000
        1  2n5       1068       1.000       1.000     0.000
        1  2n6       1047       1.000       1.000     0.000
        1  2n7       1006       0.997       0.997     0.000
        1  2n8       1085       0.998       0.998     0.000
        1  2n9       1112       1.000       1.000     0.000
        1  2n10      1050       1.000       1.000     0.000
        1  2n11       874       0.993       0.993     0.000
        1  2n12       734       0.992       0.992     0.000
        1  2n13       997       1.000       1.000     0.000
        1  2n14       963       1.000       1.000     0.000
        1  2n15      1029       1.000       1.000     0.000
        2  2n0       4151       0.999       0.999     0.000
        2  2n1       4209       1.000       1.000     0.000
        2  2n2       4190       0.946       0.946     0.000
        2  2n3       3833       0.912       0.912     0.000
        2  2n4       3429       0.983       0.983     0.000
        2  2n5       4634       0.951       0.951     0.000
        2  2n6       4464       0.985       0.985     0.000
        2  2n7       4025       0.941       0.941     0.000
        2  2n8       4296       0.981       0.981     0.000
        2  2n9       4387       0.990       0.990     0.000
        2  2n10      4547       0.976       0.976     0.000
        2  2n11      4040       0.961       0.961     0.000
        2  2n12      4691       0.994       0.994     0.000
        2  2n13      4719       0.965       0.965     0.000
        2  2n14      3747       0.989       0.989     0.000
        2  2n15      4565       0.987       0.987     0.000
        2  3n0        903       1.000       1.000     0.000
        2  3n1        867       1.000       0.986     0.000
        2  3n2        760       1.000       1.000     0.000
        2  3n3        950       1.000       0.986     0.000
        2  3n4        870       1.000       0.954     0.000
        2  3n5        838       1.000       1.000     0.000
        2  3n6        908       1.000       1.000     0.000
        2  3n7        800       1.000       1.000     0.000
        3  2n0       4930       0.944       0.944     0.000
        3  2n1       4495       0.975       0.975     0.000
        3  2n2       5204       0.960       0.960     0.000
        3  2n3       5208       0.829       0.829     0.000
        3  2n4       4193       0.940       0.940     0.000
        3  2n5       6259       0.969       0.969     0.000
        3  2n6       6359       0.924       0.924     0.000
        3  2n7       4941       0.841       0.841     0.000
        3  2n8       5412       0.987       0.987     0.000
        3  2n9       5159       0.989       0.989     0.000
        3  2n10      5968       0.994       0.994     0.000
        3  2n11      4544       0.927       0.927     0.000
        3  2n12      6678       1.000       1.000     0.000
        3  2n13      6646       0.999       0.999     0.000
        3  2n14      4282       0.995       0.995     0.000
        3  2n15      5953       0.893       0.893     0.000
        3  3n0       6293       1.000       1.000     0.000
        3  3n1       5635       0.971       0.950     0.000
        3  3n2       6155       1.000       1.000     0.000
        3  3n3       6477       1.000       0.978     0.000
        3  3n4       5785       1.000       0.979     0.000
        3  3n5       5808       0.962       0.960     0.000
        3  3n6       6720       1.000       1.000     0.000
        3  3n7       6356       0.983       0.979     0.000
        3  4n0       1747       1.000       1.000     0.000
        3  4n1       2669       1.000       1.000     0.000
        3  4n2       2368       1.000       1.000     0.000
        3  4n3       2767       1.000       1.000     0.000
        4  2n0        824       0.987       0.987     0.000
        4  2n1        778       0.925       0.925     0.000
        4  2n2        803       0.948       0.948     0.000
        4  2n3        783       0.982       0.982     0.000
        4  2n4        720       0.993       0.993     0.000
        4  2n5        922       0.948       0.948     0.000
        4  2n6       1039       0.882       0.882     0.000
        4  2n7        725       0.859       0.859     0.000
        4  2n8        860       0.993       0.993     0.000
        4  2n9        709       0.977       0.977     0.000
        4  2n10      1012       1.000       1.000     0.000
        4  2n11       822       0.872       0.872     0.000
        4  2n12      1152       1.000       1.000     0.000
        4  2n13      1025       0.978       0.978     0.000
        4  2n14       756       1.000       1.000     0.000
        4  2n15       960       0.911       0.911     0.000
        4  3n0       1114       0.978       0.978     0.000
        4  3n1        822       0.962       0.955     0.000
        4  3n2       1010       1.000       1.000     0.000
        4  3n3       1146       1.000       0.985     0.000
        4  3n4        991       1.000       0.979     0.000
        4  3n5        893       0.833       0.832     0.000
        4  3n6       1152       1.000       1.000     0.000
        4  3n7       1125       0.950       0.950     0.000
        4  4n0        825       1.000       1.000     0.000
        4  4n1       1136       1.000       1.000     0.000
        4  4n2       1117       1.000       1.000     0.000
        4  4n3       1152       1.000       1.000     0.000
        4  5n0        378       1.000       1.000     0.000
        4  5n1        391       1.000       1.000     0.000
        5  2n0        416       0.988       0.988     0.000
        5  2n1        535       0.931       0.931     0.000
        5  2n2        621       1.000       1.000     0.000
        5  2n3        627       0.968       0.968     0.000
        5  2n4        400       0.970       0.970     0.000
        5  2n5        603       0.967       0.967     0.000
        5  2n6        683       0.960       0.960     0.000
        5  2n7        403       0.814       0.814     0.000
        5  2n8        615       1.000       1.000     0.000
        5  2n9        656       0.998       0.998     0.000
        5  2n10       841       0.996       0.996     0.000
        5  2n11       503       0.877       0.877     0.000
        5  2n12       723       1.000       1.000     0.000
        5  2n13       720       1.000       1.000     0.000
        5  2n14       489       1.000       1.000     0.000
        5  2n15       628       0.780       0.780     0.000
        5  3n0        864       0.980       0.980     0.000
        5  3n1        560       1.000       0.979     0.000
        5  3n2        834       1.000       1.000     0.000
        5  3n3        796       1.000       0.992     0.000
        5  3n4        832       1.000       0.992     0.000
        5  3n5        785       0.917       0.874     0.000
        5  3n6        864       1.000       1.000     0.000
        5  3n7        864       0.968       0.968     0.000
        5  4n0        864       1.000       1.000     0.000
        5  4n1        864       1.000       1.000     0.000
        5  4n2        864       1.000       1.000     0.000
        5  4n3        864       1.000       1.000     0.000
        5  5n0        805       1.000       1.000     0.000
        5  5n1        864       1.000       1.000     0.000

    voi3_rep_pr:
      era  cell         n   class_agree  tuple_agree   unnamed
        1  2n0       1034       1.000       1.000     0.000
        1  2n1       1099       1.000       1.000     0.000
        1  2n2       1125       1.000       1.000     0.000
        1  2n3        981       1.000       1.000     0.000
        1  2n4       1049       1.000       1.000     0.000
        1  2n5       1150       1.000       1.000     0.000
        1  2n6        922       1.000       1.000     0.000
        1  2n7       1122       0.997       0.997     0.000
        1  2n8       1068       1.000       1.000     0.000
        1  2n9       1084       1.000       1.000     0.000
        1  2n10       887       1.000       1.000     0.000
        1  2n11       993       1.000       1.000     0.000
        1  2n12       879       1.000       1.000     0.000
        1  2n13      1116       1.000       1.000     0.000
        1  2n14       962       1.000       1.000     0.000
        1  2n15      1052       1.000       1.000     0.000
        2  2n0       2757       1.000       1.000     0.000
        2  2n1       3437       1.000       1.000     0.000
        2  2n2       3470       1.000       1.000     0.000
        2  2n3       2782       1.000       1.000     0.000
        2  2n4       2899       1.000       1.000     0.000
        2  2n5       3348       1.000       1.000     0.000
        2  2n6       3228       1.000       1.000     0.000
        2  2n7       3047       1.000       1.000     0.000
        2  2n8       2814       1.000       1.000     0.000
        2  2n9       3049       1.000       1.000     0.000
        2  2n10      2842       1.000       1.000     0.000
        2  2n11      2726       1.000       1.000     0.000
        2  2n12      3552       1.000       1.000     0.000
        2  2n13      3425       1.000       1.000     0.000
        2  2n14      3252       1.000       1.000     0.000
        2  2n15      3327       1.000       1.000     0.000
        2  3n0       1298       1.000       1.000     0.000
        2  3n1       1346       1.000       0.996     0.000
        2  3n2       1074       1.000       1.000     0.000
        2  3n3       1321       1.000       1.000     0.000
        2  3n4       1289       1.000       1.000     0.000
        2  3n5       1119       1.000       1.000     0.000
        2  3n6       1245       1.000       1.000     0.000
        2  3n7       1209       1.000       1.000     0.000
        3  2n0       4625       1.000       1.000     0.000
        3  2n1       5737       1.000       1.000     0.000
        3  2n2       6179       0.998       0.998     0.000
        3  2n3       4938       0.995       0.995     0.000
        3  2n4       4362       1.000       1.000     0.000
        3  2n5       5836       0.999       0.999     0.000
        3  2n6       5619       1.000       1.000     0.000
        3  2n7       5065       1.000       1.000     0.000
        3  2n8       4886       0.995       0.995     0.000
        3  2n9       4320       1.000       1.000     0.000
        3  2n10      3695       1.000       1.000     0.000
        3  2n11      4374       1.000       1.000     0.000
        3  2n12      6720       1.000       1.000     0.000
        3  2n13      6720       1.000       1.000     0.000
        3  2n14      5935       1.000       1.000     0.000
        3  2n15      6340       1.000       1.000     0.000
        3  3n0       5007       0.999       0.992     0.000
        3  3n1       5503       0.994       0.964     0.000
        3  3n2       4157       1.000       0.948     0.000
        3  3n3       5870       1.000       1.000     0.000
        3  3n4       5904       0.995       0.995     0.000
        3  3n5       5265       1.000       0.995     0.000
        3  3n6       6489       1.000       0.997     0.000
        3  3n7       4067       1.000       0.993     0.000
        3  4n0       4636       1.000       1.000     0.000
        3  4n1       3128       1.000       1.000     0.000
        3  4n2       4387       1.000       1.000     0.000
        3  4n3       4110       1.000       1.000     0.000
        4  2n0        929       1.000       1.000     0.000
        4  2n1        693       1.000       1.000     0.000
        4  2n2        941       0.987       0.987     0.000
        4  2n3       1030       0.994       0.994     0.000
        4  2n4        834       1.000       1.000     0.000
        4  2n5       1152       1.000       1.000     0.000
        4  2n6        815       1.000       1.000     0.000
        4  2n7        686       1.000       1.000     0.000
        4  2n8        749       1.000       1.000     0.000
        4  2n9        494       1.000       1.000     0.000
        4  2n10       474       1.000       1.000     0.000
        4  2n11       662       1.000       1.000     0.000
        4  2n12      1152       0.977       0.977     0.000
        4  2n13      1152       0.969       0.969     0.000
        4  2n14      1152       1.000       1.000     0.000
        4  2n15      1152       1.000       1.000     0.000
        4  3n0        959       1.000       1.000     0.000
        4  3n1        709       1.000       1.000     0.000
        4  3n2        681       1.000       0.947     0.000
        4  3n3       1107       1.000       1.000     0.000
        4  3n4        938       1.000       1.000     0.000
        4  3n5        917       1.000       1.000     0.000
        4  3n6       1152       1.000       1.000     0.000
        4  3n7        695       1.000       1.000     0.000
        4  4n0       1099       1.000       1.000     0.000
        4  4n1        865       1.000       1.000     0.000
        4  4n2       1152       1.000       1.000     0.000
        4  4n3       1139       1.000       1.000     0.000
        5  2n0        760       1.000       1.000     0.000
        5  2n1        568       1.000       1.000     0.000
        5  2n2        800       1.000       1.000     0.000
        5  2n3        638       1.000       1.000     0.000
        5  2n4        553       1.000       1.000     0.000
        5  2n5        831       0.995       0.995     0.000
        5  2n6        582       1.000       1.000     0.000
        5  2n7        666       1.000       1.000     0.000
        5  2n8        602       1.000       1.000     0.000
        5  2n9        474       0.998       0.998     0.000
        5  2n10       751       0.996       0.996     0.000
        5  2n11       419       1.000       1.000     0.000
        5  2n12       864       0.975       0.975     0.000
        5  2n13       864       0.924       0.924     0.000
        5  2n14       864       1.000       1.000     0.000
        5  2n15       864       1.000       1.000     0.000
        5  3n0        802       1.000       1.000     0.000
        5  3n1        736       1.000       1.000     0.000
        5  3n2        494       1.000       1.000     0.000
        5  3n3        754       1.000       1.000     0.000
        5  3n4        864       1.000       1.000     0.000
        5  3n5        755       1.000       1.000     0.000
        5  3n6        864       1.000       1.000     0.000
        5  3n7        556       1.000       1.000     0.000
        5  4n0        802       1.000       1.000     0.000
        5  4n1        738       1.000       1.000     0.000
        5  4n2        864       1.000       1.000     0.000
        5  4n3        864       1.000       1.000     0.000

====================================================================================================
[G] THE RECORD'S VOLUME AND THE OBJECTIVE'S DIET
====================================================================================================
    `filed` writes kept by the beam and on a graded tip; `solved` their verdict;
    `unnamed` training rows whose recorded class has no member in the current table
    (the argmax arms' own hazard — DESIGN §14); `verify_bad` gate V-1's counter.

    arm                    written    filed   solved%   unnamed   verify   v_bad   buf(last, max over slots)
    voi3_comp                  913356   280532    0.179         0   280532       0   8192
    voi3_comp_pr               913356   280532    0.179         0   280532       0   8192
    voi3_dp                   1576364   447604    0.238         0   447604       0   8192
    voi3_rep_pr               1423174   404396    0.137         0   404396       0   8192

====================================================================================================
[H] ARRIVAL, CLASS COVERAGE, MERGES AND THE BILL
====================================================================================================
    arm                   L5@sup(end) L6@sup(end)  L4 classes(end)  merges taken  exp_reads   t_cum
    voi3_comp                         1           0              26            20    1382737    39547347
    voi3_comp_pr                      1           0              26            20    1382737    39662364
    voi3_dp                          17           3              26            44    2288898    51208256
    voi3_rep_pr                      17           0              23            48    2194240    47692059
    en_s9:endo_ledger_open_ung5_ra         17           3              26            44     382722    51208256
    vo_s2:voi2_critic                17           0              23            48    2194240    47493677

====================================================================================================
[I] ERA-4/5 ERROR — with the caveat
====================================================================================================
    `enharmonic`'s matched-clock gaps between near-identical arms reach 0.08, and these
    arms are SELF-PACED and lived different numbers of cycles, so error is NOT a claim
    here. The structural readouts above are.

    arm                   era1  era2  era3  era4  era5
    voi3_comp                0.502  0.607  0.692  0.882  0.947
    voi3_comp_pr             0.502  0.607  0.692  0.882  0.947
    voi3_dp                  0.499  0.620  0.613  0.671  0.773
    voi3_rep_pr              0.505  0.680  0.692  0.684  0.779
    en_s9:endo_ledger_open_ung5_ra 0.499  0.620  0.613  0.671  0.773
    vo_s2:voi2_critic        0.505  0.680  0.692  0.684  0.779

====================================================================================================
[J] THE CRITIC — held-out AUC against the verdict, per slot, over the run
====================================================================================================
    The held-out split is by the parity gate's own BIJECTIVE row code, not a coin flip,
    so a context recurring across cycles cannot sit on both sides. `auc` is None where
    one class is absent on the held-out rows — an AUC is undefined then, and saying so
    beats reporting 0.5. DENOMINATORS AND BASE RATES ARE PART OF THE READING: the
    preflight's AUCs sat on 16-26 rows at base rate 0.045-0.08 and were a path check.

    [Q3] THE TWO DIETS ARE READ APART and are NEVER pooled. The filed rows are the
    practice beam's own writes — a narrow, self-selected candidate set (Q0 finding 3:
    at the frontier almost every write falls in one token class) — and the probe rows
    are the babbler's substitutions, a DIFFERENT class by construction. A pooled AUC
    would read that candidate-set difference as discrimination. Both columns carry
    their own denominator and base rate.

    voi3_comp:
      FILED rows                                              PROBE rows [Q3]
      slot   reads  n(last) base(last)  auc f/med/last  >.5   n(last) base(last)  auc f/med/last  >.5
      2:0      116      963      0.171  1.000/0.669/0.657  0.93         0          -          (no probe)   
      2:1      116      839      0.147  0.182/0.704/0.669  0.96         0          -          (no probe)   
      2:2      116      732      0.154  0.963/0.593/0.607  0.96         0          -          (no probe)   
      2:3      110      876      0.172  0.530/0.712/0.660  0.98         0          -          (no probe)   
      2:4      116      962      0.202  0.500/0.621/0.508  0.99         0          -          (no probe)   
      2:5      116      726      0.252  0.974/0.750/0.683  1.00         0          -          (no probe)   
      2:6      116      775      0.275  0.689/0.634/0.635  0.82         0          -          (no probe)   
      2:7      116      928      0.213  0.228/0.691/0.705  0.93         0          -          (no probe)   
      2:8      116      734      0.206  0.872/0.744/0.783  1.00         0          -          (no probe)   
      2:9      116      903      0.174  0.515/0.654/0.626  0.96         0          -          (no probe)   
      2:10     116     1009      0.115  0.700/0.562/0.567  0.93         0          -          (no probe)   
      2:11     116      783      0.135  0.933/0.552/0.628  0.77         0          -          (no probe)   
      2:12     116      778      0.094  0.163/0.647/0.738  0.91         0          -          (no probe)   
      2:13     116      699      0.083  0.061/0.658/0.399  0.96         0          -          (no probe)   
      2:14     113      946      0.193  0.586/0.642/0.488  0.84         0          -          (no probe)   
      2:15     116      816      0.170  1.000/0.656/0.681  0.97         0          -          (no probe)   

    voi3_comp_pr:
      FILED rows                                              PROBE rows [Q3]
      slot   reads  n(last) base(last)  auc f/med/last  >.5   n(last) base(last)  auc f/med/last  >.5
      2:0      116      963      0.171  1.000/0.669/0.657  0.93       813      0.036  0.825/0.648/0.624  0.99
      2:1      116      839      0.147  0.182/0.704/0.669  0.96       682      0.029  0.576/0.476/0.472  0.39
      2:2      116      732      0.154  0.963/0.593/0.607  0.96       698      0.046  0.000/0.500/0.508  0.50
      2:3      110      876      0.172  0.530/0.712/0.660  0.98       722      0.037  0.184/0.385/0.406  0.01
      2:4      116      962      0.202  0.500/0.621/0.508  0.99       760      0.028  0.276/0.375/0.425  0.00
      2:5      116      726      0.252  0.974/0.750/0.683  1.00       716      0.063  0.222/0.493/0.453  0.48
      2:6      116      775      0.275  0.689/0.634/0.635  0.82       722      0.054  0.895/0.528/0.467  0.58
      2:7      116      928      0.213  0.228/0.691/0.705  0.93       869      0.061  0.620/0.492/0.457  0.45
      2:8      116      734      0.206  0.872/0.744/0.783  1.00       647      0.043  0.475/0.531/0.604  0.66
      2:9      116      903      0.174  0.515/0.654/0.626  0.96       696      0.036  0.469/0.577/0.566  0.96
      2:10     116     1009      0.115  0.700/0.562/0.567  0.93       869      0.023  0.083/0.429/0.525  0.02
      2:11     116      783      0.135  0.933/0.552/0.628  0.77       612      0.044  0.418/0.474/0.580  0.36
      2:12     116      778      0.094  0.163/0.647/0.738  0.91       762      0.052  0.937/0.545/0.513  0.99
      2:13     116      699      0.083  0.061/0.658/0.399  0.96       683      0.051  0.605/0.437/0.365  0.16
      2:14     113      946      0.193  0.586/0.642/0.488  0.84       895      0.034  0.890/0.505/0.494  0.51
      2:15     116      816      0.170  1.000/0.656/0.681  0.97       656      0.047  0.293/0.438/0.496  0.20

    voi3_dp: no critic.
    voi3_rep_pr:
      FILED rows                                              PROBE rows [Q3]
      slot   reads  n(last) base(last)  auc f/med/last  >.5   n(last) base(last)  auc f/med/last  >.5
      2:0      140      620      0.174  1.000/0.454/0.561  0.34       661      0.030  0.357/0.585/0.552  0.82
      2:1      140      824      0.067  0.182/0.592/0.702  0.73       733      0.016  0.000/0.318/0.511  0.03
      2:2      140      618      0.123  0.953/0.804/0.799  1.00       693      0.029  0.075/0.524/0.487  0.60
      2:3      139      799      0.088  1.000/0.735/0.632  1.00       759      0.026  0.875/0.681/0.605  0.93
      2:4      140      757      0.095  0.386/0.678/0.772  0.96       694      0.030  0.278/0.374/0.498  0.13
      2:5      140     1024      0.164  0.474/0.753/0.601  0.99       949      0.048  0.833/0.504/0.402  0.51
      2:6      140      901      0.192  0.689/0.710/0.758  0.99       881      0.034  0.733/0.458/0.407  0.39
      2:7      140      845      0.127  0.620/0.803/0.761  1.00       824      0.047  0.676/0.517/0.587  0.64
      2:8      140      836      0.057  0.860/0.904/0.766  1.00       827      0.023  0.167/0.602/0.530  0.97
      2:9      140      839      0.103  0.515/0.419/0.727  0.44       826      0.029  0.350/0.437/0.621  0.44
      2:10     140      827      0.120  0.700/0.715/0.750  0.99       677      0.046  0.545/0.625/0.503  0.85
      2:11     140      816      0.132  0.819/0.829/0.746  1.00       720      0.075  0.569/0.539/0.495  0.79
      2:12     140      867      0.153  0.163/0.602/0.612  0.95       848      0.024  0.979/0.588/0.705  0.66
      2:13     140      832      0.224  0.061/0.639/0.540  0.81       781      0.038  0.380/0.464/0.457  0.19
      2:14     139      695      0.210  0.102/0.606/0.435  0.94       828      0.022  0.774/0.382/0.354  0.13
      2:15     140      938      0.157  1.000/0.588/0.564  0.86       845      0.036  0.344/0.479/0.512  0.34
      3:0      106      889      0.087  0.956/0.737/0.615  1.00       689      0.044  0.481/0.659/0.652  0.95
      3:1      107      700      0.069  0.627/0.819/0.836  0.99       538      0.035  0.028/0.579/0.585  0.85
      3:2      107      609      0.158  0.988/0.731/0.682  1.00       443      0.061  0.404/0.380/0.477  0.00
      3:3      107      692      0.201  0.842/0.815/0.698  1.00       633      0.047  0.230/0.307/0.495  0.00
      3:4      107      784      0.129  0.333/0.690/0.512  0.84       630      0.032  0.500/0.566/0.548  0.98
      3:5      107      866      0.144  0.827/0.466/0.447  0.38       635      0.041  0.708/0.381/0.500  0.14
      3:6      107      720      0.125  0.994/0.595/0.674  0.74       700      0.039  0.695/0.574/0.494  0.89
      3:7      107      822      0.130  0.059/0.724/0.612  0.96       546      0.018  0.323/0.512/0.451  0.54
      4:0       77      777      0.245  0.644/0.514/0.493  0.56       473      0.068  0.909/0.435/0.332  0.35
      4:1       77      538      0.217  0.000/0.703/0.746  0.92       352      0.122  0.413/0.332/0.354  0.00
      4:2       77      840      0.293  0.929/0.641/0.663  0.95       458      0.066  0.585/0.476/0.472  0.36
      4:3       77      692      0.237  0.723/0.679/0.546  0.93       395      0.035  0.519/0.365/0.477  0.07

====================================================================================================
[K] EPSILON — its OWN counters, and the frontier it is confined to
====================================================================================================
    `n_eps` counts calls where epsilon FIRED; `eps_shift` those where the uniform class
    draw actually changed the write (it is below `n_eps` because a uniform draw can land
    on the class the argmax would have written). These are separate from `shift`, which
    also counts the CRITIC re-deciding — on a governed arm the two are not separable
    from `shift` alone. Q1 §19 is why the frontier confinement exists at all.

    voi3_comp: epsilon never fired (argmax arm).

    voi3_comp_pr: epsilon never fired (argmax arm).

    voi3_dp: epsilon never fired (argmax arm).

    voi3_rep_pr: epsilon never fired (argmax arm).

====================================================================================================
[L] GOVERNANCE — which slots the critic earned, when, and how often it moved the write
====================================================================================================
    A slot is governed once it holds `vo_critic_min` filed rows. `shift - eps_shift`
    is the part of the re-decision the CRITIC is responsible for.

    voi3_comp:  16 slots governed
      slot   first  last   calls     critic-moved share
      2:0   c49    c164     88970               0.422
      2:1   c49    c164     75272               0.410
      2:2   c49    c164    118169               0.316
      2:3   c49    c164     80702               0.562
      2:4   c49    c164     61214               0.436
      2:5   c49    c164    168426               0.279
      2:6   c49    c164     93911               0.300
      2:7   c49    c164    103877               0.441
      2:8   c49    c164     93678               0.482
      2:9   c49    c164    113075               0.391
      2:10  c49    c164    188707               0.343
      2:11  c49    c164     56300               0.471
      2:12  c49    c164   1288611               0.233
      2:13  c49    c164   1036437               0.181
      2:14  c49    c164     82763               0.290
      2:15  c49    c164    170314               0.345

    voi3_comp_pr:  16 slots governed
      slot   first  last   calls     critic-moved share
      2:0   c49    c164     88970               0.422
      2:1   c49    c164     75272               0.410
      2:2   c49    c164    118169               0.316
      2:3   c49    c164     80702               0.562
      2:4   c49    c164     61214               0.436
      2:5   c49    c164    168426               0.279
      2:6   c49    c164     93911               0.300
      2:7   c49    c164    103877               0.441
      2:8   c49    c164     93678               0.482
      2:9   c49    c164    113075               0.391
      2:10  c49    c164    188707               0.343
      2:11  c49    c164     56300               0.471
      2:12  c49    c164   1288611               0.233
      2:13  c49    c164   1036437               0.181
      2:14  c49    c164     82763               0.290
      2:15  c49    c164    170314               0.345

    voi3_dp: the critic governed no slot.

    voi3_rep_pr:  28 slots governed
      slot   first  last   calls     critic-moved share
      2:0   c49    c188     90372               0.661
      2:1   c49    c188    162386               0.469
      2:2   c49    c188    234178               0.569
      2:3   c49    c188     96412               0.719
      2:4   c49    c188    119515               0.518
      2:5   c49    c188    217392               0.361
      2:6   c49    c188    160003               0.426
      2:7   c49    c188    112755               0.542
      2:8   c49    c188     88152               0.579
      2:9   c49    c188     87812               0.623
      2:10  c49    c188    100284               0.550
      2:11  c49    c188    102991               0.707
      2:12  c49    c188    776738               0.355
      2:13  c49    c188    781362               0.361
      2:14  c49    c188    405028               0.349
      2:15  c49    c188    304762               0.471
      3:0   c82    c188     67815               0.776
      3:1   c82    c188     89517               0.524
      3:2   c82    c188     67787               0.555
      3:3   c82    c188    103341               0.371
      3:4   c82    c188    125467               0.648
      3:5   c82    c188    101318               0.446
      3:6   c82    c188    613578               0.730
      3:7   c82    c188     84020               0.684
      4:0   c112   c188    153030               0.557
      4:1   c112   c188     97324               0.695
      4:2   c112   c188    164997               0.454
      4:3   c112   c188    167621               0.818

====================================================================================================
[M] THE CORRIDOR UNDER A MOVED WRITE — misfire with the treatment's own draws removed
====================================================================================================
    `n_misfire` counts FIRED rows (the head executed) whose span did not match
    `dp_features` exactly. Where the treatment RE-DECIDED the write, a mismatch with the
    DP's row IS the treatment and not a defect — so the raw rate is not the corridor's
    health on a treated arm.

    [Q3] THE SPLIT Q2 COULD NOT MAKE. `n_sampled` / `n_xp_shift` count every
    re-decided call, OPEN and CLOSED alike, and `n_fired` counts only calls the head
    executed — so on an arm whose corridor is mostly shut, Q2's `shift - misfire` was
    a subtraction across two different denominators and `excess` had to be withheld
    wherever `shift > n_misfire`. The recorder now tallies the shift BY PATH
    (`n_shift_fired` / `n_shift_closed`), so `excess` below is
        (n_misfire - shift_FIRED) / n_fired
    on the same denominator throughout. It is the misfire the moved write does NOT
    explain. A negative value means the head matched the DP on rows the treatment had
    moved — possible, and printed rather than clipped. Q2's undecomposable form is kept
    in the last two columns so a Q2 tag reduces to the same numbers it did.

    arm                    open max/last  n_fired    misfire   shift_fire  shift_clos   excess    [Q2 form]
    voi3_comp                  16 /   16    3490407    0.3013      823518      226969    0.0653   shift/sampled 0.2750 excess 0.0003
    voi3_comp_pr               16 /   16    3490407    0.3013      823518      226969    0.0653   shift/sampled 0.2750 excess 0.0003
    voi3_dp                    30 /   30    5805471    0.0683           0           0    0.0683   shift/sampled 0.0000 excess 0.0683
    voi3_rep_pr                28 /   24    4760283    0.6185     2147634      709688    0.1673   shift/sampled 0.5034 excess 0.0182

    n_open per 10 cycles:
      voi3_comp                0   0   0   0   0   1  16  16  16  16  16  16  16  16  16  16  16
      voi3_comp_pr             0   0   0   0   0   1  16  16  16  16  16  16  16  16  16  16  16
      voi3_dp                  0   0   0   0   0   4  16  16  16  16  16  24  24  24  24  24  28  28  28  28  30
      voi3_rep_pr              0   0   0   0   0   2  16  15  16  23  23  23  26  27  26  27  26  27  28

====================================================================================================
[N] THE COMPOSED CHOICE — how often the critic moved the write off the DP's row
====================================================================================================
    On a governed slot the composed chooser is  argmax_t  z(dp_t / span) + w * z(critic_t)
    over the on-table candidates, each z-scored over the candidate SET. `moved` is the
    share of governed calls where that argmax is not the DP's own argmax — MEASURED at
    the choice, never inferred from the write.

    `dp_vs_head` is printed beside it and is a DIFFERENT quantity: on an OPEN slot the
    executor's own would-be write is the head's emission, not the DP's row, so the two
    priors already disagree before the critic is consulted. Reading `moved` without it
    would attribute that standing disagreement to the critic. It is 0 on a closed slot
    by construction (there the DP IS the writer).

    A `moved` share near 0 says the critic is decorative at this w; near 1 says the DP
    is. Neither is a defect and neither is read as one here.

    voi3_comp:  mode=composed  w=1.0
      cell    governed calls      moved   share    dp_vs_head share
      2n0              88970      44426   0.499              0.130
      2n1              75272      33130   0.440              0.111
      2n2             118169      43192   0.366              0.090
      2n3              80702      52912   0.656              0.138
      2n4              61214      29834   0.487              0.113
      2n5             168426      54456   0.323              0.095
      2n6              93911      31859   0.339              0.084
      2n7             103877      56422   0.543              0.140
      2n8              93678      51606   0.551              0.125
      2n9             113075      48562   0.429              0.123
      2n10            188707      74311   0.394              0.098
      2n11             56300      28588   0.508              0.086
      2n12           1288611     390034   0.303              0.160
      2n13           1036437     223984   0.216              0.100
      2n14             82763      28172   0.340              0.089
      2n15            170314      70300   0.413              0.151
      ALL            3820426    1261788   0.330

    voi3_comp_pr:  mode=composed  w=1.0
      cell    governed calls      moved   share    dp_vs_head share
      2n0              88970      44426   0.499              0.130
      2n1              75272      33130   0.440              0.111
      2n2             118169      43192   0.366              0.090
      2n3              80702      52912   0.656              0.138
      2n4              61214      29834   0.487              0.113
      2n5             168426      54456   0.323              0.095
      2n6              93911      31859   0.339              0.084
      2n7             103877      56422   0.543              0.140
      2n8              93678      51606   0.551              0.125
      2n9             113075      48562   0.429              0.123
      2n10            188707      74311   0.394              0.098
      2n11             56300      28588   0.508              0.086
      2n12           1288611     390034   0.303              0.160
      2n13           1036437     223984   0.216              0.100
      2n14             82763      28172   0.340              0.089
      2n15            170314      70300   0.413              0.151
      ALL            3820426    1261788   0.330

    voi3_dp: no composed choice (governance off, or a Q2 tag).

    voi3_rep_pr:  mode=replace  w=1.0
      cell    governed calls      moved   share    dp_vs_head share
      2n0              90372      72946   0.807              0.213
      2n1             162386      97391   0.600              0.205
      2n2             234178     166528   0.711              0.196
      2n3              96412      78844   0.818              0.220
      2n4             119515      78627   0.658              0.209
      2n5             217392     104369   0.480              0.164
      2n6             160003      91383   0.571              0.170
      2n7             112755      71603   0.635              0.144
      2n8              88152      62484   0.709              0.203
      2n9              87812      66368   0.756              0.200
      2n10            100284      66671   0.665              0.179
      2n11            102991      83096   0.807              0.162
      2n12            776738     436728   0.562              0.281
      2n13            781362     423612   0.542              0.225
      2n14            405028     199447   0.492              0.181
      2n15            304762     188855   0.620              0.238
      3n0              67815      53942   0.795              0.087
      3n1              89517      54424   0.608              0.193
      3n2              67787      39485   0.582              0.069
      3n3             103341      47735   0.462              0.127
      3n4             125467      92693   0.739              0.153
      3n5             101318      56908   0.562              0.182
      3n6             613578     528798   0.862              0.315
      3n7              84020      64124   0.763              0.160
      4n0             153030      99453   0.650              0.122
      4n1              97324      68169   0.700              0.018
      4n2             164997      84269   0.511              0.088
      4n3             167621     139896   0.835              0.065
      ALL            5675957    3618848   0.638

====================================================================================================
[O] BABBLING OFF-STREAM — the probe's counts, what it graded, and its share of the bill
====================================================================================================
    Per governed slot per cycle, up to `vo_probe_n` filed contexts: the trajectory's
    FINAL configuration with a DIFFERENT on-table class substituted at that slot,
    rendered and graded once. The verdict answers 'would this write ALONE have been
    right, holding the rest of the trajectory fixed' — not 'would the beam have
    solved it'; the rest of the trajectory is the beam's own, unchanged. Said here
    because the probe's solve rate is only comparable to the FILED rate under that
    reading.

    PRICED: every probe grading is a grounding on the meter at `d_fb`, inside the
    cycle's own ledger. `share` below is of the WHOLE cycle's priced ledger, the
    probe's own cost included — the number the design's ~5% cap is stated against.
    Gate V-4B asserts the bill moved by exactly the probe count and gate V-5 that
    nothing else did.

    arm                    probes   graded    solved   solve rate    bill: mean / max    cycles billed
    voi3_comp              (no probe)
    voi3_comp_pr           115017   115017      4813       0.0418    0.0043 / 0.0046        115 / 164
    voi3_dp                (no probe)
    voi3_rep_pr            198382   198382      7618       0.0384    0.0058 / 0.0077        139 / 188

    the FILED solve rate on the same slots, for the comparison the reading above
    licenses (both are per-write verdicts; the filed one is on the write that was
    actually made, the probe one on a substitution into the same final state):
      voi3_comp_pr           filed   50263/280532  = 0.1792    probe    4813/115017  = 0.0418
      voi3_rep_pr            filed   55300/404396  = 0.1367    probe    7618/198382  = 0.0384

    the bill per era, so a share that grows with the ladder is visible:
      voi3_comp_pr           e1:0.0007  e2:0.0038  e3:0.0045  e4:0.0045  e5:0.0045
      voi3_rep_pr            e1:0.0008  e2:0.0045  e3:0.0060  e4:0.0062  e5:0.0073

