====================================================================================================
[voicing] ov_s0 — reduction
====================================================================================================
  arms   : ovt_comp_pr_dis, ovt_comp_pr_lin, ovt_comp_pr_sh
  banked : vo_s3:voi3_dp, vo_s3b:voi3b_comp_pr_yk, vo_s3b:voi3b_comp_yk

====================================================================================================
[A] LIFETIMES, COMMITS, AND THE IN-TAG IDENTITY CHECK
====================================================================================================
    arm                       cyc  commits (level@cycle)                 s/cycle
    ovt_comp_pr_dis           201  L2@c48, L3@c100, L4@c151, L5@c186   
    ovt_comp_pr_lin           201  L2@c48, L3@c100, L4@c151, L5@c186   
    ovt_comp_pr_sh            201  L2@c48, L3@c100, L4@c151, L5@c186   
    vo_s3:voi3_dp             201  L2@c48, L3@c100, L4@c151, L5@c186      (banked)
    vo_s3b:voi3b_comp_pr_yk   201  L2@c48, L3@c100, L4@c151, L5@c186      (banked)
    vo_s3b:voi3b_comp_yk      201  L2@c48, L3@c100, L4@c151, L5@c186      (banked)


====================================================================================================
[B] THE CORRIDOR — slots open, parity, misfire, and when it closed
====================================================================================================
    `n_open` is slots past the firing gate; `misfire` is fired rows whose span did not
    match `dp_features` exactly. An arm whose corridor closes stops executing with the
    head and falls back to the DP on every macro call.

    arm                    open@max  open@last  first c with open=0 after a peak   misfire(all)  misfire(era>=3)
    ovt_comp_pr_dis              30         30  None                             0.2426        0.2269
    ovt_comp_pr_lin              30         30  None                             0.2377        0.2023
    ovt_comp_pr_sh               30         30  None                             0.2592        0.2455

    n_open per 10 cycles (the corridor's whole life):
      ovt_comp_pr_dis          0   0   0   0   0   1  16  16  16  16  16  24  24  24  24  24  28  28  27  29  30
      ovt_comp_pr_lin          0   0   0   0   0   2  13  14  16  16  16  23  21  24  23  24  28  28  28  29  30
      ovt_comp_pr_sh           0   0   0   0   0   1  16  16  16  16  16  24  23  24  23  24  27  28  27  28  30
      cycle                    1  11  21  31  41  51  61  71  81  91 101 111 121 131 141 151 161 171 181 191 201

====================================================================================================
[C] THE SAMPLER, REALISED — deviation and on-table projection
====================================================================================================
    `dev`  the sampled entry left the on-table argmax (the quantity the temperature is
           set on; `DESIGN.md` §17 predicted this would fall below the preflight's
           0.44-0.67 because a sharper plant deviates less at fixed T).
    `ont`  the on-table argmax was not the head's FREE-RUN emission — the projection
           component that rides with the write axis (`DESIGN.md` §11).

    ovt_comp_pr_dis:
      era  cell        n        dev     ont
        1  2n0        25628    0.662   0.003
        1  2n1        25648    0.606   0.004
        1  2n2        25636    0.633   0.001
        1  2n3        25588    0.762   0.003
        1  2n4        25637    0.626   0.003
        1  2n5        25662    0.409   0.003
        1  2n6        25607    0.358   0.004
        1  2n7        25632    0.535   0.004
        1  2n8        25542    0.659   0.003
        1  2n9        25659    0.617   0.005
        1  2n10       25563    0.717   0.002
        1  2n11       25506    0.623   0.001
        1  2n12       25549    0.640   0.001
        1  2n13       25622    0.435   0.004
        1  2n14       25603    0.438   0.002
        1  2n15       25599    0.499   0.003
        2  2n0        26573    0.377   0.011
        2  2n1        24970    0.249   0.010
        2  2n2        14444    0.466   0.008
        2  2n3        10564    0.362   0.010
        2  2n4         8017    0.338   0.014
        2  2n5        41292    0.308   0.007
        2  2n6        38187    0.375   0.003
        2  2n7        26739    0.340   0.009
        2  2n8        12043    0.397   0.022
        2  2n9        17000    0.453   0.022
        2  2n10       52405    0.340   0.015
        2  2n11       17018    0.328   0.016
        2  2n12      157088    0.265   0.013
        2  2n13       91244    0.278   0.014
        2  2n14       12715    0.272   0.004
        2  2n15       11858    0.402   0.013
        2  3n0        35699    0.575   0.000
        2  3n1        35755    0.516   0.000
        2  3n2        35826    0.630   0.001
        2  3n3        35981    0.502   0.000
        2  3n4        35941    0.612   0.001
        2  3n5        35673    0.827   0.001
        2  3n6        36659    0.599   0.004
        2  3n7        37004    0.660   0.000
        3  2n0        82928    0.379   0.006
        3  2n1        75478    0.332   0.007
        3  2n2        33334    0.254   0.002
        3  2n3        39409    0.206   0.006
        3  2n4        10239    0.312   0.008
        3  2n5       202169    0.291   0.003
        3  2n6       174864    0.220   0.000
        3  2n7        68660    0.406   0.007
        3  2n8        47188    0.310   0.006
        3  2n9        26907    0.296   0.010
        3  2n10      215254    0.276   0.004
        3  2n11       41766    0.478   0.005
        3  2n12      436393    0.152   0.008
        3  2n13      482746    0.159   0.005
        3  2n14       31874    0.335   0.001
        3  2n15       66205    0.316   0.005
        3  3n0        41767    0.371   0.016
        3  3n1        53353    0.330   0.020
        3  3n2        27972    0.334   0.020
        3  3n3       109483    0.140   0.004
        3  3n4       129526    0.223   0.013
        3  3n5        72960    0.443   0.045
        3  3n6       828626    0.250   0.019
        3  3n7        85999    0.349   0.016
        3  4n0        69832    0.545   0.006
        3  4n1       106746    0.042   0.000
        3  4n2       112473    0.279   0.004
        3  4n3       157361    0.276   0.001
        4  2n0        21693    0.251   0.002
        4  2n1         4340    0.332   0.003
        4  2n2         6204    0.214   0.000
        4  2n3         3502    0.103   0.003
        4  2n4         1390    0.274   0.004
        4  2n5        71953    0.099   0.000
        4  2n6        10590    0.232   0.000
        4  2n7         3554    0.302   0.009
        4  2n8        19296    0.110   0.000
        4  2n9         8218    0.550   0.001
        4  2n10       21566    0.099   0.006
        4  2n11        1921    0.180   0.005
        4  2n12       26302    0.155   0.004
        4  2n13       51360    0.062   0.001
        4  2n14        3100    0.049   0.000
        4  2n15       11768    0.255   0.001
        4  3n0        20360    0.086   0.006
        4  3n1        19433    0.355   0.011
        4  3n2        19891    0.291   0.022
        4  3n3        34198    0.030   0.003
        4  3n4        52218    0.059   0.000
        4  3n5        19766    0.437   0.037
        4  3n6       196195    0.204   0.020
        4  3n7        33210    0.075   0.003
        4  4n0        21336    0.264   0.002
        4  4n1        59677    0.002   0.000
        4  4n2       113039    0.006   0.008
        4  4n3       180972    0.045   0.000
        4  5n0        29502    0.962   0.000
        4  5n1        68601    0.743   0.000
        5  2n0        22284    0.229   0.004
        5  2n1         4287    0.213   0.002
        5  2n2         2022    0.305   0.001
        5  2n3         3008    0.149   0.002
        5  2n4         1024    0.284   0.002
        5  2n5        68616    0.127   0.001
        5  2n6         8021    0.334   0.001
        5  2n7         2583    0.359   0.003
        5  2n8        24035    0.078   0.004
        5  2n9        17831    0.566   0.002
        5  2n10       12508    0.177   0.007
        5  2n11        1856    0.191   0.003
        5  2n12       28640    0.116   0.001
        5  2n13       25174    0.107   0.006
        5  2n14        3005    0.096   0.001
        5  2n15        5447    0.112   0.000
        5  3n0        12226    0.193   0.007
        5  3n1         5968    0.278   0.004
        5  3n2        17979    0.326   0.014
        5  3n3        31723    0.432   0.001
        5  3n4        55315    0.109   0.002
        5  3n5         6030    0.301   0.031
        5  3n6       118840    0.159   0.007
        5  3n7        24762    0.054   0.006
        5  4n0        36483    0.111   0.000
        5  4n1        54521    0.210   0.000
        5  4n2        86773    0.067   0.000
        5  4n3       171927    0.043   0.001
        5  5n0         6799    0.000   0.000
        5  5n1        25756    0.690   0.000

    ovt_comp_pr_lin:
      era  cell        n        dev     ont
        1  2n0        28061    0.775   0.002
        1  2n1        26189    0.762   0.002
        1  2n2        25722    0.791   0.002
        1  2n3        25807    0.783   0.003
        1  2n4        26193    0.785   0.000
        1  2n5        27466    0.644   0.006
        1  2n6        25636    0.722   0.006
        1  2n7        25714    0.719   0.002
        1  2n8        25611    0.809   0.002
        1  2n9        25893    0.848   0.006
        1  2n10       26102    0.741   0.005
        1  2n11       25613    0.745   0.002
        1  2n12       27197    0.806   0.002
        1  2n13       25890    0.580   0.004
        1  2n14       25811    0.668   0.003
        1  2n15       28667    0.604   0.002
        2  2n0        24282    0.396   0.015
        2  2n1        47713    0.368   0.013
        2  2n2        26795    0.480   0.015
        2  2n3        25339    0.574   0.011
        2  2n4        18126    0.532   0.011
        2  2n5        58661    0.303   0.016
        2  2n6        87518    0.355   0.002
        2  2n7        57384    0.330   0.018
        2  2n8        21342    0.372   0.011
        2  2n9        63039    0.352   0.010
        2  2n10       55076    0.346   0.007
        2  2n11       13475    0.457   0.019
        2  2n12      265835    0.220   0.008
        2  2n13      109777    0.266   0.012
        2  2n14       49274    0.264   0.005
        2  2n15       67124    0.454   0.011
        2  3n0        35715    0.364   0.001
        2  3n1        35676    0.503   0.000
        2  3n2        35718    0.220   0.000
        2  3n3        35741    0.434   0.001
        2  3n4        35687    0.670   0.000
        2  3n5        35664    0.575   0.001
        2  3n6        35867    0.422   0.001
        2  3n7        36000    0.397   0.000
        3  2n0        30503    0.432   0.006
        3  2n1       141470    0.095   0.004
        3  2n2        19501    0.376   0.004
        3  2n3        63127    0.381   0.007
        3  2n4        29470    0.262   0.002
        3  2n5        82191    0.143   0.005
        3  2n6       235966    0.185   0.000
        3  2n7       110997    0.131   0.004
        3  2n8        21389    0.288   0.008
        3  2n9        89266    0.214   0.004
        3  2n10      106309    0.315   0.006
        3  2n11       21579    0.620   0.010
        3  2n12      729085    0.147   0.007
        3  2n13      482199    0.147   0.005
        3  2n14      103509    0.179   0.001
        3  2n15      103044    0.284   0.006
        3  3n0        27742    0.103   0.011
        3  3n1        30194    0.351   0.021
        3  3n2        47977    0.034   0.002
        3  3n3       111086    0.218   0.029
        3  3n4        27577    0.167   0.021
        3  3n5        33135    0.429   0.029
        3  3n6       505665    0.091   0.009
        3  3n7       110816    0.159   0.016
        3  4n0        35559    0.028   0.000
        3  4n1       107672    0.006   0.000
        3  4n2        85912    0.167   0.000
        3  4n3       151679    0.021   0.000
        4  2n0         2870    0.346   0.007
        4  2n1        40058    0.283   0.004
        4  2n2         8966    0.160   0.000
        4  2n3         7021    0.462   0.019
        4  2n4         5416    0.327   0.001
        4  2n5        15936    0.232   0.004
        4  2n6        41030    0.180   0.000
        4  2n7         9035    0.289   0.004
        4  2n8         2589    0.429   0.002
        4  2n9         7607    0.078   0.001
        4  2n10       22063    0.242   0.000
        4  2n11        2618    0.225   0.004
        4  2n12       87676    0.144   0.007
        4  2n13       98124    0.054   0.002
        4  2n14       10904    0.254   0.000
        4  2n15       16755    0.179   0.009
        4  3n0         8108    0.074   0.006
        4  3n1         4417    0.209   0.012
        4  3n2        15447    0.141   0.001
        4  3n3        31648    0.149   0.019
        4  3n4         5546    0.078   0.008
        4  3n5         6708    0.425   0.055
        4  3n6       168859    0.147   0.012
        4  3n7        54818    0.144   0.013
        4  4n0        11204    0.069   0.000
        4  4n1        63963    0.000   0.006
        4  4n2        44197    0.003   0.000
        4  4n3       166198    0.000   0.000
        4  5n0        28461    0.000   0.000
        4  5n1        64869    0.000   0.000
        5  2n0         7287    0.111   0.006
        5  2n1        45967    0.178   0.004
        5  2n2         5168    0.140   0.001
        5  2n3        10018    0.370   0.004
        5  2n4         1170    0.129   0.003
        5  2n5        19789    0.169   0.004
        5  2n6        32526    0.233   0.000
        5  2n7        12860    0.214   0.002
        5  2n8         2048    0.123   0.002
        5  2n9         7303    0.179   0.013
        5  2n10       13771    0.287   0.000
        5  2n11        1504    0.254   0.007
        5  2n12       73382    0.110   0.005
        5  2n13       69580    0.063   0.003
        5  2n14       11211    0.214   0.001
        5  2n15        6973    0.097   0.002
        5  3n0         8603    0.084   0.026
        5  3n1         5915    0.077   0.024
        5  3n2        11209    0.045   0.001
        5  3n3        32988    0.107   0.021
        5  3n4         9370    0.123   0.020
        5  3n5         4214    0.312   0.015
        5  3n6       127014    0.128   0.015
        5  3n7        44312    0.177   0.024
        5  4n0        12936    0.008   0.000
        5  4n1        64537    0.000   0.000
        5  4n2        32726    0.000   0.000
        5  4n3       182332    0.004   0.001
        5  5n0         2203    0.000   0.000
        5  5n1        23460    0.000   0.000

    ovt_comp_pr_sh:
      era  cell        n        dev     ont
        1  2n0        25621    0.649   0.002
        1  2n1        25644    0.607   0.004
        1  2n2        25633    0.601   0.001
        1  2n3        25583    0.721   0.003
        1  2n4        25631    0.600   0.004
        1  2n5        25668    0.414   0.003
        1  2n6        25603    0.332   0.003
        1  2n7        25637    0.496   0.006
        1  2n8        25544    0.654   0.004
        1  2n9        25653    0.625   0.003
        1  2n10       25567    0.699   0.002
        1  2n11       25501    0.612   0.001
        1  2n12       25554    0.631   0.001
        1  2n13       25627    0.445   0.003
        1  2n14       25598    0.411   0.003
        1  2n15       25595    0.468   0.002
        2  2n0         8398    0.454   0.020
        2  2n1        16573    0.366   0.012
        2  2n2        19896    0.439   0.017
        2  2n3         9714    0.463   0.015
        2  2n4        17307    0.394   0.013
        2  2n5        25664    0.305   0.016
        2  2n6        35424    0.248   0.004
        2  2n7        30218    0.297   0.015
        2  2n8        12132    0.529   0.021
        2  2n9        13014    0.451   0.018
        2  2n10       28831    0.466   0.011
        2  2n11        8461    0.392   0.031
        2  2n12      190648    0.262   0.014
        2  2n13       80925    0.343   0.009
        2  2n14       14469    0.257   0.003
        2  2n15       14086    0.452   0.013
        2  3n0        35825    0.369   0.000
        2  3n1        36420    0.506   0.003
        2  3n2        35865    0.343   0.001
        2  3n3        35749    0.253   0.000
        2  3n4        36331    0.503   0.001
        2  3n5        35842    0.711   0.002
        2  3n6        37081    0.269   0.005
        2  3n7        36725    0.325   0.001
        3  2n0        46922    0.419   0.009
        3  2n1        15540    0.298   0.010
        3  2n2        77110    0.299   0.003
        3  2n3        19142    0.327   0.010
        3  2n4        49675    0.282   0.006
        3  2n5       115555    0.196   0.003
        3  2n6       203133    0.209   0.000
        3  2n7       157000    0.185   0.004
        3  2n8        50631    0.499   0.008
        3  2n9        16352    0.242   0.005
        3  2n10       69755    0.274   0.005
        3  2n11       26917    0.433   0.005
        3  2n12      546041    0.170   0.009
        3  2n13      438232    0.175   0.003
        3  2n14       36565    0.248   0.000
        3  2n15       18898    0.229   0.004
        3  3n0        78935    0.265   0.019
        3  3n1        91311    0.396   0.023
        3  3n2        88982    0.232   0.024
        3  3n3        50565    0.083   0.004
        3  3n4        57736    0.449   0.053
        3  3n5        92606    0.415   0.025
        3  3n6       843260    0.206   0.020
        3  3n7       263279    0.103   0.005
        3  4n0        63061    0.847   0.003
        3  4n1        82628    0.123   0.000
        3  4n2        71322    0.941   0.021
        3  4n3       121877    0.124   0.000
        4  2n0        19432    0.308   0.004
        4  2n1         2675    0.351   0.010
        4  2n2        18257    0.184   0.005
        4  2n3         5010    0.464   0.006
        4  2n4         1679    0.329   0.002
        4  2n5        25300    0.058   0.000
        4  2n6        34245    0.139   0.000
        4  2n7        21212    0.159   0.004
        4  2n8         5756    0.370   0.025
        4  2n9         5069    0.176   0.003
        4  2n10        7466    0.238   0.004
        4  2n11        4006    0.143   0.001
        4  2n12       53146    0.134   0.004
        4  2n13       47407    0.123   0.003
        4  2n14        3133    0.072   0.000
        4  2n15        4685    0.214   0.022
        4  3n0        37707    0.331   0.025
        4  3n1        22185    0.247   0.018
        4  3n2        44178    0.144   0.022
        4  3n3        16209    0.038   0.005
        4  3n4        29385    0.213   0.058
        4  3n5        53598    0.256   0.040
        4  3n6       257497    0.169   0.025
        4  3n7       129289    0.020   0.001
        4  4n0        22506    0.164   0.018
        4  4n1        32584    0.001   0.000
        4  4n2        37176    0.610   0.045
        4  4n3        86443    0.040   0.000
        4  5n0        28993    0.000   0.000
        4  5n1        68288    0.001   0.000
        5  2n0        17119    0.272   0.013
        5  2n1         3027    0.258   0.036
        5  2n2        15632    0.101   0.001
        5  2n3         3268    0.265   0.014
        5  2n4         3961    0.523   0.004
        5  2n5        14387    0.059   0.002
        5  2n6        33449    0.228   0.000
        5  2n7        17858    0.201   0.001
        5  2n8         3641    0.339   0.009
        5  2n9         1771    0.236   0.003
        5  2n10        9386    0.245   0.011
        5  2n11        1181    0.156   0.003
        5  2n12       41039    0.113   0.004
        5  2n13       41025    0.108   0.003
        5  2n14        3380    0.369   0.001
        5  2n15        3257    0.401   0.002
        5  3n0        23116    0.243   0.029
        5  3n1        16126    0.321   0.031
        5  3n2        34209    0.198   0.019
        5  3n3        11274    0.044   0.001
        5  3n4        28682    0.389   0.084
        5  3n5        41098    0.236   0.032
        5  3n6       168225    0.201   0.015
        5  3n7       133441    0.030   0.003
        5  4n0        25881    0.157   0.006
        5  4n1        27194    0.000   0.000
        5  4n2        48494    0.485   0.066
        5  4n3        74396    0.082   0.000
        5  5n0         3382    0.078   0.000
        5  5n1        53667    0.174   0.000

====================================================================================================
[D] WHAT THE CHOOSER WROTE — Q0 §5's table, live, on the EXECUTED population
====================================================================================================
    Filed writes only (kept by the beam and on a graded tip). `rows` is the operative
    table's size, `dist` distinct tuples written, `keys` distinct class-pair keys,
    `tok` distinct token classes, `top1` the share of the era's filed writes on one
    tuple. Q0's banked numbers at the same nodes: L4 2.6-3.6 of 155-187 rows, top1
    0.91-0.94; L5 1.5-1.6 of 144-152, top1 0.80-0.93 (the FIRED population).

    ovt_comp_pr_dis:
      era  cell      n_filed  rows   dist/cyc  keys/cyc  tok/cyc   top1(w)
        1  2n0        1647    13      2.83     2.83    2.75     0.667
        1  2n1        2311    13      2.92     2.92    2.67     0.732
        1  2n2        1706    13      2.92     2.92    2.58     0.681
        1  2n3        1663    13      2.25     2.25    2.08     0.749
        1  2n4        1558    13      2.42     2.42    2.17     0.736
        1  2n5        2115    13      1.92     1.92    1.75     0.812
        1  2n6        1816    13      2.33     2.33    2.17     0.698
        1  2n7        1838    13      2.08     2.08    1.67     0.726
        1  2n8        1585    13      2.67     2.67    2.58     0.765
        1  2n9        1978    13      2.83     2.83    2.58     0.653
        1  2n10       1503    13      3.17     3.17    2.92     0.547
        1  2n11       1545    13      2.33     2.33    2.00     0.759
        1  2n12       1549    13      2.50     2.50    2.25     0.760
        1  2n13       2252    13      1.75     1.75    1.58     0.814
        1  2n14       1569    13      2.92     2.92    2.75     0.586
        1  2n15       1999    13      2.08     2.08    1.75     0.804
        2  2n0        5004    14      3.80     3.80    3.50     0.579
        2  2n1        6479    14      3.70     3.70    3.48     0.579
        2  2n2        5182    14      3.16     3.16    2.96     0.619
        2  2n3        5170    14      3.18     3.18    2.80     0.592
        2  2n4        3590    14      2.98     2.98    2.82     0.699
        2  2n5        6078    14      2.76     2.76    2.60     0.765
        2  2n6        6622    14      3.14     3.14    2.84     0.775
        2  2n7        5152    14      2.52     2.52    2.30     0.694
        2  2n8        4844    14      3.88     3.88    3.48     0.552
        2  2n9        5220    14      3.36     3.36    3.24     0.524
        2  2n10       5239    14      3.30     3.30    3.10     0.505
        2  2n11       3849    14      2.92     2.92    2.68     0.686
        2  2n12       8594    14      3.72     3.72    3.36     0.648
        2  2n13       8794    14      3.50     3.50    3.28     0.687
        2  2n14       4106    14      2.68     2.68    2.58     0.696
        2  2n15       4450    14      2.56     2.56    2.34     0.754
        2  3n0        1730    46      3.40     3.20    3.10     0.609
        2  3n1        1714    46      3.60     2.70    2.40     0.535
        2  3n2        2087    46      3.90     3.50    3.40     0.518
        2  3n3        1688    46      2.40     1.80    1.80     0.725
        2  3n4        1892    46      3.50     3.10    3.00     0.638
        2  3n5        1865    46      4.90     4.00    3.30     0.391
        2  3n6        2259    46      3.90     3.20    3.00     0.589
        2  3n7        1836    46      3.10     2.60    2.50     0.710
        3  2n0        7372    16      6.20     6.20    5.17     0.396
        3  2n1        6976    16      4.86     4.86    3.80     0.520
        3  2n2        6074    16      4.20     4.20    3.69     0.527
        3  2n3        5942    16      4.26     4.26    3.10     0.486
        3  2n4        3394    16      4.16     4.16    3.43     0.537
        3  2n5       10938    16      3.74     3.74    3.13     0.762
        3  2n6        8414    16      3.89     3.89    3.14     0.732
        3  2n7        6523    16      4.33     4.33    3.34     0.532
        3  2n8        6573    16      5.67     5.67    4.84     0.410
        3  2n9        5959    16      4.09     4.09    3.67     0.506
        3  2n10       9614    16      5.13     5.13    4.19     0.445
        3  2n11       4676    16      4.16     4.16    3.21     0.554
        3  2n12      14597    16      5.17     5.17    4.27     0.562
        3  2n13      18067    16      4.81     4.81    3.44     0.517
        3  2n14       4341    16      3.53     3.53    3.11     0.655
        3  2n15       6966    16      4.41     4.41    3.13     0.477
        3  3n0        6716    62      2.51     2.19    2.16     0.608
        3  3n1        8249    62      4.01     3.10    2.91     0.523
        3  3n2        6351    62      3.29     2.84    2.81     0.657
        3  3n3        8970    62      2.30     2.01    1.90     0.860
        3  3n4        9720    62      3.26     2.93    2.50     0.630
        3  3n5        8134    62      5.44     4.04    3.26     0.455
        3  3n6       34685    62      6.30     4.53    3.76     0.513
        3  3n7        8935    62      3.49     2.66    2.50     0.713
        3  4n0        3487   120      2.24     2.17    2.17     0.717
        3  4n1        4774   120      1.14     1.14    1.14     0.955
        3  4n2        6384   120      1.21     1.17    1.17     0.981
        3  4n3        8219   120      1.83     1.83    1.83     0.843
        4  2n0        1476    16      6.08     6.08    5.42     0.425
        4  2n1        1105    16      4.92     4.92    4.00     0.500
        4  2n2         781    16      4.17     4.17    3.58     0.510
        4  2n3         713    16      3.58     3.58    3.00     0.617
        4  2n4         527    16      2.83     2.83    2.67     0.638
        4  2n5        2990    16      3.08     3.08    2.67     0.891
        4  2n6         717    16      3.58     3.58    2.75     0.703
        4  2n7         799    16      3.58     3.58    3.17     0.533
        4  2n8        1093    16      4.08     4.08    4.08     0.587
        4  2n9        1267    16      3.83     3.83    3.58     0.614
        4  2n10        933    16      3.83     3.83    3.33     0.557
        4  2n11        695    16      3.83     3.83    3.67     0.462
        4  2n12       1500    16      3.25     3.25    3.08     0.639
        4  2n13       1373    16      3.50     3.50    2.75     0.621
        4  2n14        611    16      2.67     2.67    2.67     0.720
        4  2n15        755    16      4.08     4.08    3.25     0.491
        4  3n0        1188    64      2.33     2.17    2.17     0.711
        4  3n1        1280    64      3.75     3.42    2.92     0.574
        4  3n2        1101    64      2.83     2.42    2.33     0.630
        4  3n3        1614    64      1.33     1.33    1.33     0.976
        4  3n4        2312    64      2.83     2.83    2.50     0.751
        4  3n5        1148    64      3.08     2.58    2.58     0.696
        4  3n6        5492    64      5.17     4.08    3.75     0.502
        4  3n7        1431    64      2.00     1.92    1.83     0.873
        4  4n0        2793   120      1.42     1.42    1.42     0.905
        4  4n1        2761   120      1.00     1.00    1.00     1.000
        4  4n2        4564   120      1.00     1.00    1.00     1.000
        4  4n3        6773   120      1.83     1.83    1.83     0.911
        4  5n0         391    84      1.17     1.17    1.17     0.959
        4  5n1        1527    84      1.67     1.17    1.17     0.873
        5  2n0         783    17      5.33     5.33    4.78     0.450
        5  2n1         575    17      4.67     4.67    4.11     0.433
        5  2n2         522    17      3.78     3.78    3.78     0.588
        5  2n3         736    17      3.56     3.56    3.22     0.652
        5  2n4         322    17      3.78     3.78    3.44     0.634
        5  2n5        2927    17      3.44     3.44    3.00     0.844
        5  2n6         459    17      3.67     3.67    3.22     0.673
        5  2n7         540    17      4.33     4.33    3.56     0.457
        5  2n8        1086    17      3.33     3.33    3.22     0.780
        5  2n9        1145    17      3.44     3.44    3.44     0.770
        5  2n10        754    17      4.11     4.11    3.44     0.549
        5  2n11        502    17      3.33     3.33    3.11     0.530
        5  2n12        904    17      2.67     2.67    2.44     0.690
        5  2n13        704    17      3.44     3.44    3.00     0.598
        5  2n14        286    17      2.89     2.89    2.89     0.594
        5  2n15        354    17      3.44     3.44    3.00     0.585
        5  3n0        1167    81      2.67     2.33    2.22     0.637
        5  3n1         782    81      3.89     3.44    3.00     0.538
        5  3n2        1202    81      2.89     2.44    2.22     0.739
        5  3n3        1016    81      2.33     2.33    2.22     0.891
        5  3n4        2007    81      3.22     3.22    2.56     0.644
        5  3n5         501    81      2.44     2.22    2.22     0.719
        5  3n6        3669    81      5.44     4.11    3.78     0.558
        5  3n7         728    81      1.56     1.44    1.44     0.913
        5  4n0        2900   164      1.22     1.22    1.22     0.992
        5  4n1        2673   164      1.67     1.67    1.67     0.899
        5  4n2        3885   164      1.44     1.00    1.00     0.889
        5  4n3        5960   164      1.56     1.56    1.56     0.953
        5  5n0         237    96      1.00     1.00    1.00     1.000
        5  5n1        2071    96      1.56     1.00    1.00     0.813

    ovt_comp_pr_lin:
      era  cell      n_filed  rows   dist/cyc  keys/cyc  tok/cyc   top1(w)
        1  2n0        1695    15      2.33     2.33    2.33     0.816
        1  2n1        2120    15      2.00     2.00    1.92     0.769
        1  2n2        1915    15      2.08     2.08    1.92     0.870
        1  2n3        1602    15      1.92     1.92    1.83     0.806
        1  2n4        1436    15      1.83     1.83    1.75     0.815
        1  2n5        2149    15      1.67     1.67    1.50     0.869
        1  2n6        1613    15      1.92     1.92    1.92     0.852
        1  2n7        1934    15      1.67     1.67    1.42     0.827
        1  2n8        1516    15      2.08     2.08    2.00     0.878
        1  2n9        1720    15      2.08     2.08    2.00     0.717
        1  2n10       1533    15      2.33     2.33    2.25     0.691
        1  2n11       1513    15      1.42     1.42    1.33     0.853
        1  2n12       1529    15      1.58     1.58    1.50     0.833
        1  2n13       2210    15      1.50     1.50    1.50     0.881
        1  2n14       1527    15      2.25     2.25    2.25     0.760
        1  2n15       1844    15      1.67     1.67    1.50     0.854
        2  2n0        5551    16      2.92     2.92    2.78     0.676
        2  2n1        6426    16      3.48     3.48    3.28     0.694
        2  2n2        5540    16      2.96     2.96    2.48     0.639
        2  2n3        4805    16      2.22     2.22    2.08     0.798
        2  2n4        3721    16      2.50     2.50    2.34     0.784
        2  2n5        6552    16      2.72     2.72    2.38     0.828
        2  2n6        7460    16      2.78     2.78    2.00     0.748
        2  2n7        5762    16      1.94     1.94    1.78     0.807
        2  2n8        4758    16      2.86     2.86    2.36     0.729
        2  2n9        6712    16      3.36     3.36    3.30     0.568
        2  2n10       5038    16      3.10     3.10    2.56     0.581
        2  2n11       4493    16      2.24     2.24    2.00     0.858
        2  2n12      13212    16      2.82     2.82    2.80     0.643
        2  2n13       9305    16      2.94     2.94    2.62     0.766
        2  2n14       4972    16      2.40     2.40    2.04     0.741
        2  2n15       5536    16      2.28     2.28    2.04     0.858
        2  3n0        1975    65      3.00     2.80    2.80     0.619
        2  3n1        1611    65      3.20     2.90    2.70     0.497
        2  3n2        1810    65      2.80     2.80    2.70     0.662
        2  3n3        2048    65      3.00     2.70    2.60     0.513
        2  3n4        1640    65      2.60     2.60    2.60     0.711
        2  3n5        1711    65      3.10     2.90    2.60     0.659
        2  3n6        1827    65      2.30     2.30    2.30     0.622
        2  3n7        1402    65      2.80     2.80    2.70     0.568
        3  2n0        5824    17      4.17     4.17    3.96     0.485
        3  2n1        9349    17      4.34     4.34    3.93     0.549
        3  2n2        5522    17      3.19     3.19    2.94     0.613
        3  2n3        5697    17      3.36     3.36    2.81     0.574
        3  2n4        3755    17      2.77     2.77    2.59     0.659
        3  2n5        7038    17      2.76     2.76    2.67     0.780
        3  2n6       11528    17      3.04     3.04    2.40     0.778
        3  2n7        6991    17      2.30     2.30    2.19     0.725
        3  2n8        5682    17      3.16     3.16    2.73     0.672
        3  2n9        7285    17      3.90     3.90    3.56     0.555
        3  2n10       7381    17      3.44     3.44    3.03     0.536
        3  2n11       4460    17      3.01     3.01    2.70     0.706
        3  2n12      23194    17      4.90     4.90    4.36     0.595
        3  2n13      20878    17      3.81     3.81    3.10     0.584
        3  2n14       6907    17      2.67     2.67    2.31     0.693
        3  2n15       8069    17      3.26     3.26    2.73     0.599
        3  3n0        6734    82      2.07     2.07    2.07     0.834
        3  3n1        5975    82      2.93     2.93    2.91     0.626
        3  3n2        7479    82      2.34     2.34    2.34     0.821
        3  3n3        8753    82      2.13     2.13    2.13     0.759
        3  3n4        6146    82      2.06     2.06    2.06     0.851
        3  3n5        5892    82      2.96     2.96    2.96     0.606
        3  3n6       21281    82      3.47     3.44    3.44     0.697
        3  3n7        8087    82      2.33     2.31    2.31     0.774
        3  4n0        2346   152      1.31     1.31    1.28     0.929
        3  4n1        5277   152      1.03     1.03    1.03     1.000
        3  4n2        4427   152      1.10     1.10    1.10     0.937
        3  4n3        8545   152      1.03     1.03    1.03     0.991
        4  2n0         968    17      3.58     3.58    3.42     0.526
        4  2n1        2198    17      4.42     4.42    4.00     0.574
        4  2n2        1030    17      3.08     3.08    3.00     0.583
        4  2n3         904    17      2.75     2.75    2.50     0.556
        4  2n4         586    17      2.25     2.25    2.25     0.773
        4  2n5        1283    17      3.17     3.17    2.83     0.757
        4  2n6        1512    17      2.50     2.50    2.50     0.796
        4  2n7        1030    17      2.67     2.67    2.25     0.717
        4  2n8         807    17      3.08     3.08    2.92     0.628
        4  2n9         978    17      3.75     3.75    3.50     0.625
        4  2n10       1272    17      3.58     3.58    3.42     0.502
        4  2n11        812    17      2.75     2.75    2.67     0.793
        4  2n12       2930    17      4.67     4.67    4.25     0.558
        4  2n13       2903    17      3.83     3.83    3.17     0.592
        4  2n14       1385    17      2.50     2.50    2.50     0.744
        4  2n15       1320    17      3.67     3.67    2.92     0.562
        4  3n0        1299    88      1.67     1.67    1.67     0.901
        4  3n1         873    88      2.75     2.75    2.58     0.706
        4  3n2         945    88      1.92     1.92    1.92     0.894
        4  3n3        1973    88      2.33     2.33    2.33     0.783
        4  3n4         920    88      1.75     1.75    1.75     0.935
        4  3n5         750    88      2.33     2.25    2.25     0.792
        4  3n6        4456    88      4.25     4.25    4.25     0.649
        4  3n7        2511    88      2.75     2.67    2.67     0.757
        4  4n0         896   180      1.42     1.42    1.42     0.874
        4  4n1        2227   180      1.00     1.00    1.00     1.000
        4  4n2        2018   180      1.08     1.08    1.08     0.992
        4  4n3        5632   180      1.00     1.00    1.00     1.000
        4  5n0         376    96      1.00     1.00    1.00     1.000
        4  5n1        1369    96      1.00     1.00    1.00     1.000
        5  2n0         853    19      4.89     4.89    4.78     0.451
        5  2n1        1912    19      4.78     4.78    4.33     0.614
        5  2n2         740    19      3.22     3.22    3.22     0.574
        5  2n3         893    19      3.89     3.89    3.33     0.508
        5  2n4         315    19      2.78     2.78    2.44     0.711
        5  2n5        1066    19      2.89     2.89    2.89     0.789
        5  2n6        1486    19      3.11     3.11    3.00     0.696
        5  2n7         736    19      2.78     2.78    2.56     0.806
        5  2n8         661    19      3.44     3.44    3.33     0.589
        5  2n9         644    19      3.33     3.33    3.11     0.613
        5  2n10       1153    19      3.44     3.44    3.33     0.490
        5  2n11        546    19      3.22     3.22    3.11     0.670
        5  2n12       2059    19      4.22     4.22    4.11     0.637
        5  2n13       2017    19      4.11     4.11    3.33     0.582
        5  2n14        588    19      2.56     2.56    2.56     0.723
        5  2n15        452    19      2.44     2.44    2.11     0.743
        5  3n0        1142   101      2.11     2.11    2.11     0.871
        5  3n1         738   101      3.22     3.22    3.22     0.717
        5  3n2         908   101      2.33     2.33    2.33     0.840
        5  3n3        1519   101      2.22     2.22    2.22     0.757
        5  3n4        1009   101      2.00     2.00    2.00     0.864
        5  3n5         710   101      2.22     2.22    2.22     0.803
        5  3n6        2749   101      4.56     4.44    4.44     0.634
        5  3n7        1296   101      2.00     2.00    2.00     0.823
        5  4n0         743   192      1.00     1.00    1.00     1.000
        5  4n1        2139   192      1.00     1.00    1.00     1.000
        5  4n2        1802   192      1.00     1.00    1.00     1.000
        5  4n3        5456   192      1.00     1.00    1.00     1.000
        5  5n0         254   160      1.00     1.00    1.00     1.000
        5  5n1        1919   160      1.00     1.00    1.00     1.000

    ovt_comp_pr_sh:
      era  cell      n_filed  rows   dist/cyc  keys/cyc  tok/cyc   top1(w)
        1  2n0        1553    13      2.92     2.92    2.92     0.638
        1  2n1        2142    13      3.42     3.42    3.00     0.641
        1  2n2        1679    13      2.83     2.83    2.50     0.661
        1  2n3        1605    13      2.50     2.50    2.25     0.670
        1  2n4        1551    13      2.50     2.50    2.33     0.719
        1  2n5        2020    13      2.58     2.58    2.25     0.768
        1  2n6        1778    13      2.25     2.25    2.25     0.708
        1  2n7        1832    13      2.25     2.25    2.00     0.747
        1  2n8        1591    13      2.75     2.75    2.58     0.720
        1  2n9        2102    13      3.00     3.00    2.92     0.605
        1  2n10       1741    13      2.92     2.92    2.83     0.591
        1  2n11       1492    13      2.50     2.50    2.33     0.716
        1  2n12       1491    13      2.42     2.42    2.25     0.753
        1  2n13       2174    13      2.42     2.42    2.33     0.761
        1  2n14       1538    13      3.00     3.00    2.83     0.533
        1  2n15       2042    13      2.33     2.33    2.00     0.786
        2  2n0        4668    16      4.42     4.42    3.86     0.462
        2  2n1        5059    16      3.94     3.94    3.66     0.522
        2  2n2        5427    16      3.86     3.86    3.34     0.511
        2  2n3        4396    16      3.52     3.52    2.90     0.542
        2  2n4        3532    16      3.56     3.56    3.18     0.624
        2  2n5        6132    16      3.68     3.68    3.32     0.606
        2  2n6        5902    16      2.86     2.86    2.06     0.791
        2  2n7        5595    16      3.18     3.18    2.64     0.648
        2  2n8        4647    16      3.98     3.98    3.58     0.490
        2  2n9        4894    16      3.98     3.98    3.60     0.485
        2  2n10       4950    16      3.80     3.80    3.10     0.538
        2  2n11       3836    16      3.50     3.50    2.92     0.564
        2  2n12      10758    16      4.34     4.34    3.72     0.540
        2  2n13       8040    16      3.82     3.82    3.70     0.546
        2  2n14       4205    16      2.86     2.86    2.52     0.693
        2  2n15       5130    16      3.38     3.38    2.82     0.584
        2  3n0        1818    70      3.40     3.20    2.90     0.727
        2  3n1        1957    70      4.50     3.50    3.10     0.424
        2  3n2        1869    70      3.90     3.60    3.40     0.606
        2  3n3        2078    70      4.00     3.40    3.30     0.610
        2  3n4        2040    70      3.70     3.00    2.80     0.488
        2  3n5        2122    70      4.80     3.40    2.70     0.578
        2  3n6        2598    70      4.20     3.80    3.20     0.648
        2  3n7        1752    70      2.80     2.40    2.30     0.667
        3  2n0        6058    17      6.40     6.40    5.39     0.381
        3  2n1        4990    17      4.86     4.86    4.26     0.455
        3  2n2        6613    17      4.00     4.00    3.36     0.563
        3  2n3        5827    17      4.79     4.79    3.01     0.476
        3  2n4        3989    17      4.17     4.17    3.41     0.560
        3  2n5        8427    17      3.97     3.97    3.14     0.628
        3  2n6        8868    17      3.07     3.07    2.39     0.779
        3  2n7        8636    17      4.34     4.34    3.24     0.609
        3  2n8        5933    17      5.01     5.01    4.26     0.447
        3  2n9        5421    17      4.83     4.83    4.03     0.459
        3  2n10       6084    17      4.46     4.46    3.53     0.445
        3  2n11       4911    17      4.80     4.80    3.37     0.500
        3  2n12      17946    17      4.99     4.99    4.53     0.596
        3  2n13      17465    17      4.99     4.99    3.83     0.533
        3  2n14       4005    17      2.39     2.39    2.06     0.774
        3  2n15       5102    17      4.07     4.07    3.04     0.491
        3  3n0        8439    76      3.00     2.64    2.57     0.608
        3  3n1        8287    76      4.10     3.24    2.84     0.519
        3  3n2        8197    76      3.31     2.94    2.80     0.663
        3  3n3        8511    76      2.86     2.50    2.49     0.760
        3  3n4        8002    76      3.93     2.94    2.60     0.583
        3  3n5        8355    76      3.77     3.06    2.20     0.517
        3  3n6       37054    76      4.93     3.83    3.53     0.502
        3  3n7       15233    76      1.64     1.53    1.50     0.948
        3  4n0        3245   128      1.79     1.69    1.69     0.825
        3  4n1        4024   128      1.14     1.14    1.14     0.977
        3  4n2        3883   128      2.14     1.55    1.55     0.829
        3  4n3        5426   128      1.62     1.62    1.62     0.921
        4  2n0        1361    17      6.83     6.83    5.67     0.354
        4  2n1         897    17      5.25     5.25    4.42     0.430
        4  2n2         936    17      3.67     3.67    3.33     0.501
        4  2n3        1251    17      5.42     5.42    3.50     0.420
        4  2n4         542    17      3.33     3.33    2.75     0.587
        4  2n5        1298    17      3.83     3.83    3.00     0.685
        4  2n6        1403    17      3.67     3.67    2.83     0.658
        4  2n7        1053    17      4.17     4.17    3.33     0.615
        4  2n8        1099    17      5.92     5.92    5.00     0.420
        4  2n9         850    17      4.00     4.00    3.50     0.572
        4  2n10        802    17      3.92     3.92    3.33     0.534
        4  2n11        535    17      4.58     4.58    3.50     0.505
        4  2n12       1991    17      4.17     4.17    3.75     0.666
        4  2n13       1693    17      3.83     3.83    3.17     0.640
        4  2n14        782    17      2.42     2.42    2.42     0.715
        4  2n15        848    17      4.75     4.75    3.50     0.420
        4  3n0        1846    76      3.33     2.75    2.67     0.617
        4  3n1        1266    76      3.50     3.08    2.67     0.628
        4  3n2        1659    76      2.92     2.83    2.67     0.586
        4  3n3        1448    76      2.75     2.58    2.58     0.798
        4  3n4        1440    76      3.58     2.33    2.33     0.589
        4  3n5        2181    76      3.67     2.75    2.17     0.558
        4  3n6        7333    76      5.58     4.00    3.92     0.511
        4  3n7        4919    76      1.92     1.92    1.92     0.956
        4  4n0        1405   132      2.33     1.92    1.92     0.725
        4  4n1        1585   132      1.00     1.00    1.00     1.000
        4  4n2        1653   132      2.17     1.75    1.75     0.777
        4  4n3        3219   132      1.67     1.67    1.67     0.958
        4  5n0         390    96      1.00     1.00    1.00     1.000
        4  5n1        2247    96      1.17     1.17    1.17     0.998
        5  2n0        1008    19      6.22     6.22    5.22     0.400
        5  2n1         617    19      4.78     4.78    4.22     0.530
        5  2n2        1114    19      4.56     4.56    3.89     0.483
        5  2n3         903    19      5.00     5.00    3.00     0.420
        5  2n4         402    19      4.00     4.00    3.56     0.595
        5  2n5         982    19      4.11     4.11    3.56     0.573
        5  2n6        1303    19      3.78     3.78    3.22     0.697
        5  2n7         938    19      4.78     4.78    3.78     0.464
        5  2n8         563    19      4.78     4.78    4.22     0.494
        5  2n9         586    19      4.00     4.00    3.67     0.561
        5  2n10        790    19      4.00     4.00    3.56     0.495
        5  2n11        522    19      4.44     4.44    3.44     0.571
        5  2n12       1104    19      3.22     3.22    3.00     0.681
        5  2n13       1172    19      4.22     4.22    3.78     0.566
        5  2n14        376    19      2.33     2.33    2.22     0.795
        5  2n15        512    19      3.33     3.33    2.56     0.646
        5  3n0        1771    92      3.78     2.78    2.78     0.602
        5  3n1        1165    92      4.44     3.67    2.89     0.424
        5  3n2        1747    92      3.22     3.00    2.78     0.588
        5  3n3        1083    92      3.22     3.11    3.11     0.657
        5  3n4        1335    92      3.11     2.11    2.11     0.634
        5  3n5        1964    92      3.56     2.78    2.22     0.535
        5  3n6        4661    92      6.11     4.11    4.00     0.662
        5  3n7        4081    92      1.67     1.67    1.56     0.975
        5  4n0        1169   196      2.44     2.22    2.22     0.740
        5  4n1        1258   196      1.00     1.00    1.00     1.000
        5  4n2        1714   196      2.33     2.11    2.11     0.698
        5  4n3        2849   196      1.33     1.33    1.33     0.959
        5  5n0         298   144      1.25     1.12    1.12     0.896
        5  5n1        2745   144      1.44     1.22    1.22     0.898

====================================================================================================
[E] THE WRITER'S CLASS ACCURACY ON THE PRICED BEAM (held-out: fresh instances/cycle)
====================================================================================================
    `contains` against the clean latent, `rep` against the set of features that REPAIR
    the instance there. On an open slot the writer IS the head, so `rep` is the head's
    class accuracy; where the corridor is closed it is the DP's. Q0 §3's audition-path
    numbers for the DP at the frontier: 4n3 contains_rep 0.718 (era 4), 5n1 0.582.

    ovt_comp_pr_dis:
      era  cell     contains n    contains   rep n     rep
        1  2n0         1647      0.517      767    0.141
        1  2n1         2311      0.348      768    0.090
        1  2n2         1706      0.470      727    0.219
        1  2n3         1663      0.330      756    0.119
        1  2n4         1558      0.422      752    0.199
        1  2n5         2115      0.480      748    0.135
        1  2n6         1816      0.752      717    0.236
        1  2n7         1838      0.403      743    0.160
        1  2n8         1585      0.375      733    0.113
        1  2n9         1978      0.331      768    0.105
        1  2n10        1503      0.578      731    0.196
        1  2n11        1545      0.350      766    0.072
        1  2n12        1549      0.358      652    0.362
        1  2n13        2252      0.440      765    0.205
        1  2n14        1569      0.658      696    0.239
        1  2n15        1999      0.333      758    0.127
        2  2n0         5004      0.469     3065    0.191
        2  2n1         6479      0.378     3194    0.171
        2  2n2         5182      0.613     3055    0.223
        2  2n3         5170      0.428     3099    0.148
        2  2n4         3590      0.534     2802    0.187
        2  2n5         6078      0.673     3149    0.224
        2  2n6         6622      0.783     3177    0.285
        2  2n7         5152      0.497     3021    0.170
        2  2n8         4844      0.493     3036    0.175
        2  2n9         5220      0.396     3108    0.161
        2  2n10        5239      0.644     3095    0.229
        2  2n11        3849      0.447     2894    0.178
        2  2n12        8594      0.728     3137    0.540
        2  2n13        8794      0.401     3200    0.242
        2  2n14        4106      0.651     3004    0.191
        2  2n15        4450      0.409     3064    0.170
        2  3n0         1730      0.320      590    0.234
        2  3n1         1714      0.291      634    0.262
        2  3n2         2087      0.373      637    0.157
        2  3n3         1688      0.344      624    0.196
        2  3n4         1892      0.447      619    0.213
        2  3n5         1865      0.297      624    0.301
        2  3n6         2259      0.452      620    0.497
        2  3n7         1836      0.294      637    0.287
        3  2n0         7372      0.491     4397    0.287
        3  2n1         6976      0.545     4319    0.219
        3  2n2         6074      0.669     4194    0.343
        3  2n3         5942      0.504     4217    0.237
        3  2n4         3394      0.589     3156    0.270
        3  2n5        10938      0.712     4450    0.314
        3  2n6         8414      0.833     4391    0.393
        3  2n7         6523      0.603     4269    0.294
        3  2n8         6573      0.434     4274    0.315
        3  2n9         5959      0.404     4232    0.288
        3  2n10        9614      0.700     4427    0.307
        3  2n11        4676      0.559     3875    0.231
        3  2n12       14597      0.482     4476    0.269
        3  2n13       18067      0.371     4480    0.367
        3  2n14        4341      0.714     3560    0.333
        3  2n15        6966      0.399     4358    0.340
        3  3n0         6716      0.439     4332    0.264
        3  3n1         8249      0.312     4405    0.265
        3  3n2         6351      0.503     4070    0.260
        3  3n3         8970      0.382     4419    0.294
        3  3n4         9720      0.523     4427    0.298
        3  3n5         8134      0.283     4404    0.186
        3  3n6        34685      0.506     4480    0.582
        3  3n7         8935      0.259     4399    0.292
        3  4n0         3487      0.627     1807    0.273
        3  4n1         4774      0.853     1797    0.460
        3  4n2         6384      0.296     1856    0.356
        3  4n3         8219      0.741     1853    0.734
        4  2n0         1476      0.493      768    0.322
        4  2n1         1105      0.589      754    0.351
        4  2n2          781      0.738      658    0.362
        4  2n3          713      0.435      679    0.289
        4  2n4          527      0.558      485    0.359
        4  2n5         2990      0.626      768    0.599
        4  2n6          717      0.767      632    0.367
        4  2n7          799      0.605      678    0.295
        4  2n8         1093      0.378      734    0.420
        4  2n9         1267      0.358      723    0.588
        4  2n10         933      0.795      683    0.403
        4  2n11         695      0.514      593    0.295
        4  2n12        1500      0.439      766    0.176
        4  2n13        1373      0.354      754    0.431
        4  2n14         611      0.601      583    0.431
        4  2n15         755      0.281      620    0.347
        4  3n0         1188      0.348      737    0.323
        4  3n1         1280      0.328      751    0.375
        4  3n2         1101      0.613      704    0.254
        4  3n3         1614      0.441      768    0.453
        4  3n4         2312      0.604      768    0.447
        4  3n5         1148      0.383      737    0.195
        4  3n6         5492      0.347      768    0.322
        4  3n7         1431      0.266      731    0.393
        4  4n0         2793      0.672      768    0.309
        4  4n1         2761      0.921      768    0.635
        4  4n2         4564      0.257      768    0.427
        4  4n3         6773      0.752      768    0.792
        4  5n0          391      0.913      242    0.207
        4  5n1         1527      0.709      378    0.865
        5  2n0          783      0.594      553    0.264
        5  2n1          575      0.560      472    0.388
        5  2n2          522      0.722      484    0.324
        5  2n3          736      0.490      528    0.369
        5  2n4          322      0.512      322    0.261
        5  2n5         2927      0.432      576    0.670
        5  2n6          459      0.717      431    0.360
        5  2n7          540      0.565      453    0.457
        5  2n8         1086      0.135      549    0.388
        5  2n9         1145      0.322      572    0.556
        5  2n10         754      0.389      549    0.428
        5  2n11         502      0.231      433    0.346
        5  2n12         904      0.360      557    0.124
        5  2n13         704      0.185      518    0.172
        5  2n14         286      0.573      286    0.322
        5  2n15         354      0.175      341    0.408
        5  3n0         1167      0.440      565    0.396
        5  3n1          782      0.339      523    0.229
        5  3n2         1202      0.483      576    0.271
        5  3n3         1016      0.458      576    0.278
        5  3n4         2007      0.486      576    0.434
        5  3n5          501      0.192      409    0.244
        5  3n6         3669      0.280      576    0.130
        5  3n7          728      0.424      497    0.254
        5  4n0         2900      0.640      576    0.363
        5  4n1         2673      0.817      576    0.648
        5  4n2         3885      0.376      576    0.495
        5  4n3         5960      0.801      576    0.523
        5  5n0          237      0.962      237    0.464
        5  5n1         2071      0.609      576    0.932

    ovt_comp_pr_lin:
      era  cell     contains n    contains   rep n     rep
        1  2n0         1695      0.441      762    0.189
        1  2n1         2120      0.314      753    0.110
        1  2n2         1915      0.457      768    0.206
        1  2n3         1602      0.262      743    0.077
        1  2n4         1436      0.384      687    0.162
        1  2n5         2149      0.423      753    0.117
        1  2n6         1613      0.588      698    0.163
        1  2n7         1934      0.339      762    0.122
        1  2n8         1516      0.374      697    0.066
        1  2n9         1720      0.263      760    0.116
        1  2n10        1533      0.512      659    0.175
        1  2n11        1513      0.295      740    0.032
        1  2n12        1529      0.365      709    0.323
        1  2n13        2210      0.392      762    0.136
        1  2n14        1527      0.617      743    0.209
        1  2n15        1844      0.344      720    0.079
        2  2n0         5551      0.413     3184    0.121
        2  2n1         6426      0.363     3129    0.122
        2  2n2         5540      0.603     3061    0.186
        2  2n3         4805      0.350     2974    0.119
        2  2n4         3721      0.508     2721    0.179
        2  2n5         6552      0.559     3126    0.129
        2  2n6         7460      0.799     3144    0.204
        2  2n7         5762      0.464     3114    0.146
        2  2n8         4758      0.477     3055    0.155
        2  2n9         6712      0.375     3181    0.145
        2  2n10        5038      0.678     3013    0.183
        2  2n11        4493      0.314     2938    0.115
        2  2n12       13212      0.617     3200    0.468
        2  2n13        9305      0.381     3200    0.189
        2  2n14        4972      0.760     3130    0.161
        2  2n15        5536      0.408     3047    0.139
        2  3n0         1975      0.160      623    0.169
        2  3n1         1611      0.209      591    0.254
        2  3n2         1810      0.277      597    0.134
        2  3n3         2048      0.237      640    0.158
        2  3n4         1640      0.198      586    0.078
        2  3n5         1711      0.352      562    0.219
        2  3n6         1827      0.446      541    0.481
        2  3n7         1402      0.273      575    0.186
        3  2n0         5824      0.478     4234    0.154
        3  2n1         9349      0.505     4441    0.192
        3  2n2         5522      0.645     3986    0.243
        3  2n3         5697      0.492     4121    0.174
        3  2n4         3755      0.638     3296    0.215
        3  2n5         7038      0.656     4313    0.169
        3  2n6        11528      0.832     4478    0.261
        3  2n7         6991      0.534     4288    0.144
        3  2n8         5682      0.469     4143    0.140
        3  2n9         7285      0.479     4226    0.164
        3  2n10        7381      0.758     4268    0.207
        3  2n11        4460      0.444     3783    0.141
        3  2n12       23194      0.517     4480    0.236
        3  2n13       20878      0.406     4480    0.294
        3  2n14        6907      0.740     4268    0.234
        3  2n15        8069      0.353     4326    0.221
        3  3n0         6734      0.170     4246    0.112
        3  3n1         5975      0.319     4155    0.213
        3  3n2         7479      0.364     4282    0.214
        3  3n3         8753      0.453     4398    0.267
        3  3n4         6146      0.195     4058    0.101
        3  3n5         5892      0.381     3965    0.188
        3  3n6        21281      0.388     4473    0.464
        3  3n7         8087      0.340     4164    0.259
        3  4n0         2346      0.703     1578    0.267
        3  4n1         5277      0.872     1814    0.394
        3  4n2         4427      0.746     1724    0.361
        3  4n3         8545      0.872     1856    0.707
        4  2n0          968      0.531      716    0.216
        4  2n1         2198      0.461      768    0.286
        4  2n2         1030      0.650      700    0.377
        4  2n3          904      0.518      694    0.236
        4  2n4          586      0.568      544    0.154
        4  2n5         1283      0.769      766    0.168
        4  2n6         1512      0.872      742    0.322
        4  2n7         1030      0.392      672    0.159
        4  2n8          807      0.508      633    0.205
        4  2n9          978      0.510      735    0.214
        4  2n10        1272      0.802      757    0.225
        4  2n11         812      0.403      654    0.154
        4  2n12        2930      0.377      768    0.163
        4  2n13        2903      0.422      768    0.180
        4  2n14        1385      0.613      762    0.348
        4  2n15        1320      0.320      711    0.219
        4  3n0         1299      0.193      758    0.145
        4  3n1          873      0.294      650    0.243
        4  3n2          945      0.368      715    0.324
        4  3n3         1973      0.414      768    0.262
        4  3n4          920      0.204      677    0.109
        4  3n5          750      0.379      645    0.116
        4  3n6         4456      0.216      768    0.232
        4  3n7         2511      0.229      768    0.204
        4  4n0          896      0.757      658    0.266
        4  4n1         2227      0.899      745    0.391
        4  4n2         2018      0.849      759    0.439
        4  4n3         5632      0.783      768    0.664
        4  5n0          376      0.936      176    0.301
        4  5n1         1369      0.902      345    0.623
        5  2n0          853      0.530      576    0.078
        5  2n1         1912      0.621      576    0.349
        5  2n2          740      0.632      549    0.273
        5  2n3          893      0.498      569    0.125
        5  2n4          315      0.416      315    0.086
        5  2n5         1066      0.683      576    0.097
        5  2n6         1486      0.806      576    0.083
        5  2n7          736      0.478      505    0.137
        5  2n8          661      0.212      517    0.118
        5  2n9          644      0.298      457    0.105
        5  2n10        1153      0.354      576    0.255
        5  2n11         546      0.269      468    0.098
        5  2n12        2059      0.380      576    0.054
        5  2n13        2017      0.332      576    0.089
        5  2n14         588      0.656      483    0.079
        5  2n15         452      0.420      431    0.142
        5  3n0         1142      0.306      550    0.180
        5  3n1          738      0.314      534    0.234
        5  3n2          908      0.409      568    0.225
        5  3n3         1519      0.412      576    0.148
        5  3n4         1009      0.184      576    0.168
        5  3n5          710      0.193      560    0.239
        5  3n6         2749      0.230      576    0.106
        5  3n7         1296      0.282      576    0.238
        5  4n0          743      0.709      556    0.308
        5  4n1         2139      0.888      576    0.382
        5  4n2         1802      0.590      576    0.330
        5  4n3         5456      0.823      576    0.311
        5  5n0          254      0.874      252    0.579
        5  5n1         1919      0.952      576    0.618

    ovt_comp_pr_sh:
      era  cell     contains n    contains   rep n     rep
        1  2n0         1553      0.504      762    0.193
        1  2n1         2142      0.298      757    0.077
        1  2n2         1679      0.481      746    0.201
        1  2n3         1605      0.349      758    0.120
        1  2n4         1551      0.391      758    0.168
        1  2n5         2020      0.488      748    0.171
        1  2n6         1778      0.746      710    0.194
        1  2n7         1832      0.390      768    0.178
        1  2n8         1591      0.356      736    0.099
        1  2n9         2102      0.308      768    0.155
        1  2n10        1741      0.580      753    0.142
        1  2n11        1492      0.338      768    0.049
        1  2n12        1491      0.327      607    0.283
        1  2n13        2174      0.451      768    0.211
        1  2n14        1538      0.644      692    0.221
        1  2n15        2042      0.341      764    0.132
        2  2n0         4668      0.421     3068    0.177
        2  2n1         5059      0.364     3082    0.155
        2  2n2         5427      0.611     3129    0.203
        2  2n3         4396      0.490     3010    0.181
        2  2n4         3532      0.639     2717    0.229
        2  2n5         6132      0.629     3138    0.235
        2  2n6         5902      0.770     3107    0.252
        2  2n7         5595      0.530     3083    0.202
        2  2n8         4647      0.454     2981    0.185
        2  2n9         4894      0.436     3078    0.210
        2  2n10        4950      0.656     3094    0.242
        2  2n11        3836      0.473     2798    0.164
        2  2n12       10758      0.613     3191    0.514
        2  2n13        8040      0.337     3200    0.260
        2  2n14        4205      0.657     2937    0.199
        2  2n15        5130      0.400     3069    0.188
        2  3n0         1818      0.349      625    0.194
        2  3n1         1957      0.277      640    0.175
        2  3n2         1869      0.391      574    0.244
        2  3n3         2078      0.236      618    0.141
        2  3n4         2040      0.382      640    0.181
        2  3n5         2122      0.317      639    0.180
        2  3n6         2598      0.456      640    0.544
        2  3n7         1752      0.245      605    0.260
        3  2n0         6058      0.502     4253    0.266
        3  2n1         4990      0.606     3869    0.298
        3  2n2         6613      0.705     4151    0.363
        3  2n3         5827      0.464     4040    0.287
        3  2n4         3989      0.705     3443    0.319
        3  2n5         8427      0.716     4419    0.363
        3  2n6         8868      0.844     4441    0.400
        3  2n7         8636      0.648     4430    0.370
        3  2n8         5933      0.515     4138    0.304
        3  2n9         5421      0.458     4022    0.279
        3  2n10        6084      0.723     4258    0.321
        3  2n11        4911      0.544     3851    0.226
        3  2n12       17946      0.484     4476    0.294
        3  2n13       17465      0.385     4480    0.318
        3  2n14        4005      0.764     3457    0.364
        3  2n15        5102      0.433     3999    0.321
        3  3n0         8439      0.467     4363    0.266
        3  3n1         8287      0.314     4402    0.240
        3  3n2         8197      0.517     4444    0.277
        3  3n3         8511      0.389     4458    0.195
        3  3n4         8002      0.434     4428    0.277
        3  3n5         8355      0.386     4392    0.277
        3  3n6        37054      0.535     4480    0.592
        3  3n7        15233      0.322     4460    0.294
        3  4n0         3245      0.565     1741    0.341
        3  4n1         4024      0.873     1828    0.448
        3  4n2         3883      0.423     1759    0.310
        3  4n3         5426      0.842     1815    0.785
        4  2n0         1361      0.539      757    0.299
        4  2n1          897      0.584      732    0.235
        4  2n2          936      0.766      662    0.405
        4  2n3         1251      0.454      754    0.255
        4  2n4          542      0.592      528    0.267
        4  2n5         1298      0.643      750    0.427
        4  2n6         1403      0.846      742    0.340
        4  2n7         1053      0.629      693    0.328
        4  2n8         1099      0.469      740    0.250
        4  2n9          850      0.492      645    0.198
        4  2n10         802      0.820      630    0.329
        4  2n11         535      0.688      514    0.212
        4  2n12        1991      0.364      768    0.148
        4  2n13        1693      0.351      768    0.279
        4  2n14         782      0.556      633    0.455
        4  2n15         848      0.267      650    0.158
        4  3n0         1846      0.507      768    0.246
        4  3n1         1266      0.242      705    0.231
        4  3n2         1659      0.518      768    0.340
        4  3n3         1448      0.494      751    0.290
        4  3n4         1440      0.466      765    0.331
        4  3n5         2181      0.332      768    0.163
        4  3n6         7333      0.321      768    0.266
        4  3n7         4919      0.204      768    0.268
        4  4n0         1405      0.578      768    0.121
        4  4n1         1585      0.922      731    0.317
        4  4n2         1653      0.447      768    0.283
        4  4n3         3219      0.884      768    0.814
        4  5n0          390      0.913      181    0.326
        4  5n1         2247      0.868      384    0.698
        5  2n0         1008      0.534      561    0.430
        5  2n1          617      0.674      537    0.384
        5  2n2         1114      0.812      550    0.293
        5  2n3          903      0.468      575    0.315
        5  2n4          402      0.662      392    0.230
        5  2n5          982      0.701      550    0.255
        5  2n6         1303      0.828      576    0.227
        5  2n7          938      0.604      557    0.233
        5  2n8          563      0.210      506    0.356
        5  2n9          586      0.288      481    0.293
        5  2n10         790      0.341      564    0.312
        5  2n11         522      0.236      475    0.244
        5  2n12        1104      0.368      576    0.104
        5  2n13        1172      0.265      576    0.118
        5  2n14         376      0.662      331    0.139
        5  2n15         512      0.258      468    0.271
        5  3n0         1771      0.457      576    0.269
        5  3n1         1165      0.386      576    0.087
        5  3n2         1747      0.572      576    0.361
        5  3n3         1083      0.439      576    0.186
        5  3n4         1335      0.440      576    0.297
        5  3n5         1964      0.207      576    0.220
        5  3n6         4661      0.285      576    0.167
        5  3n7         4081      0.283      576    0.212
        5  4n0         1169      0.602      548    0.299
        5  4n1         1258      0.952      564    0.305
        5  4n2         1714      0.383      576    0.333
        5  4n3         2849      0.860      576    0.431
        5  5n0          298      0.839      298    0.614
        5  5n1         2745      0.901      576    0.752

====================================================================================================
[F] THE IN-SITU READ-BACK — the number DESIGN §15 says decides whether Q2's
    `own_readback` has anything to read
====================================================================================================
    The frozen reader run on the span the learner just wrote, IN PLACE, quotiented
    through the arm's own class map and tallied against the record's class. Never
    summed with the verdict. Q0 §4: the STRUCTURAL disagreement on the token class is
    0.000 by construction on this draw, so everything here is the neural ear plus the
    learned quotient.

    ovt_comp_pr_dis:
      era  cell         n   class_agree  tuple_agree   unnamed
        1  2n0       1024       0.997       0.997     0.000
        1  2n1       1116       0.974       0.974     0.000
        1  2n2       1033       0.980       0.980     0.000
        1  2n3       1042       0.994       0.994     0.000
        1  2n4        976       0.996       0.996     0.000
        1  2n5       1055       1.000       1.000     0.000
        1  2n6        992       0.989       0.989     0.000
        1  2n7       1068       0.941       0.941     0.000
        1  2n8       1007       1.000       1.000     0.000
        1  2n9       1138       0.985       0.985     0.000
        1  2n10       882       0.959       0.959     0.000
        1  2n11      1027       0.965       0.965     0.000
        1  2n12       784       0.980       0.980     0.000
        1  2n13      1117       0.960       0.960     0.000
        1  2n14       915       0.996       0.996     0.000
        1  2n15      1045       0.984       0.984     0.000
        2  2n0       4157       0.998       0.998     0.000
        2  2n1       4605       0.991       0.991     0.000
        2  2n2       4224       0.983       0.983     0.000
        2  2n3       4278       1.000       1.000     0.000
        2  2n4       3406       0.982       0.982     0.000
        2  2n5       4501       1.000       1.000     0.000
        2  2n6       4547       0.978       0.978     0.000
        2  2n7       4067       0.987       0.987     0.000
        2  2n8       4117       0.981       0.981     0.000
        2  2n9       4224       1.000       1.000     0.000
        2  2n10      4265       0.995       0.995     0.000
        2  2n11      3616       0.996       0.996     0.000
        2  2n12      4523       1.000       1.000     0.000
        2  2n13      4768       0.997       0.997     0.000
        2  2n14      3814       0.998       0.998     0.000
        2  2n15      3992       0.986       0.986     0.000
        2  3n0        794       1.000       1.000     0.000
        2  3n1        835       1.000       0.994     0.000
        2  3n2        845       1.000       0.992     0.000
        2  3n3        839       1.000       0.957     0.000
        2  3n4        801       1.000       1.000     0.000
        2  3n5        856       1.000       0.985     0.000
        2  3n6        876       1.000       0.954     0.000
        2  3n7        866       1.000       0.901     0.000
        3  2n0       6043       0.985       0.985     0.000
        3  2n1       5877       0.993       0.993     0.000
        3  2n2       5509       0.936       0.936     0.000
        3  2n3       5424       0.996       0.996     0.000
        3  2n4       3380       0.921       0.921     0.000
        3  2n5       6553       1.000       1.000     0.000
        3  2n6       6183       0.930       0.930     0.000
        3  2n7       5658       0.992       0.992     0.000
        3  2n8       5647       0.968       0.968     0.000
        3  2n9       5488       0.996       0.996     0.000
        3  2n10      6419       0.951       0.951     0.000
        3  2n11      4565       0.988       0.988     0.000
        3  2n12      6586       0.992       0.992     0.000
        3  2n13      6697       1.000       1.000     0.000
        3  2n14      4193       0.939       0.939     0.000
        3  2n15      5902       0.973       0.973     0.000
        3  3n0       5814       1.000       1.000     0.000
        3  3n1       6307       1.000       0.979     0.000
        3  3n2       5435       1.000       0.994     0.000
        3  3n3       6258       1.000       0.967     0.000
        3  3n4       6399       1.000       1.000     0.000
        3  3n5       6199       1.000       0.958     0.000
        3  3n6       6720       1.000       0.994     0.000
        3  3n7       6184       0.998       0.894     0.000
        3  4n0       2357       1.000       1.000     0.000
        3  4n1       2544       1.000       1.000     0.000
        3  4n2       2748       1.000       1.000     0.000
        3  4n3       2712       1.000       1.000     0.000
        4  2n0       1145       1.000       1.000     0.000
        4  2n1       1004       0.982       0.982     0.000
        4  2n2        771       0.940       0.940     0.000
        4  2n3        713       1.000       1.000     0.000
        4  2n4        527       1.000       1.000     0.000
        4  2n5       1152       1.000       1.000     0.000
        4  2n6        717       0.939       0.939     0.000
        4  2n7        799       0.997       0.997     0.000
        4  2n8        963       1.000       1.000     0.000
        4  2n9        954       1.000       1.000     0.000
        4  2n10       810       0.996       0.996     0.000
        4  2n11       681       1.000       1.000     0.000
        4  2n12      1101       1.000       1.000     0.000
        4  2n13      1021       1.000       1.000     0.000
        4  2n14       611       1.000       1.000     0.000
        4  2n15       721       0.985       0.985     0.000
        4  3n0        994       1.000       1.000     0.000
        4  3n1       1029       1.000       1.000     0.000
        4  3n2        910       1.000       1.000     0.000
        4  3n3       1152       1.000       1.000     0.000
        4  3n4       1152       1.000       1.000     0.000
        4  3n5        981       1.000       1.000     0.000
        4  3n6       1152       1.000       1.000     0.000
        4  3n7        969       1.000       1.000     0.000
        4  4n0       1152       1.000       0.993     0.000
        4  4n1       1152       1.000       1.000     0.000
        4  4n2       1152       1.000       1.000     0.000
        4  4n3       1152       1.000       1.000     0.000
        4  5n0        306       1.000       1.000     0.000
        4  5n1        538       1.000       0.994     0.000
        5  2n0        707       1.000       1.000     0.000
        5  2n1        571       0.998       0.998     0.000
        5  2n2        522       1.000       1.000     0.000
        5  2n3        700       1.000       1.000     0.000
        5  2n4        322       0.991       0.991     0.000
        5  2n5        864       0.985       0.985     0.000
        5  2n6        459       0.935       0.935     0.000
        5  2n7        527       0.977       0.977     0.000
        5  2n8        798       1.000       1.000     0.000
        5  2n9        803       1.000       1.000     0.000
        5  2n10       722       1.000       1.000     0.000
        5  2n11       502       1.000       1.000     0.000
        5  2n12       767       0.995       0.995     0.000
        5  2n13       660       0.991       0.991     0.000
        5  2n14       286       1.000       1.000     0.000
        5  2n15       354       0.977       0.977     0.000
        5  3n0        803       1.000       1.000     0.000
        5  3n1        685       1.000       1.000     0.000
        5  3n2        862       1.000       1.000     0.000
        5  3n3        821       1.000       1.000     0.000
        5  3n4        864       1.000       1.000     0.000
        5  3n5        484       1.000       1.000     0.000
        5  3n6        864       1.000       1.000     0.000
        5  3n7        619       1.000       0.989     0.000
        5  4n0        864       1.000       1.000     0.000
        5  4n1        864       1.000       1.000     0.000
        5  4n2        864       1.000       1.000     0.000
        5  4n3        864       1.000       1.000     0.000
        5  5n0        237       1.000       1.000     0.000
        5  5n1        864       1.000       1.000     0.000

    ovt_comp_pr_lin:
      era  cell         n   class_agree  tuple_agree   unnamed
        1  2n0       1047       1.000       1.000     0.000
        1  2n1       1054       1.000       1.000     0.000
        1  2n2       1123       1.000       1.000     0.000
        1  2n3       1016       1.000       1.000     0.000
        1  2n4        870       1.000       1.000     0.000
        1  2n5       1105       1.000       1.000     0.000
        1  2n6        873       1.000       1.000     0.000
        1  2n7       1047       0.997       0.997     0.000
        1  2n8        942       1.000       1.000     0.000
        1  2n9       1004       1.000       1.000     0.000
        1  2n10       830       1.000       1.000     0.000
        1  2n11       988       1.000       1.000     0.000
        1  2n12       841       1.000       1.000     0.000
        1  2n13      1094       1.000       1.000     0.000
        1  2n14       927       1.000       1.000     0.000
        1  2n15       978       1.000       1.000     0.000
        2  2n0       4418       0.989       0.989     0.000
        2  2n1       4548       0.989       0.989     0.000
        2  2n2       4134       0.907       0.907     0.000
        2  2n3       3943       0.992       0.992     0.000
        2  2n4       3376       0.991       0.991     0.000
        2  2n5       4518       0.972       0.972     0.000
        2  2n6       4519       0.894       0.894     0.000
        2  2n7       4372       0.987       0.987     0.000
        2  2n8       4161       0.948       0.948     0.000
        2  2n9       4513       0.994       0.994     0.000
        2  2n10      3986       0.951       0.951     0.000
        2  2n11      3817       0.959       0.959     0.000
        2  2n12      4782       1.000       1.000     0.000
        2  2n13      4783       0.980       0.980     0.000
        2  2n14      4261       0.956       0.956     0.000
        2  2n15      4199       0.989       0.989     0.000
        2  3n0        888       1.000       1.000     0.000
        2  3n1        787       1.000       1.000     0.000
        2  3n2        853       1.000       1.000     0.000
        2  3n3        869       1.000       1.000     0.000
        2  3n4        782       1.000       1.000     0.000
        2  3n5        720       1.000       1.000     0.000
        2  3n6        720       1.000       1.000     0.000
        2  3n7        764       1.000       1.000     0.000
        3  2n0       5359       0.989       0.989     0.000
        3  2n1       6420       0.997       0.997     0.000
        3  2n2       4997       0.976       0.976     0.000
        3  2n3       5216       0.990       0.990     0.000
        3  2n4       3710       0.985       0.985     0.000
        3  2n5       5845       1.000       1.000     0.000
        3  2n6       6598       0.957       0.957     0.000
        3  2n7       5722       1.000       1.000     0.000
        3  2n8       5240       0.961       0.961     0.000
        3  2n9       5925       1.000       1.000     0.000
        3  2n10      5756       0.956       0.956     0.000
        3  2n11      4308       0.994       0.994     0.000
        3  2n12      6720       1.000       1.000     0.000
        3  2n13      6720       1.000       1.000     0.000
        3  2n14      5649       0.967       0.967     0.000
        3  2n15      6068       1.000       1.000     0.000
        3  3n0       5731       1.000       1.000     0.000
        3  3n1       5343       0.987       0.987     0.000
        3  3n2       5833       1.000       1.000     0.000
        3  3n3       6280       1.000       1.000     0.000
        3  3n4       5371       1.000       1.000     0.000
        3  3n5       5105       1.000       1.000     0.000
        3  3n6       6666       1.000       1.000     0.000
        3  3n7       5765       1.000       1.000     0.000
        3  4n0       1843       0.984       0.954     0.000
        3  4n1       2697       1.000       1.000     0.000
        3  4n2       2348       1.000       1.000     0.000
        3  4n3       2784       1.000       1.000     0.000
        4  2n0        887       1.000       1.000     0.000
        4  2n1       1135       1.000       1.000     0.000
        4  2n2        899       1.000       1.000     0.000
        4  2n3        858       0.981       0.981     0.000
        4  2n4        582       1.000       1.000     0.000
        4  2n5       1055       1.000       1.000     0.000
        4  2n6       1033       1.000       1.000     0.000
        4  2n7        815       0.999       0.999     0.000
        4  2n8        750       0.992       0.992     0.000
        4  2n9        924       1.000       1.000     0.000
        4  2n10      1017       0.999       0.999     0.000
        4  2n11       794       1.000       1.000     0.000
        4  2n12      1152       1.000       1.000     0.000
        4  2n13      1152       1.000       1.000     0.000
        4  2n14      1095       1.000       1.000     0.000
        4  2n15       986       0.991       0.991     0.000
        4  3n0       1057       1.000       1.000     0.000
        4  3n1        813       0.986       0.986     0.000
        4  3n2        888       1.000       1.000     0.000
        4  3n3       1128       1.000       1.000     0.000
        4  3n4        833       1.000       1.000     0.000
        4  3n5        749       0.995       0.995     0.000
        4  3n6       1152       1.000       1.000     0.000
        4  3n7       1152       0.995       0.995     0.000
        4  4n0        862       1.000       0.875     0.000
        4  4n1       1097       1.000       1.000     0.000
        4  4n2       1105       1.000       1.000     0.000
        4  4n3       1152       1.000       1.000     0.000
        4  5n0        240       1.000       1.000     0.000
        4  5n1        462       1.000       1.000     0.000
        5  2n0        767       1.000       1.000     0.000
        5  2n1        864       1.000       1.000     0.000
        5  2n2        645       1.000       1.000     0.000
        5  2n3        753       1.000       1.000     0.000
        5  2n4        315       0.987       0.987     0.000
        5  2n5        848       1.000       1.000     0.000
        5  2n6        864       0.999       0.999     0.000
        5  2n7        624       1.000       1.000     0.000
        5  2n8        633       0.991       0.991     0.000
        5  2n9        564       1.000       1.000     0.000
        5  2n10       834       1.000       1.000     0.000
        5  2n11       535       1.000       1.000     0.000
        5  2n12       864       1.000       1.000     0.000
        5  2n13       864       1.000       1.000     0.000
        5  2n14       560       1.000       1.000     0.000
        5  2n15       452       1.000       1.000     0.000
        5  3n0        793       1.000       1.000     0.000
        5  3n1        647       1.000       1.000     0.000
        5  3n2        749       1.000       1.000     0.000
        5  3n3        864       1.000       1.000     0.000
        5  3n4        812       1.000       1.000     0.000
        5  3n5        680       1.000       1.000     0.000
        5  3n6        864       1.000       1.000     0.000
        5  3n7        824       1.000       1.000     0.000
        5  4n0        706       1.000       1.000     0.000
        5  4n1        864       1.000       1.000     0.000
        5  4n2        864       1.000       1.000     0.000
        5  4n3        864       1.000       1.000     0.000
        5  5n0        254       1.000       1.000     0.000
        5  5n1        864       1.000       1.000     0.000

    ovt_comp_pr_sh:
      era  cell         n   class_agree  tuple_agree   unnamed
        1  2n0        982       1.000       1.000     0.000
        1  2n1       1102       0.988       0.988     0.000
        1  2n2       1035       0.973       0.973     0.000
        1  2n3       1020       1.000       1.000     0.000
        1  2n4        975       0.997       0.997     0.000
        1  2n5       1059       0.998       0.998     0.000
        1  2n6        951       1.000       1.000     0.000
        1  2n7       1071       0.997       0.997     0.000
        1  2n8        984       0.999       0.999     0.000
        1  2n9       1141       1.000       1.000     0.000
        1  2n10      1060       1.000       1.000     0.000
        1  2n11      1063       1.000       1.000     0.000
        1  2n12       757       0.999       0.999     0.000
        1  2n13      1101       1.000       1.000     0.000
        1  2n14       936       0.980       0.980     0.000
        1  2n15      1098       0.980       0.980     0.000
        2  2n0       4099       0.960       0.960     0.000
        2  2n1       4212       0.979       0.979     0.000
        2  2n2       4358       0.959       0.959     0.000
        2  2n3       3917       0.982       0.982     0.000
        2  2n4       3250       0.952       0.952     0.000
        2  2n5       4472       0.977       0.977     0.000
        2  2n6       4352       0.895       0.895     0.000
        2  2n7       4226       0.955       0.955     0.000
        2  2n8       3988       0.964       0.964     0.000
        2  2n9       4146       0.968       0.968     0.000
        2  2n10      4116       0.951       0.951     0.000
        2  2n11      3537       0.936       0.936     0.000
        2  2n12      4723       0.980       0.980     0.000
        2  2n13      4750       0.995       0.995     0.000
        2  2n14      3763       0.966       0.966     0.000
        2  2n15      4147       0.973       0.973     0.000
        2  3n0        840       1.000       1.000     0.000
        2  3n1        944       1.000       0.925     0.000
        2  3n2        764       1.000       1.000     0.000
        2  3n3        906       1.000       0.946     0.000
        2  3n4        912       1.000       0.997     0.000
        2  3n5        869       1.000       0.971     0.000
        2  3n6        922       1.000       1.000     0.000
        2  3n7        846       1.000       0.981     0.000
        3  2n0       5531       0.944       0.944     0.000
        3  2n1       4650       0.981       0.981     0.000
        3  2n2       5585       0.934       0.934     0.000
        3  2n3       5182       0.964       0.964     0.000
        3  2n4       3866       0.884       0.884     0.000
        3  2n5       6254       0.980       0.980     0.000
        3  2n6       6405       0.933       0.933     0.000
        3  2n7       6286       0.932       0.932     0.000
        3  2n8       5355       0.975       0.975     0.000
        3  2n9       5037       0.972       0.972     0.000
        3  2n10      5575       0.941       0.941     0.000
        3  2n11      4685       0.927       0.927     0.000
        3  2n12      6684       0.993       0.993     0.000
        3  2n13      6688       0.987       0.987     0.000
        3  2n14      3916       0.969       0.969     0.000
        3  2n15      4776       0.964       0.964     0.000
        3  3n0       6206       1.000       1.000     0.000
        3  3n1       6297       1.000       0.976     0.000
        3  3n2       6336       1.000       0.995     0.000
        3  3n3       6282       1.000       0.982     0.000
        3  3n4       6184       1.000       1.000     0.000
        3  3n5       6188       1.000       0.990     0.000
        3  3n6       6720       1.000       1.000     0.000
        3  3n7       6545       1.000       0.982     0.000
        3  4n0       2328       1.000       1.000     0.000
        3  4n1       2567       1.000       1.000     0.000
        3  4n2       2410       1.000       1.000     0.000
        3  4n3       2636       1.000       1.000     0.000
        4  2n0       1031       0.986       0.986     0.000
        4  2n1        881       0.982       0.982     0.000
        4  2n2        848       0.956       0.956     0.000
        4  2n3       1058       0.961       0.961     0.000
        4  2n4        542       0.880       0.880     0.000
        4  2n5       1098       0.942       0.942     0.000
        4  2n6       1029       0.926       0.926     0.000
        4  2n7        913       0.927       0.927     0.000
        4  2n8        958       0.985       0.985     0.000
        4  2n9        769       1.000       1.000     0.000
        4  2n10       734       0.973       0.973     0.000
        4  2n11       535       0.966       0.966     0.000
        4  2n12      1121       1.000       1.000     0.000
        4  2n13      1113       1.000       1.000     0.000
        4  2n14       739       1.000       1.000     0.000
        4  2n15       815       0.966       0.966     0.000
        4  3n0       1122       1.000       1.000     0.000
        4  3n1        991       1.000       1.000     0.000
        4  3n2       1106       1.000       1.000     0.000
        4  3n3       1067       1.000       0.978     0.000
        4  3n4       1091       1.000       1.000     0.000
        4  3n5       1132       1.000       1.000     0.000
        4  3n6       1152       1.000       1.000     0.000
        4  3n7       1152       1.000       1.000     0.000
        4  4n0       1096       1.000       1.000     0.000
        4  4n1       1051       1.000       1.000     0.000
        4  4n2       1098       1.000       1.000     0.000
        4  4n3       1152       1.000       1.000     0.000
        4  5n0        245       1.000       1.000     0.000
        4  5n1        576       1.000       1.000     0.000
        5  2n0        788       0.933       0.933     0.000
        5  2n1        614       0.974       0.974     0.000
        5  2n2        774       0.911       0.911     0.000
        5  2n3        775       0.994       0.994     0.000
        5  2n4        402       0.915       0.915     0.000
        5  2n5        756       0.940       0.940     0.000
        5  2n6        864       0.934       0.934     0.000
        5  2n7        732       0.902       0.902     0.000
        5  2n8        563       1.000       1.000     0.000
        5  2n9        559       0.975       0.975     0.000
        5  2n10       732       1.000       1.000     0.000
        5  2n11       522       0.989       0.989     0.000
        5  2n12       805       1.000       1.000     0.000
        5  2n13       835       0.962       0.962     0.000
        5  2n14       363       0.997       0.997     0.000
        5  2n15       512       1.000       1.000     0.000
        5  3n0        864       1.000       1.000     0.000
        5  3n1        795       1.000       0.987     0.000
        5  3n2        864       1.000       1.000     0.000
        5  3n3        856       1.000       0.992     0.000
        5  3n4        841       1.000       1.000     0.000
        5  3n5        864       1.000       1.000     0.000
        5  3n6        864       1.000       1.000     0.000
        5  3n7        864       1.000       1.000     0.000
        5  4n0        794       1.000       1.000     0.000
        5  4n1        820       1.000       1.000     0.000
        5  4n2        864       1.000       1.000     0.000
        5  4n3        864       1.000       1.000     0.000
        5  5n0        298       1.000       1.000     0.000
        5  5n1        864       1.000       1.000     0.000

====================================================================================================
[G] THE RECORD'S VOLUME AND THE OBJECTIVE'S DIET
====================================================================================================
    `filed` writes kept by the beam and on a graded tip; `solved` their verdict;
    `unnamed` training rows whose recorded class has no member in the current table
    (the argmax arms' own hazard — DESIGN §14); `verify_bad` gate V-1's counter.

    arm                    written    filed   solved%   unnamed   verify   v_bad   buf(last, max over slots)
    ovt_comp_pr_dis           1641259   466235    0.322         0   466235       0   8192
    ovt_comp_pr_lin           1661368   458893    0.211         0   458893       0   8192
    ovt_comp_pr_sh            1633069   461331    0.296         0   461331       0   8192

====================================================================================================
[H] ARRIVAL, CLASS COVERAGE, MERGES AND THE BILL
====================================================================================================
    arm                   L5@sup(end) L6@sup(end)  L4 classes(end)  merges taken  exp_reads   t_cum
    ovt_comp_pr_dis                   9           4              26            35    2275878    51358682
    ovt_comp_pr_lin                  12           2              36            48    2273247    51376334
    ovt_comp_pr_sh                   12           1              26            37    2269032    51358593
    vo_s3:voi3_dp                    17           3              26            44    2288898    51208256
    vo_s3b:voi3b_comp_pr_yk          12           1              26            37    2269032    51358593
    vo_s3b:voi3b_comp_yk              8           2              21            43    2283467    51135949

====================================================================================================
[I] ERA-4/5 ERROR — with the caveat
====================================================================================================
    `enharmonic`'s matched-clock gaps between near-identical arms reach 0.08, and these
    arms are SELF-PACED and lived different numbers of cycles, so error is NOT a claim
    here. The structural readouts above are.

    arm                   era1  era2  era3  era4  era5
    ovt_comp_pr_dis          0.502  0.624  0.537  0.465  0.508
    ovt_comp_pr_lin          0.504  0.607  0.630  0.631  0.745
    ovt_comp_pr_sh           0.501  0.614  0.532  0.644  0.703
    vo_s3:voi3_dp            0.499  0.620  0.613  0.671  0.773
    vo_s3b:voi3b_comp_pr_yk  0.501  0.614  0.532  0.644  0.703
    vo_s3b:voi3b_comp_yk     0.502  0.624  0.565  0.588  0.550

====================================================================================================
[J] THE CRITIC — held-out AUC against the verdict, per slot, over the run
====================================================================================================
    The held-out split is by the parity gate's own BIJECTIVE row code, not a coin flip,
    so a context recurring across cycles cannot sit on both sides. `auc` is None where
    one class is absent on the held-out rows — an AUC is undefined then, and saying so
    beats reporting 0.5. DENOMINATORS AND BASE RATES ARE PART OF THE READING: the
    preflight's AUCs sat on 16-26 rows at base rate 0.045-0.08 and were a path check.

    [Q3] THE TWO DIETS ARE READ APART and are NEVER pooled. The filed rows are the
    practice beam's own writes — a narrow, self-selected candidate set (Q0 finding 3:
    at the frontier almost every write falls in one token class) — and the probe rows
    are the babbler's substitutions, a DIFFERENT class by construction. A pooled AUC
    would read that candidate-set difference as discrimination. Both columns carry
    their own denominator and base rate.

    ovt_comp_pr_dis:
      FILED rows                                              PROBE rows [Q3]
      slot   reads  n(last) base(last)  auc f/med/last  >.5   n(last) base(last)  auc f/med/last  >.5
      2:0      153      758      0.369  1.000/0.674/0.631  0.96       765      0.051  0.667/0.887/0.861  1.00
      2:1      153      834      0.259  0.182/0.675/0.722  0.97       805      0.015  0.390/0.864/0.974  0.98
      2:2      153      855      0.335  0.712/0.652/0.711  0.87       808      0.015  0.986/0.877/0.825  1.00
      2:3      149      723      0.246  0.916/0.730/0.749  0.99       740      0.009  0.358/0.927/0.971  0.94
      2:4      153      805      0.210  0.926/0.705/0.699  1.00       739      0.039  0.724/0.864/0.925  1.00
      2:5      153      654      0.439  0.974/0.640/0.577  0.97       839      0.015  0.973/0.887/0.958  1.00
      2:6      153      971      0.273  0.689/0.591/0.690  0.84       880      0.020  0.738/0.911/0.963  1.00
      2:7      153      725      0.342  0.930/0.639/0.591  0.97       860      0.021  0.714/0.851/0.954  1.00
      2:8      153      966      0.389  0.218/0.747/0.742  0.99       897      0.028  0.500/0.874/0.778  0.99
      2:9      153      749      0.389  0.515/0.759/0.698  0.97       771      0.023  0.038/0.836/0.845  0.95
      2:10     153      782      0.455  0.700/0.663/0.719  0.97       799      0.036  0.236/0.825/0.919  0.95
      2:11     153      782      0.362  0.473/0.708/0.735  0.99       804      0.016  0.914/0.921/0.957  0.99
      2:12     153      879      0.256  0.163/0.643/0.638  0.95       851      0.036  1.000/0.873/0.811  1.00
      2:13     153      754      0.435  0.061/0.667/0.715  0.99       764      0.033  0.500/0.869/0.948  0.78
      2:14     150      791      0.311  0.604/0.632/0.676  0.83       803      0.015  0.981/0.876/0.948  1.00
      2:15     153      920      0.265  1.000/0.673/0.749  0.80       881      0.008  0.872/0.936/0.951  1.00
      3:0      101      965      0.372  0.031/0.728/0.752  0.99       660      0.035  0.615/0.750/0.822  0.99
      3:1      101      762      0.207  0.056/0.563/0.490  0.85       609      0.066  0.887/0.903/0.911  1.00
      3:2      101      848      0.447  0.191/0.675/0.617  0.92       633      0.074  0.938/0.867/0.883  1.00
      3:3      101      750      0.381  0.802/0.718/0.687  1.00       654      0.115  0.981/0.928/0.918  1.00
      3:4      101      823      0.510  0.610/0.745/0.677  0.97       640      0.013  0.455/0.876/0.958  0.97
      3:5      101      686      0.262  0.460/0.684/0.622  0.96       478      0.046  1.000/0.863/0.908  1.00
      3:6      101      970      0.313  0.182/0.620/0.691  0.93       669      0.040  1.000/0.908/0.934  1.00
      3:7      101      871      0.285  0.980/0.676/0.759  1.00       656      0.047  0.846/0.943/0.956  1.00
      4:0       50      759      0.590  0.820/0.625/0.677  1.00       315      0.292  0.663/0.768/0.801  1.00
      4:1       50      737      0.716  0.276/0.695/0.541  0.98       295      0.380  0.700/0.747/0.747  0.87
      4:2       49      758      0.538  0.722/0.752/0.573  1.00       319      0.069  0.000/0.742/0.809  0.94
      4:3       50      873      0.486  0.871/0.641/0.591  1.00       304      0.164  0.623/0.821/0.828  0.98
      5:0       15       58      0.793  0.000/1.000/1.000  0.87        41      0.366  0.979/0.129/0.213  0.08
      5:1       15      400      0.533  0.163/0.756/0.754  0.87        80      0.188  0.861/0.599/0.624  0.92

    ovt_comp_pr_lin:
      FILED rows                                              PROBE rows [Q3]
      slot   reads  n(last) base(last)  auc f/med/last  >.5   n(last) base(last)  auc f/med/last  >.5
      2:0      153      826      0.238  0.923/0.672/0.585  0.86       807      0.057  0.232/0.673/0.706  0.92
      2:1      153      833      0.348  0.545/0.738/0.757  0.93       821      0.052  0.593/0.603/0.650  0.90
      2:2      153      954      0.233  0.869/0.580/0.492  0.74       941      0.049  0.028/0.663/0.738  0.92
      2:3      152      761      0.244  0.732/0.483/0.623  0.44       732      0.044  0.149/0.501/0.706  0.51
      2:4      153      920      0.167  1.000/0.621/0.590  0.99       804      0.046  0.812/0.512/0.588  0.57
      2:5      153      809      0.211  0.712/0.725/0.606  0.99       789      0.035  0.474/0.712/0.713  0.98
      2:6      153      813      0.264  0.053/0.547/0.490  0.86       848      0.025  0.589/0.693/0.745  1.00
      2:7      153     1024      0.231  0.996/0.582/0.497  0.96       920      0.055  0.393/0.683/0.648  0.86
      2:8      153      825      0.058  0.994/0.736/0.679  1.00       852      0.041  0.447/0.614/0.588  0.88
      2:9      153      636      0.115  0.000/0.686/0.635  0.95       699      0.041  0.036/0.652/0.753  0.81
      2:10     153      818      0.347  0.050/0.658/0.618  0.99       748      0.043  0.144/0.681/0.776  0.89
      2:11     153      730      0.130  0.922/0.885/0.644  1.00       749      0.036  0.472/0.673/0.621  0.99
      2:12     153      850      0.267  0.692/0.545/0.630  0.63       813      0.041  0.051/0.607/0.763  0.89
      2:13     153      837      0.297  0.054/0.642/0.505  0.86       808      0.068  0.317/0.734/0.706  0.93
      2:14     152      798      0.173  0.109/0.623/0.540  0.97       902      0.018  0.431/0.747/0.737  0.97
      2:15     153      793      0.156  0.000/0.699/0.568  0.94       745      0.047  0.369/0.719/0.694  0.93
      3:0      101      725      0.266  0.522/0.650/0.631  0.90       585      0.085  0.800/0.710/0.737  0.96
      3:1      101      933      0.277  0.000/0.746/0.656  0.97       623      0.077  0.917/0.698/0.700  1.00
      3:2      101      650      0.246  0.681/0.688/0.706  0.99       490      0.053  0.904/0.857/0.879  1.00
      3:3      101      698      0.325  0.322/0.701/0.615  0.99       647      0.053  0.905/0.801/0.809  1.00
      3:4      101      819      0.208  1.000/0.746/0.749  1.00       589      0.049  0.265/0.693/0.735  0.84
      3:5      101      827      0.197  0.764/0.563/0.524  0.88       557      0.072  0.706/0.761/0.799  1.00
      3:6      101      917      0.270  0.471/0.557/0.566  0.74       665      0.057  0.125/0.670/0.702  0.79
      3:7      101      831      0.239  0.791/0.533/0.558  0.61       572      0.059  0.829/0.684/0.692  1.00
      4:0       49      392      0.311  0.976/0.500/0.381  0.45       253      0.142  0.643/0.683/0.670  1.00
      4:1       50      821      0.579  0.175/0.614/0.760  0.69       314      0.223  0.800/0.769/0.812  1.00
      4:2       50      851      0.374  0.753/0.654/0.551  1.00       357      0.126  0.545/0.643/0.614  1.00
      4:3       50      672      0.257  0.717/0.716/0.541  1.00       381      0.223  0.595/0.609/0.656  0.92
      5:0       15       56      0.571  1.000/0.958/0.979  1.00        16      0.312  0.945/0.945/0.927  1.00
      5:1       15      272      0.298  0.370/0.388/0.501  0.27        71      0.211  0.431/0.404/0.494  0.09

    ovt_comp_pr_sh:
      FILED rows                                              PROBE rows [Q3]
      slot   reads  n(last) base(last)  auc f/med/last  >.5   n(last) base(last)  auc f/med/last  >.5
      2:0      153      899      0.321  1.000/0.712/0.619  0.96       871      0.049  0.733/0.661/0.859  0.83
      2:1      153      726      0.313  0.182/0.632/0.601  0.94       689      0.052  0.714/0.853/0.925  0.97
      2:2      153      789      0.422  0.983/0.665/0.522  1.00       855      0.058  0.207/0.829/0.901  0.99
      2:3      148      928      0.295  0.950/0.606/0.536  0.89       887      0.041  0.908/0.859/0.824  1.00
      2:4      153      761      0.235  0.866/0.752/0.748  1.00       732      0.038  0.722/0.749/0.833  0.97
      2:5      153      850      0.268  0.974/0.657/0.598  1.00       847      0.041  0.936/0.818/0.866  1.00
      2:6      153      664      0.334  0.689/0.553/0.542  0.79       705      0.028  0.080/0.848/0.937  0.92
      2:7      153      772      0.405  0.737/0.589/0.590  0.97       986      0.064  0.354/0.792/0.853  0.96
      2:8      153     1024      0.336  0.137/0.592/0.598  0.90      1011      0.057  0.062/0.685/0.830  0.70
      2:9      153      777      0.207  0.515/0.735/0.718  0.99       808      0.028  0.450/0.819/0.912  0.96
      2:10     153      744      0.257  0.700/0.631/0.662  0.95       726      0.047  0.594/0.787/0.852  1.00
      2:11     153      717      0.262  0.532/0.777/0.886  0.97       747      0.054  0.036/0.878/0.930  0.87
      2:12     153      734      0.274  0.163/0.570/0.506  0.97       836      0.037  0.406/0.728/0.830  0.96
      2:13     153      667      0.330  0.061/0.665/0.720  0.90       678      0.074  0.559/0.791/0.838  0.93
      2:14     149      780      0.246  0.015/0.554/0.642  0.70       819      0.028  0.500/0.840/0.957  0.93
      2:15     153      882      0.224  1.000/0.580/0.645  0.95       927      0.042  0.558/0.749/0.841  1.00
      3:0      101      771      0.313  0.697/0.656/0.530  1.00       604      0.086  0.373/0.873/0.905  0.97
      3:1      101      895      0.296  1.000/0.658/0.625  1.00       680      0.066  0.692/0.777/0.868  0.98
      3:2      101      905      0.449  0.773/0.739/0.679  1.00       637      0.055  0.844/0.891/0.887  1.00
      3:3      101      890      0.227  0.425/0.652/0.653  0.72       667      0.057  0.982/0.851/0.826  1.00
      3:4      101      764      0.382  0.000/0.558/0.648  0.75       658      0.073  0.828/0.829/0.892  1.00
      3:5      101      701      0.330  0.227/0.645/0.696  0.99       684      0.089  0.907/0.795/0.800  1.00
      3:6      101      915      0.364  0.365/0.617/0.577  0.93       725      0.069  0.842/0.838/0.854  1.00
      3:7      101      722      0.211  0.870/0.727/0.635  1.00       618      0.087  0.750/0.851/0.838  1.00
      4:0       50      597      0.337  0.900/0.668/0.701  0.80       309      0.175  0.400/0.718/0.760  0.91
      4:1       49      689      0.415  1.000/0.731/0.755  1.00       287      0.160  1.000/0.712/0.732  1.00
      4:2       50      783      0.375  0.313/0.534/0.542  0.72       307      0.130  0.415/0.685/0.712  0.98
      4:3       50      911      0.493  1.000/0.686/0.570  0.98       354      0.172  0.830/0.750/0.769  1.00
      5:0       15       27      0.000    (undefined: one class)            0          -          (no probe)   
      5:1       15      603      0.433  0.497/0.571/0.598  0.80       120      0.150  0.786/0.740/0.739  1.00

    vo_s3:voi3_dp: no critic.
    vo_s3b:voi3b_comp_pr_yk:
      FILED rows                                              PROBE rows [Q3]
      slot   reads  n(last) base(last)  auc f/med/last  >.5   n(last) base(last)  auc f/med/last  >.5
      2:0      153      899      0.321  1.000/0.712/0.619  0.96       871      0.049  0.733/0.661/0.859  0.83
      2:1      153      726      0.313  0.182/0.632/0.601  0.94       689      0.052  0.714/0.853/0.925  0.97
      2:2      153      789      0.422  0.983/0.665/0.522  1.00       855      0.058  0.207/0.829/0.901  0.99
      2:3      148      928      0.295  0.950/0.606/0.536  0.89       887      0.041  0.908/0.859/0.824  1.00
      2:4      153      761      0.235  0.866/0.752/0.748  1.00       732      0.038  0.722/0.749/0.833  0.97
      2:5      153      850      0.268  0.974/0.657/0.598  1.00       847      0.041  0.936/0.818/0.866  1.00
      2:6      153      664      0.334  0.689/0.553/0.542  0.79       705      0.028  0.080/0.848/0.937  0.92
      2:7      153      772      0.405  0.737/0.589/0.590  0.97       986      0.064  0.354/0.792/0.853  0.96
      2:8      153     1024      0.336  0.137/0.592/0.598  0.90      1011      0.057  0.062/0.685/0.830  0.70
      2:9      153      777      0.207  0.515/0.735/0.718  0.99       808      0.028  0.450/0.819/0.912  0.96
      2:10     153      744      0.257  0.700/0.631/0.662  0.95       726      0.047  0.594/0.787/0.852  1.00
      2:11     153      717      0.262  0.532/0.777/0.886  0.97       747      0.054  0.036/0.878/0.930  0.87
      2:12     153      734      0.274  0.163/0.570/0.506  0.97       836      0.037  0.406/0.728/0.830  0.96
      2:13     153      667      0.330  0.061/0.665/0.720  0.90       678      0.074  0.559/0.791/0.838  0.93
      2:14     149      780      0.246  0.015/0.554/0.642  0.70       819      0.028  0.500/0.840/0.957  0.93
      2:15     153      882      0.224  1.000/0.580/0.645  0.95       927      0.042  0.558/0.749/0.841  1.00
      3:0      101      771      0.313  0.697/0.656/0.530  1.00       604      0.086  0.373/0.873/0.905  0.97
      3:1      101      895      0.296  1.000/0.658/0.625  1.00       680      0.066  0.692/0.777/0.868  0.98
      3:2      101      905      0.449  0.773/0.739/0.679  1.00       637      0.055  0.844/0.891/0.887  1.00
      3:3      101      890      0.227  0.425/0.652/0.653  0.72       667      0.057  0.982/0.851/0.826  1.00
      3:4      101      764      0.382  0.000/0.558/0.648  0.75       658      0.073  0.828/0.829/0.892  1.00
      3:5      101      701      0.330  0.227/0.645/0.696  0.99       684      0.089  0.907/0.795/0.800  1.00
      3:6      101      915      0.364  0.365/0.617/0.577  0.93       725      0.069  0.842/0.838/0.854  1.00
      3:7      101      722      0.211  0.870/0.727/0.635  1.00       618      0.087  0.750/0.851/0.838  1.00
      4:0       50      597      0.337  0.900/0.668/0.701  0.80       309      0.175  0.400/0.718/0.760  0.91
      4:1       49      689      0.415  1.000/0.731/0.755  1.00       287      0.160  1.000/0.712/0.732  1.00
      4:2       50      783      0.375  0.313/0.534/0.542  0.72       307      0.130  0.415/0.685/0.712  0.98
      4:3       50      911      0.493  1.000/0.686/0.570  0.98       354      0.172  0.830/0.750/0.769  1.00
      5:0       15       27      0.000    (undefined: one class)            0          -          (no probe)   
      5:1       15      603      0.433  0.497/0.571/0.598  0.80       120      0.150  0.786/0.740/0.739  1.00

    vo_s3b:voi3b_comp_yk:
      FILED rows                                              PROBE rows [Q3]
      slot   reads  n(last) base(last)  auc f/med/last  >.5   n(last) base(last)  auc f/med/last  >.5
      2:0      153      916      0.323  1.000/0.571/0.731  0.87         0          -          (no probe)   
      2:1      153      883      0.300  0.182/0.767/0.777  0.97         0          -          (no probe)   
      2:2      153      805      0.284  0.963/0.635/0.644  0.96         0          -          (no probe)   
      2:3      147      821      0.168  0.530/0.654/0.526  0.91         0          -          (no probe)   
      2:4      153      839      0.259  0.500/0.633/0.647  0.99         0          -          (no probe)   
      2:5      153     1024      0.350  0.974/0.721/0.765  1.00         0          -          (no probe)   
      2:6      153      849      0.458  0.689/0.634/0.720  0.86         0          -          (no probe)   
      2:7      153      682      0.386  0.228/0.608/0.573  0.95         0          -          (no probe)   
      2:8      153      795      0.208  0.872/0.690/0.642  1.00         0          -          (no probe)   
      2:9      153      838      0.233  0.515/0.665/0.621  0.97         0          -          (no probe)   
      2:10     153      882      0.264  0.700/0.622/0.633  0.97         0          -          (no probe)   
      2:11     153      783      0.245  0.933/0.566/0.836  0.78         0          -          (no probe)   
      2:12     153      766      0.225  0.163/0.659/0.563  0.92         0          -          (no probe)   
      2:13     153      783      0.326  0.061/0.630/0.585  0.96         0          -          (no probe)   
      2:14     150      914      0.143  0.586/0.680/0.704  0.95         0          -          (no probe)   
      2:15     153      968      0.226  1.000/0.692/0.794  0.98         0          -          (no probe)   
      3:0      101      731      0.280  0.980/0.723/0.724  0.98         0          -          (no probe)   
      3:1      101      752      0.314  0.587/0.668/0.617  0.99         0          -          (no probe)   
      3:2      100      661      0.357  0.729/0.615/0.715  0.89         0          -          (no probe)   
      3:3      101      829      0.228  0.974/0.741/0.728  1.00         0          -          (no probe)   
      3:4      101      906      0.400  0.848/0.683/0.731  0.92         0          -          (no probe)   
      3:5      101      813      0.224  1.000/0.717/0.642  0.99         0          -          (no probe)   
      3:6      101      887      0.276  0.576/0.531/0.417  0.61         0          -          (no probe)   
      3:7      101      808      0.355  0.971/0.645/0.622  0.94         0          -          (no probe)   
      4:0       50      581      0.401  0.396/0.711/0.646  0.98         0          -          (no probe)   
      4:1       50      844      0.488  0.091/0.709/0.781  0.96         0          -          (no probe)   
      4:2       50      653      0.410  0.000/0.580/0.585  0.96         0          -          (no probe)   
      4:3       50      962      0.467  0.853/0.626/0.686  0.96         0          -          (no probe)   
      5:0       15       85      0.565  0.944/0.955/0.955  1.00         0          -          (no probe)   
      5:1       15      537      0.503  0.968/0.785/0.747  1.00         0          -          (no probe)   

====================================================================================================
[J1] THE SHADOW READOUTS — the same rows, the same diet, a different readout  [S1]
====================================================================================================
    `lin` is Linear(dim,1) over the critic's OWN state (slot embedding + the per-offset
    reads of `pooled`); `dir` is Linear(dim,1) over `pooled.mean` and the candidate's
    content only, no slot — the shape a residual-stream correctness probe has. Both are
    trained on the critic's own batch, scored on the critic's own held-out split, and
    never consulted by any chooser (gate R-1: the arm carrying them is bit-identical to
    the banked `voi3b_comp_pr_yk` on every behaviour series).

    THE COMPARISON IS WITHIN A ROW. Each line is one slot at one arm: the MLP critic and
    its two twins on the SAME held-out rows, so the denominators are shared and the only
    difference is the readout. Medians are over the run's reads; `last` is the last read.

    ovt_comp_pr_dis:
      slot   reads  n(last)   FILED  mlp/lin/dir (med)      (last)          PROBE  mlp/lin/dir (med)      (last)
      2:0      153      758   0.674/0.657/0.611  0.631/0.667/0.672   0.887/0.772/0.808  0.861/0.745/0.737
      2:1      153      834   0.675/0.677/0.713  0.722/0.651/0.650   0.864/0.872/0.820  0.974/0.911/0.906
      2:2      153      855   0.652/0.568/0.633  0.711/0.682/0.676   0.877/0.686/0.621  0.825/0.660/0.648
      2:3      149      723   0.730/0.624/0.546  0.749/0.549/0.543   0.927/0.798/0.820  0.971/0.851/0.865
      2:4      153      805   0.705/0.628/0.638  0.699/0.588/0.618   0.864/0.814/0.822  0.925/0.763/0.788
      2:5      153      654   0.640/0.600/0.648  0.577/0.586/0.631   0.887/0.815/0.748  0.958/0.839/0.831
      2:6      153      971   0.591/0.581/0.593  0.690/0.569/0.568   0.911/0.723/0.700  0.963/0.743/0.726
      2:7      153      725   0.639/0.568/0.598  0.591/0.509/0.576   0.851/0.700/0.749  0.954/0.833/0.860
      2:8      153      966   0.747/0.605/0.569  0.742/0.732/0.735   0.874/0.670/0.681  0.778/0.648/0.684
      2:9      153      749   0.759/0.709/0.653  0.698/0.670/0.657   0.836/0.874/0.890  0.845/0.924/0.925
      2:10     153      782   0.663/0.628/0.589  0.719/0.641/0.602   0.825/0.587/0.579  0.919/0.666/0.623
      2:11     153      782   0.708/0.657/0.616  0.735/0.638/0.607   0.921/0.744/0.758  0.957/0.866/0.866
      2:12     153      879   0.643/0.575/0.575  0.638/0.639/0.665   0.873/0.830/0.818  0.811/0.806/0.827
      2:13     153      754   0.667/0.670/0.655  0.715/0.685/0.669   0.869/0.727/0.742  0.948/0.810/0.827
      2:14     150      791   0.632/0.642/0.501  0.676/0.634/0.718   0.876/0.827/0.870  0.948/0.851/0.865
      2:15     153      920   0.673/0.618/0.606  0.749/0.636/0.621   0.936/0.871/0.873  0.951/0.888/0.898
      3:0      101      965   0.728/0.626/0.589  0.752/0.649/0.631   0.750/0.561/0.689  0.822/0.707/0.767
      3:1      101      762   0.563/0.665/0.708  0.490/0.596/0.584   0.903/0.805/0.782  0.911/0.854/0.851
      3:2      101      848   0.675/0.606/0.745  0.617/0.760/0.745   0.867/0.856/0.869  0.883/0.855/0.868
      3:3      101      750   0.718/0.659/0.647  0.687/0.663/0.597   0.928/0.852/0.853  0.918/0.854/0.846
      3:4      101      823   0.745/0.589/0.615  0.677/0.640/0.624   0.876/0.482/0.413  0.958/0.646/0.658
      3:5      101      686   0.684/0.665/0.615  0.622/0.631/0.609   0.863/0.852/0.868  0.908/0.899/0.889
      3:6      101      970   0.620/0.572/0.582  0.691/0.635/0.582   0.908/0.828/0.844  0.934/0.893/0.874
      3:7      101      871   0.676/0.619/0.583  0.759/0.767/0.761   0.943/0.849/0.808  0.956/0.856/0.805
      4:0       50      759   0.625/0.635/0.796  0.677/0.608/0.608   0.768/0.722/0.781  0.801/0.790/0.779
      4:1       50      737   0.695/0.751/0.761  0.541/0.563/0.606   0.747/0.663/0.673  0.747/0.712/0.717
      4:2       49      758   0.752/0.723/0.727  0.573/0.526/0.529   0.742/0.600/0.610  0.809/0.507/0.591
      4:3       50      873   0.641/0.588/0.616  0.591/0.588/0.574   0.821/0.759/0.753  0.828/0.720/0.720
      5:0       15       58   1.000/1.000/0.217  1.000/0.696/0.217   0.129/0.505/0.294  0.213/0.492/0.310
      5:1       15      400   0.756/0.717/0.590  0.754/0.654/0.667   0.599/0.588/0.408  0.624/0.571/0.492
      POOLED over every read at every slot (medians):
        FILED  mlp 0.685  lin 0.632  dir 0.616   (n reads 3443)
        PROBE  mlp 0.876  lin 0.786  dir 0.776   (n reads 3217)

    ovt_comp_pr_lin:
      slot   reads  n(last)   FILED  mlp/lin/dir (med)      (last)          PROBE  mlp/lin/dir (med)      (last)
      2:0      153      826   0.672/0.673/0.650  0.585/0.581/0.682   0.673/0.655/0.679  0.706/0.696/0.730
      2:1      153      833   0.738/0.731/0.675  0.757/0.746/0.721   0.603/0.579/0.615  0.650/0.633/0.649
      2:2      153      954   0.580/0.541/0.587  0.492/0.495/0.543   0.663/0.648/0.701  0.738/0.743/0.734
      2:3      152      761   0.483/0.505/0.540  0.623/0.609/0.706   0.501/0.480/0.575  0.706/0.704/0.731
      2:4      153      920   0.621/0.620/0.651  0.590/0.593/0.629   0.512/0.498/0.545  0.588/0.578/0.637
      2:5      153      809   0.725/0.722/0.692  0.606/0.595/0.553   0.712/0.697/0.763  0.713/0.710/0.718
      2:6      153      813   0.547/0.558/0.561  0.490/0.495/0.561   0.693/0.668/0.743  0.745/0.734/0.719
      2:7      153     1024   0.582/0.606/0.620  0.497/0.506/0.684   0.683/0.671/0.640  0.648/0.648/0.682
      2:8      153      825   0.736/0.723/0.619  0.679/0.651/0.625   0.614/0.596/0.645  0.588/0.578/0.597
      2:9      153      636   0.686/0.675/0.700  0.635/0.612/0.656   0.652/0.636/0.643  0.753/0.753/0.777
      2:10     153      818   0.658/0.658/0.635  0.618/0.630/0.677   0.681/0.666/0.671  0.776/0.762/0.760
      2:11     153      730   0.885/0.867/0.693  0.644/0.632/0.579   0.673/0.653/0.639  0.621/0.605/0.623
      2:12     153      850   0.545/0.545/0.579  0.630/0.647/0.645   0.607/0.591/0.635  0.763/0.762/0.745
      2:13     153      837   0.642/0.640/0.613  0.505/0.521/0.505   0.734/0.732/0.724  0.706/0.710/0.692
      2:14     152      798   0.623/0.602/0.628  0.540/0.522/0.583   0.747/0.716/0.749  0.737/0.713/0.729
      2:15     153      793   0.699/0.694/0.669  0.568/0.571/0.538   0.719/0.716/0.754  0.694/0.697/0.728
      3:0      101      725   0.650/0.643/0.551  0.631/0.640/0.617   0.710/0.698/0.649  0.737/0.720/0.712
      3:1      101      933   0.746/0.747/0.726  0.656/0.641/0.648   0.698/0.656/0.727  0.700/0.679/0.726
      3:2      101      650   0.688/0.693/0.753  0.706/0.704/0.746   0.857/0.846/0.864  0.879/0.883/0.852
      3:3      101      698   0.701/0.713/0.639  0.615/0.611/0.577   0.801/0.794/0.756  0.809/0.796/0.750
      3:4      101      819   0.746/0.740/0.699  0.749/0.750/0.709   0.693/0.690/0.700  0.735/0.737/0.772
      3:5      101      827   0.563/0.556/0.543  0.524/0.525/0.540   0.761/0.736/0.747  0.799/0.784/0.763
      3:6      101      917   0.557/0.559/0.568  0.566/0.563/0.568   0.670/0.656/0.712  0.702/0.693/0.695
      3:7      101      831   0.533/0.540/0.530  0.558/0.555/0.665   0.684/0.652/0.675  0.692/0.674/0.691
      4:0       49      392   0.500/0.503/0.609  0.381/0.393/0.505   0.683/0.688/0.704  0.670/0.615/0.705
      4:1       50      821   0.614/0.600/0.607  0.760/0.748/0.804   0.769/0.737/0.781  0.812/0.775/0.830
      4:2       50      851   0.654/0.620/0.597  0.551/0.537/0.497   0.643/0.642/0.623  0.614/0.578/0.580
      4:3       50      672   0.716/0.714/0.645  0.541/0.565/0.629   0.609/0.621/0.609  0.656/0.645/0.620
      5:0       15       56   0.958/0.958/0.958  0.979/0.979/0.979   0.945/0.945/0.927  0.927/0.964/0.927
      5:1       15      272   0.388/0.437/0.466  0.501/0.514/0.459   0.404/0.454/0.529  0.494/0.543/0.543
      POOLED over every read at every slot (medians):
        FILED  mlp 0.651  lin 0.648  dir 0.636   (n reads 3417)
        PROBE  mlp 0.678  lin 0.661  dir 0.688   (n reads 3275)

    ovt_comp_pr_sh:
      slot   reads  n(last)   FILED  mlp/lin/dir (med)      (last)          PROBE  mlp/lin/dir (med)      (last)
      2:0      153      899   0.712/0.697/0.670  0.619/0.721/0.670   0.661/0.638/0.633  0.859/0.660/0.641
      2:1      153      726   0.632/0.616/0.586  0.601/0.508/0.564   0.853/0.732/0.688  0.925/0.630/0.632
      2:2      153      789   0.665/0.614/0.638  0.522/0.532/0.607   0.829/0.638/0.640  0.901/0.661/0.673
      2:3      148      928   0.606/0.562/0.476  0.536/0.613/0.606   0.859/0.669/0.613  0.824/0.614/0.559
      2:4      153      761   0.752/0.715/0.679  0.748/0.730/0.642   0.749/0.641/0.679  0.833/0.649/0.641
      2:5      153      850   0.657/0.638/0.701  0.598/0.624/0.601   0.818/0.662/0.675  0.866/0.634/0.644
      2:6      153      664   0.553/0.502/0.492  0.542/0.491/0.510   0.848/0.624/0.607  0.937/0.591/0.544
      2:7      153      772   0.589/0.572/0.539  0.590/0.549/0.506   0.792/0.599/0.616  0.853/0.615/0.614
      2:8      153     1024   0.592/0.535/0.584  0.598/0.676/0.682   0.685/0.588/0.635  0.830/0.656/0.702
      2:9      153      777   0.735/0.744/0.662  0.718/0.560/0.545   0.819/0.726/0.745  0.912/0.673/0.620
      2:10     153      744   0.631/0.531/0.553  0.662/0.561/0.655   0.787/0.594/0.623  0.852/0.596/0.568
      2:11     153      717   0.777/0.819/0.773  0.886/0.827/0.773   0.878/0.688/0.784  0.930/0.773/0.811
      2:12     153      734   0.570/0.567/0.598  0.506/0.479/0.509   0.728/0.540/0.584  0.830/0.671/0.678
      2:13     153      667   0.665/0.620/0.596  0.720/0.564/0.553   0.791/0.717/0.653  0.838/0.742/0.710
      2:14     149      780   0.554/0.619/0.637  0.642/0.623/0.589   0.840/0.637/0.651  0.957/0.614/0.634
      2:15     153      882   0.580/0.590/0.496  0.645/0.621/0.565   0.749/0.546/0.527  0.841/0.570/0.565
      3:0      101      771   0.656/0.661/0.587  0.530/0.530/0.539   0.873/0.648/0.611  0.905/0.711/0.691
      3:1      101      895   0.658/0.538/0.514  0.625/0.588/0.587   0.777/0.560/0.540  0.868/0.638/0.661
      3:2      101      905   0.739/0.734/0.704  0.679/0.566/0.574   0.891/0.716/0.719  0.887/0.699/0.721
      3:3      101      890   0.652/0.716/0.768  0.653/0.659/0.728   0.851/0.775/0.783  0.826/0.744/0.792
      3:4      101      764   0.558/0.621/0.661  0.648/0.625/0.703   0.829/0.669/0.703  0.892/0.610/0.695
      3:5      101      701   0.645/0.641/0.608  0.696/0.537/0.490   0.795/0.708/0.697  0.800/0.718/0.680
      3:6      101      915   0.617/0.589/0.610  0.577/0.680/0.730   0.838/0.708/0.753  0.854/0.715/0.728
      3:7      101      722   0.727/0.661/0.671  0.635/0.564/0.539   0.851/0.689/0.666  0.838/0.674/0.717
      4:0       50      597   0.668/0.681/0.730  0.701/0.614/0.630   0.718/0.598/0.651  0.760/0.606/0.650
      4:1       49      689   0.731/0.719/0.741  0.755/0.740/0.754   0.712/0.627/0.652  0.732/0.703/0.729
      4:2       50      783   0.534/0.630/0.646  0.542/0.607/0.726   0.685/0.696/0.726  0.712/0.707/0.770
      4:3       50      911   0.686/0.689/0.725  0.570/0.595/0.517   0.750/0.559/0.619  0.769/0.588/0.637
      5:0       15       27         -              -                 -              -        
      5:1       15      603   0.571/0.626/0.669  0.598/0.635/0.607   0.740/0.640/0.697  0.739/0.719/0.736
      POOLED over every read at every slot (medians):
        FILED  mlp 0.646  lin 0.624  dir 0.620   (n reads 3410)
        PROBE  mlp 0.805  lin 0.648  dir 0.654   (n reads 3268)

    vo_s3:voi3_dp: no shadow readout.
    vo_s3b:voi3b_comp_pr_yk: no shadow readout.
    vo_s3b:voi3b_comp_yk: no shadow readout.
====================================================================================================
[J2] THE ZERO-VERDICT SCORES — what ranks the verdict with no labels at all  [S2]
====================================================================================================
    Every column here is read on the SAME held-out rows as the critic's own AUC, and
    none of them has ever seen a verdict:

      dpz    the DP's per-entry score of the candidate, z-scored over the candidate set
             — EXACTLY the prior term the composed chooser sums, in its own units
      dp     the same before the z-score (per-block, i.e. divided by the span)
      conf   the negative mean entropy of the trunk's next-feature distribution over the
             slot's blocks — confidence WHERE it is about to write, candidate-blind
      marg   the mean top1-top2 logit margin over the same blocks
      crit   the critic, restricted to the rows where the prior is defined, so the
             comparison and the increment below share ONE denominator
      comb   an OUT-OF-FOLD logistic combination of (dpz, critic logit); `prior` is the
             same fit on the prior alone. `incr` = comb - max(prior, crit): the critic's
             BEYOND-PRIOR increment, which is the Steenwyk-shaped question

    THE TWO DIETS STAY APART, and the asymmetry is DESIGN.md §26's: on FILED rows the
    written candidate is usually the DP's own argmax, so `dpz` there reads the prior's
    confidence in its OWN choice; on PROBE rows it reads the prior on a substituted
    class. They are not the same question and are never pooled.

    ovt_comp_pr_dis:
      diet   slot   reads  n_ont(last)   dpz    dp    conf   marg  |  crit  prior   comb   incr
      FILED  2:0      153         758   0.707 0.654 0.664 0.580  |  0.674 0.625 0.666  -0.008
      FILED  2:1      153         834   0.592 0.622 0.560 0.539  |  0.675 0.507 0.617  -0.058
      FILED  2:2      153         855   0.583 0.626 0.712 0.623  |  0.652 0.559 0.624  -0.028
      FILED  2:3      149         723   0.566 0.582 0.578 0.636  |  0.730 0.434 0.670  -0.060
      FILED  2:4      153         805   0.676 0.648 0.684 0.645  |  0.705 0.596 0.654  -0.051
      FILED  2:5      153         654   0.525 0.505 0.498 0.514  |  0.640 0.432 0.590  -0.051
      FILED  2:6      153         971   0.477 0.530 0.477 0.532  |  0.591 0.401 0.455  -0.136
      FILED  2:7      153         725   0.558 0.518 0.488 0.611  |  0.639 0.446 0.603  -0.035
      FILED  2:8      153         966   0.677 0.653 0.610 0.609  |  0.747 0.510 0.643  -0.104
      FILED  2:9      153         749   0.749 0.764 0.748 0.447  |  0.759 0.702 0.760  +0.002
      FILED  2:10     153         782   0.533 0.594 0.591 0.593  |  0.663 0.405 0.482  -0.181
      FILED  2:11     153         782   0.551 0.587 0.447 0.526  |  0.708 0.485 0.648  -0.060
      FILED  2:12     153         879   0.558 0.604 0.598 0.586  |  0.643 0.411 0.513  -0.129
      FILED  2:13     153         754   0.543 0.599 0.586 0.596  |  0.667 0.422 0.579  -0.089
      FILED  2:14     150         791   0.480 0.616 0.599 0.547  |  0.632 0.432 0.546  -0.086
      FILED  2:15     153         920   0.668 0.699 0.676 0.591  |  0.673 0.526 0.477  -0.195
      FILED  3:0      101         965   0.612 0.668 0.595 0.615  |  0.728 0.537 0.610  -0.118
      FILED  3:1      101         762   0.467 0.434 0.430 0.439  |  0.563 0.439 0.491  -0.072
      FILED  3:2      101         848   0.483 0.615 0.561 0.545  |  0.675 0.427 0.547  -0.128
      FILED  3:3      101         750   0.661 0.592 0.529 0.652  |  0.718 0.523 0.561  -0.157
      FILED  3:4      101         823   0.586 0.686 0.686 0.605  |  0.745 0.434 0.613  -0.132
      FILED  3:5      101         686   0.624 0.684 0.678 0.688  |  0.684 0.413 0.529  -0.155
      FILED  3:6      101         970   0.547 0.601 0.590 0.526  |  0.620 0.421 0.574  -0.046
      FILED  3:7      101         871   0.570 0.559 0.478 0.577  |  0.676 0.349 0.422  -0.254
      FILED  4:0       50         759   0.590 0.624 0.653 0.579  |  0.625 0.449 0.522  -0.103
      FILED  4:1       50         737   0.868 0.681 0.691 0.721  |  0.695 0.819 0.767  -0.052
      FILED  4:2       49         758   0.476 0.645 0.607 0.550  |  0.752 0.432 0.649  -0.103
      FILED  4:3       50         873   0.544 0.555 0.598 0.596  |  0.641 0.457 0.511  -0.130
      FILED  5:0       15          58   0.571 0.571 0.571 0.571  |  1.000 0.043 0.668  -0.332
      FILED  5:1       15         400   0.743 0.800 0.551 0.622  |  0.756 0.699 0.635  -0.121
      PROBE  2:0      150         765   0.881 0.859 0.709 0.604  |  0.887 0.779 0.729  -0.158
      PROBE  2:1      148         805   0.761 0.774 0.367 0.420  |  0.864 0.742 0.905  +0.041
      PROBE  2:2      150         808   0.888 0.772 0.532 0.452  |  0.877 0.798 0.900  +0.023
      PROBE  2:3      148         740   0.756 0.759 0.567 0.655  |  0.927 0.731 0.917  -0.010
      PROBE  2:4      151         739   0.961 0.837 0.688 0.801  |  0.864 0.924 0.937  +0.013
      PROBE  2:5      149         839   0.814 0.761 0.444 0.473  |  0.887 0.737 0.966  +0.079
      PROBE  2:6      151         880   0.860 0.795 0.389 0.471  |  0.911 0.781 0.906  -0.005
      PROBE  2:7      146         860   0.757 0.680 0.443 0.520  |  0.851 0.687 0.876  +0.025
      PROBE  2:8      149         897   0.561 0.613 0.531 0.479  |  0.874 0.444 0.720  -0.154
      PROBE  2:9      149         771   0.889 0.897 0.683 0.435  |  0.836 0.809 0.884  +0.049
      PROBE  2:10     150         799   0.767 0.719 0.421 0.475  |  0.825 0.706 0.869  +0.044
      PROBE  2:11     148         804   0.822 0.751 0.452 0.430  |  0.921 0.648 0.912  -0.009
      PROBE  2:12     146         851   0.855 0.855 0.670 0.574  |  0.873 0.702 0.865  -0.008
      PROBE  2:13     151         764   0.693 0.674 0.442 0.526  |  0.869 0.667 0.933  +0.064
      PROBE  2:14     150         803   0.705 0.593 0.401 0.541  |  0.876 0.525 0.782  -0.094
      PROBE  2:15     144         881   0.742 0.653 0.276 0.379  |  0.936 0.529 0.865  -0.071
      PROBE  3:0       99         660   0.679 0.736 0.559 0.323  |  0.750 0.379 0.710  -0.040
      PROBE  3:1       99         609   0.401 0.413 0.439 0.395  |  0.903 0.464 0.845  -0.059
      PROBE  3:2       96         633   0.656 0.644 0.444 0.593  |  0.867 0.474 0.674  -0.193
      PROBE  3:3       97         654   0.357 0.370 0.525 0.587  |  0.928 0.375 0.860  -0.068
      PROBE  3:4       94         640   0.479 0.524 0.546 0.348  |  0.876 0.376 0.763  -0.113
      PROBE  3:5       94         478   0.380 0.429 0.504 0.248  |  0.863   -     -      -  
      PROBE  3:6       96         669   0.481 0.479 0.506 0.522  |  0.908 0.417 0.874  -0.034
      PROBE  3:7       99         656   0.545 0.553 0.495 0.519  |  0.943 0.455 0.929  -0.014
      PROBE  4:0       46         281   0.378 0.384 0.553 0.392  |  0.758 0.430 0.622  -0.136
      PROBE  4:1       45         245   0.440 0.439 0.673 0.659  |  0.724 0.551 0.651  -0.073
      PROBE  4:2       48         274   0.301 0.271 0.503 0.517  |  0.737 0.681 0.733  -0.004
      PROBE  4:3       46         288   0.389 0.391 0.740 0.726  |  0.815 0.380 0.763  -0.052
      PROBE  5:0       12          41   0.152 0.156 0.206 0.206  |  0.129 0.823 0.846  +0.023
      PROBE  5:1       13          73   0.431 0.428 0.262 0.421  |  0.543 0.280 0.164  -0.379

    ovt_comp_pr_lin:
      diet   slot   reads  n_ont(last)   dpz    dp    conf   marg  |  crit  prior   comb   incr
      FILED  2:0      153         826   0.758 0.762 0.715 0.641  |  0.672 0.629 0.669  -0.003
      FILED  2:1      153         833   0.728 0.703 0.618 0.541  |  0.738 0.669 0.717  -0.021
      FILED  2:2      153         954   0.615 0.631 0.627 0.546  |  0.580 0.512 0.537  -0.044
      FILED  2:3      152         761   0.842 0.876 0.807 0.625  |  0.483 0.763 0.734  -0.029
      FILED  2:4      153         920   0.743 0.600 0.653 0.613  |  0.621 0.608 0.627  +0.005
      FILED  2:5      153         809   0.531 0.579 0.552 0.580  |  0.725 0.450 0.595  -0.130
      FILED  2:6      153         813   0.598 0.674 0.592 0.585  |  0.547 0.562 0.490  -0.072
      FILED  2:7      153        1024   0.532 0.567 0.471 0.617  |  0.582 0.397 0.400  -0.182
      FILED  2:8      153         825   0.707 0.699 0.689 0.656  |  0.736 0.652 0.658  -0.078
      FILED  2:9      153         636   0.687 0.688 0.693 0.678  |  0.686 0.589 0.594  -0.092
      FILED  2:10     153         818   0.557 0.509 0.544 0.552  |  0.658 0.410 0.514  -0.143
      FILED  2:11     153         730   0.487 0.505 0.166 0.445  |  0.885 0.264 0.480  -0.404
      FILED  2:12     153         850   0.546 0.586 0.565 0.553  |  0.545 0.429 0.455  -0.091
      FILED  2:13     153         837   0.511 0.553 0.502 0.510  |  0.642 0.458 0.581  -0.062
      FILED  2:14     152         798   0.520 0.557 0.530 0.479  |  0.623 0.489 0.545  -0.078
      FILED  2:15     153         793   0.612 0.742 0.668 0.674  |  0.699 0.388 0.518  -0.181
      FILED  3:0      101         725   0.802 0.719 0.586 0.841  |  0.650 0.688 0.649  -0.040
      FILED  3:1      101         933   0.568 0.633 0.671 0.615  |  0.746 0.529 0.697  -0.049
      FILED  3:2      101         650   0.431 0.558 0.526 0.569  |  0.688 0.420 0.555  -0.133
      FILED  3:3      101         698   0.684 0.692 0.612 0.626  |  0.701 0.638 0.700  -0.001
      FILED  3:4      101         819   0.616 0.460 0.363 0.577  |  0.746 0.507 0.611  -0.135
      FILED  3:5      101         827   0.441 0.463 0.452 0.426  |  0.563 0.397 0.354  -0.209
      FILED  3:6      101         917   0.560 0.570 0.549 0.547  |  0.557 0.441 0.447  -0.109
      FILED  3:7      101         831   0.539 0.606 0.558 0.487  |  0.533 0.316 0.327  -0.206
      FILED  4:0       49         344   0.537 0.556 0.632 0.486  |  0.506 0.400 0.497  -0.009
      FILED  4:1       50         821   0.657 0.581 0.591 0.558  |  0.614 0.452 0.481  -0.133
      FILED  4:2       50         851   0.433 0.543 0.553 0.470  |  0.654 0.336 0.510  -0.144
      FILED  4:3       50         672   0.469 0.600 0.587 0.582  |  0.716 0.459 0.645  -0.071
      FILED  5:0       15          56   0.292 0.708 0.708 0.708  |  0.958   -     -      -  
      FILED  5:1       15         272   0.561 0.463 0.542 0.416  |  0.388 0.352 0.432  +0.044
      PROBE  2:0      148         807   0.674 0.669 0.468 0.438  |  0.673 0.628 0.686  +0.012
      PROBE  2:1      151         821   0.755 0.730 0.350 0.524  |  0.603 0.709 0.728  +0.019
      PROBE  2:2      151         941   0.713 0.675 0.500 0.521  |  0.663 0.647 0.727  +0.065
      PROBE  2:3      148         732   0.876 0.850 0.558 0.570  |  0.501 0.826 0.803  -0.023
      PROBE  2:4      148         804   0.873 0.824 0.363 0.399  |  0.512 0.835 0.824  -0.010
      PROBE  2:5      150         789   0.787 0.751 0.482 0.512  |  0.712 0.753 0.770  +0.016
      PROBE  2:6      146         848   0.702 0.729 0.506 0.594  |  0.693 0.701 0.829  +0.128
      PROBE  2:7      147         920   0.812 0.803 0.483 0.529  |  0.683 0.762 0.797  +0.035
      PROBE  2:8      146         852   0.701 0.752 0.427 0.438  |  0.614 0.644 0.710  +0.066
      PROBE  2:9      150         699   0.841 0.803 0.364 0.481  |  0.652 0.828 0.851  +0.024
      PROBE  2:10     151         748   0.757 0.726 0.318 0.419  |  0.681 0.675 0.729  +0.049
      PROBE  2:11     150         749   0.769 0.760 0.351 0.381  |  0.673 0.526 0.548  -0.126
      PROBE  2:12     151         813   0.694 0.724 0.519 0.501  |  0.607 0.633 0.620  -0.014
      PROBE  2:13     152         808   0.716 0.711 0.425 0.473  |  0.734 0.693 0.803  +0.068
      PROBE  2:14     150         902   0.751 0.793 0.610 0.562  |  0.747 0.633 0.758  +0.011
      PROBE  2:15     142         745   0.612 0.591 0.455 0.499  |  0.719 0.541 0.737  +0.018
      PROBE  3:0       98         585   0.695 0.686 0.623 0.782  |  0.710 0.580 0.693  -0.017
      PROBE  3:1       96         623   0.662 0.687 0.562 0.544  |  0.698 0.643 0.717  +0.019
      PROBE  3:2       99         490   0.791 0.809 0.563 0.626  |  0.857 0.772 0.872  +0.015
      PROBE  3:3       98         647   0.838 0.846 0.617 0.715  |  0.801 0.767 0.861  +0.060
      PROBE  3:4       93         589   0.617 0.623 0.529 0.564  |  0.693 0.595 0.715  +0.023
      PROBE  3:5       97         557   0.563 0.569 0.472 0.284  |  0.761 0.468 0.691  -0.070
      PROBE  3:6       97         665   0.649 0.661 0.597 0.671  |  0.670 0.594 0.666  -0.003
      PROBE  3:7       90         572   0.658 0.647 0.459 0.527  |  0.684 0.520 0.546  -0.138
      PROBE  4:0       46         220   0.609 0.663 0.728 0.311  |  0.661 0.487 0.466  -0.196
      PROBE  4:1       47         287   0.554 0.568 0.586 0.546  |  0.746 0.495 0.690  -0.056
      PROBE  4:2       47         321   0.455 0.472 0.568 0.532  |  0.644 0.418 0.586  -0.058
      PROBE  4:3       48         317   0.560 0.564 0.415 0.410  |  0.614 0.501 0.522  -0.092
      PROBE  5:0        5          15   0.800 0.800 0.500 0.500  |  0.945   -     -      -  
      PROBE  5:1       11          60   0.516 0.518 0.407 0.287  |  0.383 0.318 0.384  +0.001

    ovt_comp_pr_sh:
      diet   slot   reads  n_ont(last)   dpz    dp    conf   marg  |  crit  prior   comb   incr
      FILED  2:0      153         899   0.585 0.565 0.549 0.571  |  0.712 0.414 0.582  -0.130
      FILED  2:1      153         726   0.707 0.728 0.654 0.537  |  0.632 0.510 0.617  -0.016
      FILED  2:2      153         789   0.513 0.621 0.638 0.569  |  0.665 0.442 0.644  -0.021
      FILED  2:3      148         928   0.663 0.617 0.603 0.552  |  0.606 0.520 0.488  -0.119
      FILED  2:4      153         761   0.576 0.675 0.674 0.568  |  0.752 0.275 0.339  -0.413
      FILED  2:5      153         850   0.526 0.545 0.502 0.470  |  0.657 0.435 0.526  -0.131
      FILED  2:6      153         664   0.516 0.575 0.503 0.557  |  0.553 0.400 0.413  -0.140
      FILED  2:7      153         772   0.549 0.560 0.535 0.525  |  0.589 0.471 0.513  -0.076
      FILED  2:8      153        1024   0.429 0.498 0.451 0.495  |  0.592 0.478 0.538  -0.054
      FILED  2:9      153         777   0.727 0.753 0.739 0.591  |  0.735 0.693 0.714  -0.020
      FILED  2:10     153         744   0.642 0.593 0.648 0.630  |  0.631 0.520 0.569  -0.062
      FILED  2:11     153         717   0.751 0.659 0.680 0.658  |  0.777 0.682 0.752  -0.024
      FILED  2:12     153         734   0.513 0.623 0.607 0.577  |  0.570 0.426 0.472  -0.098
      FILED  2:13     153         667   0.477 0.539 0.495 0.476  |  0.665 0.419 0.592  -0.073
      FILED  2:14     149         780   0.586 0.552 0.544 0.586  |  0.554 0.540 0.500  -0.054
      FILED  2:15     153         882   0.687 0.627 0.591 0.600  |  0.580 0.661 0.613  -0.049
      FILED  3:0      101         771   0.559 0.642 0.587 0.617  |  0.656 0.445 0.611  -0.044
      FILED  3:1      101         895   0.547 0.576 0.536 0.522  |  0.658 0.509 0.546  -0.112
      FILED  3:2      101         905   0.509 0.742 0.734 0.610  |  0.739 0.408 0.629  -0.110
      FILED  3:3      101         890   0.662 0.637 0.575 0.596  |  0.652 0.602 0.636  -0.016
      FILED  3:4      101         764   0.602 0.586 0.502 0.564  |  0.558 0.574 0.504  -0.070
      FILED  3:5      101         701   0.542 0.606 0.618 0.448  |  0.645 0.490 0.604  -0.041
      FILED  3:6      101         915   0.576 0.565 0.546 0.540  |  0.617 0.512 0.566  -0.051
      FILED  3:7      101         722   0.568 0.609 0.592 0.604  |  0.727 0.455 0.648  -0.079
      FILED  4:0       50         597   0.801 0.801 0.643 0.554  |  0.668 0.671 0.583  -0.089
      FILED  4:1       49         689   0.635 0.479 0.445 0.507  |  0.731 0.344 0.640  -0.092
      FILED  4:2       50         783   0.604 0.616 0.572 0.697  |  0.534 0.475 0.447  -0.087
      FILED  4:3       50         911   0.567 0.595 0.630 0.625  |  0.686 0.446 0.420  -0.266
      FILED  5:0       15          27     -     -     -     -    |    -     -     -      -  
      FILED  5:1       15         571   0.695 0.628 0.586 0.594  |  0.571 0.525 0.506  -0.065
      PROBE  2:0      150         871   0.553 0.521 0.431 0.518  |  0.661 0.521 0.644  -0.017
      PROBE  2:1      149         689   0.788 0.791 0.531 0.540  |  0.853 0.687 0.799  -0.054
      PROBE  2:2      150         855   0.790 0.772 0.507 0.503  |  0.829 0.745 0.812  -0.017
      PROBE  2:3      148         887   0.847 0.832 0.549 0.497  |  0.859 0.786 0.845  -0.014
      PROBE  2:4      151         732   0.667 0.668 0.495 0.389  |  0.749 0.557 0.678  -0.071
      PROBE  2:5      149         847   0.728 0.705 0.471 0.571  |  0.818 0.712 0.818  -0.000
      PROBE  2:6      150         705   0.637 0.684 0.550 0.592  |  0.848 0.633 0.846  -0.002
      PROBE  2:7      146         986   0.802 0.769 0.453 0.482  |  0.792 0.783 0.854  +0.062
      PROBE  2:8      151        1011   0.685 0.676 0.400 0.422  |  0.685 0.661 0.730  +0.045
      PROBE  2:9      150         808   0.790 0.800 0.569 0.495  |  0.819 0.781 0.834  +0.015
      PROBE  2:10     150         726   0.858 0.827 0.447 0.447  |  0.787 0.768 0.794  +0.008
      PROBE  2:11     149         747   0.734 0.699 0.551 0.570  |  0.878 0.682 0.848  -0.030
      PROBE  2:12     144         836   0.724 0.728 0.507 0.552  |  0.728 0.666 0.752  +0.024
      PROBE  2:13     150         678   0.697 0.710 0.435 0.481  |  0.791 0.691 0.801  +0.010
      PROBE  2:14     149         819   0.809 0.813 0.478 0.488  |  0.840 0.748 0.826  -0.014
      PROBE  2:15     145         927   0.710 0.706 0.448 0.571  |  0.749 0.676 0.780  +0.031
      PROBE  3:0       95         603   0.609 0.599 0.418 0.757  |  0.873 0.569 0.846  -0.028
      PROBE  3:1       97         680   0.630 0.635 0.412 0.404  |  0.777 0.603 0.755  -0.021
      PROBE  3:2       97         637   0.768 0.783 0.638 0.726  |  0.891 0.707 0.853  -0.038
      PROBE  3:3       97         667   0.691 0.670 0.405 0.560  |  0.851 0.662 0.828  -0.024
      PROBE  3:4       99         658   0.674 0.668 0.523 0.712  |  0.829 0.665 0.832  +0.003
      PROBE  3:5       99         684   0.615 0.638 0.570 0.450  |  0.795 0.581 0.740  -0.054
      PROBE  3:6      100         724   0.675 0.682 0.549 0.609  |  0.838 0.645 0.811  -0.026
      PROBE  3:7       98         618   0.766 0.777 0.649 0.665  |  0.851 0.736 0.857  +0.006
      PROBE  4:0       46         289   0.570 0.609 0.628 0.570  |  0.730 0.425 0.686  -0.044
      PROBE  4:1       46         272   0.512 0.506 0.490 0.517  |  0.700 0.343 0.537  -0.163
      PROBE  4:2       48         302   0.595 0.600 0.546 0.406  |  0.700 0.517 0.614  -0.086
      PROBE  4:3       48         333   0.534 0.527 0.527 0.548  |  0.748 0.490 0.705  -0.042
      PROBE  5:1       11          99   0.544 0.574 0.517 0.515  |  0.715 0.455 0.622  -0.093

    vo_s3:voi3_dp: no free scores.
    vo_s3b:voi3b_comp_pr_yk: no free scores.
    vo_s3b:voi3b_comp_yk: no free scores.
====================================================================================================
[J3] THE PROBE DRAW — uniform against disagreement, and the AUC read on each  [S3]
====================================================================================================
    §26 draws the substituted class uniformly. S3 spends the SAME budget on the
    on-table candidate of another class that maximises |z(dp) - z(critic)| at that
    context, keeping `ov_probe_unif_frac` of it uniform SO THAT the `unif` column below
    stays comparable to the banked uniform twin's probe AUC. The `dis` column is read on
    a harder, SELECTED candidate set and is NOT comparable to it — that is the point of
    splitting them and the confound the split exists to keep visible.

    ovt_comp_pr_dis: probes 208845, drawn by disagreement 156636 (0.750 of the budget)
      slot   reads   unif n(last)  unif auc (med/last)   dis n(last)  dis auc (med/last)
      2:0      148           184  0.863/0.784               581  0.915/0.894
      2:1      143           189  0.751/0.909               616       -       
      2:2      146           202  0.772/0.767               606  0.912/0.791
      2:3      148           170  0.768/0.889               570  0.984/1.000
      2:4      129           172  0.786/0.877               567  0.891/0.947
      2:5      140           201  0.846/0.853               638  0.865/0.967
      2:6      140           223  0.720/0.915               657  0.969/0.982
      2:7      145           229  0.659/0.889               631  0.975/1.000
      2:8      149           225  0.923/0.893               672  0.885/0.719
      2:9      149           198  0.762/0.853               573  0.873/0.847
      2:10     150           214  0.846/0.874               585  0.832/0.950
      2:11     148           196  0.802/0.853               608  0.996/0.998
      2:12     138           208  0.885/0.791               643  0.892/0.831
      2:13     150           191  0.829/0.828               573  0.782/0.982
      2:14     148           190  0.825/0.863               613  0.896/0.990
      2:15     105           217  0.789/0.830               664       -       
      3:0       75           165  0.605/0.779               495  0.769/0.793
      3:1       96           143  0.813/0.794               466  0.916/0.931
      3:2       88           155  0.831/0.851               478  0.871/0.900
      3:3       86           176  0.779/0.830               478  0.943/0.943
      3:4       85           168  0.917/0.970               472  0.768/0.948
      3:5       79           118  0.756/0.786               360  0.894/0.929
      3:6       87           164  0.821/0.876               505  0.930/0.935
      3:7       94           176  0.841/0.892               480  0.991/0.978
      4:0       46            72  0.688/0.684               243  0.774/0.817
      4:1       43            88  0.640/0.732               207  0.773/0.721
      4:2       48            72  0.807/0.697               247  0.745/0.829
      4:3       46            68  0.672/0.669               236  0.861/0.863
      5:0        8            10       -                       31  0.000/0.048
      5:1       10            22  0.561/0.580                58  0.436/0.507

    ovt_comp_pr_lin: probes 207988, drawn by disagreement 0 (0.000 of the budget)
      slot   reads   unif n(last)  unif auc (med/last)   dis n(last)  dis auc (med/last)
      2:0      133           807  0.673/0.706                 0       -       
      2:1      151           821  0.603/0.650                 0       -       
      2:2      150           941  0.663/0.738                 0       -       
      2:3      142           732  0.501/0.706                 0       -       
      2:4      148           804  0.512/0.588                 0       -       
      2:5      150           789  0.712/0.713                 0       -       
      2:6      146           848  0.693/0.745                 0       -       
      2:7      147           920  0.683/0.648                 0       -       
      2:8      146           852  0.614/0.588                 0       -       
      2:9      150           699  0.652/0.753                 0       -       
      2:10     150           748  0.681/0.776                 0       -       
      2:11     143           749  0.673/0.621                 0       -       
      2:12     142           813  0.607/0.763                 0       -       
      2:13     151           808  0.734/0.706                 0       -       
      2:14     150           902  0.747/0.737                 0       -       
      2:15     137           745  0.719/0.694                 0       -       
      3:0       98           585  0.710/0.737                 0       -       
      3:1       95           623  0.698/0.700                 0       -       
      3:2       88           490  0.857/0.879                 0       -       
      3:3       97           647  0.801/0.809                 0       -       
      3:4       75           589  0.693/0.735                 0       -       
      3:5       97           557  0.761/0.799                 0       -       
      3:6       97           665  0.670/0.702                 0       -       
      3:7       88           572  0.684/0.692                 0       -       
      4:0       46           253  0.683/0.670                 0       -       
      4:1       47           314  0.769/0.812                 0       -       
      4:2       47           357  0.643/0.614                 0       -       
      4:3       48           381  0.609/0.656                 0       -       
      5:0        5            16  0.945/0.927                 0       -       
      5:1       11            71  0.404/0.494                 0       -       

    ovt_comp_pr_sh: probes 208487, drawn by disagreement 0 (0.000 of the budget)
      slot   reads   unif n(last)  unif auc (med/last)   dis n(last)  dis auc (med/last)
      2:0      150           871  0.661/0.859                 0       -       
      2:1      145           689  0.853/0.925                 0       -       
      2:2      150           855  0.829/0.901                 0       -       
      2:3      112           887  0.859/0.824                 0       -       
      2:4      145           732  0.749/0.833                 0       -       
      2:5      149           847  0.818/0.866                 0       -       
      2:6      143           705  0.848/0.937                 0       -       
      2:7      146           986  0.792/0.853                 0       -       
      2:8      140          1011  0.685/0.830                 0       -       
      2:9      150           808  0.819/0.912                 0       -       
      2:10     150           726  0.787/0.852                 0       -       
      2:11     149           747  0.878/0.930                 0       -       
      2:12     144           836  0.728/0.830                 0       -       
      2:13     150           678  0.791/0.838                 0       -       
      2:14     149           819  0.840/0.957                 0       -       
      2:15     136           927  0.749/0.841                 0       -       
      3:0       95           604  0.873/0.905                 0       -       
      3:1       97           680  0.777/0.868                 0       -       
      3:2       97           637  0.891/0.887                 0       -       
      3:3       76           667  0.851/0.826                 0       -       
      3:4       99           658  0.829/0.892                 0       -       
      3:5       99           684  0.795/0.800                 0       -       
      3:6      100           725  0.838/0.854                 0       -       
      3:7       98           618  0.851/0.838                 0       -       
      4:0       46           309  0.718/0.760                 0       -       
      4:1       46           287  0.712/0.732                 0       -       
      4:2       48           307  0.685/0.712                 0       -       
      4:3       48           354  0.750/0.769                 0       -       
      5:1       11           120  0.740/0.739                 0       -       

    vo_s3:voi3_dp: probes 0, drawn by disagreement 0 (0.000 of the budget)
      (no split read)

    vo_s3b:voi3b_comp_pr_yk: probes 208487, drawn by disagreement 0 (0.000 of the budget)
      (no split read)

    vo_s3b:voi3b_comp_yk: probes 0, drawn by disagreement 0 (0.000 of the budget)
      (no split read)

====================================================================================================
[R] GATE R-1 AT FULL SCALE — the shadow-carrying arm against the banked Q3b cell
====================================================================================================
    The strongest inertness evidence this round has, and it is free: the re-run that
    carries the S1 shadows, the S2 free scores and the row dump must be the banked
    `vo_s3b:voi3b_comp_pr_yk` BIT FOR BIT on every behaviour series, including `t_cum`
    — the instruments are unpriced, so not even the bill may move. `vo_s3` §31 point 6
    is the precedent: a cross-tag identity at full scale is far stronger than the
    27-cycle preflight twin the gate is asserted on.

    ovt_comp_pr_sh  vs banked  vo_s3b:voi3b_comp_pr_yk
      max|delta| = 0.000e+00  (worst series None, first differing cycle None)   commits equal = True
      per series: e=0.0e+00  succ=0.0e+00  dres=0.0e+00  n_solved=0.0e+00  n_mined=0.0e+00  n_moves=0.0e+00  width=0.0e+00  e_practice=0.0e+00  vloss=0.0e+00  gloss=0.0e+00  t_cum=0.0e+00
      VERDICT: PASS — bit-identical

====================================================================================================
[K] EPSILON — its OWN counters, and the frontier it is confined to
====================================================================================================
    `n_eps` counts calls where epsilon FIRED; `eps_shift` those where the uniform class
    draw actually changed the write (it is below `n_eps` because a uniform draw can land
    on the class the argmax would have written). These are separate from `shift`, which
    also counts the CRITIC re-deciding — on a governed arm the two are not separable
    from `shift` alone. Q1 §19 is why the frontier confinement exists at all.

    ovt_comp_pr_dis: epsilon never fired (argmax arm).

    ovt_comp_pr_lin: epsilon never fired (argmax arm).

    ovt_comp_pr_sh: epsilon never fired (argmax arm).

====================================================================================================
[L] GOVERNANCE — which slots the critic earned, when, and how often it moved the write
====================================================================================================
    A slot is governed once it holds `vo_critic_min` filed rows. `shift - eps_shift`
    is the part of the re-decision the CRITIC is responsible for.

    ovt_comp_pr_dis:  30 slots governed
      slot   first  last   calls     critic-moved share
      2:0   c49    c201    179106               0.385
      2:1   c49    c201    134723               0.365
      2:2   c49    c201     81640               0.409
      2:3   c49    c201     82071               0.393
      2:4   c49    c201     46307               0.489
      2:5   c49    c201    409692               0.239
      2:6   c49    c201    257269               0.261
      2:7   c49    c201    127168               0.414
      2:8   c49    c201    128104               0.314
      2:9   c49    c201     95615               0.482
      2:10  c49    c201    327296               0.305
      2:11  c49    c201     88067               0.479
      2:12  c49    c201    673972               0.195
      2:13  c49    c201    676146               0.176
      2:14  c49    c201     76297               0.338
      2:15  c49    c201    120877               0.348
      3:0   c101   c201    110052               0.365
      3:1   c101   c201    114509               0.389
      3:2   c101   c201    101668               0.429
      3:3   c101   c201    211385               0.228
      3:4   c101   c201    273000               0.220
      3:5   c101   c201    134429               0.538
      3:6   c101   c201   1180320               0.244
      3:7   c101   c201    180975               0.322
      4:0   c152   c201    127651               0.374
      4:1   c152   c201    220944               0.072
      4:2   c152   c201    312285               0.121
      4:3   c152   c201    510260               0.115
      5:0   c188   c201     36301               0.782
      5:1   c187   c201     94357               0.729

    ovt_comp_pr_lin:  30 slots governed
      slot   first  last   calls     critic-moved share
      2:0   c49    c201     93003               0.498
      2:1   c49    c201    301397               0.234
      2:2   c49    c201     86152               0.496
      2:3   c49    c201    131312               0.500
      2:4   c49    c201     80375               0.496
      2:5   c49    c201    204043               0.266
      2:6   c49    c201    422676               0.256
      2:7   c49    c201    215990               0.266
      2:8   c49    c201     72979               0.496
      2:9   c49    c201    193108               0.338
      2:10  c49    c201    223321               0.363
      2:11  c49    c201     64789               0.611
      2:12  c49    c201   1183175               0.176
      2:13  c49    c201    785570               0.159
      2:14  c49    c201    200709               0.269
      2:15  c49    c201    222563               0.363
      3:0   c101   c201     80168               0.215
      3:1   c101   c201     76202               0.393
      3:2   c101   c201    110351               0.110
      3:3   c101   c201    211463               0.227
      3:4   c101   c201     78180               0.385
      3:5   c101   c201     79721               0.488
      3:6   c101   c201    837405               0.122
      3:7   c101   c201    245946               0.194
      4:0   c153   c201     59699               0.032
      4:1   c152   c201    236172               0.003
      4:2   c152   c201    162835               0.089
      4:3   c152   c201    500209               0.008
      5:0   c188   c201     30664               0.000
      5:1   c187   c201     88329               0.000

    ovt_comp_pr_sh:  30 slots governed
      slot   first  last   calls     critic-moved share
      2:0   c49    c201    117492               0.432
      2:1   c49    c201     63459               0.441
      2:2   c49    c201    156528               0.333
      2:3   c49    c201     62717               0.517
      2:4   c49    c201     98253               0.395
      2:5   c49    c201    206574               0.210
      2:6   c49    c201    331854               0.217
      2:7   c49    c201    251925               0.229
      2:8   c49    c201     97704               0.530
      2:9   c49    c201     61859               0.439
      2:10  c49    c201    141005               0.386
      2:11  c49    c201     66066               0.474
      2:12  c49    c201    856428               0.199
      2:13  c49    c201    633216               0.199
      2:14  c49    c201     83145               0.298
      2:15  c49    c201     66521               0.375
      3:0   c101   c201    175583               0.297
      3:1   c101   c201    166042               0.393
      3:2   c101   c201    203234               0.227
      3:3   c101   c201    113797               0.126
      3:4   c101   c201    152134               0.405
      3:5   c101   c201    223144               0.392
      3:6   c101   c201   1306063               0.200
      3:7   c101   c201    562734               0.081
      4:0   c152   c201    111448               0.549
      4:1   c152   c201    142406               0.071
      4:2   c152   c201    156992               0.722
      4:3   c152   c201    282716               0.087
      5:0   c188   c201     32375               0.009
      5:1   c187   c201    121955               0.077

====================================================================================================
[M] THE CORRIDOR UNDER A MOVED WRITE — misfire with the treatment's own draws removed
====================================================================================================
    `n_misfire` counts FIRED rows (the head executed) whose span did not match
    `dp_features` exactly. Where the treatment RE-DECIDED the write, a mismatch with the
    DP's row IS the treatment and not a defect — so the raw rate is not the corridor's
    health on a treated arm.

    [Q3] THE SPLIT Q2 COULD NOT MAKE. `n_sampled` / `n_xp_shift` count every
    re-decided call, OPEN and CLOSED alike, and `n_fired` counts only calls the head
    executed — so on an arm whose corridor is mostly shut, Q2's `shift - misfire` was
    a subtraction across two different denominators and `excess` had to be withheld
    wherever `shift > n_misfire`. The recorder now tallies the shift BY PATH
    (`n_shift_fired` / `n_shift_closed`), so `excess` below is
        (n_misfire - shift_FIRED) / n_fired
    on the same denominator throughout. It is the misfire the moved write does NOT
    explain. A negative value means the head matched the DP on rows the treatment had
    moved — possible, and printed rather than clipped. Q2's undecomposable form is kept
    in the last two columns so a Q2 tag reduces to the same numbers it did.

    arm                    open max/last  n_fired    misfire   shift_fire  shift_clos   excess    [Q2 form]
    ovt_comp_pr_dis            30 /   30    6225783    0.2426     1312485      571418    0.0318   shift/sampled 0.2649 excess n/a
    ovt_comp_pr_lin            30 /   30    6468968    0.2377     1054819      467512    0.0746   shift/sampled 0.2092 excess 0.0023
    ovt_comp_pr_sh             30 /   30    6225371    0.2592     1320193      418507    0.0471   shift/sampled 0.2468 excess n/a

    n_open per 10 cycles:
      ovt_comp_pr_dis          0   0   0   0   0   1  16  16  16  16  16  24  24  24  24  24  28  28  27  29  30
      ovt_comp_pr_lin          0   0   0   0   0   2  13  14  16  16  16  23  21  24  23  24  28  28  28  29  30
      ovt_comp_pr_sh           0   0   0   0   0   1  16  16  16  16  16  24  23  24  23  24  27  28  27  28  30

====================================================================================================
[N] THE COMPOSED CHOICE — how often the critic moved the write off the DP's row
====================================================================================================
    On a governed slot the composed chooser is  argmax_t  z(dp_t / span) + w * z(critic_t)
    over the on-table candidates, each z-scored over the candidate SET. `moved` is the
    share of governed calls where that argmax is not the DP's own argmax — MEASURED at
    the choice, never inferred from the write.

    `dp_vs_head` is printed beside it and is a DIFFERENT quantity: on an OPEN slot the
    executor's own would-be write is the head's emission, not the DP's row, so the two
    priors already disagree before the critic is consulted. Reading `moved` without it
    would attribute that standing disagreement to the critic. It is 0 on a closed slot
    by construction (there the DP IS the writer).

    A `moved` share near 0 says the critic is decorative at this w; near 1 says the DP
    is. Neither is a defect and neither is read as one here.

    ovt_comp_pr_dis:  mode=composed  w=1.0
      cell    governed calls      moved   share    dp_vs_head share
      2n0             179106      74973   0.419              0.100
      2n1             134723      55752   0.414              0.138
      2n2              81640      37302   0.457              0.123
      2n3              82071      34355   0.419              0.115
      2n4              46307      24652   0.532              0.113
      2n5             409692     119464   0.292              0.090
      2n6             257269      77382   0.301              0.074
      2n7             127168      59181   0.465              0.111
      2n8             128104      41419   0.323              0.089
      2n9              95615      51148   0.535              0.144
      2n10            327296     110054   0.336              0.096
      2n11             88067      45845   0.521              0.111
      2n12            673972     137726   0.204              0.096
      2n13            676146     129324   0.191              0.095
      2n14             76297      28702   0.376              0.088
      2n15            120877      48269   0.399              0.117
      3n0             110052      43373   0.394              0.071
      3n1             114509      50111   0.438              0.139
      3n2             101668      46112   0.454              0.072
      3n3             211385      61601   0.291              0.077
      3n4             273000      67899   0.249              0.079
      3n5             134429      71958   0.535              0.206
      3n6            1180320     340147   0.288              0.158
      3n7             180975      61896   0.342              0.081
      4n0             127651      43033   0.337              0.090
      4n1             220944      12447   0.056              0.024
      4n2             312285      37625   0.120              0.030
      4n3             510260      56030   0.110              0.018
      5n0              36301      28374   0.782              0.000
      5n1              94357      67260   0.713              0.023
      ALL            7112486    2063414   0.290

    ovt_comp_pr_lin:  mode=composed  w=1.0
      cell    governed calls      moved   share    dp_vs_head share
      2n0              93003      55122   0.593              0.150
      2n1             301397      88030   0.292              0.115
      2n2              86152      49665   0.576              0.144
      2n3             131312      81031   0.617              0.161
      2n4              80375      44842   0.558              0.110
      2n5             204043      69854   0.342              0.130
      2n6             422676     138076   0.327              0.093
      2n7             215990      73528   0.340              0.118
      2n8              72979      44376   0.608              0.159
      2n9             193108      76401   0.396              0.156
      2n10            223321      94042   0.421              0.120
      2n11             64789      44544   0.688              0.133
      2n12           1183175     282795   0.239              0.139
      2n13            785570     180048   0.229              0.110
      2n14            200709      69940   0.348              0.117
      2n15            222563     108658   0.488              0.180
      3n0              80168      19595   0.244              0.064
      3n1              76202      33068   0.434              0.115
      3n2             110351      15607   0.141              0.055
      3n3             211463      74223   0.351              0.202
      3n4              78180      33122   0.424              0.079
      3n5              79721      42605   0.534              0.138
      3n6             837405     166238   0.199              0.147
      3n7             245946      74766   0.304              0.175
      4n0              59699       3460   0.058              0.033
      4n1             236172        670   0.003              0.000
      4n2             162835      16134   0.099              0.013
      4n3             500209       9773   0.020              0.014
      5n0              30664          6   0.000              0.000
      5n1              88329          0   0.000              0.000
      ALL            7278506    1990219   0.273

    ovt_comp_pr_sh:  mode=composed  w=1.0
      cell    governed calls      moved   share    dp_vs_head share
      2n0             117492      56684   0.482              0.146
      2n1              63459      30013   0.473              0.140
      2n2             156528      60015   0.383              0.089
      2n3              62717      34591   0.552              0.129
      2n4              98253      42885   0.436              0.095
      2n5             206574      51710   0.250              0.091
      2n6             331854      89129   0.269              0.080
      2n7             251925      62082   0.246              0.091
      2n8              97704      54542   0.558              0.127
      2n9              61859      28307   0.458              0.132
      2n10            141005      59587   0.423              0.114
      2n11             66066      33646   0.509              0.112
      2n12            856428     193119   0.225              0.117
      2n13            633216     144336   0.228              0.088
      2n14             83145      29915   0.360              0.089
      2n15             66521      26456   0.398              0.116
      3n0             175583      59066   0.336              0.105
      3n1             166042      77074   0.464              0.200
      3n2             203234      54791   0.270              0.093
      3n3             113797      15655   0.138              0.038
      3n4             152134      69457   0.457              0.141
      3n5             223144     109615   0.491              0.214
      3n6            1306063     340641   0.261              0.159
      3n7             562734      70519   0.125              0.071
      4n0             111448      62045   0.557              0.121
      4n1             142406      10140   0.071              0.000
      4n2             156992     111547   0.711              0.096
      4n3             282716      23991   0.085              0.009
      5n0              32375        277   0.009              0.000
      5n1             121955       9406   0.077              0.000
      ALL            7045369    2011241   0.285

====================================================================================================
[O] BABBLING OFF-STREAM — the probe's counts, what it graded, and its share of the bill
====================================================================================================
    Per governed slot per cycle, up to `vo_probe_n` filed contexts: the trajectory's
    FINAL configuration with a DIFFERENT on-table class substituted at that slot,
    rendered and graded once. The verdict answers 'would this write ALONE have been
    right, holding the rest of the trajectory fixed' — not 'would the beam have
    solved it'; the rest of the trajectory is the beam's own, unchanged. Said here
    because the probe's solve rate is only comparable to the FILED rate under that
    reading.

    PRICED: every probe grading is a grounding on the meter at `d_fb`, inside the
    cycle's own ledger. `share` below is of the WHOLE cycle's priced ledger, the
    probe's own cost included — the number the design's ~5% cap is stated against.
    Gate V-4B asserts the bill moved by exactly the probe count and gate V-5 that
    nothing else did.

    arm                    probes   graded    solved   solve rate    bill: mean / max    cycles billed
    ovt_comp_pr_dis        208845   208845      9118       0.0437    0.0056 / 0.0081        152 / 201
    ovt_comp_pr_lin        207988   207988     10735       0.0516    0.0055 / 0.0083        152 / 201
    ovt_comp_pr_sh         208487   208487     13334       0.0640    0.0056 / 0.0083        152 / 201

    the FILED solve rate on the same slots, for the comparison the reading above
    licenses (both are per-write verdicts; the filed one is on the write that was
    actually made, the probe one on a substitution into the same final state):
      ovt_comp_pr_dis        filed  150206/466235  = 0.3222    probe    9118/208845  = 0.0437
      ovt_comp_pr_lin        filed   96928/458893  = 0.2112    probe   10735/207988  = 0.0516
      ovt_comp_pr_sh         filed  136749/461331  = 0.2964    probe   13334/208487  = 0.0640

    the bill per era, so a share that grows with the ladder is visible:
      ovt_comp_pr_dis        e1:0.0007  e2:0.0041  e3:0.0059  e4:0.0066  e5:0.0068
      ovt_comp_pr_lin        e1:0.0007  e2:0.0041  e3:0.0058  e4:0.0066  e5:0.0071
      ovt_comp_pr_sh         e1:0.0008  e2:0.0040  e3:0.0059  e4:0.0066  e5:0.0072

====================================================================================================
[Y] THE CLOCK YOKES — realised against planned (gate Y-1's check, post hoc)
====================================================================================================
    A clock yoke replays its source's realised commit and advance CYCLES and decides
    nothing else. That is the round's whole control: the chooser is read at L4 and L5
    with the same slots open at the same cycles as the anchor, so a level-resolved
    readout is not silently comparing two different ladders. Gate Y-1 asserts the match
    in `preflight`; this is the same check on the paid tag.

    `cancelled` actions are EXCLUDED from the match and printed separately: a replayed
    commit whose build is empty is cancelled by the substrate, not by the clock. Those
    are a finding about the arm's BOOK — it had nothing to commit at a cycle the anchor
    did — and are the one place a yoked arm's ladder can still fall short of its source.

    source: vo_s3:voi3_dp
    ovt_comp_pr_dis
      commits   planned [48, 100, 151, 186]
                realised [48, 100, 151, 186]    MATCH = True
      advances  planned [60, 110, 180, 192, 201]
                realised [60, 110, 180, 192, 201]    MATCH = True
      cancelled (the book had nothing to commit there): none
      commit LEVELS realised: [(2, 48), (3, 100), (4, 151), (5, 186)]
      lifetime  source 201 cycles / 51,208,256g    yoke 201 cycles / 51,358,682g

    ovt_comp_pr_lin
      commits   planned [48, 100, 151, 186]
                realised [48, 100, 151, 186]    MATCH = True
      advances  planned [60, 110, 180, 192, 201]
                realised [60, 110, 180, 192, 201]    MATCH = True
      cancelled (the book had nothing to commit there): none
      commit LEVELS realised: [(2, 48), (3, 100), (4, 151), (5, 186)]
      lifetime  source 201 cycles / 51,208,256g    yoke 201 cycles / 51,376,334g

    ovt_comp_pr_sh
      commits   planned [48, 100, 151, 186]
                realised [48, 100, 151, 186]    MATCH = True
      advances  planned [60, 110, 180, 192, 201]
                realised [60, 110, 180, 192, 201]    MATCH = True
      cancelled (the book had nothing to commit there): none
      commit LEVELS realised: [(2, 48), (3, 100), (4, 151), (5, 186)]
      lifetime  source 201 cycles / 51,208,256g    yoke 201 cycles / 51,358,593g


====================================================================================================
[Z] THE L4/L5 PANEL — every readout the round turns on, at the cells it turns on
====================================================================================================
    Q3 could not produce this table: no treated arm except Q2's replace-critic had an
    L4 or L5 slot at all, because each one reached or missed L3 through the commit
    latch's response to its own L2 writes. With the ladder yoked, every arm has the
    anchor's slots at the anchor's cycles and the chooser is finally READ where the
    node is about.

    rep     the written class holds SOME feature that repairs the instance there — the
            honest measure, and on an open slot it IS the head's class accuracy on
            held-out data (fresh instances every cycle).
    cont    it holds the CLEAN derivation's latent — a stricter and less forgiving read;
            the gap between the two is the chooser spreading over classes the clean
            derivation did not carry (`DESIGN.md` §23's correction).
    dist    distinct tuples written, `top1` the share of filed writes on one tuple.
    moved   the composed argmax was not the DP's row (composed arms only).

    ovt_comp_pr_dis:
      cell    rows   writes    rep          cont         dist  top1    moved
      4n0       164     9180   0.298 (  3151)  0.645 (  9180)    1.9  0.861   0.337
      4n1       164    10208   0.537 (  3141)  0.862 ( 10208)    1.2  0.953   0.056
      4n2       164    14833   0.398 (  3200)  0.305 ( 14833)    1.2  0.963   0.120
      4n3       164    20952   0.710 (  3197)  0.762 ( 20952)    1.8  0.896   0.110
      5n0        96      628   0.334 (   479)  0.932 (   628)    1.1  0.975   0.782
      5n1        96     3598   0.906 (   954)  0.652 (  3598)    1.6  0.839   0.713

    ovt_comp_pr_lin:
      cell    rows   writes    rep          cont         dist  top1    moved
      4n0       192     3985   0.275 (  2792)  0.716 (  3985)    1.3  0.930   0.058
      4n1       192     9643   0.391 (  3135)  0.882 (  9643)    1.0  1.000   0.003
      4n2       192     8247   0.375 (  3059)  0.737 (  8247)    1.1  0.964   0.099
      4n3       192    19633   0.625 (  3200)  0.833 ( 19633)    1.0  0.996   0.020
      5n0       160      630   0.465 (   428)  0.911 (   630)    1.0  1.000   0.000
      5n1       160     3288   0.620 (   921)  0.931 (  3288)    1.0  1.000   0.000

    ovt_comp_pr_sh:
      cell    rows   writes    rep          cont         dist  top1    moved
      4n0       196     5819   0.278 (  3057)  0.576 (  5819)    2.0  0.784   0.557
      4n1       196     6867   0.392 (  3123)  0.898 (  6867)    1.1  0.987   0.071
      4n2       196     7250   0.307 (  3103)  0.419 (  7250)    2.2  0.786   0.711
      4n3       196    11494   0.727 (  3159)  0.858 ( 11494)    1.6  0.941   0.085
      5n0       144      688   0.505 (   479)  0.881 (   688)    1.1  0.955   0.009
      5n1       144     4992   0.730 (   960)  0.886 (  4992)    1.3  0.943   0.077

    vo_s3:voi3_dp:
      cell    rows   writes    rep          cont         dist  top1    moved
      4n0       188     4711   0.269 (  2718)  0.719 (  4711)    1.2  0.951     -  
      4n1       188     9914   0.393 (  3182)  0.882 (  9914)    1.0  1.000     -  
      4n2       188     7494   0.368 (  3105)  0.758 (  7494)    1.5  0.898     -  
      4n3       188    18671   0.632 (  3200)  0.821 ( 18671)    1.7  0.943     -  
      5n0       192     2107   0.356 (   884)  0.917 (  2107)    1.4  0.924     -  
      5n1       192     2956   0.691 (   887)  0.916 (  2956)    1.0  1.000     -  

    vo_s3b:voi3b_comp_pr_yk:
      cell    rows   writes    rep          cont         dist  top1    moved
      4n0       196     5819   0.278 (  3057)  0.576 (  5819)    2.0  0.784   0.557
      4n1       196     6867   0.392 (  3123)  0.898 (  6867)    1.1  0.987   0.071
      4n2       196     7250   0.307 (  3103)  0.419 (  7250)    2.2  0.786   0.711
      4n3       196    11494   0.727 (  3159)  0.858 ( 11494)    1.6  0.941   0.085
      5n0       144      688   0.505 (   479)  0.881 (   688)    1.1  0.955   0.009
      5n1       144     4992   0.730 (   960)  0.886 (  4992)    1.3  0.943   0.077

    vo_s3b:voi3b_comp_yk:
      cell    rows   writes    rep          cont         dist  top1    moved
      4n0       160     6093   0.284 (  3057)  0.731 (  6093)    1.8  0.756   0.093
      4n1       160     8020   0.451 (  3191)  0.868 (  8020)    1.7  0.849   0.134
      4n2       160     7743   0.489 (  3037)  0.815 (  7743)    1.4  0.972   0.066
      4n3       160    18161   0.683 (  3200)  0.859 ( 18161)    1.6  0.951   0.043
      5n0       128      796   0.526 (   468)  0.918 (   796)    1.2  0.937   0.026
      5n1       128     4908   0.830 (   960)  0.659 (  4908)    2.1  0.885   0.461

====================================================================================================
[Z2] POOLED BY LEVEL — so a chooser reading is not frontier-only
====================================================================================================
    `voicing` Q3c's finding is that the L2/L3 cells REPLICATE across seeds and the
    frontier cells do not: at three seeds the composed chooser was +18.5% / +24.5% /
    +19.3% relative at L2/L3 and disagreed with itself at L4/L5. So a treatment read
    only at the frontier is read where this lineage already knows the measurement is
    unstable. These are the same `rep` and `moved` tallies as [E] and [Z], pooled over
    the cells of a level and over the run, with one denominator per line.

    `rep` is held-out by construction (fresh instances every cycle on the priced beam);
    `moved` is over GOVERNED calls only and is n/a on an arm with no critic.

    arm                       level   rep  (n)                 moved  (n governed)
    ovt_comp_pr_dis           L2    0.2721 ( 146524)      0.3069 (  3504350)
    ovt_comp_pr_dis           L3    0.3051 (  50183)      0.3222 (  2306338)
    ovt_comp_pr_dis           L4    0.4864 (  12689)      0.1273 (  1171140)
    ovt_comp_pr_dis           L5    0.7146 (   1433)      0.7319 (   130658)
    ovt_comp_pr_dis           L2/L3  0.2805 ( 196707)      0.3130 (  5810688)
    ovt_comp_pr_dis           L4/L5  0.5096 (  14122)      0.1880 (  1301798)

    ovt_comp_pr_lin           L2    0.1854 ( 147780)      0.3349 (  4481162)
    ovt_comp_pr_lin           L3    0.2212 (  48721)      0.2671 (  1719436)
    ovt_comp_pr_lin           L4    0.4217 (  12186)      0.0313 (   958915)
    ovt_comp_pr_lin           L5    0.5708 (   1349)      0.0001 (   118993)
    ovt_comp_pr_lin           L2/L3  0.1942 ( 196501)      0.3161 (  6200598)
    ovt_comp_pr_lin           L4/L5  0.4366 (  13535)      0.0279 (  1077908)

    ovt_comp_pr_sh            L2    0.2695 ( 145513)      0.3026 (  3294746)
    ovt_comp_pr_sh            L3    0.2853 (  51077)      0.2745 (  2902731)
    ovt_comp_pr_sh            L4    0.4280 (  12442)      0.2995 (   693562)
    ovt_comp_pr_sh            L5    0.6553 (   1439)      0.0627 (   154330)
    ovt_comp_pr_sh            L2/L3  0.2736 ( 196590)      0.2894 (  6197477)
    ovt_comp_pr_sh            L4/L5  0.4516 (  13881)      0.2564 (   847892)

    vo_s3:voi3_dp             L2    0.2127 ( 145970)         n/a
    vo_s3:voi3_dp             L3    0.2140 (  50422)         n/a
    vo_s3:voi3_dp             L4    0.4217 (  12205)         n/a
    vo_s3:voi3_dp             L5    0.5240 (   1771)         n/a
    vo_s3:voi3_dp             L2/L3  0.2130 ( 196392)         n/a
    vo_s3:voi3_dp             L4/L5  0.4347 (  13976)         n/a

    vo_s3b:voi3b_comp_pr_yk   L2    0.2695 ( 145513)      0.3026 (  3294746)
    vo_s3b:voi3b_comp_pr_yk   L3    0.2853 (  51077)      0.2745 (  2902731)
    vo_s3b:voi3b_comp_pr_yk   L4    0.4280 (  12442)      0.2995 (   693562)
    vo_s3b:voi3b_comp_pr_yk   L5    0.6553 (   1439)      0.0627 (   154330)
    vo_s3b:voi3b_comp_pr_yk   L2/L3  0.2736 ( 196590)      0.2894 (  6197477)
    vo_s3b:voi3b_comp_pr_yk   L4/L5  0.4516 (  13881)      0.2564 (   847892)

    vo_s3b:voi3b_comp_yk      L2    0.2435 ( 146413)      0.3627 (  3562591)
    vo_s3b:voi3b_comp_yk      L3    0.2676 (  50578)      0.3244 (  2302682)
    vo_s3b:voi3b_comp_yk      L4    0.4790 (  12485)      0.0691 (   883041)
    vo_s3b:voi3b_comp_yk      L5    0.7304 (   1428)      0.3596 (   139024)
    vo_s3b:voi3b_comp_yk      L2/L3  0.2496 ( 196991)      0.3477 (  5865273)
    vo_s3b:voi3b_comp_yk      L4/L5  0.5048 (  13913)      0.1086 (  1022065)

    TREATED MINUS BANKED, relative, on the pooled cells — `voicing` Q3c's own form.
    A relative change is printed because the levels sit at very different base rates;
    the absolute pair is above and the denominators are shared within a column.

    THE POOLING CONVENTION, stated because two are in use in this lineage and they do
    not agree. Every figure here is n-WEIGHTED: the hits and the rows are summed over
    the level's cells and the ratio taken once. The other convention — the unweighted
    mean of the per-cell relative gains — weights a 400-row L5 cell like a 3,200-row L4
    one. On `vo_s3b:voi3b_comp_pr_yk` against the anchor the two read L2/L3 +28.4% and
    +30.7%, and L4/L5 +3.9% and +8.2%; `voicing`'s README reports +31.2% and +3.9% for
    that arm, so its L4/L5 figure is the n-weighted one and its L2/L3 figure is not.
    Nothing here contradicts the banked numbers; one convention is used throughout and
    the denominators are printed so either can be recomputed.

    arm                                vs vo_s3:voi3_dp  vs vo_s3b:voi3b_comp_pr_yk     vs vo_s3b:voi3b_comp_yk
    ovt_comp_pr_dis    L2/L3     +31.7%  (0.2805/0.2130)      +2.5%  (0.2805/0.2736)     +12.4%  (0.2805/0.2496)
    ovt_comp_pr_lin    L2/L3      -8.8%  (0.1942/0.2130)     -29.0%  (0.1942/0.2736)     -22.2%  (0.1942/0.2496)
    ovt_comp_pr_sh     L2/L3     +28.4%  (0.2736/0.2130)      +0.0%  (0.2736/0.2736)      +9.6%  (0.2736/0.2496)

    ovt_comp_pr_dis    L4/L5     +17.2%  (0.5096/0.4347)     +12.8%  (0.5096/0.4516)      +0.9%  (0.5096/0.5048)
    ovt_comp_pr_lin    L4/L5      +0.4%  (0.4366/0.4347)      -3.3%  (0.4366/0.4516)     -13.5%  (0.4366/0.5048)
    ovt_comp_pr_sh     L4/L5      +3.9%  (0.4516/0.4347)      +0.0%  (0.4516/0.4516)     -10.5%  (0.4516/0.5048)

