====================================================================================================
[sotto] so_s1 — reduction
====================================================================================================
  arms   : so_cg_yk, so_hy_yk, so_mg_yk
  banked : vo_s3:voi3_dp, vo_s3b:voi3b_comp_yk, vo_s3b:voi3b_comp_pr_yk

====================================================================================================
[A] LIFETIMES, COMMITS, AND THE IN-TAG IDENTITY CHECK
====================================================================================================
    arm                       cyc  commits (level@cycle)                 s/cycle
    so_cg_yk                  201  L2@c48, L3@c100, L4@c151, L5@c186   
    so_hy_yk                  201  L2@c48, L3@c100, L4@c151, L5@c186   
    so_mg_yk                  201  L2@c48, L3@c100, L4@c151, L5@c186   
    vo_s3:voi3_dp             201  L2@c48, L3@c100, L4@c151, L5@c186      (banked)
    vo_s3b:voi3b_comp_yk      201  L2@c48, L3@c100, L4@c151, L5@c186      (banked)
    vo_s3b:voi3b_comp_pr_yk   201  L2@c48, L3@c100, L4@c151, L5@c186      (banked)


====================================================================================================
[B] THE CORRIDOR — slots open, parity, misfire, and when it closed
====================================================================================================
    `n_open` is slots past the firing gate; `misfire` is fired rows whose span did not
    match `dp_features` exactly. An arm whose corridor closes stops executing with the
    head and falls back to the DP on every macro call.

    arm                    open@max  open@last  first c with open=0 after a peak   misfire(all)  misfire(era>=3)
    so_cg_yk                     30         30  None                             0.3302        0.2924
    so_hy_yk                     30         29  None                             0.2949        0.2712
    so_mg_yk                     30         29  None                             0.4037        0.3675

    n_open per 10 cycles (the corridor's whole life):
      so_cg_yk                 0   0   0   0   0   1  16  16  15  16  16  24  23  24  24  24  28  28  28  29  30
      so_hy_yk                 0   0   0   0   0   1  16  16  16  16  15  23  23  23  23  23  28  27  28  28  29
      so_mg_yk                 0   0   0   0   0   1  16  16  16  16  16  24  22  23  22  22  28  26  28  29  29
      cycle                    1  11  21  31  41  51  61  71  81  91 101 111 121 131 141 151 161 171 181 191 201

====================================================================================================
[C] THE SAMPLER, REALISED — deviation and on-table projection
====================================================================================================
    `dev`  the sampled entry left the on-table argmax (the quantity the temperature is
           set on; `DESIGN.md` §17 predicted this would fall below the preflight's
           0.44-0.67 because a sharper plant deviates less at fixed T).
    `ont`  the on-table argmax was not the head's FREE-RUN emission — the projection
           component that rides with the write axis (`DESIGN.md` §11).

    so_cg_yk:
      era  cell        n        dev     ont
        1  2n0        25629    0.664   0.003
        1  2n1        25645    0.621   0.004
        1  2n2        25662    0.617   0.001
        1  2n3        25583    0.772   0.004
        1  2n4        25632    0.623   0.006
        1  2n5        25657    0.433   0.003
        1  2n6        25607    0.365   0.004
        1  2n7        25647    0.545   0.006
        1  2n8        25542    0.668   0.003
        1  2n9        25654    0.636   0.004
        1  2n10       25561    0.713   0.002
        1  2n11       25499    0.639   0.002
        1  2n12       25893    0.625   0.002
        1  2n13       25618    0.461   0.003
        1  2n14       25609    0.439   0.004
        1  2n15       25597    0.501   0.003
        2  2n0        22441    0.719   0.024
        2  2n1        13808    0.773   0.037
        2  2n2        45356    0.726   0.020
        2  2n3         8173    0.698   0.048
        2  2n4         7970    0.571   0.029
        2  2n5        29329    0.617   0.044
        2  2n6        16860    0.650   0.011
        2  2n7        10399    0.476   0.024
        2  2n8         9754    0.732   0.036
        2  2n9        23768    0.629   0.015
        2  2n10       38647    0.713   0.010
        2  2n11       10873    0.674   0.050
        2  2n12      221309    0.546   0.023
        2  2n13       21234    0.726   0.023
        2  2n14       14610    0.421   0.011
        2  2n15       17022    0.550   0.019
        2  3n0        35704    0.952   0.000
        2  3n1        35671    0.979   0.000
        2  3n2        35944    0.986   0.001
        2  3n3        35750    0.982   0.000
        2  3n4        35681    0.836   0.001
        2  3n5        35675    0.880   0.000
        2  3n6        35969    0.926   0.002
        2  3n7        35753    0.993   0.000
        3  2n0        28104    0.465   0.015
        3  2n1        23552    0.358   0.032
        3  2n2        22661    0.504   0.027
        3  2n3        13006    0.551   0.028
        3  2n4        11766    0.343   0.022
        3  2n5       108607    0.299   0.017
        3  2n6       179874    0.151   0.003
        3  2n7        83273    0.228   0.011
        3  2n8        13217    0.406   0.022
        3  2n9        74659    0.296   0.011
        3  2n10      112932    0.460   0.011
        3  2n11       13741    0.586   0.028
        3  2n12      608603    0.244   0.012
        3  2n13      245127    0.245   0.011
        3  2n14       88861    0.226   0.003
        3  2n15       20153    0.364   0.010
        3  3n0        73493    0.672   0.048
        3  3n1        68130    0.545   0.028
        3  3n2        96654    0.385   0.022
        3  3n3       105006    0.362   0.015
        3  3n4        75598    0.518   0.043
        3  3n5       141590    0.493   0.049
        3  3n6       722489    0.261   0.020
        3  3n7       131386    0.262   0.016
        3  4n0        65571    0.125   0.004
        3  4n1       124006    0.108   0.000
        3  4n2        92837    0.499   0.031
        3  4n3       166063    0.132   0.000
        4  2n0         3681    0.264   0.009
        4  2n1         2270    0.378   0.015
        4  2n2         6851    0.347   0.032
        4  2n3         2929    0.394   0.013
        4  2n4         1573    0.264   0.010
        4  2n5        20665    0.127   0.006
        4  2n6        34128    0.089   0.004
        4  2n7        15476    0.263   0.014
        4  2n8         2625    0.310   0.008
        4  2n9         9968    0.194   0.003
        4  2n10        6934    0.221   0.002
        4  2n11        2959    0.505   0.032
        4  2n12       68873    0.176   0.009
        4  2n13       85508    0.175   0.004
        4  2n14       17134    0.040   0.002
        4  2n15        3025    0.352   0.006
        4  3n0        15932    0.619   0.044
        4  3n1         9495    0.174   0.012
        4  3n2        28628    0.297   0.007
        4  3n3        77257    0.209   0.024
        4  3n4        19057    0.338   0.019
        4  3n5        47533    0.282   0.052
        4  3n6       157728    0.372   0.043
        4  3n7        67385    0.101   0.006
        4  4n0        35175    0.491   0.012
        4  4n1        68109    0.035   0.000
        4  4n2        54937    0.305   0.059
        4  4n3       105991    0.004   0.000
        4  5n0        28507    0.976   0.000
        4  5n1        67127    0.821   0.001
        5  2n0         3423    0.204   0.004
        5  2n1         1247    0.205   0.009
        5  2n2         6940    0.209   0.004
        5  2n3         3514    0.235   0.003
        5  2n4         1909    0.263   0.009
        5  2n5        31646    0.186   0.007
        5  2n6        41915    0.059   0.001
        5  2n7         6898    0.237   0.003
        5  2n8         2600    0.149   0.005
        5  2n9        11058    0.066   0.002
        5  2n10        3451    0.184   0.002
        5  2n11        4832    0.545   0.001
        5  2n12       29521    0.143   0.001
        5  2n13       23806    0.159   0.003
        5  2n14       14097    0.157   0.006
        5  2n15        1215    0.193   0.005
        5  3n0        34112    0.383   0.041
        5  3n1         2681    0.254   0.036
        5  3n2        31381    0.265   0.004
        5  3n3        79786    0.140   0.007
        5  3n4        12932    0.375   0.015
        5  3n5        24188    0.145   0.009
        5  3n6        90687    0.195   0.021
        5  3n7        57373    0.083   0.004
        5  4n0        41350    0.336   0.027
        5  4n1        86911    0.000   0.000
        5  4n2        34199    0.199   0.027
        5  4n3        77665    0.003   0.000
        5  5n0         5416    0.000   0.000
        5  5n1        28754    0.000   0.000

    so_hy_yk:
      era  cell        n        dev     ont
        1  2n0        25627    0.663   0.002
        1  2n1        25641    0.619   0.004
        1  2n2        25769    0.604   0.002
        1  2n3        25584    0.767   0.004
        1  2n4        25635    0.617   0.006
        1  2n5        25667    0.428   0.005
        1  2n6        25613    0.357   0.004
        1  2n7        25639    0.543   0.007
        1  2n8        25544    0.664   0.003
        1  2n9        25656    0.635   0.004
        1  2n10       25571    0.710   0.002
        1  2n11       25500    0.635   0.002
        1  2n12       25553    0.627   0.001
        1  2n13       25623    0.458   0.004
        1  2n14       25595    0.435   0.003
        1  2n15       25602    0.494   0.003
        2  2n0         9414    0.540   0.023
        2  2n1        19586    0.459   0.020
        2  2n2        74469    0.417   0.005
        2  2n3        19487    0.699   0.017
        2  2n4        16705    0.507   0.028
        2  2n5        12571    0.425   0.016
        2  2n6        20529    0.552   0.002
        2  2n7        29118    0.539   0.010
        2  2n8         9141    0.566   0.024
        2  2n9        50219    0.466   0.013
        2  2n10       22403    0.612   0.008
        2  2n11       10813    0.540   0.026
        2  2n12      178440    0.322   0.010
        2  2n13       26651    0.489   0.027
        2  2n14       15574    0.485   0.005
        2  2n15       24731    0.555   0.017
        2  3n0        35699    0.244   0.001
        2  3n1        35837    0.642   0.000
        2  3n2        35811    0.506   0.002
        2  3n3        35943    0.454   0.001
        2  3n4        35879    0.568   0.000
        2  3n5        35677    0.784   0.000
        2  3n6        37034    0.369   0.002
        2  3n7        35936    0.536   0.001
        3  2n0        73809    0.475   0.012
        3  2n1        45067    0.291   0.013
        3  2n2       127802    0.379   0.001
        3  2n3        42397    0.432   0.018
        3  2n4        27094    0.261   0.010
        3  2n5       126282    0.261   0.003
        3  2n6        49352    0.290   0.001
        3  2n7       122802    0.238   0.005
        3  2n8        79428    0.247   0.009
        3  2n9       104314    0.284   0.011
        3  2n10       82834    0.333   0.003
        3  2n11       25639    0.441   0.013
        3  2n12      700493    0.166   0.009
        3  2n13      246578    0.264   0.007
        3  2n14       18868    0.271   0.002
        3  2n15       36247    0.392   0.012
        3  3n0        27685    0.294   0.032
        3  3n1        39374    0.499   0.044
        3  3n2        78407    0.255   0.025
        3  3n3       151150    0.148   0.012
        3  3n4        79595    0.434   0.041
        3  3n5        49291    0.450   0.055
        3  3n6       671257    0.214   0.024
        3  3n7       307969    0.097   0.010
        3  4n0        33804    0.060   0.000
        3  4n1        90265    0.050   0.000
        3  4n2       122832    0.687   0.026
        3  4n3       146223    0.210   0.001
        4  2n0        20835    0.360   0.009
        4  2n1         2363    0.199   0.003
        4  2n2        18150    0.279   0.000
        4  2n3         7890    0.198   0.021
        4  2n4         2018    0.207   0.008
        4  2n5        38479    0.156   0.001
        4  2n6         6000    0.091   0.000
        4  2n7        12588    0.267   0.001
        4  2n8        15284    0.164   0.016
        4  2n9        25735    0.285   0.003
        4  2n10       10102    0.189   0.004
        4  2n11        6907    0.363   0.024
        4  2n12       46089    0.094   0.002
        4  2n13       50036    0.152   0.004
        4  2n14        2146    0.161   0.011
        4  2n15        5279    0.183   0.015
        4  3n0        19125    0.207   0.012
        4  3n1         7504    0.365   0.018
        4  3n2        34487    0.121   0.015
        4  3n3        57113    0.074   0.004
        4  3n4        32509    0.254   0.019
        4  3n5        29471    0.353   0.071
        4  3n6       223834    0.184   0.016
        4  3n7       118560    0.073   0.012
        4  4n0        12802    0.032   0.000
        4  4n1        37918    0.282   0.047
        4  4n2        45818    0.749   0.034
        4  4n3       107333    0.058   0.000
        4  5n0        29696    0.045   0.000
        4  5n1        66280    0.060   0.004
        5  2n0        16571    0.436   0.010
        5  2n1         1379    0.200   0.045
        5  2n2         9056    0.235   0.002
        5  2n3         3811    0.298   0.010
        5  2n4         3111    0.271   0.001
        5  2n5        32483    0.105   0.002
        5  2n6         6216    0.305   0.006
        5  2n7        10622    0.220   0.015
        5  2n8         4160    0.123   0.002
        5  2n9        10273    0.238   0.005
        5  2n10       19257    0.178   0.001
        5  2n11        6447    0.389   0.026
        5  2n12       36699    0.123   0.001
        5  2n13       32837    0.139   0.001
        5  2n14        1186    0.132   0.000
        5  2n15        1821    0.244   0.006
        5  3n0        16559    0.261   0.017
        5  3n1         8582    0.192   0.009
        5  3n2        33756    0.143   0.011
        5  3n3        69320    0.082   0.006
        5  3n4        37704    0.098   0.008
        5  3n5        52353    0.299   0.053
        5  3n6       145399    0.119   0.010
        5  3n7        98611    0.089   0.007
        5  4n0        14927    0.033   0.000
        5  4n1        26292    0.089   0.000
        5  4n2        45216    0.709   0.001
        5  4n3       101800    0.028   0.001
        5  5n0        15109    0.247   0.000
        5  5n1        22828    0.862   0.030

    so_mg_yk:
      era  cell        n        dev     ont
        1  2n0        25629    0.666   0.004
        1  2n1        25646    0.619   0.003
        1  2n2        25639    0.618   0.002
        1  2n3        25997    0.770   0.011
        1  2n4        25632    0.626   0.004
        1  2n5        25667    0.432   0.004
        1  2n6        25602    0.366   0.004
        1  2n7        25643    0.547   0.006
        1  2n8        25540    0.670   0.005
        1  2n9        25659    0.635   0.003
        1  2n10       25584    0.713   0.002
        1  2n11       25498    0.642   0.002
        1  2n12       25557    0.638   0.001
        1  2n13       25620    0.461   0.003
        1  2n14       25598    0.443   0.002
        1  2n15       25602    0.502   0.003
        2  2n0        25782    0.732   0.018
        2  2n1        32595    0.658   0.017
        2  2n2        26093    0.718   0.038
        2  2n3         9087    0.742   0.053
        2  2n4        11990    0.720   0.034
        2  2n5        22558    0.785   0.038
        2  2n6         8986    0.750   0.014
        2  2n7         8736    0.761   0.052
        2  2n8        10054    0.726   0.062
        2  2n9        16665    0.633   0.034
        2  2n10       43946    0.611   0.021
        2  2n11       12105    0.762   0.031
        2  2n12      199722    0.574   0.025
        2  2n13       32073    0.736   0.041
        2  2n14        7467    0.707   0.023
        2  2n15        9878    0.790   0.044
        2  3n0        35699    0.952   0.000
        2  3n1        36966    0.985   0.004
        2  3n2        35721    0.996   0.001
        2  3n3        36003    0.997   0.002
        2  3n4        35708    0.833   0.001
        2  3n5        35675    0.942   0.002
        2  3n6        36939    0.957   0.005
        2  3n7        36488    0.983   0.001
        3  2n0        27661    0.374   0.013
        3  2n1        41873    0.469   0.010
        3  2n2        12417    0.463   0.030
        3  2n3        21473    0.481   0.028
        3  2n4        11954    0.393   0.026
        3  2n5       115231    0.380   0.027
        3  2n6        11274    0.444   0.010
        3  2n7        56971    0.548   0.025
        3  2n8        18913    0.444   0.041
        3  2n9        58652    0.327   0.023
        3  2n10      140098    0.482   0.018
        3  2n11       12645    0.642   0.057
        3  2n12      722974    0.237   0.010
        3  2n13      330398    0.271   0.023
        3  2n14       10224    0.558   0.017
        3  2n15       22483    0.474   0.018
        3  3n0        43032    0.685   0.036
        3  3n1       146174    0.652   0.065
        3  3n2        89765    0.576   0.024
        3  3n3       176697    0.524   0.038
        3  3n4        44565    0.794   0.063
        3  3n5        15445    0.904   0.073
        3  3n6       882972    0.490   0.028
        3  3n7       179565    0.618   0.031
        3  4n0        61399    0.780   0.001
        3  4n1        89780    0.215   0.000
        3  4n2        86711    0.315   0.025
        3  4n3       124876    0.209   0.000
        4  2n0         3759    0.253   0.017
        4  2n1         4378    0.247   0.008
        4  2n2         2513    0.189   0.008
        4  2n3         3641    0.333   0.022
        4  2n4         1540    0.268   0.018
        4  2n5        10132    0.212   0.006
        4  2n6         5953    0.302   0.020
        4  2n7        26680    0.187   0.016
        4  2n8         1864    0.181   0.014
        4  2n9         3231    0.313   0.011
        4  2n10       12771    0.217   0.015
        4  2n11        3527    0.237   0.010
        4  2n12       64515    0.114   0.002
        4  2n13       57809    0.086   0.003
        4  2n14        1490    0.239   0.001
        4  2n15        3295    0.171   0.008
        4  3n0        26811    0.548   0.049
        4  3n1        31354    0.547   0.065
        4  3n2        18147    0.168   0.018
        4  3n3        51587    0.114   0.007
        4  3n4        14419    0.271   0.019
        4  3n5         3193    0.522   0.100
        4  3n6       227982    0.227   0.031
        4  3n7        47824    0.243   0.031
        4  4n0        26401    0.383   0.002
        4  4n1        36890    0.183   0.062
        4  4n2        50583    0.090   0.049
        4  4n3       119785    0.006   0.000
        4  5n0        63247    0.844   0.000
        4  5n1        69470    0.753   0.000
        5  2n0         3591    0.085   0.009
        5  2n1         4317    0.246   0.004
        5  2n2         1923    0.196   0.006
        5  2n3         4048    0.235   0.005
        5  2n4         1011    0.281   0.015
        5  2n5        13675    0.181   0.014
        5  2n6         5255    0.131   0.007
        5  2n7        20852    0.178   0.006
        5  2n8         3015    0.194   0.002
        5  2n9         1909    0.250   0.005
        5  2n10        5332    0.146   0.003
        5  2n11        4049    0.303   0.011
        5  2n12       43481    0.129   0.004
        5  2n13       31056    0.047   0.000
        5  2n14        2813    0.262   0.014
        5  2n15        2607    0.066   0.003
        5  3n0        24067    0.471   0.038
        5  3n1        32104    0.569   0.063
        5  3n2        15866    0.214   0.034
        5  3n3        38806    0.123   0.006
        5  3n4        13644    0.158   0.032
        5  3n5         3051    0.260   0.029
        5  3n6       156773    0.136   0.015
        5  3n7        36523    0.273   0.021
        5  4n0        26553    0.216   0.000
        5  4n1        48251    0.003   0.000
        5  4n2        44221    0.091   0.000
        5  4n3       108792    0.028   0.000
        5  5n0         4122    0.098   0.000
        5  5n1        40555    1.000   0.019

====================================================================================================
[D] WHAT THE CHOOSER WROTE — Q0 §5's table, live, on the EXECUTED population
====================================================================================================
    Filed writes only (kept by the beam and on a graded tip). `rows` is the operative
    table's size, `dist` distinct tuples written, `keys` distinct class-pair keys,
    `tok` distinct token classes, `top1` the share of the era's filed writes on one
    tuple. Q0's banked numbers at the same nodes: L4 2.6-3.6 of 155-187 rows, top1
    0.91-0.94; L5 1.5-1.6 of 144-152, top1 0.80-0.93 (the FIRED population).

    so_cg_yk:
      era  cell      n_filed  rows   dist/cyc  keys/cyc  tok/cyc   top1(w)
        1  2n0        1520    14      3.83     3.83    3.50     0.477
        1  2n1        2036    14      3.83     3.83    3.67     0.558
        1  2n2        1703    14      3.67     3.67    3.17     0.573
        1  2n3        1628    14      3.50     3.50    3.33     0.598
        1  2n4        1506    14      4.00     4.00    3.42     0.597
        1  2n5        1970    14      3.50     3.50    2.92     0.636
        1  2n6        1818    14      2.92     2.92    2.67     0.588
        1  2n7        1914    14      3.42     3.42    3.00     0.584
        1  2n8        1458    14      4.25     4.25    3.58     0.634
        1  2n9        2201    14      3.42     3.42    3.25     0.598
        1  2n10       1665    14      3.92     3.92    3.42     0.521
        1  2n11       1435    14      3.50     3.50    3.25     0.595
        1  2n12       1550    14      3.67     3.67    3.00     0.639
        1  2n13       2368    14      4.00     4.00    3.33     0.596
        1  2n14       1453    14      3.50     3.50    2.92     0.506
        1  2n15       2101    14      3.50     3.50    3.00     0.652
        2  2n0        5073    15      5.24     5.24    4.54     0.435
        2  2n1        5219    15      4.78     4.78    4.02     0.469
        2  2n2        5119    15      4.92     4.92    4.44     0.411
        2  2n3        4767    15      4.14     4.14    3.66     0.541
        2  2n4        3109    15      4.82     4.82    3.90     0.457
        2  2n5        5514    15      4.42     4.42    4.02     0.487
        2  2n6        5038    15      4.48     4.48    3.40     0.476
        2  2n7        4850    15      4.06     4.06    3.06     0.539
        2  2n8        4079    15      4.44     4.44    4.08     0.453
        2  2n9        5459    15      4.88     4.88    4.30     0.451
        2  2n10       4655    15      4.90     4.90    4.10     0.484
        2  2n11       4098    15      4.40     4.40    3.76     0.498
        2  2n12      11383    15      5.36     5.36    4.54     0.372
        2  2n13       5758    15      5.50     5.50    4.36     0.421
        2  2n14       4221    15      4.58     4.58    3.58     0.449
        2  2n15       5659    15      4.66     4.66    3.64     0.542
        2  3n0        1795    72      4.20     3.10    3.40     0.622
        2  3n1        1681    72      4.00     3.40    3.10     0.505
        2  3n2        1841    72      3.20     2.60    2.50     0.741
        2  3n3        2131    72      3.30     2.60    2.60     0.553
        2  3n4        1696    72      4.90     3.30    3.50     0.558
        2  3n5        2203    72      4.50     3.70    3.70     0.462
        2  3n6        2290    72      5.20     4.20    3.70     0.555
        2  3n7        1849    72      3.30     2.80    3.00     0.564
        3  2n0        5501    16      5.39     5.39    4.69     0.429
        3  2n1        5731    16      5.03     5.03    4.33     0.482
        3  2n2        5323    16      5.24     5.24    4.37     0.411
        3  2n3        5405    16      4.67     4.67    3.43     0.477
        3  2n4        3383    16      3.86     3.86    3.51     0.534
        3  2n5        7674    16      4.17     4.17    3.41     0.555
        3  2n6        8231    16      3.14     3.14    2.60     0.756
        3  2n7        6265    16      4.46     4.46    3.10     0.537
        3  2n8        4637    16      4.97     4.97    4.37     0.441
        3  2n9        7347    16      5.00     5.00    4.40     0.480
        3  2n10       6584    16      5.79     5.79    4.74     0.426
        3  2n11       4704    16      4.91     4.91    3.59     0.446
        3  2n12      20341    16      5.54     5.54    4.44     0.533
        3  2n13      11652    16      4.96     4.96    4.03     0.457
        3  2n14       6534    16      3.67     3.67    3.11     0.718
        3  2n15       5249    16      4.47     4.47    3.67     0.479
        3  3n0        7498    75      3.74     3.09    2.57     0.532
        3  3n1        8180    75      4.06     2.84    2.86     0.567
        3  3n2        9304    75      4.31     2.44    2.46     0.544
        3  3n3        9739    75      4.50     2.99    2.99     0.512
        3  3n4        8759    75      4.29     3.24    2.94     0.530
        3  3n5       10610    75      3.87     2.67    2.66     0.648
        3  3n6       31973    75      5.41     3.61    3.41     0.664
        3  3n7        9419    75      3.53     2.40    2.44     0.702
        3  4n0        3965   152      2.17     2.17    2.17     0.794
        3  4n1        5703   152      1.59     1.59    1.59     0.892
        3  4n2        4860   152      2.55     2.21    2.21     0.697
        3  4n3        6978   152      1.07     1.07    1.07     0.964
        4  2n0         849    16      5.08     5.08    4.75     0.466
        4  2n1         892    16      5.08     5.08    4.42     0.506
        4  2n2         980    16      4.67     4.67    3.92     0.459
        4  2n3         932    16      5.17     5.17    3.50     0.394
        4  2n4         460    16      3.00     3.00    2.83     0.722
        4  2n5        1354    16      3.58     3.58    3.17     0.734
        4  2n6        1359    16      3.25     3.25    3.00     0.793
        4  2n7         876    16      4.33     4.33    3.33     0.459
        4  2n8         877    16      4.50     4.50    4.17     0.483
        4  2n9        1080    16      4.33     4.33    3.92     0.610
        4  2n10       1005    16      5.00     5.00    4.33     0.414
        4  2n11        971    16      4.33     4.33    3.08     0.571
        4  2n12       2223    16      4.42     4.42    3.83     0.562
        4  2n13       2429    16      5.00     5.00    4.00     0.507
        4  2n14        968    16      2.92     2.92    2.75     0.753
        4  2n15        690    16      3.83     3.83    3.42     0.445
        4  3n0        1149    75      3.67     3.00    2.58     0.601
        4  3n1         925    75      2.50     2.08    2.00     0.776
        4  3n2        1332    75      3.50     2.58    2.58     0.638
        4  3n3        2756    75      3.08     2.42    2.33     0.653
        4  3n4        1970    75      3.67     3.00    2.25     0.528
        4  3n5        2034    75      3.83     2.58    2.67     0.578
        4  3n6        4923    75      6.50     5.00    4.08     0.558
        4  3n7        2614    75      3.08     2.25    2.25     0.719
        4  4n0        2404   152      2.08     1.92    1.92     0.812
        4  4n1        2512   152      1.50     1.50    1.50     0.924
        4  4n2        2808   152      2.92     2.58    2.58     0.841
        4  4n3        4917   152      1.08     1.08    1.08     0.997
        4  5n0         550    80      1.00     1.00    1.00     1.000
        4  5n1        1583    80      1.50     1.17    1.17     0.797
        5  2n0         564    18      3.67     3.67    3.56     0.527
        5  2n1         496    18      3.89     3.89    3.78     0.593
        5  2n2         656    18      4.11     4.11    3.89     0.564
        5  2n3         663    18      4.00     4.00    2.78     0.474
        5  2n4         363    18      3.22     3.22    3.00     0.584
        5  2n5        1410    18      3.33     3.33    3.00     0.699
        5  2n6        1482    18      2.89     2.89    2.78     0.825
        5  2n7         561    18      3.89     3.89    3.44     0.463
        5  2n8         475    18      4.22     4.22    3.89     0.408
        5  2n9         582    18      3.00     3.00    3.00     0.778
        5  2n10        695    18      4.56     4.56    3.56     0.483
        5  2n11        524    18      3.44     3.44    2.56     0.616
        5  2n12       1124    18      3.56     3.56    3.33     0.591
        5  2n13        895    18      3.67     3.67    2.89     0.455
        5  2n14        691    18      2.56     2.56    2.44     0.825
        5  2n15        314    18      3.33     3.33    3.00     0.500
        5  3n0        1507    89      3.00     2.78    2.33     0.586
        5  3n1         687    89      2.56     2.33    2.33     0.737
        5  3n2        1486    89      3.89     3.11    3.11     0.571
        5  3n3        3233    89      2.67     2.44    2.44     0.652
        5  3n4         863    89      2.78     2.67    1.89     0.563
        5  3n5         889    89      3.78     2.89    2.89     0.539
        5  3n6        3512    89      4.44     3.33    3.00     0.756
        5  3n7        1334    89      2.78     2.11    2.11     0.723
        5  4n0        2817   164      2.78     2.00    2.00     0.709
        5  4n1        2363   164      1.00     1.00    1.00     1.000
        5  4n2        2943   164      1.78     1.00    1.00     0.907
        5  4n3        3174   164      1.00     1.00    1.00     1.000
        5  5n0         252   112      1.00     1.00    1.00     1.000
        5  5n1        2284   112      1.00     1.00    1.00     1.000

    so_hy_yk:
      era  cell      n_filed  rows   dist/cyc  keys/cyc  tok/cyc   top1(w)
        1  2n0        1417    14      4.17     4.17    3.75     0.491
        1  2n1        2152    14      3.50     3.50    3.25     0.581
        1  2n2        1797    14      3.58     3.58    2.75     0.560
        1  2n3        1736    14      4.25     4.25    3.42     0.536
        1  2n4        1510    14      3.67     3.67    3.00     0.583
        1  2n5        1876    14      3.25     3.25    2.83     0.649
        1  2n6        1906    14      3.17     3.17    2.50     0.579
        1  2n7        1804    14      3.33     3.33    2.75     0.622
        1  2n8        1565    14      3.92     3.92    3.33     0.610
        1  2n9        2132    14      3.42     3.42    3.17     0.595
        1  2n10       1702    14      3.83     3.83    3.25     0.562
        1  2n11       1595    14      3.75     3.75    2.83     0.552
        1  2n12       1472    14      3.58     3.58    2.92     0.631
        1  2n13       2206    14      3.25     3.25    2.83     0.576
        1  2n14       1544    14      3.33     3.33    2.67     0.484
        1  2n15       2038    14      3.33     3.33    2.58     0.684
        2  2n0        4748    16      5.14     5.14    3.90     0.442
        2  2n1        5280    16      5.20     5.20    4.12     0.408
        2  2n2        6646    16      4.46     4.46    3.30     0.485
        2  2n3        4923    16      3.84     3.84    2.94     0.506
        2  2n4        3213    16      4.40     4.40    3.36     0.435
        2  2n5        4925    16      3.96     3.96    3.52     0.508
        2  2n6        5549    16      3.48     3.48    2.50     0.577
        2  2n7        5105    16      4.38     4.38    2.84     0.480
        2  2n8        3922    16      4.36     4.36    3.70     0.472
        2  2n9        5977    16      4.86     4.86    3.96     0.515
        2  2n10       5039    16      4.40     4.40    3.54     0.514
        2  2n11       3881    16      4.34     4.34    2.96     0.454
        2  2n12      11635    16      4.32     4.32    3.34     0.461
        2  2n13       6216    16      4.64     4.64    3.82     0.460
        2  2n14       4255    16      3.50     3.50    2.50     0.506
        2  2n15       5821    16      4.34     4.34    3.12     0.536
        2  3n0        1793    61      2.40     2.10    2.10     0.793
        2  3n1        1943    61      4.70     3.20    2.90     0.396
        2  3n2        1757    61      4.10     2.80    2.80     0.506
        2  3n3        1831    61      3.70     2.40    2.40     0.581
        2  3n4        2165    61      3.60     3.20    2.90     0.577
        2  3n5        1858    61      4.10     2.70    2.50     0.585
        2  3n6        2362    61      4.80     4.30    3.80     0.644
        2  3n7        1755    61      3.30     2.10    2.00     0.591
        3  2n0        6608    17      5.86     5.86    4.79     0.419
        3  2n1        5973    17      5.07     5.07    4.30     0.494
        3  2n2        8347    17      4.81     4.81    4.04     0.561
        3  2n3        6784    17      5.61     5.61    3.54     0.396
        3  2n4        3996    17      4.59     4.59    3.46     0.520
        3  2n5        8477    17      3.94     3.94    3.37     0.702
        3  2n6        5911    17      2.93     2.93    2.63     0.793
        3  2n7        7225    17      4.51     4.51    3.04     0.610
        3  2n8        5847    17      4.10     4.10    3.80     0.554
        3  2n9        8133    17      5.36     5.36    4.67     0.446
        3  2n10       6205    17      4.69     4.69    3.71     0.438
        3  2n11       5201    17      5.44     5.44    3.87     0.451
        3  2n12      20871    17      4.77     4.77    4.19     0.651
        3  2n13      12114    17      5.24     5.24    4.00     0.483
        3  2n14       3357    17      2.93     2.93    2.21     0.697
        3  2n15       4775    17      4.47     4.47    3.61     0.480
        3  3n0        6920    87      3.16     3.07    2.94     0.620
        3  3n1        6933    87      4.43     3.76    3.40     0.532
        3  3n2        8598    87      3.74     3.33    3.09     0.613
        3  3n3       10969    87      2.69     2.49    2.49     0.634
        3  3n4        8526    87      3.56     3.47    2.99     0.569
        3  3n5        7585    87      4.09     3.44    3.36     0.536
        3  3n6       31515    87      6.19     5.47    4.39     0.537
        3  3n7       16028    87      3.43     2.83    2.84     0.585
        3  4n0        2323   216      1.43     1.39    1.39     0.915
        3  4n1        4455   216      1.48     1.48    1.48     0.924
        3  4n2        4604   216      2.34     2.14    2.14     0.699
        3  4n3        7003   216      1.34     1.34    1.34     0.947
        4  2n0        1253    17      6.25     6.25    5.50     0.409
        4  2n1         893    17      4.67     4.67    4.25     0.477
        4  2n2        1176    17      4.75     4.75    4.25     0.484
        4  2n3         952    17      4.67     4.67    3.58     0.446
        4  2n4         629    17      4.17     4.17    3.58     0.479
        4  2n5        1783    17      4.83     4.83    3.92     0.708
        4  2n6         801    17      3.25     3.25    3.17     0.615
        4  2n7         836    17      4.75     4.75    3.58     0.495
        4  2n8        1001    17      4.42     4.42    4.25     0.513
        4  2n9        1271    17      5.33     5.33    4.75     0.420
        4  2n10        981    17      4.25     4.25    3.58     0.512
        4  2n11       1147    17      6.08     6.08    4.83     0.418
        4  2n12       2122    17      4.25     4.25    4.08     0.565
        4  2n13       1640    17      4.25     4.25    3.58     0.527
        4  2n14        576    17      3.00     3.00    2.42     0.642
        4  2n15        643    17      3.67     3.67    3.08     0.561
        4  3n0        1405    87      2.58     2.50    2.50     0.584
        4  3n1        1046    87      2.58     2.50    2.33     0.661
        4  3n2        1567    87      3.42     3.25    2.92     0.631
        4  3n3        2936    87      2.42     2.42    2.42     0.702
        4  3n4        2286    87      3.08     3.08    2.33     0.730
        4  3n5        1757    87      3.42     3.25    2.75     0.571
        4  3n6        6121    87      5.75     5.42    4.42     0.476
        4  3n7        4159    87      4.08     3.33    3.33     0.583
        4  4n0        1223   228      1.17     1.17    1.17     0.985
        4  4n1        2044   228      2.00     2.00    2.00     0.787
        4  4n2        1518   228      2.75     2.50    2.50     0.656
        4  4n3        4475   228      1.25     1.25    1.25     0.983
        4  5n0         839   160      1.33     1.33    1.00     0.975
        4  5n1        1377   160      1.17     1.17    1.00     0.977
        5  2n0        1112    17      6.67     6.67    5.56     0.360
        5  2n1         481    17      4.33     4.33    4.22     0.495
        5  2n2         778    17      4.00     4.00    4.00     0.424
        5  2n3         743    17      5.11     5.11    3.89     0.441
        5  2n4         424    17      4.67     4.67    4.11     0.462
        5  2n5        1608    17      4.44     4.44    3.44     0.711
        5  2n6         729    17      3.78     3.78    3.22     0.663
        5  2n7         615    17      4.44     4.44    3.56     0.537
        5  2n8         480    17      3.44     3.44    3.44     0.577
        5  2n9         657    17      4.22     4.22    4.00     0.492
        5  2n10       1361    17      4.44     4.44    3.89     0.448
        5  2n11        587    17      4.56     4.56    3.89     0.451
        5  2n12       1011    17      3.67     3.67    3.33     0.483
        5  2n13        839    17      4.00     4.00    3.33     0.549
        5  2n14        311    17      2.67     2.67    2.22     0.785
        5  2n15        212    17      2.89     2.89    2.67     0.679
        5  3n0        1252    87      2.44     2.33    2.33     0.634
        5  3n1        1028    87      3.33     2.89    2.56     0.630
        5  3n2        1494    87      3.00     3.00    2.67     0.681
        5  3n3        2711    87      2.56     2.56    2.56     0.610
        5  3n4        2279    87      3.22     3.22    2.67     0.753
        5  3n5        2768    87      3.33     3.33    2.67     0.554
        5  3n6        4596    87      5.22     4.67    3.89     0.602
        5  3n7        2925    87      3.56     3.00    3.00     0.683
        5  4n0         980   244      1.44     1.44    1.44     0.936
        5  4n1        1167   244      1.33     1.33    1.33     0.883
        5  4n2        2158   244      3.33     2.89    2.89     0.654
        5  4n3        4042   244      1.22     1.22    1.22     0.988
        5  5n0         635   208      2.00     1.78    1.00     0.710
        5  5n1        1804   208      1.44     1.11    1.11     0.937

    so_mg_yk:
      era  cell      n_filed  rows   dist/cyc  keys/cyc  tok/cyc   top1(w)
        1  2n0        1490    13      4.08     4.08    4.00     0.519
        1  2n1        1905    13      3.92     3.92    3.83     0.548
        1  2n2        1552    13      3.75     3.75    3.42     0.572
        1  2n3        1921    13      3.50     3.50    3.42     0.589
        1  2n4        1473    13      3.67     3.67    3.42     0.602
        1  2n5        1775    13      3.92     3.92    3.58     0.588
        1  2n6        1776    13      3.33     3.33    3.17     0.574
        1  2n7        1694    13      3.58     3.58    3.17     0.583
        1  2n8        1565    13      4.17     4.17    3.92     0.603
        1  2n9        2268    13      3.92     3.92    3.75     0.550
        1  2n10       1766    13      4.17     4.17    3.83     0.527
        1  2n11       1337    13      3.58     3.58    3.50     0.565
        1  2n12       1535    13      3.67     3.67    3.50     0.629
        1  2n13       2023    13      3.67     3.67    3.25     0.585
        1  2n14       1489    13      4.17     4.17    4.00     0.519
        1  2n15       2078    13      3.67     3.67    3.42     0.599
        2  2n0        4903    17      5.42     5.42    4.96     0.444
        2  2n1        5422    17      5.50     5.50    5.00     0.459
        2  2n2        4841    17      4.48     4.48    4.34     0.464
        2  2n3        4814    17      3.84     3.84    3.56     0.544
        2  2n4        3140    17      5.06     5.06    4.64     0.432
        2  2n5        5539    17      4.58     4.58    4.12     0.447
        2  2n6        4285    17      4.46     4.46    4.10     0.498
        2  2n7        4772    17      4.14     4.14    3.32     0.548
        2  2n8        4211    17      4.62     4.62    4.16     0.512
        2  2n9        5982    17      4.90     4.90    4.60     0.507
        2  2n10       5399    17      4.78     4.78    4.30     0.487
        2  2n11       3989    17      4.60     4.60    3.88     0.465
        2  2n12      10127    17      5.36     5.36    4.70     0.393
        2  2n13       6495    17      4.98     4.98    4.48     0.436
        2  2n14       3846    17      4.28     4.28    3.90     0.482
        2  2n15       4905    17      5.10     5.10    4.02     0.449
        2  3n0        1684    92      3.90     2.60    2.30     0.662
        2  3n1        1814    92      4.10     2.60    1.90     0.603
        2  3n2        1948    92      5.10     3.60    3.30     0.602
        2  3n3        1855    92      3.00     2.30    2.00     0.641
        2  3n4        1584    92      4.10     3.40    2.70     0.540
        2  3n5        1575    92      3.70     2.60    2.10     0.415
        2  3n6        2140    92      4.60     3.50    3.00     0.529
        2  3n7        1917    92      3.50     2.60    2.10     0.541
        3  2n0        5836    19      6.44     6.44    5.63     0.398
        3  2n1        5575    19      6.13     6.13    4.93     0.424
        3  2n2        5121    19      4.60     4.60    4.14     0.522
        3  2n3        5732    19      5.56     5.56    3.97     0.408
        3  2n4        3418    19      4.83     4.83    4.49     0.463
        3  2n5        8029    19      5.31     5.31    4.50     0.427
        3  2n6        4136    19      4.51     4.51    4.17     0.566
        3  2n7        6099    19      5.04     5.04    3.61     0.473
        3  2n8        5331    19      5.71     5.71    5.06     0.429
        3  2n9        7087    19      6.01     6.01    5.40     0.444
        3  2n10       7134    19      5.46     5.46    4.57     0.448
        3  2n11       4479    19      6.07     6.07    4.53     0.382
        3  2n12      20647    19      6.13     6.13    5.20     0.440
        3  2n13      12326    19      5.39     5.39    4.56     0.423
        3  2n14       3856    19      4.60     4.60    4.03     0.484
        3  2n15       5350    19      4.93     4.93    3.91     0.491
        3  3n0        7448   102      4.71     4.00    3.36     0.493
        3  3n1       10622   102      4.79     4.03    2.96     0.566
        3  3n2        8822   102      5.79     3.80    3.36     0.480
        3  3n3       11711   102      5.30     4.01    3.09     0.438
        3  3n4        8290   102      5.27     4.70    3.80     0.442
        3  3n5        5874   102      5.63     4.39    3.77     0.410
        3  3n6       37270   102      8.61     5.19    4.66     0.446
        3  3n7       10077   102      5.06     3.93    2.74     0.491
        3  4n0        3261   172      2.97     1.97    1.97     0.626
        3  4n1        4048   172      2.00     1.86    1.86     0.854
        3  4n2        5248   172      2.21     1.41    1.41     0.777
        3  4n3        6384   172      1.66     1.24    1.24     0.911
        4  2n0         877    19      5.83     5.83    5.42     0.417
        4  2n1         838    19      4.75     4.75    4.00     0.445
        4  2n2         602    19      3.83     3.83    3.58     0.591
        4  2n3         759    19      4.75     4.75    3.83     0.458
        4  2n4         660    19      3.67     3.67    3.58     0.594
        4  2n5        1113    19      4.00     4.00    3.33     0.704
        4  2n6         920    19      4.17     4.17    3.75     0.511
        4  2n7        1368    19      4.58     4.58    3.92     0.599
        4  2n8         924    19      5.08     5.08    5.08     0.435
        4  2n9         568    19      4.42     4.42    4.33     0.421
        4  2n10        929    19      4.75     4.75    3.92     0.475
        4  2n11        978    19      4.92     4.92    4.17     0.415
        4  2n12       2744    19      5.33     5.33    4.67     0.514
        4  2n13       1862    19      3.92     3.92    3.75     0.622
        4  2n14        661    19      3.42     3.42    2.83     0.582
        4  2n15        663    19      3.83     3.83    3.42     0.498
        4  3n0        1549   103      3.08     2.92    2.67     0.611
        4  3n1        1700   103      4.42     4.33    3.42     0.439
        4  3n2        1304   103      3.17     3.08    2.92     0.634
        4  3n3        2222   103      3.25     2.67    2.50     0.666
        4  3n4        1073   103      2.50     2.33    1.92     0.728
        4  3n5         778   103      4.00     2.67    2.50     0.532
        4  3n6        6267   103      7.25     4.75    4.25     0.532
        4  3n7        2075   103      4.25     3.50    3.17     0.563
        4  4n0        2489   196      2.33     2.25    2.25     0.768
        4  4n1        1543   196      1.42     1.42    1.42     0.949
        4  4n2        3121   196      1.33     1.00    1.00     0.972
        4  4n3        5358   196      1.00     1.00    1.00     1.000
        4  5n0         671   112      1.20     1.00    1.00     0.973
        4  5n1        1987   112      1.17     1.00    1.00     0.864
        5  2n0         540    19      4.89     4.89    4.67     0.333
        5  2n1         603    19      4.33     4.33    3.78     0.657
        5  2n2         414    19      3.22     3.22    3.22     0.691
        5  2n3         736    19      5.67     5.67    3.89     0.361
        5  2n4         298    19      3.22     3.22    3.22     0.523
        5  2n5         686    19      3.78     3.78    3.22     0.641
        5  2n6         599    19      3.33     3.33    3.11     0.573
        5  2n7        1125    19      5.11     5.11    4.56     0.511
        5  2n8         708    19      3.78     3.78    3.78     0.658
        5  2n9         521    19      3.00     3.00    3.00     0.651
        5  2n10        643    19      3.22     3.22    3.00     0.569
        5  2n11        415    19      4.00     4.00    3.22     0.501
        5  2n12       1495    19      4.78     4.78    4.33     0.514
        5  2n13        869    19      3.22     3.22    2.78     0.684
        5  2n14        478    19      2.78     2.78    2.22     0.615
        5  2n15        279    19      2.33     2.33    2.33     0.692
        5  3n0        1240   103      2.56     2.56    2.33     0.640
        5  3n1        1660   103      6.22     5.44    4.33     0.470
        5  3n2        1148   103      3.11     3.11    2.89     0.533
        5  3n3        1468   103      2.78     2.33    2.22     0.585
        5  3n4        1356   103      2.44     2.44    2.33     0.818
        5  3n5         620   103      3.78     2.78    2.67     0.385
        5  3n6        5111   103      7.11     4.56    4.00     0.660
        5  3n7        1247   103      3.89     3.11    2.89     0.684
        5  4n0        2515   208      1.78     1.78    1.78     0.940
        5  4n1        2035   208      1.11     1.11    1.11     0.998
        5  4n2        3807   208      1.67     1.00    1.00     0.942
        5  4n3        4446   208      1.56     1.56    1.56     0.977
        5  5n0         145   160      1.00     1.00    1.00     1.000
        5  5n1        1916   160      1.22     1.22    1.22     0.980

====================================================================================================
[E] THE WRITER'S CLASS ACCURACY ON THE PRICED BEAM (held-out: fresh instances/cycle)
====================================================================================================
    `contains` against the clean latent, `rep` against the set of features that REPAIR
    the instance there. On an open slot the writer IS the head, so `rep` is the head's
    class accuracy; where the corridor is closed it is the DP's. Q0 §3's audition-path
    numbers for the DP at the frontier: 4n3 contains_rep 0.718 (era 4), 5n1 0.582.

    so_cg_yk:
      era  cell     contains n    contains   rep n     rep
        1  2n0         1520      0.457      714    0.095
        1  2n1         2036      0.321      768    0.109
        1  2n2         1703      0.390      755    0.185
        1  2n3         1628      0.338      767    0.180
        1  2n4         1506      0.408      722    0.159
        1  2n5         1970      0.431      740    0.120
        1  2n6         1818      0.637      745    0.156
        1  2n7         1914      0.455      736    0.220
        1  2n8         1458      0.355      711    0.101
        1  2n9         2201      0.246      768    0.212
        1  2n10        1665      0.526      733    0.181
        1  2n11        1435      0.470      735    0.151
        1  2n12        1550      0.343      685    0.429
        1  2n13        2368      0.371      768    0.160
        1  2n14        1453      0.591      736    0.185
        1  2n15        2101      0.323      768    0.181
        2  2n0         5073      0.432     3081    0.179
        2  2n1         5219      0.368     3103    0.159
        2  2n2         5119      0.463     3059    0.177
        2  2n3         4767      0.409     2995    0.165
        2  2n4         3109      0.503     2488    0.230
        2  2n5         5514      0.419     3114    0.158
        2  2n6         5038      0.600     3128    0.200
        2  2n7         4850      0.491     3019    0.177
        2  2n8         4079      0.429     2863    0.185
        2  2n9         5459      0.373     3182    0.201
        2  2n10        4655      0.609     3073    0.250
        2  2n11        4098      0.439     2898    0.149
        2  2n12       11383      0.526     3185    0.446
        2  2n13        5758      0.345     3091    0.230
        2  2n14        4221      0.576     2972    0.183
        2  2n15        5659      0.330     3010    0.157
        2  3n0         1795      0.317      613    0.158
        2  3n1         1681      0.261      625    0.210
        2  3n2         1841      0.299      635    0.249
        2  3n3         2131      0.309      640    0.108
        2  3n4         1696      0.310      640    0.109
        2  3n5         2203      0.329      640    0.173
        2  3n6         2290      0.316      625    0.434
        2  3n7         1849      0.251      580    0.203
        3  2n0         5501      0.507     4133    0.209
        3  2n1         5731      0.469     4082    0.228
        3  2n2         5323      0.575     4143    0.232
        3  2n3         5405      0.455     4139    0.192
        3  2n4         3383      0.624     3170    0.293
        3  2n5         7674      0.634     4377    0.226
        3  2n6         8231      0.854     4426    0.379
        3  2n7         6265      0.574     4215    0.260
        3  2n8         4637      0.483     3872    0.245
        3  2n9         7347      0.375     4371    0.237
        3  2n10        6584      0.640     4220    0.261
        3  2n11        4704      0.484     3832    0.165
        3  2n12       20341      0.425     4480    0.208
        3  2n13       11652      0.377     4465    0.277
        3  2n14        6534      0.743     4303    0.293
        3  2n15        5249      0.410     3978    0.257
        3  3n0         7498      0.471     4298    0.268
        3  3n1         8180      0.337     4331    0.191
        3  3n2         9304      0.443     4475    0.240
        3  3n3         9739      0.501     4460    0.236
        3  3n4         8759      0.415     4403    0.176
        3  3n5        10610      0.367     4430    0.307
        3  3n6        31973      0.450     4480    0.540
        3  3n7         9419      0.285     4343    0.343
        3  4n0         3965      0.642     1768    0.409
        3  4n1         5703      0.831     1787    0.438
        3  4n2         4860      0.609     1834    0.399
        3  4n3         6978      0.817     1856    0.752
        4  2n0          849      0.687      648    0.340
        4  2n1          892      0.573      659    0.235
        4  2n2          980      0.573      725    0.222
        4  2n3          932      0.465      716    0.272
        4  2n4          460      0.565      454    0.220
        4  2n5         1354      0.747      765    0.333
        4  2n6         1359      0.822      734    0.398
        4  2n7          876      0.539      622    0.241
        4  2n8          877      0.486      684    0.325
        4  2n9         1080      0.386      716    0.385
        4  2n10        1005      0.676      673    0.254
        4  2n11         971      0.457      702    0.355
        4  2n12        2223      0.384      767    0.093
        4  2n13        2429      0.288      768    0.100
        4  2n14         968      0.631      763    0.292
        4  2n15         690      0.277      619    0.300
        4  3n0         1149      0.382      707    0.308
        4  3n1          925      0.232      665    0.232
        4  3n2         1332      0.559      748    0.261
        4  3n3         2756      0.561      768    0.374
        4  3n4         1970      0.578      764    0.270
        4  3n5         2034      0.324      768    0.352
        4  3n6         4923      0.244      768    0.223
        4  3n7         2614      0.181      768    0.375
        4  4n0         2404      0.639      768    0.384
        4  4n1         2512      0.875      768    0.462
        4  4n2         2808      0.562      768    0.388
        4  4n3         4917      0.825      768    0.737
        4  5n0          550      0.885      290    0.503
        4  5n1         1583      0.725      367    0.853
        5  2n0          564      0.587      466    0.373
        5  2n1          496      0.355      451    0.233
        5  2n2          656      0.657      487    0.384
        5  2n3          663      0.460      536    0.160
        5  2n4          363      0.669      331    0.447
        5  2n5         1410      0.772      576    0.495
        5  2n6         1482      0.856      576    0.601
        5  2n7          561      0.485      489    0.213
        5  2n8          475      0.257      432    0.220
        5  2n9          582      0.400      442    0.448
        5  2n10         695      0.353      518    0.338
        5  2n11         524      0.202      425    0.431
        5  2n12        1124      0.338      555    0.139
        5  2n13         895      0.333      556    0.227
        5  2n14         691      0.822      529    0.259
        5  2n15         314      0.439      310    0.268
        5  3n0         1507      0.446      576    0.309
        5  3n1          687      0.314      509    0.248
        5  3n2         1486      0.555      576    0.257
        5  3n3         3233      0.440      576    0.431
        5  3n4          863      0.417      566    0.314
        5  3n5          889      0.196      555    0.359
        5  3n6         3512      0.262      576    0.220
        5  3n7         1334      0.289      576    0.460
        5  4n0         2817      0.644      576    0.439
        5  4n1         2363      0.894      576    0.540
        5  4n2         2943      0.380      576    0.467
        5  4n3         3174      0.820      576    0.340
        5  5n0          252      0.821      252    0.635
        5  5n1         2284      0.556      576    0.915

    so_hy_yk:
      era  cell     contains n    contains   rep n     rep
        1  2n0         1417      0.460      698    0.107
        1  2n1         2152      0.288      768    0.096
        1  2n2         1797      0.472      768    0.236
        1  2n3         1736      0.385      768    0.145
        1  2n4         1510      0.373      683    0.154
        1  2n5         1876      0.427      740    0.104
        1  2n6         1906      0.712      768    0.206
        1  2n7         1804      0.418      756    0.143
        1  2n8         1565      0.362      744    0.167
        1  2n9         2132      0.253      768    0.167
        1  2n10        1702      0.467      745    0.098
        1  2n11        1595      0.441      716    0.116
        1  2n12        1472      0.316      615    0.449
        1  2n13        2206      0.388      768    0.167
        1  2n14        1544      0.630      733    0.195
        1  2n15        2038      0.332      743    0.164
        2  2n0         4748      0.515     3081    0.177
        2  2n1         5280      0.317     3160    0.134
        2  2n2         6646      0.630     3167    0.194
        2  2n3         4923      0.468     3103    0.160
        2  2n4         3213      0.565     2691    0.185
        2  2n5         4925      0.481     3077    0.200
        2  2n6         5549      0.699     3089    0.181
        2  2n7         5105      0.565     3046    0.184
        2  2n8         3922      0.438     2796    0.158
        2  2n9         5977      0.396     3158    0.184
        2  2n10        5039      0.567     3092    0.172
        2  2n11        3881      0.528     2777    0.148
        2  2n12       11635      0.564     3200    0.449
        2  2n13        6216      0.315     3143    0.275
        2  2n14        4255      0.680     2884    0.175
        2  2n15        5821      0.380     3127    0.141
        2  3n0         1793      0.216      594    0.108
        2  3n1         1943      0.229      620    0.184
        2  3n2         1757      0.357      613    0.171
        2  3n3         1831      0.306      581    0.200
        2  3n4         2165      0.318      640    0.173
        2  3n5         1858      0.297      587    0.213
        2  3n6         2362      0.453      640    0.470
        2  3n7         1755      0.260      640    0.217
        3  2n0         6608      0.564     4349    0.267
        3  2n1         5973      0.570     4114    0.255
        3  2n2         8347      0.692     4430    0.281
        3  2n3         6784      0.462     4292    0.229
        3  2n4         3996      0.622     3403    0.254
        3  2n5         8477      0.686     4371    0.306
        3  2n6         5911      0.805     4118    0.286
        3  2n7         7225      0.622     4335    0.251
        3  2n8         5847      0.531     4095    0.212
        3  2n9         8133      0.431     4330    0.234
        3  2n10        6205      0.639     4236    0.255
        3  2n11        5201      0.497     4074    0.194
        3  2n12       20871      0.474     4480    0.181
        3  2n13       12114      0.359     4478    0.335
        3  2n14        3357      0.739     3158    0.219
        3  2n15        4775      0.440     3837    0.271
        3  3n0         6920      0.370     4343    0.211
        3  3n1         6933      0.317     4330    0.192
        3  3n2         8598      0.502     4363    0.246
        3  3n3        10969      0.523     4476    0.243
        3  3n4         8526      0.439     4417    0.207
        3  3n5         7585      0.274     4331    0.184
        3  3n6        31515      0.437     4480    0.536
        3  3n7        16028      0.335     4442    0.358
        3  4n0         2323      0.774     1480    0.335
        3  4n1         4455      0.855     1825    0.359
        3  4n2         4604      0.777     1817    0.423
        3  4n3         7003      0.851     1856    0.714
        4  2n0         1253      0.580      756    0.364
        4  2n1          893      0.775      687    0.249
        4  2n2         1176      0.620      693    0.306
        4  2n3          952      0.430      697    0.301
        4  2n4          629      0.531      544    0.243
        4  2n5         1783      0.692      768    0.397
        4  2n6          801      0.758      669    0.326
        4  2n7          836      0.620      620    0.313
        4  2n8         1001      0.532      677    0.226
        4  2n9         1271      0.353      731    0.216
        4  2n10         981      0.728      753    0.328
        4  2n11        1147      0.300      734    0.192
        4  2n12        2122      0.353      768    0.148
        4  2n13        1640      0.296      768    0.204
        4  2n14         576      0.495      559    0.401
        4  2n15         643      0.274      569    0.204
        4  3n0         1405      0.440      737    0.349
        4  3n1         1046      0.281      691    0.262
        4  3n2         1567      0.635      768    0.419
        4  3n3         2936      0.495      768    0.238
        4  3n4         2286      0.594      768    0.441
        4  3n5         1757      0.298      768    0.224
        4  3n6         6121      0.322      768    0.224
        4  3n7         4159      0.195      768    0.336
        4  4n0         1223      0.653      709    0.278
        4  4n1         2044      0.876      768    0.361
        4  4n2         1518      0.761      752    0.394
        4  4n3         4475      0.825      768    0.784
        4  5n0          839      0.951      368    0.495
        4  5n1         1377      0.863      384    0.677
        5  2n0         1112      0.615      576    0.342
        5  2n1          481      0.634      405    0.353
        5  2n2          778      0.600      533    0.377
        5  2n3          743      0.456      516    0.209
        5  2n4          424      0.672      376    0.234
        5  2n5         1608      0.688      576    0.455
        5  2n6          729      0.763      520    0.375
        5  2n7          615      0.649      487    0.234
        5  2n8          480      0.127      418    0.256
        5  2n9          657      0.289      552    0.234
        5  2n10        1361      0.372      576    0.372
        5  2n11         587      0.405      491    0.177
        5  2n12        1011      0.329      575    0.143
        5  2n13         839      0.393      532    0.293
        5  2n14         311      0.595      311    0.264
        5  2n15         212      0.231      212    0.288
        5  3n0         1252      0.519      576    0.314
        5  3n1         1028      0.390      533    0.212
        5  3n2         1494      0.557      576    0.302
        5  3n3         2711      0.517      576    0.229
        5  3n4         2279      0.401      576    0.512
        5  3n5         2768      0.195      576    0.285
        5  3n6         4596      0.279      576    0.168
        5  3n7         2925      0.271      576    0.349
        5  4n0          980      0.735      576    0.295
        5  4n1         1167      0.869      576    0.396
        5  4n2         2158      0.511      576    0.358
        5  4n3         4042      0.827      576    0.391
        5  5n0          635      0.865      507    0.531
        5  5n1         1804      0.910      576    0.741

    so_mg_yk:
      era  cell     contains n    contains   rep n     rep
        1  2n0         1490      0.489      693    0.182
        1  2n1         1905      0.340      768    0.148
        1  2n2         1552      0.408      730    0.226
        1  2n3         1921      0.315      768    0.132
        1  2n4         1473      0.441      725    0.232
        1  2n5         1775      0.466      745    0.235
        1  2n6         1776      0.654      746    0.133
        1  2n7         1694      0.462      713    0.177
        1  2n8         1565      0.358      747    0.102
        1  2n9         2268      0.293      737    0.216
        1  2n10        1766      0.569      746    0.217
        1  2n11        1337      0.400      648    0.164
        1  2n12        1535      0.339      663    0.400
        1  2n13        2023      0.400      768    0.159
        1  2n14        1489      0.567      722    0.226
        1  2n15        2078      0.309      762    0.185
        2  2n0         4903      0.459     3057    0.171
        2  2n1         5422      0.346     3131    0.174
        2  2n2         4841      0.443     3042    0.150
        2  2n3         4814      0.410     2990    0.143
        2  2n4         3140      0.527     2613    0.181
        2  2n5         5539      0.354     3152    0.194
        2  2n6         4285      0.465     2915    0.128
        2  2n7         4772      0.354     2925    0.176
        2  2n8         4211      0.403     2945    0.168
        2  2n9         5982      0.328     3137    0.199
        2  2n10        5399      0.586     3134    0.210
        2  2n11        3989      0.434     2956    0.162
        2  2n12       10127      0.496     3190    0.431
        2  2n13        6495      0.282     3200    0.254
        2  2n14        3846      0.476     2749    0.177
        2  2n15        4905      0.312     3032    0.149
        2  3n0         1684      0.297      573    0.141
        2  3n1         1814      0.332      640    0.228
        2  3n2         1948      0.422      640    0.198
        2  3n3         1855      0.288      640    0.206
        2  3n4         1584      0.461      534    0.189
        2  3n5         1575      0.330      517    0.253
        2  3n6         2140      0.465      614    0.482
        2  3n7         1917      0.291      577    0.154
        3  2n0         5836      0.497     4182    0.245
        3  2n1         5575      0.556     4097    0.265
        3  2n2         5121      0.590     4005    0.301
        3  2n3         5732      0.441     4243    0.263
        3  2n4         3418      0.565     3178    0.222
        3  2n5         8029      0.637     4388    0.255
        3  2n6         4136      0.630     3687    0.265
        3  2n7         6099      0.568     4230    0.260
        3  2n8         5331      0.539     4056    0.286
        3  2n9         7087      0.403     4294    0.278
        3  2n10        7134      0.669     4374    0.278
        3  2n11        4479      0.456     3768    0.216
        3  2n12       20647      0.396     4480    0.230
        3  2n13       12326      0.344     4459    0.292
        3  2n14        3856      0.560     3456    0.284
        3  2n15        5350      0.396     4081    0.294
        3  3n0         7448      0.309     4333    0.215
        3  3n1        10622      0.300     4428    0.224
        3  3n2         8822      0.513     4409    0.293
        3  3n3        11711      0.471     4453    0.303
        3  3n4         8290      0.302     4383    0.240
        3  3n5         5874      0.340     4061    0.218
        3  3n6        37270      0.480     4480    0.589
        3  3n7        10077      0.278     4443    0.344
        3  4n0         3261      0.689     1754    0.347
        3  4n1         4048      0.766     1718    0.350
        3  4n2         5248      0.409     1855    0.367
        3  4n3         6384      0.885     1797    0.724
        4  2n0          877      0.643      691    0.509
        4  2n1          838      0.563      650    0.355
        4  2n2          602      0.651      559    0.352
        4  2n3          759      0.597      636    0.285
        4  2n4          660      0.548      606    0.347
        4  2n5         1113      0.769      724    0.407
        4  2n6          920      0.832      734    0.450
        4  2n7         1368      0.548      768    0.458
        4  2n8          924      0.498      714    0.385
        4  2n9          568      0.433      532    0.404
        4  2n10         929      0.800      665    0.353
        4  2n11         978      0.405      705    0.360
        4  2n12        2744      0.333      768    0.143
        4  2n13        1862      0.389      768    0.361
        4  2n14         661      0.619      593    0.395
        4  2n15         663      0.342      603    0.318
        4  3n0         1549      0.419      761    0.293
        4  3n1         1700      0.304      768    0.281
        4  3n2         1304      0.480      768    0.350
        4  3n3         2222      0.526      768    0.417
        4  3n4         1073      0.675      709    0.364
        4  3n5          778      0.420      622    0.244
        4  3n6         6267      0.320      768    0.305
        4  3n7         2075      0.200      768    0.401
        4  4n0         2489      0.602      768    0.368
        4  4n1         1543      0.707      766    0.460
        4  4n2         3121      0.268      768    0.492
        4  4n3         5358      0.836      768    0.792
        4  5n0          671      0.964      212    0.344
        4  5n1         1987      0.649      384    0.706
        5  2n0          540      0.563      513    0.320
        5  2n1          603      0.489      497    0.239
        5  2n2          414      0.754      366    0.344
        5  2n3          736      0.508      548    0.270
        5  2n4          298      0.648      298    0.215
        5  2n5          686      0.767      509    0.487
        5  2n6          599      0.902      465    0.434
        5  2n7         1125      0.556      576    0.339
        5  2n8          708      0.143      539    0.506
        5  2n9          521      0.269      494    0.296
        5  2n10         643      0.376      511    0.323
        5  2n11         415      0.183      386    0.168
        5  2n12        1495      0.317      576    0.080
        5  2n13         869      0.457      561    0.292
        5  2n14         478      0.579      422    0.332
        5  2n15         279      0.387      278    0.119
        5  3n0         1240      0.409      576    0.359
        5  3n1         1660      0.304      576    0.250
        5  3n2         1148      0.557      576    0.316
        5  3n3         1468      0.494      576    0.411
        5  3n4         1356      0.455      576    0.439
        5  3n5          620      0.294      457    0.337
        5  3n6         5111      0.308      576    0.290
        5  3n7         1247      0.202      573    0.239
        5  4n0         2515      0.701      576    0.392
        5  4n1         2035      0.883      576    0.694
        5  4n2         3807      0.390      576    0.533
        5  4n3         4446      0.846      576    0.420
        5  5n0          145      0.669      145    0.490
        5  5n1         1916      0.104      576    0.731

====================================================================================================
[F] THE IN-SITU READ-BACK — the number DESIGN §15 says decides whether Q2's
    `own_readback` has anything to read
====================================================================================================
    The frozen reader run on the span the learner just wrote, IN PLACE, quotiented
    through the arm's own class map and tallied against the record's class. Never
    summed with the verdict. Q0 §4: the STRUCTURAL disagreement on the token class is
    0.000 by construction on this draw, so everything here is the neural ear plus the
    learned quotient.

    so_cg_yk:
      era  cell         n   class_agree  tuple_agree   unnamed
        1  2n0        941       0.838       0.838     0.000
        1  2n1       1095       0.768       0.768     0.000
        1  2n2       1039       0.801       0.801     0.000
        1  2n3       1035       0.537       0.537     0.000
        1  2n4        940       0.771       0.771     0.000
        1  2n5       1077       0.813       0.813     0.000
        1  2n6       1003       0.759       0.759     0.000
        1  2n7       1052       0.531       0.531     0.000
        1  2n8        903       0.882       0.882     0.000
        1  2n9       1098       0.874       0.874     0.000
        1  2n10       971       0.773       0.773     0.000
        1  2n11       963       0.590       0.590     0.000
        1  2n12       816       0.792       0.792     0.000
        1  2n13      1152       0.739       0.739     0.000
        1  2n14       930       0.822       0.822     0.000
        1  2n15      1086       0.590       0.590     0.000
        2  2n0       4206       0.696       0.696     0.000
        2  2n1       4306       0.489       0.489     0.000
        2  2n2       4163       0.516       0.516     0.000
        2  2n3       3954       0.390       0.390     0.000
        2  2n4       2924       0.644       0.644     0.000
        2  2n5       4320       0.584       0.584     0.000
        2  2n6       4215       0.617       0.617     0.000
        2  2n7       4108       0.465       0.465     0.000
        2  2n8       3679       0.584       0.584     0.000
        2  2n9       4413       0.668       0.668     0.000
        2  2n10      4091       0.570       0.570     0.000
        2  2n11      3731       0.425       0.425     0.000
        2  2n12      4731       0.721       0.721     0.000
        2  2n13      4361       0.562       0.562     0.000
        2  2n14      3811       0.719       0.719     0.000
        2  2n15      4137       0.683       0.683     0.000
        2  3n0        844       1.000       0.729     0.000
        2  3n1        823       1.000       0.352     0.000
        2  3n2        858       1.000       0.255     0.000
        2  3n3        908       1.000       0.532     0.000
        2  3n4        887       1.000       0.727     0.000
        2  3n5        906       1.000       0.776     0.000
        2  3n6        869       1.000       0.483     0.000
        2  3n7        803       1.000       0.357     0.000
        3  2n0       5153       0.861       0.861     0.000
        3  2n1       5174       0.907       0.907     0.000
        3  2n2       5053       0.736       0.736     0.000
        3  2n3       5091       0.803       0.803     0.000
        3  2n4       3369       0.874       0.874     0.000
        3  2n5       6012       0.909       0.909     0.000
        3  2n6       6229       0.917       0.917     0.000
        3  2n7       5562       0.807       0.807     0.000
        3  2n8       4528       0.860       0.860     0.000
        3  2n9       6090       0.915       0.915     0.000
        3  2n10      5620       0.781       0.781     0.000
        3  2n11      4512       0.838       0.838     0.000
        3  2n12      6710       0.960       0.960     0.000
        3  2n13      6631       0.878       0.878     0.000
        3  2n14      5703       0.927       0.927     0.000
        3  2n15      4863       0.915       0.915     0.000
        3  3n0       5914       1.000       0.926     0.000
        3  3n1       6117       1.000       0.747     0.000
        3  3n2       6513       1.000       0.626     0.000
        3  3n3       6473       1.000       0.679     0.000
        3  3n4       6238       1.000       0.917     0.000
        3  3n5       6509       1.000       0.849     0.000
        3  3n6       6720       1.000       0.819     0.000
        3  3n7       6135       1.000       0.749     0.000
        3  4n0       2496       1.000       1.000     0.000
        3  4n1       2561       1.000       1.000     0.000
        3  4n2       2649       1.000       1.000     0.000
        3  4n3       2744       1.000       1.000     0.000
        4  2n0        819       0.989       0.989     0.000
        4  2n1        834       0.975       0.975     0.000
        4  2n2        894       0.867       0.867     0.000
        4  2n3        893       0.892       0.892     0.000
        4  2n4        460       0.954       0.954     0.000
        4  2n5       1075       0.973       0.973     0.000
        4  2n6       1027       0.997       0.997     0.000
        4  2n7        774       0.910       0.910     0.000
        4  2n8        846       0.973       0.973     0.000
        4  2n9        915       0.975       0.975     0.000
        4  2n10       838       0.921       0.921     0.000
        4  2n11       860       0.979       0.979     0.000
        4  2n12      1119       0.991       0.991     0.000
        4  2n13      1152       0.974       0.974     0.000
        4  2n14       936       0.982       0.982     0.000
        4  2n15       686       0.964       0.964     0.000
        4  3n0        964       1.000       1.000     0.000
        4  3n1        855       1.000       0.966     0.000
        4  3n2       1037       1.000       0.969     0.000
        4  3n3       1152       1.000       1.000     0.000
        4  3n4       1085       1.000       0.995     0.000
        4  3n5       1142       1.000       0.936     0.000
        4  3n6       1152       1.000       1.000     0.000
        4  3n7       1141       1.000       1.000     0.000
        4  4n0       1152       1.000       1.000     0.000
        4  4n1       1152       1.000       1.000     0.000
        4  4n2       1152       1.000       1.000     0.000
        4  4n3       1152       1.000       1.000     0.000
        4  5n0        322       1.000       1.000     0.000
        4  5n1        527       1.000       1.000     0.000
        5  2n0        530       0.977       0.977     0.000
        5  2n1        487       1.000       1.000     0.000
        5  2n2        577       1.000       1.000     0.000
        5  2n3        653       0.968       0.968     0.000
        5  2n4        363       0.939       0.939     0.000
        5  2n5        864       0.997       0.997     0.000
        5  2n6        862       0.999       0.999     0.000
        5  2n7        538       0.989       0.989     0.000
        5  2n8        475       0.903       0.903     0.000
        5  2n9        562       1.000       1.000     0.000
        5  2n10       643       0.894       0.894     0.000
        5  2n11       512       0.984       0.984     0.000
        5  2n12       784       1.000       1.000     0.000
        5  2n13       743       0.945       0.945     0.000
        5  2n14       656       0.998       0.998     0.000
        5  2n15       314       0.997       0.997     0.000
        5  3n0        864       1.000       0.988     0.000
        5  3n1        626       1.000       0.957     0.000
        5  3n2        864       1.000       0.968     0.000
        5  3n3        864       1.000       1.000     0.000
        5  3n4        775       1.000       1.000     0.000
        5  3n5        732       1.000       0.939     0.000
        5  3n6        864       1.000       0.995     0.000
        5  3n7        860       1.000       1.000     0.000
        5  4n0        864       1.000       1.000     0.000
        5  4n1        864       1.000       1.000     0.000
        5  4n2        864       1.000       1.000     0.000
        5  4n3        864       1.000       1.000     0.000
        5  5n0        252       1.000       1.000     0.000
        5  5n1        864       1.000       1.000     0.000

    so_hy_yk:
      era  cell         n   class_agree  tuple_agree   unnamed
        1  2n0        863       0.884       0.884     0.000
        1  2n1       1114       0.794       0.794     0.000
        1  2n2       1103       0.850       0.850     0.000
        1  2n3       1095       0.732       0.732     0.000
        1  2n4        905       0.883       0.883     0.000
        1  2n5       1018       0.847       0.847     0.000
        1  2n6       1009       0.794       0.794     0.000
        1  2n7       1067       0.560       0.560     0.000
        1  2n8        995       0.851       0.851     0.000
        1  2n9       1109       0.890       0.890     0.000
        1  2n10      1001       0.792       0.792     0.000
        1  2n11       987       0.643       0.643     0.000
        1  2n12       752       0.806       0.806     0.000
        1  2n13      1127       0.769       0.769     0.000
        1  2n14       959       0.833       0.833     0.000
        1  2n15      1058       0.646       0.646     0.000
        2  2n0       4054       0.801       0.801     0.000
        2  2n1       4363       0.788       0.788     0.000
        2  2n2       4565       0.753       0.753     0.000
        2  2n3       4140       0.704       0.704     0.000
        2  2n4       3097       0.721       0.721     0.000
        2  2n5       4188       0.922       0.922     0.000
        2  2n6       4267       0.694       0.694     0.000
        2  2n7       4108       0.721       0.721     0.000
        2  2n8       3561       0.820       0.820     0.000
        2  2n9       4458       0.809       0.809     0.000
        2  2n10      4256       0.860       0.860     0.000
        2  2n11      3499       0.644       0.644     0.000
        2  2n12      4756       0.828       0.828     0.000
        2  2n13      4478       0.929       0.929     0.000
        2  2n14      3707       0.745       0.745     0.000
        2  2n15      4306       0.804       0.804     0.000
        2  3n0        819       0.999       0.999     0.000
        2  3n1        867       1.000       0.762     0.000
        2  3n2        787       1.000       0.680     0.000
        2  3n3        812       1.000       0.751     0.000
        2  3n4        950       1.000       0.997     0.000
        2  3n5        770       1.000       0.982     0.000
        2  3n6        960       1.000       0.925     0.000
        2  3n7        858       1.000       0.638     0.000
        3  2n0       5819       0.915       0.915     0.000
        3  2n1       5315       0.933       0.933     0.000
        3  2n2       6310       0.912       0.912     0.000
        3  2n3       5745       0.882       0.882     0.000
        3  2n4       3884       0.800       0.800     0.000
        3  2n5       6196       0.970       0.970     0.000
        3  2n6       5348       0.957       0.957     0.000
        3  2n7       5948       0.876       0.876     0.000
        3  2n8       5093       0.965       0.965     0.000
        3  2n9       6051       0.978       0.978     0.000
        3  2n10      5508       0.915       0.915     0.000
        3  2n11      5004       0.864       0.864     0.000
        3  2n12      6720       0.993       0.993     0.000
        3  2n13      6668       0.968       0.968     0.000
        3  2n14      3312       0.856       0.856     0.000
        3  2n15      4539       0.954       0.954     0.000
        3  3n0       5905       1.000       0.997     0.000
        3  3n1       5886       1.000       0.923     0.000
        3  3n2       6183       1.000       0.941     0.000
        3  3n3       6517       1.000       0.975     0.000
        3  3n4       6280       1.000       1.000     0.000
        3  3n5       5913       1.000       0.981     0.000
        3  3n6       6720       1.000       0.987     0.000
        3  3n7       6553       1.000       0.950     0.000
        3  4n0       1832       1.000       1.000     0.000
        3  4n1       2683       1.000       1.000     0.000
        3  4n2       2549       1.000       1.000     0.000
        3  4n3       2740       1.000       1.000     0.000
        4  2n0       1069       0.999       0.999     0.000
        4  2n1        845       0.976       0.976     0.000
        4  2n2        895       0.954       0.954     0.000
        4  2n3        910       1.000       1.000     0.000
        4  2n4        609       0.890       0.890     0.000
        4  2n5       1126       0.956       0.956     0.000
        4  2n6        801       0.986       0.986     0.000
        4  2n7        759       0.980       0.980     0.000
        4  2n8        912       1.000       1.000     0.000
        4  2n9       1011       1.000       1.000     0.000
        4  2n10       961       0.941       0.941     0.000
        4  2n11       989       0.969       0.969     0.000
        4  2n12      1124       1.000       1.000     0.000
        4  2n13      1117       1.000       1.000     0.000
        4  2n14       576       0.837       0.837     0.000
        4  2n15       638       0.975       0.975     0.000
        4  3n0       1019       1.000       1.000     0.000
        4  3n1        887       1.000       1.000     0.000
        4  3n2       1152       1.000       0.989     0.000
        4  3n3       1152       1.000       0.987     0.000
        4  3n4       1141       1.000       1.000     0.000
        4  3n5       1087       1.000       1.000     0.000
        4  3n6       1152       1.000       1.000     0.000
        4  3n7       1152       1.000       0.938     0.000
        4  4n0        991       1.000       1.000     0.000
        4  4n1       1152       1.000       1.000     0.000
        4  4n2       1072       1.000       1.000     0.000
        4  4n3       1152       1.000       1.000     0.000
        4  5n0        502       1.000       1.000     0.000
        4  5n1        518       1.000       1.000     0.000
        5  2n0        859       0.999       0.999     0.000
        5  2n1        456       0.965       0.965     0.000
        5  2n2        701       1.000       1.000     0.000
        5  2n3        640       1.000       1.000     0.000
        5  2n4        424       0.981       0.981     0.000
        5  2n5        864       0.995       0.995     0.000
        5  2n6        683       0.943       0.943     0.000
        5  2n7        563       0.964       0.964     0.000
        5  2n8        465       1.000       1.000     0.000
        5  2n9        632       0.998       0.998     0.000
        5  2n10       864       0.951       0.951     0.000
        5  2n11       582       1.000       1.000     0.000
        5  2n12       824       0.985       0.985     0.000
        5  2n13       644       1.000       1.000     0.000
        5  2n14       311       0.897       0.897     0.000
        5  2n15       212       1.000       1.000     0.000
        5  3n0        834       1.000       1.000     0.000
        5  3n1        775       1.000       0.990     0.000
        5  3n2        850       1.000       1.000     0.000
        5  3n3        864       1.000       0.994     0.000
        5  3n4        864       1.000       1.000     0.000
        5  3n5        864       1.000       1.000     0.000
        5  3n6        864       1.000       1.000     0.000
        5  3n7        864       1.000       0.970     0.000
        5  4n0        819       1.000       1.000     0.000
        5  4n1        845       1.000       1.000     0.000
        5  4n2        864       1.000       1.000     0.000
        5  4n3        864       1.000       1.000     0.000
        5  5n0        617       1.000       1.000     0.000
        5  5n1        864       1.000       1.000     0.000

    so_mg_yk:
      era  cell         n   class_agree  tuple_agree   unnamed
        1  2n0        874       0.915       0.915     0.000
        1  2n1       1072       0.869       0.869     0.000
        1  2n2        938       0.723       0.723     0.000
        1  2n3       1120       0.694       0.694     0.000
        1  2n4        909       0.834       0.834     0.000
        1  2n5       1026       0.846       0.846     0.000
        1  2n6        926       0.746       0.746     0.000
        1  2n7        955       0.541       0.541     0.000
        1  2n8        992       0.783       0.783     0.000
        1  2n9       1046       0.934       0.934     0.000
        1  2n10      1041       0.743       0.743     0.000
        1  2n11       869       0.756       0.756     0.000
        1  2n12       787       0.759       0.759     0.000
        1  2n13      1097       0.717       0.717     0.000
        1  2n14       939       0.786       0.786     0.000
        1  2n15      1063       0.732       0.732     0.000
        2  2n0       4010       0.693       0.693     0.000
        2  2n1       4419       0.502       0.502     0.000
        2  2n2       4020       0.517       0.517     0.000
        2  2n3       4047       0.321       0.321     0.000
        2  2n4       2964       0.561       0.561     0.000
        2  2n5       4407       0.598       0.598     0.000
        2  2n6       3723       0.492       0.492     0.000
        2  2n7       3982       0.152       0.152     0.000
        2  2n8       3775       0.697       0.697     0.000
        2  2n9       4467       0.732       0.732     0.000
        2  2n10      4321       0.577       0.577     0.000
        2  2n11      3675       0.427       0.427     0.000
        2  2n12      4673       0.695       0.695     0.000
        2  2n13      4636       0.547       0.547     0.000
        2  2n14      3550       0.644       0.644     0.000
        2  2n15      4087       0.432       0.432     0.000
        2  3n0        782       1.000       0.442     0.000
        2  3n1        859       1.000       0.312     0.000
        2  3n2        945       1.000       0.415     0.000
        2  3n3        889       1.000       0.182     0.000
        2  3n4        682       1.000       0.647     0.000
        2  3n5        597       1.000       0.441     0.000
        2  3n6        869       1.000       0.312     0.000
        2  3n7        798       1.000       0.293     0.000
        3  2n0       5400       0.891       0.891     0.000
        3  2n1       5177       0.870       0.870     0.000
        3  2n2       4879       0.831       0.831     0.000
        3  2n3       5284       0.765       0.765     0.000
        3  2n4       3398       0.900       0.900     0.000
        3  2n5       6229       0.905       0.905     0.000
        3  2n6       4106       0.904       0.904     0.000
        3  2n7       5521       0.629       0.629     0.000
        3  2n8       5050       0.896       0.896     0.000
        3  2n9       5863       0.933       0.933     0.000
        3  2n10      5938       0.768       0.768     0.000
        3  2n11      4324       0.768       0.768     0.000
        3  2n12      6720       0.944       0.944     0.000
        3  2n13      6649       0.869       0.869     0.000
        3  2n14      3823       0.818       0.818     0.000
        3  2n15      5095       0.782       0.782     0.000
        3  3n0       6046       1.000       0.839     0.000
        3  3n1       6452       1.000       0.816     0.000
        3  3n2       6352       1.000       0.621     0.000
        3  3n3       6570       1.000       0.623     0.000
        3  3n4       6243       1.000       0.946     0.000
        3  3n5       5196       0.998       0.409     0.000
        3  3n6       6720       1.000       0.659     0.000
        3  3n7       6481       1.000       0.758     0.000
        3  4n0       2237       1.000       1.000     0.000
        3  4n1       2364       1.000       0.729     0.000
        3  4n2       2591       1.000       0.994     0.000
        3  4n3       2556       1.000       0.994     0.000
        4  2n0        858       0.943       0.943     0.000
        4  2n1        777       0.912       0.912     0.000
        4  2n2        602       0.968       0.968     0.000
        4  2n3        721       0.860       0.860     0.000
        4  2n4        660       0.992       0.992     0.000
        4  2n5        927       0.974       0.974     0.000
        4  2n6        907       0.968       0.968     0.000
        4  2n7       1082       0.971       0.971     0.000
        4  2n8        905       0.983       0.983     0.000
        4  2n9        568       1.000       1.000     0.000
        4  2n10       795       0.884       0.884     0.000
        4  2n11       898       0.971       0.971     0.000
        4  2n12      1152       1.000       1.000     0.000
        4  2n13      1106       1.000       1.000     0.000
        4  2n14       659       0.791       0.791     0.000
        4  2n15       663       0.919       0.919     0.000
        4  3n0       1055       1.000       1.000     0.000
        4  3n1       1152       1.000       0.984     0.000
        4  3n2       1094       1.000       0.988     0.000
        4  3n3       1149       1.000       0.983     0.000
        4  3n4        968       1.000       1.000     0.000
        4  3n5        700       1.000       0.923     0.000
        4  3n6       1152       1.000       1.000     0.000
        4  3n7       1138       1.000       0.985     0.000
        4  4n0       1152       1.000       1.000     0.000
        4  4n1       1052       1.000       1.000     0.000
        4  4n2       1152       1.000       1.000     0.000
        4  4n3       1152       1.000       1.000     0.000
        4  5n0        276       1.000       1.000     0.000
        4  5n1        566       1.000       1.000     0.000
        5  2n0        540       0.969       0.969     0.000
        5  2n1        576       0.997       0.997     0.000
        5  2n2        398       1.000       1.000     0.000
        5  2n3        709       0.808       0.808     0.000
        5  2n4        298       0.997       0.997     0.000
        5  2n5        647       0.972       0.972     0.000
        5  2n6        561       0.907       0.907     0.000
        5  2n7        832       0.999       0.999     0.000
        5  2n8        662       1.000       1.000     0.000
        5  2n9        521       1.000       1.000     0.000
        5  2n10       642       0.961       0.961     0.000
        5  2n11       415       0.976       0.976     0.000
        5  2n12       854       1.000       1.000     0.000
        5  2n13       733       0.975       0.975     0.000
        5  2n14       478       0.736       0.736     0.000
        5  2n15       279       0.885       0.885     0.000
        5  3n0        847       1.000       1.000     0.000
        5  3n1        864       1.000       0.992     0.000
        5  3n2        842       1.000       1.000     0.000
        5  3n3        850       1.000       0.985     0.000
        5  3n4        864       1.000       1.000     0.000
        5  3n5        560       1.000       0.948     0.000
        5  3n6        864       1.000       0.998     0.000
        5  3n7        801       1.000       0.990     0.000
        5  4n0        864       1.000       1.000     0.000
        5  4n1        864       1.000       1.000     0.000
        5  4n2        864       1.000       1.000     0.000
        5  4n3        864       1.000       1.000     0.000
        5  5n0        145       1.000       1.000     0.000
        5  5n1        864       1.000       1.000     0.000

====================================================================================================
[G] THE RECORD'S VOLUME AND THE OBJECTIVE'S DIET
====================================================================================================
    `filed` writes kept by the beam and on a graded tip; `solved` their verdict;
    `unnamed` training rows whose recorded class has no member in the current table
    (the argmax arms' own hazard — DESIGN §14); `verify_bad` gate V-1's counter.

    arm                    written    filed   solved%   unnamed   verify   v_bad   buf(last, max over slots)
    so_cg_yk                  1569410   448623    0.279         0   448623       0   8192
    so_hy_yk                  1617723   458578    0.272         0   458578       0   8192
    so_mg_yk                  1520932   441771    0.298         0   441771       0   8192

====================================================================================================
[H] ARRIVAL, CLASS COVERAGE, MERGES AND THE BILL
====================================================================================================
    arm                   L5@sup(end) L6@sup(end)  L4 classes(end)  merges taken  exp_reads   t_cum
    so_cg_yk                          9           2              24            36    2267901    51155866
    so_hy_yk                         18           1              24            43    2289053    51293561
    so_mg_yk                         14           1              30            37    2253268    51218048
    vo_s3:voi3_dp                    17           3              26            44    2288898    51208256
    vo_s3b:voi3b_comp_yk              8           2              21            43    2283467    51135949
    vo_s3b:voi3b_comp_pr_yk          12           1              26            37    2269032    51358593

====================================================================================================
[I] ERA-4/5 ERROR — with the caveat
====================================================================================================
    `enharmonic`'s matched-clock gaps between near-identical arms reach 0.08, and these
    arms are SELF-PACED and lived different numbers of cycles, so error is NOT a claim
    here. The structural readouts above are.

    arm                   era1  era2  era3  era4  era5
    so_cg_yk                 0.499  0.602  0.589  0.527  0.496
    so_hy_yk                 0.501  0.647  0.595  0.581  0.647
    so_mg_yk                 0.496  0.612  0.567  0.530  0.503
    vo_s3:voi3_dp            0.499  0.620  0.613  0.671  0.773
    vo_s3b:voi3b_comp_yk     0.502  0.624  0.565  0.588  0.550
    vo_s3b:voi3b_comp_pr_yk  0.501  0.614  0.532  0.644  0.703

====================================================================================================
[J] THE CRITIC — held-out AUC against the verdict, per slot, over the run
====================================================================================================
    The held-out split is by the parity gate's own BIJECTIVE row code, not a coin flip,
    so a context recurring across cycles cannot sit on both sides. `auc` is None where
    one class is absent on the held-out rows — an AUC is undefined then, and saying so
    beats reporting 0.5. DENOMINATORS AND BASE RATES ARE PART OF THE READING: the
    preflight's AUCs sat on 16-26 rows at base rate 0.045-0.08 and were a path check.

    [sotto] `auc_world` is the probe AUC scored against the WORLD'S verdict on the
    same rows rather than against the verdict that was FILED. On a world-graded arm the
    two columns are the same number; on a model-graded arm they are not, and the one
    the question is about is `auc_world` — can the critic rank what the world would have
    said, having been taught by a mirror. `filed==world` is the share of the filed
    probe rows whose verdict the world agreed with, i.e. the mirror's own accuracy on
    the rows it actually put into the critic.

    [Q3] THE TWO DIETS ARE READ APART and are NEVER pooled. The filed rows are the
    practice beam's own writes — a narrow, self-selected candidate set (Q0 finding 3:
    at the frontier almost every write falls in one token class) — and the probe rows
    are the babbler's substitutions, a DIFFERENT class by construction. A pooled AUC
    would read that candidate-set difference as discrimination. Both columns carry
    their own denominator and base rate.

    so_cg_yk:
      FILED rows                                              PROBE rows [Q3], the AUC scored against the WORLD [sotto]
      slot   reads  n(last) base(last)  auc f/med/last  >.5   n(last) base(last)  auc f/med/last  >.5   auc_world f/med/last  filed==world
      2:0      153      801      0.228  1.000/0.650/0.727  0.98       426      0.079  0.445/0.702/0.786  0.85   0.936/0.515/0.632   0.974
      2:1      153      761      0.289  0.182/0.735/0.710  0.90       444      0.070  0.829/0.964/0.990  1.00   0.986/0.630/0.514   0.968
      2:2      153      648      0.245  0.408/0.659/0.704  0.99       439      0.065    (undefined: one class)      0.145/0.444/0.470   0.971
      2:3      149      756      0.212  0.652/0.672/0.614  0.98       454      0.083    (undefined: one class)      0.637/0.656/0.781   0.986
      2:4      153      817      0.131  0.789/0.649/0.707  0.84       354      0.079    (undefined: one class)      0.592/0.656/0.700   0.984
      2:5      153      786      0.281  0.974/0.658/0.711  0.88       452      0.057    (undefined: one class)      0.078/0.477/0.685   0.973
      2:6      153      945      0.443  0.689/0.582/0.707  0.60       468      0.077  0.752/0.945/0.794  1.00   0.864/0.592/0.601   0.956
      2:7      153      933      0.243  0.992/0.697/0.648  1.00       399      0.060    (undefined: one class)      0.000/0.279/0.645   0.992
      2:8      153      961      0.208  1.000/0.650/0.613  0.99       495      0.068    (undefined: one class)      0.167/0.505/0.540   0.968
      2:9      153      865      0.316  0.515/0.672/0.658  0.97       356      0.059    (undefined: one class)      0.500/0.631/0.758   0.966
      2:10     153      772      0.328  0.700/0.663/0.639  1.00       419      0.068  0.989/0.995/1.000  1.00   0.076/0.653/0.707   0.932
      2:11     153      651      0.230  0.547/0.560/0.726  0.89       393      0.064    (undefined: one class)      0.361/0.485/0.646   0.960
      2:12     153      818      0.252  0.163/0.571/0.657  0.87       485      0.050    (undefined: one class)      0.633/0.613/0.633   0.956
      2:13     153      766      0.252  0.061/0.638/0.714  0.97       434      0.059  0.485/0.429/0.524  0.30   0.469/0.523/0.638   0.970
      2:14     150      742      0.276  0.592/0.651/0.785  0.84       461      0.067  0.823/0.926/0.887  1.00   0.094/0.831/0.762   0.973
      2:15     153      834      0.217  1.000/0.641/0.497  0.97       400      0.060  0.837/0.861/0.887  1.00   0.043/0.591/0.746   0.986
      3:0      101      894      0.334  0.508/0.753/0.662  0.93       365      0.031    (undefined: one class)      0.250/0.728/0.779   0.971
      3:1      101      776      0.280  0.900/0.651/0.739  0.99       232      0.040  0.533/0.430/0.351  0.27         (n/a)         0.996
      3:2      100      973      0.338  0.975/0.558/0.564  0.67       375      0.047  0.686/0.756/0.593  1.00   0.364/0.543/0.555   0.981
      3:3      101      804      0.388  0.549/0.680/0.684  0.96       300      0.044  0.963/0.922/0.833  1.00   0.978/0.884/0.415   0.988
      3:4      101      860      0.291  0.968/0.663/0.551  1.00       412      0.028    (undefined: one class)      0.034/0.528/0.434   0.988
      3:5      101      768      0.366  0.232/0.717/0.633  0.98       351      0.038  0.745/0.613/0.672  0.75   0.778/0.723/0.686   0.963
      3:6      101      901      0.361  0.124/0.589/0.654  0.84       336      0.033    (undefined: one class)      0.036/0.498/0.727   0.984
      3:7      101      778      0.373  0.045/0.732/0.694  0.98       342      0.044    (undefined: one class)      0.588/0.719/0.674   0.984
      4:0       50      755      0.423  0.970/0.690/0.753  1.00        53      0.018  0.750/0.596/0.423  0.58   0.938/0.873/0.808   0.927
      4:1       49      727      0.512  0.980/0.722/0.586  1.00        97      0.024  0.903/0.789/0.740  1.00   0.562/0.741/0.812   0.967
      4:2       50      764      0.450  0.455/0.606/0.685  0.84       146      0.017  1.000/0.588/0.562  1.00   1.000/1.000/1.000   0.992
      4:3       50      867      0.419  0.500/0.632/0.685  0.96       105      0.016  1.000/0.829/0.740  1.00   1.000/0.829/0.740   1.000
      5:0        9       52      0.654  1.000/1.000/0.686  1.00         0          -          (no probe)            (n/a)           -  
      5:1       15      531      0.603  0.448/0.509/0.655  0.60        20      0.000    (undefined: one class)            (n/a)         1.000

    so_hy_yk:
      FILED rows                                              PROBE rows [Q3], the AUC scored against the WORLD [sotto]
      slot   reads  n(last) base(last)  auc f/med/last  >.5   n(last) base(last)  auc f/med/last  >.5   auc_world f/med/last  filed==world
      2:0      153      727      0.377  1.000/0.641/0.640  0.98       791      0.074  0.439/0.745/0.852  0.93   0.439/0.724/0.834   0.984
      2:1      153      835      0.236  0.182/0.712/0.681  0.96       866      0.074  0.378/0.796/0.885  0.86   0.950/0.748/0.840   0.979
      2:2      153      644      0.404  0.983/0.652/0.599  1.00       785      0.070  0.376/0.817/0.777  0.98   0.776/0.792/0.814   0.979
      2:3      149      618      0.238  0.800/0.624/0.648  0.99       708      0.068  0.609/0.743/0.875  1.00   0.691/0.729/0.831   0.983
      2:4      153      810      0.222  0.975/0.675/0.633  1.00       745      0.051  0.692/0.803/0.886  0.90   0.163/0.740/0.806   0.988
      2:5      153      779      0.348  0.974/0.779/0.626  1.00       759      0.094  0.324/0.720/0.797  0.86   0.609/0.751/0.802   0.984
      2:6      153     1009      0.236  0.689/0.550/0.620  0.69       941      0.052  0.133/0.724/0.871  0.92   0.491/0.773/0.878   0.992
      2:7      153      770      0.192  0.630/0.641/0.693  0.96       831      0.071  0.828/0.688/0.813  1.00   0.613/0.730/0.857   0.968
      2:8      153      735      0.190  0.000/0.704/0.694  0.96       759      0.050  0.174/0.720/0.782  0.89   0.174/0.757/0.814   0.992
      2:9      153      855      0.177  0.515/0.743/0.728  0.98       788      0.053  0.600/0.931/0.912  1.00   0.600/0.817/0.896   0.973
      2:10     153      854      0.249  0.700/0.577/0.631  0.69       871      0.044  0.421/0.770/0.745  0.99   0.421/0.746/0.764   0.997
      2:11     153      910      0.185  0.713/0.669/0.591  1.00       905      0.058  0.364/0.493/0.757  0.49   0.318/0.615/0.794   0.980
      2:12     153      891      0.212  0.163/0.637/0.522  0.99       819      0.045  0.383/0.646/0.682  0.73   0.118/0.607/0.730   0.988
      2:13     153      694      0.314  0.061/0.613/0.663  0.92       680      0.104  0.765/0.764/0.817  0.84   0.609/0.778/0.813   0.978
      2:14     150      793      0.238  0.592/0.698/0.656  0.92       766      0.063  0.029/0.708/0.813  0.94   0.985/0.731/0.787   0.979
      2:15     153      811      0.196  1.000/0.662/0.611  1.00       866      0.053  0.250/0.764/0.832  0.92   0.250/0.715/0.831   0.993
      3:0      101      793      0.338  0.341/0.777/0.781  0.99       564      0.082  0.690/0.809/0.849  1.00   1.000/0.805/0.853   0.985
      3:1      101      922      0.310  0.000/0.631/0.684  0.91       608      0.084  0.300/0.661/0.680  0.91   0.300/0.684/0.691   0.978
      3:2      101      792      0.448  0.702/0.659/0.614  0.96       615      0.083  0.756/0.666/0.722  0.97   0.756/0.688/0.741   0.992
      3:3      101      890      0.239  0.312/0.702/0.588  0.96       632      0.066  0.470/0.790/0.789  0.99   0.470/0.841/0.829   0.980
      3:4      101      770      0.456  1.000/0.801/0.641  1.00       563      0.065  0.738/0.804/0.779  1.00   0.923/0.798/0.783   0.983
      3:5      101      879      0.397  0.708/0.761/0.583  1.00       671      0.076  0.171/0.576/0.668  0.69   0.171/0.561/0.683   0.991
      3:6      101      905      0.281  0.333/0.602/0.600  0.84       604      0.065  0.277/0.683/0.758  0.97   0.365/0.710/0.770   0.967
      3:7      101      752      0.339  0.204/0.647/0.675  0.97       677      0.092  0.734/0.732/0.860  0.99   0.828/0.742/0.864   0.992
      4:0       50      531      0.360  0.333/0.695/0.653  0.96       287      0.131  0.417/0.669/0.715  0.96   0.486/0.711/0.739   0.963
      4:1       50      731      0.525  0.777/0.683/0.801  0.94       303      0.133  0.548/0.777/0.724  1.00   0.692/0.680/0.675   0.925
      4:2       50      894      0.412  0.020/0.613/0.670  0.84       340      0.151  0.646/0.861/0.848  1.00   0.646/0.851/0.840   0.990
      4:3       50      832      0.490  1.000/0.578/0.756  0.92       306      0.148  0.735/0.710/0.706  1.00   0.688/0.725/0.717   0.975
      5:0       15      164      0.707  0.000/0.583/0.839  0.58        94      0.405  0.714/0.622/0.744  1.00   0.714/0.713/0.788   0.969
      5:1       15      304      0.632  1.000/0.453/0.577  0.20        90      0.301  0.633/0.730/0.737  1.00   0.633/0.730/0.737   1.000

    so_mg_yk:
      FILED rows                                              PROBE rows [Q3], the AUC scored against the WORLD [sotto]
      slot   reads  n(last) base(last)  auc f/med/last  >.5   n(last) base(last)  auc f/med/last  >.5   auc_world f/med/last  filed==world
      2:0      153      859      0.318  1.000/0.651/0.793  0.97       888      0.134  0.485/0.654/0.716  0.98   0.643/0.652/0.728   0.947
      2:1      153      736      0.258  0.182/0.648/0.577  0.96       765      0.152  0.938/0.768/0.759  1.00   0.560/0.640/0.675   0.922
      2:2      153      801      0.287  0.255/0.685/0.671  0.99       828      0.152  0.857/0.693/0.777  0.94   0.095/0.686/0.689   0.945
      2:3      149      861      0.267  0.534/0.672/0.751  0.80       854      0.145  0.479/0.665/0.761  0.80   0.933/0.562/0.786   0.931
      2:4      153      757      0.226  0.953/0.646/0.597  0.95       706      0.150  0.064/0.752/0.742  0.91   0.405/0.587/0.620   0.961
      2:5      153      854      0.314  0.974/0.662/0.653  0.99       853      0.180  0.631/0.768/0.800  0.99   0.469/0.531/0.640   0.928
      2:6      153      954      0.316  0.689/0.583/0.668  0.90       951      0.132  0.890/0.657/0.736  0.98   0.850/0.642/0.812   0.969
      2:7      153      838      0.331  1.000/0.670/0.718  0.88       867      0.183  0.831/0.844/0.850  1.00   0.304/0.561/0.726   0.945
      2:8      153      846      0.291  0.245/0.707/0.717  0.98       771      0.171  0.672/0.627/0.711  0.98   1.000/0.561/0.719   0.957
      2:9      153      980      0.217  0.515/0.560/0.559  0.78       982      0.135  0.980/0.742/0.748  1.00   0.136/0.569/0.671   0.958
      2:10     153      818      0.322  0.700/0.642/0.578  0.99       794      0.143  0.295/0.675/0.655  0.70   0.200/0.524/0.722   0.942
      2:11     153      694      0.267  0.381/0.685/0.666  0.83       789      0.200  0.810/0.650/0.659  1.00   0.048/0.640/0.738   0.927
      2:12     153      802      0.209  0.163/0.598/0.503  0.89       743      0.119  0.476/0.643/0.625  0.81   0.136/0.665/0.652   0.968
      2:13     153      652      0.443  0.061/0.626/0.725  0.90       657      0.155  0.286/0.719/0.774  0.65   0.617/0.704/0.828   0.952
      2:14     150      996      0.283  0.592/0.624/0.708  0.89       908      0.123  0.318/0.560/0.650  0.55   0.843/0.632/0.750   0.958
      2:15     153      852      0.347  1.000/0.651/0.657  0.95       922      0.188  0.972/0.675/0.669  0.96   0.174/0.769/0.624   0.957
      3:0      101     1007      0.324  0.736/0.633/0.613  0.94       642      0.143  0.838/0.666/0.666  1.00   0.177/0.674/0.745   0.948
      3:1      101      857      0.254  0.429/0.694/0.695  0.99       610      0.170  0.367/0.547/0.632  0.62   0.609/0.613/0.706   0.866
      3:2      101      742      0.376  0.267/0.659/0.641  0.97       580      0.172  0.618/0.670/0.715  0.94   0.738/0.656/0.711   0.886
      3:3      101      790      0.514  0.286/0.710/0.722  0.91       568      0.177  0.898/0.772/0.785  1.00   0.167/0.722/0.764   0.922
      3:4      101      920      0.351  0.652/0.681/0.716  1.00       742      0.139  0.064/0.717/0.732  0.75   0.778/0.719/0.732   0.926
      3:5      101      727      0.190  1.000/0.603/0.623  0.77       504      0.132  0.610/0.736/0.665  0.99   0.634/0.780/0.758   0.975
      3:6      101      957      0.405  0.274/0.631/0.545  0.95       678      0.137  0.240/0.646/0.733  0.83   0.958/0.602/0.682   0.937
      3:7      101      903      0.453  0.914/0.633/0.559  1.00       632      0.120  0.642/0.833/0.807  1.00   0.156/0.678/0.744   0.915
      4:0       50      882      0.461  0.000/0.633/0.680  0.80       316      0.263  0.700/0.698/0.691  1.00   0.704/0.689/0.706   0.773
      4:1       50     1024      0.730  0.889/0.706/0.826  1.00       376      0.319  0.087/0.728/0.774  0.98   0.485/0.695/0.849   0.809
      4:2       50      799      0.466  0.946/0.627/0.534  0.88       311      0.232  0.519/0.672/0.714  0.98   0.492/0.630/0.804   0.766
      4:3       50      856      0.482  0.349/0.528/0.702  0.58       317      0.182  0.431/0.677/0.767  0.96   0.485/0.613/0.711   0.840
      5:0       15      112      0.384  1.000/1.000/0.871  1.00        49      0.456  0.422/0.629/0.632  0.70   0.600/0.786/0.783   0.485
      5:1       15      323      0.539  1.000/0.323/0.371  0.07        70      0.229  0.537/0.568/0.568  1.00   0.569/0.542/0.570   0.856

====================================================================================================
[K] EPSILON — its OWN counters, and the frontier it is confined to
====================================================================================================
    `n_eps` counts calls where epsilon FIRED; `eps_shift` those where the uniform class
    draw actually changed the write (it is below `n_eps` because a uniform draw can land
    on the class the argmax would have written). These are separate from `shift`, which
    also counts the CRITIC re-deciding — on a governed arm the two are not separable
    from `shift` alone. Q1 §19 is why the frontier confinement exists at all.

    so_cg_yk: epsilon never fired (argmax arm).

    so_hy_yk: epsilon never fired (argmax arm).

    so_mg_yk: epsilon never fired (argmax arm).

====================================================================================================
[L] GOVERNANCE — which slots the critic earned, when, and how often it moved the write
====================================================================================================
    A slot is governed once it holds `vo_critic_min` filed rows. `shift - eps_shift`
    is the part of the re-decision the CRITIC is responsible for.

    so_cg_yk:  30 slots governed
      slot   first  last   calls     critic-moved share
      2:0   c49    c201     83278               0.575
      2:1   c49    c201     66522               0.543
      2:2   c49    c201    107470               0.596
      2:3   c49    c201     53205               0.650
      2:4   c49    c201     48850               0.522
      2:5   c49    c201    215904               0.325
      2:6   c49    c201    298384               0.178
      2:7   c49    c201    141693               0.308
      2:8   c49    c201     53738               0.572
      2:9   c49    c201    145107               0.386
      2:10  c49    c201    187525               0.532
      2:11  c49    c201     57904               0.618
      2:12  c49    c201    954199               0.316
      2:13  c49    c201    401293               0.264
      2:14  c49    c201    160311               0.252
      2:15  c49    c201     67012               0.460
      3:0   c101   c201    159241               0.667
      3:1   c101   c201    115977               0.641
      3:2   c101   c201    192607               0.464
      3:3   c101   c201    297799               0.337
      3:4   c101   c201    143268               0.560
      3:5   c101   c201    248986               0.474
      3:6   c101   c201   1006873               0.296
      3:7   c101   c201    291897               0.279
      4:0   c152   c201    142096               0.277
      4:1   c152   c201    279026               0.057
      4:2   c152   c201    181973               0.384
      4:3   c152   c201    349719               0.065
      5:0   c188   c201     33923               0.820
      5:1   c187   c201     95881               0.574

    so_hy_yk:  30 slots governed
      slot   first  last   calls     critic-moved share
      2:0   c49    c201    146256               0.491
      2:1   c49    c201     94036               0.412
      2:2   c49    c201    255246               0.401
      2:3   c49    c201     99169               0.547
      2:4   c49    c201     74563               0.437
      2:5   c49    c201    235482               0.249
      2:6   c49    c201    107710               0.346
      2:7   c49    c201    200769               0.321
      2:8   c49    c201    133557               0.336
      2:9   c49    c201    216197               0.366
      2:10  c49    c201    160167               0.405
      2:11  c49    c201     75306               0.509
      2:12  c49    c201    987274               0.201
      2:13  c49    c201    381725               0.267
      2:14  c49    c201     63369               0.384
      2:15  c49    c201     93680               0.448
      3:0   c101   c201     99068               0.254
      3:1   c101   c201     91297               0.515
      3:2   c101   c201    182461               0.258
      3:3   c101   c201    313526               0.155
      3:4   c101   c201    185687               0.360
      3:5   c101   c201    166792               0.457
      3:6   c101   c201   1077524               0.200
      3:7   c101   c201    561076               0.118
      4:0   c153   c201     61533               0.048
      4:1   c152   c201    154475               0.114
      4:2   c152   c201    213866               0.705
      4:3   c152   c201    355356               0.112
      5:0   c188   c201     44805               0.113
      5:1   c187   c201     89108               0.265

    so_mg_yk:  30 slots governed
      slot   first  last   calls     critic-moved share
      2:0   c49    c201     86422               0.550
      2:1   c49    c201    108809               0.543
      2:2   c49    c201     68585               0.601
      2:3   c49    c201     64246               0.611
      2:4   c49    c201     52127               0.577
      2:5   c49    c201    187263               0.412
      2:6   c49    c201     57070               0.414
      2:7   c49    c201    138882               0.436
      2:8   c49    c201     59386               0.568
      2:9   c49    c201    106116               0.448
      2:10  c49    c201    227731               0.510
      2:11  c49    c201     57824               0.619
      2:12  c49    c201   1056249               0.299
      2:13  c49    c201    476956               0.276
      2:14  c49    c201     47592               0.492
      2:15  c49    c201     63865               0.502
      3:0   c101   c201    129609               0.691
      3:1   c101   c201    246598               0.678
      3:2   c101   c201    159499               0.588
      3:3   c101   c201    303093               0.459
      3:4   c101   c201    108336               0.657
      3:5   c101   c201     57364               0.872
      3:6   c101   c201   1304666               0.415
      3:7   c101   c201    300400               0.561
      4:0   c152   c201    114353               0.557
      4:1   c152   c201    174921               0.150
      4:2   c152   c201    181515               0.198
      4:3   c152   c201    353453               0.084
      5:0   c187   c201     67369               0.798
      5:1   c187   c201    110025               0.844

====================================================================================================
[M] THE CORRIDOR UNDER A MOVED WRITE — misfire with the treatment's own draws removed
====================================================================================================
    `n_misfire` counts FIRED rows (the head executed) whose span did not match
    `dp_features` exactly. Where the treatment RE-DECIDED the write, a mismatch with the
    DP's row IS the treatment and not a defect — so the raw rate is not the corridor's
    health on a treated arm.

    [Q3] THE SPLIT Q2 COULD NOT MAKE. `n_sampled` / `n_xp_shift` count every
    re-decided call, OPEN and CLOSED alike, and `n_fired` counts only calls the head
    executed — so on an arm whose corridor is mostly shut, Q2's `shift - misfire` was
    a subtraction across two different denominators and `excess` had to be withheld
    wherever `shift > n_misfire`. The recorder now tallies the shift BY PATH
    (`n_shift_fired` / `n_shift_closed`), so `excess` below is
        (n_misfire - shift_FIRED) / n_fired
    on the same denominator throughout. It is the misfire the moved write does NOT
    explain. A negative value means the head matched the DP on rows the treatment had
    moved — possible, and printed rather than clipped. Q2's undecomposable form is kept
    in the last two columns so a Q2 tag reduces to the same numbers it did.

    arm                    open max/last  n_fired    misfire   shift_fire  shift_clos   excess    [Q2 form]
    so_cg_yk                   30 /   30    5738715    0.3302     1610154      645826    0.0496   shift/sampled 0.3428 excess n/a
    so_hy_yk                   30 /   29    6010692    0.2949     1380520      506829    0.0652   shift/sampled 0.2727 excess n/a
    so_mg_yk                   30 /   29    5509096    0.4037     2030495      705978    0.0352   shift/sampled 0.4229 excess n/a

    n_open per 10 cycles:
      so_cg_yk                 0   0   0   0   0   1  16  16  15  16  16  24  23  24  24  24  28  28  28  29  30
      so_hy_yk                 0   0   0   0   0   1  16  16  16  16  15  23  23  23  23  23  28  27  28  28  29
      so_mg_yk                 0   0   0   0   0   1  16  16  16  16  16  24  22  23  22  22  28  26  28  29  29

====================================================================================================
[N] THE COMPOSED CHOICE — how often the critic moved the write off the DP's row
====================================================================================================
    On a governed slot the composed chooser is  argmax_t  z(dp_t / span) + w * z(critic_t)
    over the on-table candidates, each z-scored over the candidate SET. `moved` is the
    share of governed calls where that argmax is not the DP's own argmax — MEASURED at
    the choice, never inferred from the write.

    `dp_vs_head` is printed beside it and is a DIFFERENT quantity: on an OPEN slot the
    executor's own would-be write is the head's emission, not the DP's row, so the two
    priors already disagree before the critic is consulted. Reading `moved` without it
    would attribute that standing disagreement to the critic. It is 0 on a closed slot
    by construction (there the DP IS the writer).

    A `moved` share near 0 says the critic is decorative at this w; near 1 says the DP
    is. Neither is a defect and neither is read as one here.

    so_cg_yk:  mode=composed  w=1.0
      cell    governed calls      moved   share    dp_vs_head share
      2n0              83278      53631   0.644              0.162
      2n1              66522      36968   0.556              0.147
      2n2             107470      71078   0.661              0.182
      2n3              53205      35818   0.673              0.154
      2n4              48850      26939   0.551              0.122
      2n5             215904      71039   0.329              0.100
      2n6             298384      62144   0.208              0.073
      2n7             141693      48726   0.344              0.106
      2n8              53738      32698   0.608              0.141
      2n9             145107      62174   0.428              0.137
      2n10            187525     104473   0.557              0.116
      2n11             57904      38851   0.671              0.157
      2n12            954199     341195   0.358              0.153
      2n13            401293     111095   0.277              0.116
      2n14            160311      45264   0.282              0.084
      2n15             67012      32659   0.487              0.145
      3n0             159241     111921   0.703              0.094
      3n1             115977      79157   0.683              0.123
      3n2             192607      95182   0.494              0.079
      3n3             297799     139247   0.468              0.206
      3n4             143268      93611   0.653              0.193
      3n5             248986     154690   0.621              0.285
      3n6            1006873     348278   0.346              0.173
      3n7             291897      91745   0.314              0.098
      4n0             142096      45775   0.322              0.119
      4n1             279026      15788   0.057              0.000
      4n2             181973      67801   0.373              0.172
      4n3             349719      25584   0.073              0.009
      5n0              33923      27823   0.820              0.000
      5n1              95881      54577   0.569              0.005
      ALL            6581661    2525931   0.384

    so_hy_yk:  mode=composed  w=1.0
      cell    governed calls      moved   share    dp_vs_head share
      2n0             146256      78411   0.536              0.143
      2n1              94036      41203   0.438              0.158
      2n2             255246     109261   0.428              0.100
      2n3              99169      58012   0.585              0.138
      2n4              74563      35609   0.478              0.131
      2n5             235482      65724   0.279              0.081
      2n6             107710      42339   0.393              0.105
      2n7             200769      70341   0.350              0.103
      2n8             133557      46397   0.347              0.090
      2n9             216197      82772   0.383              0.151
      2n10            160167      70435   0.440              0.103
      2n11             75306      41546   0.552              0.142
      2n12            987274     228761   0.232              0.126
      2n13            381725     107252   0.281              0.110
      2n14             63369      27057   0.427              0.109
      2n15             93680      44661   0.477              0.160
      3n0              99068      31899   0.322              0.120
      3n1              91297      48745   0.534              0.122
      3n2             182461      52311   0.287              0.078
      3n3             313526     101907   0.325              0.201
      3n4             185687      96461   0.519              0.238
      3n5             166792      97205   0.583              0.250
      3n6            1077524     306390   0.284              0.207
      3n7             561076     113505   0.202              0.136
      4n0              61533       5091   0.083              0.050
      4n1             154475      17647   0.114              0.001
      4n2             213866     167276   0.782              0.166
      4n3             355356      46254   0.130              0.029
      5n0              44805       5072   0.113              0.006
      5n1              89108      22676   0.254              0.039
      ALL            6921080    2262220   0.327

    so_mg_yk:  mode=composed  w=1.0
      cell    governed calls      moved   share    dp_vs_head share
      2n0              86422      48797   0.565              0.143
      2n1             108809      61141   0.562              0.148
      2n2              68585      43437   0.633              0.160
      2n3              64246      39420   0.614              0.173
      2n4              52127      31361   0.602              0.142
      2n5             187263      80733   0.431              0.157
      2n6              57070      24162   0.423              0.111
      2n7             138882      61741   0.445              0.118
      2n8              59386      35520   0.598              0.162
      2n9             106116      51337   0.484              0.175
      2n10            227731     126583   0.556              0.151
      2n11             57824      37439   0.647              0.152
      2n12           1056249     332322   0.315              0.155
      2n13            476956     126734   0.266              0.136
      2n14             47592      24766   0.520              0.106
      2n15             63865      32764   0.513              0.149
      3n0             129609      89529   0.691              0.134
      3n1             246598     190947   0.774              0.278
      3n2             159499      95461   0.599              0.078
      3n3             303093     174982   0.577              0.209
      3n4             108336      72018   0.665              0.133
      3n5              57364      50108   0.874              0.089
      3n6            1304666     584393   0.448              0.178
      3n7             300400     192671   0.641              0.234
      4n0             114353      61752   0.540              0.064
      4n1             174921      26234   0.150              0.000
      4n2             181515      39791   0.219              0.063
      4n3             353453      32504   0.092              0.012
      5n0              67369      53777   0.798              0.000
      5n1             110025      92850   0.844              0.002
      ALL            6470324    2915274   0.451

====================================================================================================
[O] BABBLING OFF-STREAM — the probe's counts, what it graded, and its share of the bill
====================================================================================================
    Per governed slot per cycle, up to `vo_probe_n` filed contexts: the trajectory's
    FINAL configuration with a DIFFERENT on-table class substituted at that slot,
    rendered and graded once. The verdict answers 'would this write ALONE have been
    right, holding the rest of the trajectory fixed' — not 'would the beam have
    solved it'; the rest of the trajectory is the beam's own, unchanged. Said here
    because the probe's solve rate is only comparable to the FILED rate under that
    reading.

    PRICED: every probe grading is a grounding on the meter at `d_fb`, inside the
    cycle's own ledger. `share` below is of the WHOLE cycle's priced ledger, the
    probe's own cost included — the number the design's ~5% cap is stated against.
    Gate V-4B asserts the bill moved by exactly the probe count and gate V-5 that
    nothing else did.

    arm                    probes   graded    solved   solve rate    bill: mean / max    cycles billed
    so_cg_yk               206806        0     14097       0.0682    0.0000 / 0.0000          0 / 201
    so_hy_yk               206861    73823     12848       0.0621    0.0020 / 0.0039        151 / 201
    so_mg_yk               204096        0     13432       0.0658    0.0000 / 0.0000          0 / 201

    the FILED solve rate on the same slots, for the comparison the reading above
    licenses (both are per-write verdicts; the filed one is on the write that was
    actually made, the probe one on a substitution into the same final state):
      so_cg_yk               filed  125348/448623  = 0.2794    probe   14097/206806  = 0.0682
      so_hy_yk               filed  124958/458578  = 0.2725    probe   12848/206861  = 0.0621
      so_mg_yk               filed  131691/441771  = 0.2981    probe   13432/204096  = 0.0658

    the bill per era, so a share that grows with the ladder is visible:
      so_hy_yk               e1:0.0003  e2:0.0019  e3:0.0020  e4:0.0015  e5:0.0016

====================================================================================================
[P] THE MIRROR — the outcome model against the world
====================================================================================================
    The outcome model reads a RENDERED CONFIGURATION and its root — what the world's
    grader reads — and is trained by BCE against the world's verdict on the
    configurations the learner actually produced (the filed rows' `fin` and `y`,
    deduplicated by (configuration, root) within the cycle). It is a separate object:
    its own parameters, its own optimizer, its own numpy streams, never the plant's.

    TWO NUMBERS, and the gap between them is the whole question. On HELD-OUT
    EXPERIENCE the mirror is scored on rows drawn from the same distribution it was
    polished on. On PROBES it is scored on substitutions the learner never wrote — off
    its own support by construction — against the world's verdict, which every arm
    computes as an instrument and no arm consumes (gate M-1).

    arm                  mode        K   rows   held-out EXPERIENCE      on PROBES
                                                 acc     AUC    base     acc    base   n
    so_cg_yk             committee   5  30000   0.9771  0.9957  0.2729   0.9261  0.0682  206806
    so_hy_yk             hybrid      5  30000   0.9487  0.9870  0.3018   0.9473  0.0621  206861
    so_mg_yk             model       1  30000   0.9775  0.9963  0.3071   0.9256  0.0658  204096

    the mirror's own trajectory (held-out accuracy and AUC against the world, per
    cycle, thinned): a mirror that is still improving at the last cycle is a mirror
    whose blind region is a function of how much experience it has had, not of the
    architecture.
      so_cg_yk             c1:0.000  c26:0.000  c51:0.686  c76:0.569  c101:0.773  c126:0.806  c151:0.939  c176:0.990  c201:0.996
      so_hy_yk             c1:0.000  c26:0.000  c51:0.686  c76:0.649  c101:0.693  c126:0.699  c151:0.817  c176:0.935  c201:0.987
      so_mg_yk             c1:0.000  c26:0.000  c51:0.524  c76:0.678  c101:0.760  c126:0.756  c151:0.899  c176:0.987  c201:0.996

    the committee's spread on held-out experience and the agreement threshold it set
    (the threshold is the q-th quantile of that spread, q = `vo_om_agree_q`):
      so_cg_yk             spread(last) 0.05537   thr(last) 0.00120   experience rows 30000 (3022 held out)   world-graded rows admitted 0
      so_hy_yk             spread(last) 0.08921   thr(last) 0.04886   experience rows 30000 (2973 held out)   world-graded rows admitted 73823

====================================================================================================
[Q] DISAGREEMENT AS A DETECTOR — does the committee's spread find the mirror's own error
====================================================================================================
    `committee_head` read disagreement at 0.716 as a reward-free reader of 'is this
    learnable', and `ballistic/directed` read it as finding where you LACK DATA rather
    than where data went stale. A counterfactual is by construction where you lack
    data, so the question here is whether the spread is sighted where the mean is not:
    the AUC of the spread as a detector of 'the committee's mean verdict disagrees with
    the world' on the probes themselves.

    Read off the capped per-probe instrument sample (`vo_probe_rows`), which is the
    only place the two are stored row by row. `n` is that sample's size, not the run's
    probe count — the denominator is part of the reading.

    arm                     n   err rate   AUC(spread -> wrong)   AUC(|p-0.5| -> right)
    so_cg_yk               4000    0.0592                 0.5121                 0.4395
    so_hy_yk               4000    0.0595                 0.5520                 0.4802
    so_mg_yk               4000    0.0600                 0.5000                 0.4892

    THE SAMPLE'S WINDOW MATTERS AND IS PRINTED. Before the reservoir fix the sample
    filled front-to-back and stopped, so on `so_s1` / `so_s2` every row comes from the
    first five cycles in which probes fired — a FIVE-CYCLE-OLD mirror, not the run's.
    Read the between-cycle panel below instead on those tags.
      so_cg_yk             sample cycles 50-54 (5 distinct of 201)
      so_hy_yk             sample cycles 50-54 (5 distinct of 201)
      so_mg_yk             sample cycles 50-54 (5 distinct of 201)

    BETWEEN CYCLES, over the WHOLE run, from the per-cycle mirror counters (every
    cycle, every probe, no sample): does a cycle in which the committee is more spread
    have a higher mirror error rate? A different question from the between-probe one —
    it asks whether the spread tracks the mirror's error as the mirror MATURES rather
    than which individual counterfactual it is wrong about — and it is the one this
    tag's logging can answer over its whole life.
      arm                cycles   rho(spread, err)   AUC(spread -> err>median)   err first/last
      so_cg_yk                151             0.8169                      0.9277   0.0399/0.0862
      so_hy_yk                151             0.4958                      0.6965   0.0399/0.0338
      so_mg_yk                151                nan                      0.5000   0.0399/0.0702

    the same, per cycle, for the mirror's own error trajectory (thinned) — so a
    detector AUC near 0.5 can be read against whether the error moved at all:
      so_cg_yk             c51:0.040  c69:0.049  c87:0.044  c105:0.048  c123:0.086  c141:0.086  c159:0.099  c177:0.084  c195:0.093
      so_hy_yk             c51:0.040  c69:0.035  c87:0.060  c105:0.064  c123:0.046  c141:0.061  c159:0.062  c177:0.072  c195:0.052
      so_mg_yk             c51:0.040  c69:0.039  c87:0.058  c105:0.045  c123:0.050  c141:0.098  c159:0.106  c177:0.093  c195:0.066

    the same, split by whether the substituted class is in the slot's frequently-
    written set (`sup`), because that is the axis the blind region is expected on:
      so_cg_yk             sup=1  n=   436  err 0.0711  AUC(spread->wrong) 0.4447
      so_cg_yk             sup=0  n=  3564  err 0.0578  AUC(spread->wrong) 0.5226
      so_hy_yk             sup=1  n=   446  err 0.0852  AUC(spread->wrong) 0.5071
      so_hy_yk             sup=0  n=  3554  err 0.0563  AUC(spread->wrong) 0.5583
      so_mg_yk             sup=1  n=   548  err 0.0730  AUC(spread->wrong) 0.5000
      so_mg_yk             sup=0  n=  3452  err 0.0579  AUC(spread->wrong) 0.5000

====================================================================================================
[R] THE BLIND REGION — where the mirror and the world disagree
====================================================================================================
    Per (level, in the slot's frequently-written set): the 2x2 of the mirror's verdict
    against the world's on the probes, the world's own solve rate there, the mirror's
    mean probability and the committee's mean spread, and what the agreement rule did
    (`agree` = the committee concurred; `filed` = the row reached the critic's buffer).

    A mirror trained on the learner's own experience is the same grader in a mirror
    (`ideas/heterogeneous_graders.md` §8). This table is how far it extends before it
    goes blind, LOCATED rather than summarised.

    so_cg_yk:
      cell     n     world   mirror   acc     TP    FP    FN    TN    p̄      spread   agree   filed
      L2s0    117768  0.0501  0.0519  0.9364   2258  3849  3638 108023  0.1572  0.05684  0.5050  0.5050
      L2s1     25196  0.0695  0.0533  0.9258    612   730  1139 22715  0.1782  0.06197  0.4376  0.4376
      L3s0     45252  0.0733  0.0758  0.9289   1765  1666  1552 40269  0.1596  0.06489  0.5307  0.5307
      L3s1      4920  0.0577  0.0596  0.9465    157   136   127  4500  0.1638  0.06979  0.4843  0.4843
      L4s0     11742  0.1832  0.2793  0.8277   1704  1576   447  8015  0.2884  0.11480  0.3330  0.3330
      L4s1       623  0.3531  0.4446  0.8090    189    88    31   315  0.4336  0.12431  0.2199  0.2199
      L5s0      1305  0.3663  0.5954  0.7678    476   301     2   526  0.5447  0.11424  0.1739  0.1739
      ALL     206806  0.0682  0.0750  0.9261   7161  8346  6936 184363                    0.4892  0.4892

    so_hy_yk:
      cell     n     world   mirror   acc     TP    FP    FN    TN    p̄      spread   agree   filed
      L2s0    119773  0.0474  0.0121  0.9571    995   455  4687 113636  0.0856  0.02714  0.6451  1.0000
      L2s1     23300  0.0706  0.0161  0.9365    271   105  1375 21549  0.1052  0.03321  0.5767  1.0000
      L3s0     44387  0.0645  0.0260  0.9483    860   294  2002 41231  0.0875  0.03225  0.7036  1.0000
      L3s1      5799  0.0581  0.0141  0.9502     65    17   272  5445  0.0965  0.03559  0.6436  1.0000
      L4s0     11434  0.1391  0.1130  0.8857    788   504   803  9339  0.1845  0.07860  0.5681  1.0000
      L4s1       525  0.3524  0.2876  0.7981    115    36    70   304  0.3013  0.10176  0.4343  1.0000
      L5s0      1568  0.3125  0.3897  0.8221    411   200    79   878  0.3990  0.13358  0.3782  1.0000
      L5s1        75  0.7333  0.7600  0.9200     53     4     2    16  0.7005  0.07801  0.6667  1.0000
      ALL     206861  0.0621  0.0250  0.9473   3558  1615  9290 192398                    0.6431  1.0000

    so_mg_yk:
      cell     n     world   mirror   acc     TP    FP    FN    TN    p̄      spread   agree   filed
      L2s0    116950  0.0513  0.0540  0.9332   2256  4064  3748 106882  0.1484  0.00000  1.0000  1.0000
      L2s1     24084  0.0674  0.0646  0.9173    594   962  1029 21499  0.1773  0.00000  1.0000  1.0000
      L3s0     43077  0.0722  0.0789  0.9268   1678  1720  1433 38246  0.1487  0.00000  1.0000  1.0000
      L3s1      6554  0.0999  0.0949  0.9052    328   294   327  5605  0.1901  0.00000  1.0000  1.0000
      L4s0     11858  0.1425  0.2150  0.8914   1476  1074   214  9094  0.2136  0.00000  1.0000  1.0000
      L4s1       384  0.3411  0.4635  0.8411    124    54     7   199  0.4376  0.00000  1.0000  1.0000
      L5s0      1171  0.1819  0.3749  0.7848    200   239    13   719  0.3655  0.00000  1.0000  1.0000
      L5s1        18  0.2778  0.4444  0.8333      5     3     0    10  0.4268  0.00000  1.0000  1.0000
      ALL     204096  0.0658  0.0738  0.9256   6661  8410  6771 182254                    1.0000  1.0000

====================================================================================================
[T] THE MIRROR'S GATE TABLE — M-1r / M-2r / M-3r / M-4r, re-asserted post hoc
====================================================================================================
    The same assertions the preflight ran, re-run here on the paid tag's own arm files.
    A RAISE below is a failure of the round, not of the reduction.

    [PASS] so_cg_yk             {"arm": "so_cg_yk", "mode": "committee", "n_probe": 206806, "n_filed": 101165, "n_agree": 101165, "n_world": 0, "bill_ground": 0, "mirror_rows": 206806, "om_push_world": 0, "om_src_world": 0, "om_world_cum": 0, "om_push_exp": 44413, "om_push_cum": 44413, "om_append_world": null, "om_append_exp": null, "om_rows": 30000, "om_cap": 30000, "pbuf_rows": 101165, "bill_line_sum": 0, "om_window_world_expected": 0}
    [PASS] so_hy_yk             {"arm": "so_hy_yk", "mode": "hybrid", "n_probe": 206861, "n_filed": 206861, "n_agree": 133038, "n_world": 73823, "bill_ground": 73823, "mirror_rows": 206861, "om_push_world": 73823, "om_src_world": 19240, "om_world_cum": 73823, "om_push_exp": 44934, "om_push_cum": 44934, "om_append_world": null, "om_append_exp": null, "om_rows": 30000, "om_cap": 30000, "pbuf_rows": 193562, "bill_line_sum": 73823, "om_window_world_expected": 18649}
    [PASS] so_mg_yk             {"arm": "so_mg_yk", "mode": "model", "n_probe": 204096, "n_filed": 204096, "n_agree": 204096, "n_world": 0, "bill_ground": 0, "mirror_rows": 204096, "om_push_world": 0, "om_src_world": 0, "om_world_cum": 0, "om_push_exp": 44936, "om_push_cum": 44936, "om_append_world": null, "om_append_exp": null, "om_rows": 30000, "om_cap": 30000, "pbuf_rows": 192856, "bill_line_sum": 0, "om_window_world_expected": 0}

====================================================================================================
[Y] THE CLOCK YOKES — realised against planned (gate Y-1's check, post hoc)
====================================================================================================
    A clock yoke replays its source's realised commit and advance CYCLES and decides
    nothing else. That is the round's whole control: the chooser is read at L4 and L5
    with the same slots open at the same cycles as the anchor, so a level-resolved
    readout is not silently comparing two different ladders. Gate Y-1 asserts the match
    in `preflight`; this is the same check on the paid tag.

    `cancelled` actions are EXCLUDED from the match and printed separately: a replayed
    commit whose build is empty is cancelled by the substrate, not by the clock. Those
    are a finding about the arm's BOOK — it had nothing to commit at a cycle the anchor
    did — and are the one place a yoked arm's ladder can still fall short of its source.

    source: vo_s3:voi3_dp
    so_cg_yk
      commits   planned [48, 100, 151, 186]
                realised [48, 100, 151, 186]    MATCH = True
      advances  planned [60, 110, 180, 192, 201]
                realised [60, 110, 180, 192, 201]    MATCH = True
      cancelled (the book had nothing to commit there): none
      commit LEVELS realised: [(2, 48), (3, 100), (4, 151), (5, 186)]
      lifetime  source 201 cycles / 51,208,256g    yoke 201 cycles / 51,155,866g

    so_hy_yk
      commits   planned [48, 100, 151, 186]
                realised [48, 100, 151, 186]    MATCH = True
      advances  planned [60, 110, 180, 192, 201]
                realised [60, 110, 180, 192, 201]    MATCH = True
      cancelled (the book had nothing to commit there): none
      commit LEVELS realised: [(2, 48), (3, 100), (4, 151), (5, 186)]
      lifetime  source 201 cycles / 51,208,256g    yoke 201 cycles / 51,293,561g

    so_mg_yk
      commits   planned [48, 100, 151, 186]
                realised [48, 100, 151, 186]    MATCH = True
      advances  planned [60, 110, 180, 192, 201]
                realised [60, 110, 180, 192, 201]    MATCH = True
      cancelled (the book had nothing to commit there): none
      commit LEVELS realised: [(2, 48), (3, 100), (4, 151), (5, 186)]
      lifetime  source 201 cycles / 51,208,256g    yoke 201 cycles / 51,218,048g


====================================================================================================
[Z] THE L4/L5 PANEL — every readout the round turns on, at the cells it turns on
====================================================================================================
    Q3 could not produce this table: no treated arm except Q2's replace-critic had an
    L4 or L5 slot at all, because each one reached or missed L3 through the commit
    latch's response to its own L2 writes. With the ladder yoked, every arm has the
    anchor's slots at the anchor's cycles and the chooser is finally READ where the
    node is about.

    rep     the written class holds SOME feature that repairs the instance there — the
            honest measure, and on an open slot it IS the head's class accuracy on
            held-out data (fresh instances every cycle).
    cont    it holds the CLEAN derivation's latent — a stricter and less forgiving read;
            the gap between the two is the chooser spreading over classes the clean
            derivation did not carry (`DESIGN.md` §23's correction).
    dist    distinct tuples written, `top1` the share of filed writes on one tuple.
    moved   the composed argmax was not the DP's row (composed arms only).

    [sotto] THE BANKED FLOOR AND CEILING ARE IN THIS TABLE, marked `(banked)`, so the
    three mirror arms are read beside the composed chooser on the FILED diet (the floor)
    and on the WORLD-graded probe (the ceiling) without leaving the page. A pooled
    L2/L3 panel follows it, which is the cell that replicated across seeds in `voicing`
    and the one a frontier number should not be read ahead of.

    so_cg_yk:
      cell    rows   writes    rep          cont         dist  top1    moved
      4n0       164     9186   0.408 (  3112)  0.641 (  9186)    2.3  0.773   0.322
      4n1       164    10578   0.463 (  3131)  0.856 ( 10578)    1.5  0.924   0.057
      4n2       164    10611   0.409 (  3178)  0.533 ( 10611)    2.5  0.793   0.373
      4n3       164    15069   0.674 (  3200)  0.820 ( 15069)    1.1  0.982   0.073
      5n0       112      802   0.565 (   542)  0.865 (   802)    1.0  1.000   0.820
      5n1       112     3867   0.891 (   943)  0.626 (  3867)    1.2  0.917   0.569

    so_hy_yk:
      cell    rows   writes    rep          cont         dist  top1    moved
      4n0       244     4526   0.312 (  2765)  0.733 (  4526)    1.4  0.938   0.083
      4n1       244     7666   0.366 (  3169)  0.863 (  7666)    1.6  0.881   0.114
      4n2       244     8280   0.404 (  3145)  0.705 (  8280)    2.6  0.680   0.782
      4n3       244    15520   0.672 (  3200)  0.837 ( 15520)    1.3  0.968   0.130
      5n0       208     1474   0.515 (   875)  0.914 (  1474)    1.7  0.861   0.113
      5n1       208     3181   0.716 (   960)  0.890 (  3181)    1.3  0.954   0.254

    so_mg_yk:
      cell    rows   writes    rep          cont         dist  top1    moved
      4n0       208     8265   0.361 (  3098)  0.667 (  8265)    2.6  0.765   0.540
      4n1       208     7626   0.442 (  3060)  0.785 (  7626)    1.7  0.912   0.150
      4n2       208    12176   0.427 (  3199)  0.367 ( 12176)    1.9  0.879   0.219
      4n3       208    16188   0.685 (  3141)  0.858 ( 16188)    1.5  0.958   0.092
      5n0       160      816   0.403 (   357)  0.912 (   816)    1.1  0.978   0.798
      5n1       160     3903   0.721 (   960)  0.382 (  3903)    1.2  0.921   0.844

    vo_s3:voi3_dp:   (banked)
      cell    rows   writes    rep          cont         dist  top1    moved
      4n0       188     4711   0.269 (  2718)  0.719 (  4711)    1.2  0.951     -  
      4n1       188     9914   0.393 (  3182)  0.882 (  9914)    1.0  1.000     -  
      4n2       188     7494   0.368 (  3105)  0.758 (  7494)    1.5  0.898     -  
      4n3       188    18671   0.632 (  3200)  0.821 ( 18671)    1.7  0.943     -  
      5n0       192     2107   0.356 (   884)  0.917 (  2107)    1.4  0.924     -  
      5n1       192     2956   0.691 (   887)  0.916 (  2956)    1.0  1.000     -  

    vo_s3b:voi3b_comp_yk:   (banked)
      cell    rows   writes    rep          cont         dist  top1    moved
      4n0       160     6093   0.284 (  3057)  0.731 (  6093)    1.8  0.756   0.093
      4n1       160     8020   0.451 (  3191)  0.868 (  8020)    1.7  0.849   0.134
      4n2       160     7743   0.489 (  3037)  0.815 (  7743)    1.4  0.972   0.066
      4n3       160    18161   0.683 (  3200)  0.859 ( 18161)    1.6  0.951   0.043
      5n0       128      796   0.526 (   468)  0.918 (   796)    1.2  0.937   0.026
      5n1       128     4908   0.830 (   960)  0.659 (  4908)    2.1  0.885   0.461

    vo_s3b:voi3b_comp_pr_yk:   (banked)
      cell    rows   writes    rep          cont         dist  top1    moved
      4n0       196     5819   0.278 (  3057)  0.576 (  5819)    2.0  0.784   0.557
      4n1       196     6867   0.392 (  3123)  0.898 (  6867)    1.1  0.987   0.071
      4n2       196     7250   0.307 (  3103)  0.419 (  7250)    2.2  0.786   0.711
      4n3       196    11494   0.727 (  3159)  0.858 ( 11494)    1.6  0.941   0.085
      5n0       144      688   0.505 (   479)  0.881 (   688)    1.1  0.955   0.009
      5n1       144     4992   0.730 (   960)  0.886 (  4992)    1.3  0.943   0.077

    [sotto] THE POOLED L2/L3 PANEL — the cell `voicing` replicated on every seed that
    produced those rungs (+18.5 / +24.5 / +19.3% relative for the composed chooser on
    the filed diet). `rep` pooled over every L2 and L3 cell, with the denominator.

      arm                        rep (L2/L3 pooled)        n        vs floor
      vo_s3b:voi3b_comp_pr_yk    0.2736            196590      +9.6%   (banked)
      so_mg_yk                   0.2602            193225      +4.2%
      vo_s3b:voi3b_comp_yk       0.2496            196991      +0.0%   (banked)
      so_cg_yk                   0.2466            195696      -1.2%
      so_hy_yk                   0.2420            195819      -3.1%
      vo_s3:voi3_dp              0.2130            196392     -14.7%   (banked)

