# grokking / basis -- tag b1   (endogenous basis mint on the banked m1 snapshots; p=97, seed 42, no retraining)
# generators GENS = [62, 40, 93, 18, 81, 83] (drawn once, RandomState(42), symbols as names only); g_ref = 62
# M_g[c,a] = softmax(net(a,g))[c]; candidates = real invariant subspaces of M_g_ref (2-D per complex pair, 1-D per other real eigenvalue); recovered DC = eigenvector at eigenvalue 1.
# ENDOGENOUS (no labels): e^ = net's own identity symbol (argmax_s mean_a softmax(net(a,s))[a]); bij = # of g whose hard map a->argmax net(a,g) is a bijection; 1c = # single p-cycles; conf = mean max prob;
#   m = # candidates, nre = # real eigenvalues (incl. DC), |lam| = median eigenvalue modulus; xg = per-candidate best projector overlap with the other g's candidates, min over g (mean / min / frac > 0.99 over candidates);
#   comm = mean ||[M_g, M_h]||_F / ||M_g M_h||_F.
# ORACLE (logged, never consumed): dft = per-candidate best projector overlap with a true DFT pair (mean / min); rec_mi = min over the 48 DFT pairs of the best candidate overlap; nk = # distinct matched k; 11 = one-to-one;
#   ph = |phase of Q^T M_g Q - true character angle 2 pi k g / p (folded)| over 2-D candidates and all 6 g (max / median); dc = overlap of recovered DC with ones; shift = mean hard-map accuracy vs a -> a+g.
# Forms over the RECOVERED basis: A = sum_K Re[psi(a)psi(b)conj psi(c)], psi phase-fixed at e^; ALS = same with joint-LS amplitudes; B = units whose dominant candidate is not in K zeroed; C = layer-0 rows projected onto span(DC + K).
# DEGENERACY (carried over from m1 unchanged): with exact characters form A has argmax a+b at EVERY nonempty K, so A / ALS gates can only decide empty vs nonempty. The non-degenerate outputs here are the certificate (xg), the oracle (dft, ph) and the B / C K comparison.

## Designed checks (pure operators; steps 2-4 only)
                 check   m nre  xg_mean   xg_min dft_mean  dft_min  rec_min  1:1   ph_max     comm |lam|min  extra
              D1_shift  48   1  1.00000  1.00000  1.00000  1.00000  1.00000    y  3.9e-14  0.0e+00   1.0000  {}
        D2_random_perm  50   5  0.05340  0.01235  0.06057  0.00162  0.04610    n  3.1e+00  1.4e+00   1.0000  {'n_cycles': [5, 7, 7, 9, 3, 3]}
      D2b_random_cycle  48   1  0.05419  0.04293  0.06548  0.04095  0.04772    n  3.1e+00  1.4e+00   1.0000  {'n_cycles': [1, 1, 1, 1, 1, 1]}
  D3_relabelled_action  48   1  1.00000  1.00000  0.06776  0.04555  0.04450    n  3.0e+00  0.0e+00   1.0000  {'relabelled_dft_ov_min': 0.9999999999999993}
     D4_soft_circulant  48   1  1.00000  1.00000  1.00000  1.00000  1.00000    y  5.0e-14  2.6e-16   0.4410  {}
  D1 = the exact shift a->a+g (a 97-cycle in the symbols' own labels); D2 = an independent random permutation per g; D2b = an independent random 97-cycle per g; D3 = sigma o shift_g o sigma^-1 (a relabelled group action, common sigma); D4 = 0.7 shift_g + 0.3 circulant(softmax(random even kernel)).
## Instrument checks (banked nets)
  e39999: e_hat=0, score_maxrel=4.564685094813908e-15, dom_equal=True, K_equal_all=True, heldout_maxdiff=0.0, rec_m=48, rec_B_all_bitexact=True, rec_C_all_maxabs=7.62939453125e-06, I3_als_maxdiff=4.85722573273506e-17
  e14000: e_hat=0, score_maxrel=2.5232461636858863e-15, dom_equal=True, K_equal_all=True, heldout_maxdiff=0.0, rec_m=51, rec_B_all_bitexact=True, rec_C_all_maxabs=9.5367431640625e-06, I3_als_maxdiff=6.661338147750939e-16
  rinit_s0: rec_m=53, n_pairs=43, n_real=11, rec_B_all_bitexact=True, rec_C_all_maxabs=2.9802322387695312e-08
  I-1 = the exact DFT basis injected into this pipeline vs m1's recorded K / held-out (all 12 form x rule gates); I-2 = recovered basis, form B at K=all bit-exact, form C at K=all max |dlogit|; I-3 = ALS closed form vs explicit lstsq with per-row intercepts (300-pair subsample).
  in-run: form B at K=all bit-exact 208/208; form C at K=all max |dlogit| 1.72e-05, min argmax agreement 1.0000

## Per-snapshot READ table (true-label run): operator, certificate (endogenous) || oracle
 epoch net_tr net_te |  e^  bij 1c  conf |   m nre |lam| |  xg_mn  xg_mi x>.99   comm || dft_mn dft_mi rec_mi  nk 11   ph_max   ph_med    dc shift
    -1  0.010  0.011 |  46  0/6  0 0.012 |  55  15 0.000 | 0.1011 0.0269  0.00 0.0076 || 0.0609 0.0274 0.0356  31  n  3.1e+00  1.0e+00 0.997 0.015
     0  0.010  0.010 |  42  0/6  0 0.011 |  55  15 0.000 | 0.1076 0.0413  0.00 0.0077 || 0.0584 0.0361 0.0404  31  n  3.1e+00  1.0e+00 0.997 0.017
   250  0.983  0.000 |   0  0/6  0 0.399 |  58  21 0.053 | 0.0375 0.0145  0.00 1.3148 || 0.0558 0.0275 0.0339  33  n  3.1e+00  9.6e-01 0.343 0.290
   500  1.000  0.000 |   0  0/6  0 0.606 |  54  13 0.044 | 0.0271 0.0041  0.00 1.3757 || 0.0567 0.0298 0.0367  23  n  3.1e+00  1.2e+00 0.281 0.296
   750  1.000  0.000 |   0  0/6  0 0.614 |  55  15 0.064 | 0.0286 0.0040  0.00 1.3778 || 0.0530 0.0248 0.0383  29  n  3.1e+00  1.0e+00 0.269 0.296
  1000  1.000  0.000 |   0  0/6  0 0.614 |  54  13 0.083 | 0.0288 0.0030  0.00 1.3796 || 0.0598 0.0257 0.0391  23  n  3.1e+00  1.0e+00 0.251 0.296
  1250  1.000  0.000 |   0  0/6  0 0.623 |  58  21 0.077 | 0.0251 0.0014  0.00 1.3809 || 0.0545 0.0293 0.0351  29  n  3.1e+00  9.7e-01 0.246 0.294
  1500  1.000  0.000 |   0  0/6  0 0.632 |  56  17 0.101 | 0.0300 0.0065  0.00 1.3801 || 0.0577 0.0300 0.0373  28  n  3.1e+00  1.3e+00 0.185 0.294
  1750  1.000  0.001 |   0  0/6  0 0.639 |  56  17 0.119 | 0.0341 0.0081  0.00 1.3801 || 0.0554 0.0300 0.0338  30  n  3.1e+00  1.2e+00 0.143 0.294
  2000  1.000  0.001 |   0  0/6  0 0.644 |  57  19 0.072 | 0.0376 0.0046  0.00 1.3831 || 0.0581 0.0299 0.0336  29  n  3.1e+00  1.1e+00 0.133 0.294
  2250  1.000  0.002 |   0  0/6  0 0.649 |  57  19 0.066 | 0.0281 0.0023  0.00 1.3830 || 0.0579 0.0242 0.0246  32  n  3.1e+00  1.2e+00 0.170 0.294
  2500  1.000  0.002 |   0  0/6  0 0.654 |  58  21 0.116 | 0.0255 0.0021  0.00 1.3821 || 0.0583 0.0307 0.0343  30  n  3.1e+00  1.1e+00 0.240 0.294
  2750  1.000  0.002 |   0  0/6  0 0.657 |  60  25 0.068 | 0.0305 0.0059  0.00 1.3816 || 0.0570 0.0322 0.0347  29  n  3.1e+00  9.6e-01 0.289 0.294
  3000  1.000  0.003 |   0  0/6  0 0.657 |  59  23 0.084 | 0.0280 0.0066  0.00 1.3794 || 0.0563 0.0283 0.0361  32  n  3.1e+00  1.1e+00 0.308 0.296
  3250  1.000  0.004 |   0  0/6  0 0.654 |  57  19 0.090 | 0.0307 0.0028  0.00 1.3789 || 0.0565 0.0314 0.0389  26  n  3.1e+00  1.0e+00 0.299 0.296
  3500  1.000  0.004 |   0  0/6  0 0.651 |  57  19 0.120 | 0.0279 0.0052  0.00 1.3801 || 0.0596 0.0314 0.0421  29  n  3.1e+00  9.8e-01 0.274 0.296
  3750  1.000  0.006 |   0  0/6  0 0.647 |  57  19 0.113 | 0.0295 0.0057  0.00 1.3831 || 0.0578 0.0253 0.0348  29  n  3.1e+00  9.5e-01 0.278 0.296
  4000  1.000  0.007 |   0  0/6  0 0.651 |  57  19 0.125 | 0.0314 0.0004  0.00 1.3847 || 0.0568 0.0214 0.0368  29  n  3.1e+00  1.1e+00 0.284 0.301
  4250  1.000  0.010 |   0  0/6  0 0.656 |  56  17 0.152 | 0.0278 0.0011  0.00 1.3834 || 0.0589 0.0238 0.0369  24  n  3.1e+00  8.7e-01 0.302 0.302
  4500  1.000  0.013 |   0  0/6  0 0.660 |  56  17 0.151 | 0.0275 0.0013  0.00 1.3879 || 0.0596 0.0231 0.0379  36  n  3.1e+00  8.8e-01 0.339 0.302
  4750  1.000  0.016 |   0  0/6  0 0.665 |  59  23 0.157 | 0.0268 0.0056  0.00 1.3892 || 0.0584 0.0295 0.0393  35  n  3.1e+00  1.0e+00 0.353 0.304
  5000  1.000  0.019 |   0  0/6  0 0.670 |  58  21 0.183 | 0.0267 0.0069  0.00 1.3884 || 0.0596 0.0294 0.0362  32  n  3.1e+00  8.9e-01 0.370 0.304
  5250  1.000  0.021 |   0  0/6  0 0.674 |  56  17 0.210 | 0.0313 0.0050  0.00 1.3866 || 0.0667 0.0208 0.0444  31  n  3.1e+00  9.0e-01 0.378 0.306
  5500  1.000  0.027 |   0  0/6  0 0.674 |  56  17 0.198 | 0.0324 0.0047  0.00 1.3860 || 0.0632 0.0246 0.0443  30  n  3.1e+00  1.0e+00 0.387 0.313
  5750  1.000  0.032 |   0  0/6  0 0.674 |  55  15 0.195 | 0.0297 0.0051  0.00 1.3830 || 0.0606 0.0258 0.0407  31  n  3.1e+00  9.4e-01 0.353 0.314
  6000  1.000  0.038 |   0  0/6  0 0.676 |  56  17 0.265 | 0.0294 0.0039  0.00 1.3822 || 0.0573 0.0247 0.0285  29  n  3.1e+00  1.1e+00 0.203 0.318
  6250  1.000  0.043 |   0  0/6  0 0.679 |  56  17 0.247 | 0.0278 0.0033  0.00 1.3809 || 0.0589 0.0208 0.0200  31  n  3.1e+00  9.3e-01 0.143 0.328
  6500  1.000  0.051 |   0  0/6  0 0.679 |  59  23 0.204 | 0.0233 0.0005  0.00 1.3805 || 0.0548 0.0178 0.0304  30  n  3.1e+00  1.1e+00 0.097 0.337
  6750  1.000  0.060 |   0  0/6  0 0.678 |  56  17 0.205 | 0.0185 0.0009  0.00 1.3785 || 0.0559 0.0162 0.0316  26  n  3.1e+00  1.1e+00 0.082 0.340
  7000  1.000  0.067 |   0  0/6  0 0.676 |  58  21 0.225 | 0.0171 0.0011  0.00 1.3755 || 0.0519 0.0168 0.0299  29  n  3.1e+00  1.1e+00 0.080 0.344
  7250  1.000  0.077 |   0  0/6  0 0.676 |  56  17 0.235 | 0.0182 0.0016  0.00 1.3711 || 0.0551 0.0177 0.0197  30  n  3.1e+00  1.2e+00 0.094 0.349
  7500  1.000  0.089 |   0  0/6  0 0.679 |  58  21 0.276 | 0.0194 0.0012  0.00 1.3678 || 0.0539 0.0193 0.0335  28  n  3.1e+00  9.5e-01 0.110 0.363
  7750  1.000  0.103 |   0  0/6  0 0.682 |  54  13 0.316 | 0.0287 0.0018  0.00 1.3635 || 0.0578 0.0211 0.0350  31  n  3.1e+00  1.0e+00 0.173 0.368
  8000  1.000  0.122 |   0  0/6  0 0.686 |  56  17 0.266 | 0.0272 0.0027  0.00 1.3594 || 0.0570 0.0210 0.0334  27  n  3.1e+00  1.2e+00 0.231 0.375
  8250  1.000  0.138 |   0  0/6  0 0.688 |  59  23 0.226 | 0.0302 0.0046  0.00 1.3529 || 0.0584 0.0233 0.0369  26  n  3.1e+00  1.0e+00 0.251 0.392
  8500  1.000  0.157 |   0  0/6  0 0.691 |  56  17 0.279 | 0.0346 0.0042  0.00 1.3444 || 0.0628 0.0234 0.0356  29  n  3.1e+00  1.1e+00 0.281 0.402
  8750  1.000  0.183 |   0  0/6  0 0.693 |  56  17 0.299 | 0.0373 0.0023  0.00 1.3345 || 0.0645 0.0223 0.0400  28  n  3.1e+00  9.7e-01 0.308 0.418
  9000  1.000  0.211 |   0  0/6  0 0.694 |  56  17 0.289 | 0.0423 0.0019  0.00 1.3223 || 0.0677 0.0250 0.0374  29  n  3.1e+00  9.1e-01 0.312 0.430
  9250  1.000  0.242 |   0  0/6  0 0.695 |  54  13 0.329 | 0.0410 0.0111  0.00 1.3078 || 0.0668 0.0269 0.0462  27  n  3.1e+00  9.0e-01 0.245 0.457
  9500  1.000  0.274 |   0  0/6  0 0.698 |  54  13 0.353 | 0.0405 0.0017  0.00 1.2930 || 0.0644 0.0222 0.0458  35  n  3.1e+00  8.6e-01 0.195 0.478
  9750  1.000  0.314 |   0  0/6  0 0.702 |  55  15 0.386 | 0.0387 0.0090  0.00 1.2790 || 0.0627 0.0249 0.0451  27  n  3.1e+00  1.0e+00 0.175 0.514
 10000  1.000  0.352 |   0  0/6  0 0.710 |  56  17 0.451 | 0.0345 0.0077  0.00 1.2627 || 0.0652 0.0249 0.0403  31  n  3.1e+00  9.8e-01 0.177 0.538
 10250  1.000  0.396 |   0  0/6  0 0.716 |  54  13 0.495 | 0.0453 0.0123  0.00 1.2395 || 0.0675 0.0287 0.0408  28  n  3.1e+00  8.7e-01 0.177 0.570
 10500  1.000  0.450 |   0  0/6  0 0.728 |  56  17 0.511 | 0.0472 0.0084  0.00 1.2052 || 0.0749 0.0303 0.0432  29  n  3.1e+00  8.1e-01 0.173 0.620
 10750  1.000  0.504 |   0  0/6  0 0.740 |  56  17 0.531 | 0.0441 0.0120  0.00 1.1619 || 0.0836 0.0300 0.0472  28  n  3.1e+00  7.0e-01 0.174 0.653
 11000  1.000  0.564 |   0  0/6  0 0.755 |  54  13 0.572 | 0.0452 0.0187  0.00 1.1100 || 0.1003 0.0271 0.0383  30  n  3.1e+00  5.7e-01 0.169 0.689
 11250  1.000  0.630 |   0  0/6  0 0.772 |  54  13 0.644 | 0.0472 0.0206  0.00 1.0476 || 0.1264 0.0219 0.0592  34  n  3.1e+00  3.2e-01 0.124 0.735
 11500  1.000  0.693 |   0  0/6  0 0.794 |  52   9 0.705 | 0.0460 0.0176  0.00 0.9723 || 0.1668 0.0210 0.0607  34  n  3.1e+00  3.3e-01 0.089 0.780
 11750  1.000  0.752 |   0  0/6  0 0.819 |  53  11 0.745 | 0.0452 0.0106  0.00 0.9010 || 0.1880 0.0210 0.0672  35  n  3.1e+00  3.3e-01 0.073 0.825
 12000  1.000  0.800 |   0  0/6  0 0.841 |  53  11 0.804 | 0.0516 0.0076  0.00 0.8321 || 0.2205 0.0212 0.0988  37  n  3.0e+00  2.5e-01 0.079 0.857
 12250  1.000  0.841 |   0  0/6  0 0.861 |  51   7 0.847 | 0.0594 0.0081  0.00 0.7668 || 0.2639 0.0220 0.0933  38  n  3.1e+00  1.9e-01 0.163 0.881
 12500  1.000  0.874 |   0  0/6  0 0.879 |  51   7 0.869 | 0.0618 0.0094  0.00 0.7159 || 0.2710 0.0227 0.0847  41  n  3.0e+00  2.0e-01 0.270 0.890
 12750  1.000  0.897 |   0  0/6  0 0.893 |  51   7 0.887 | 0.0627 0.0104  0.00 0.6690 || 0.2856 0.0230 0.1081  41  n  2.5e+00  1.9e-01 0.349 0.905
 13000  1.000  0.914 |   0  0/6  0 0.906 |  51   7 0.901 | 0.0639 0.0123  0.00 0.6107 || 0.2915 0.0235 0.0975  41  n  2.6e+00  1.6e-01 0.485 0.924
 13250  1.000  0.932 |   0  0/6  0 0.920 |  51   7 0.917 | 0.0718 0.0140  0.00 0.5505 || 0.2988 0.0245 0.0913  41  n  2.5e+00  1.7e-01 0.588 0.938
 13500  1.000  0.944 |   0  0/6  0 0.934 |  51   7 0.939 | 0.0802 0.0096  0.00 0.4959 || 0.3289 0.0277 0.1081  42  n  3.0e+00  1.6e-01 0.679 0.947
 13750  1.000  0.954 |   0  0/6  0 0.945 |  51   7 0.953 | 0.0933 0.0063  0.00 0.4516 || 0.3629 0.0269 0.1448  42  n  2.9e+00  1.4e-01 0.749 0.952
 14000  1.000  0.961 |   0  0/6  0 0.953 |  51   7 0.963 | 0.1032 0.0060  0.00 0.4160 || 0.4023 0.0308 0.1674  41  n  2.5e+00  1.4e-01 0.809 0.957
 14250  1.000  0.966 |   0  0/6  0 0.959 |  51   7 0.971 | 0.1254 0.0122  0.00 0.3861 || 0.4525 0.0418 0.2374  41  n  2.9e+00  1.2e-01 0.870 0.964
 14500  1.000  0.971 |   0  0/6  0 0.964 |  50   5 0.979 | 0.1566 0.0115  0.00 0.3585 || 0.5096 0.0383 0.3365  42  n  2.9e+00  1.2e-01 0.907 0.973
 14750  1.000  0.975 |   0  0/6  0 0.969 |  50   5 0.984 | 0.1784 0.0114  0.00 0.3321 || 0.5419 0.0357 0.3304  47  n  2.9e+00  1.2e-01 0.907 0.978
 15000  1.000  0.978 |   0  0/6  0 0.974 |  49   3 0.987 | 0.2006 0.0102  0.00 0.3094 || 0.5678 0.0341 0.3527  47  n  2.4e+00  1.3e-01 0.902 0.979
 15250  1.000  0.982 |   0  0/6  0 0.978 |  49   3 0.989 | 0.2082 0.0105  0.00 0.2944 || 0.5766 0.0337 0.3418  45  n  2.6e+00  1.2e-01 0.902 0.979
 15500  1.000  0.985 |   0  0/6  0 0.981 |  49   3 0.989 | 0.2162 0.0149  0.00 0.2734 || 0.5796 0.0347 0.3401  44  n  3.1e+00  1.2e-01 0.908 0.985
 15750  1.000  0.986 |   0  0/6  0 0.984 |  49   3 0.988 | 0.2352 0.0222  0.00 0.2476 || 0.5884 0.0419 0.3449  45  n  3.1e+00  1.1e-01 0.918 0.986
 16000  1.000  0.990 |   0  0/6  0 0.987 |  49   3 0.988 | 0.2696 0.0374  0.00 0.2213 || 0.6172 0.1174 0.3284  47  n  3.1e+00  9.9e-02 0.925 0.990
 16250  1.000  0.992 |   0  1/6  1 0.989 |  49   3 0.987 | 0.3290 0.1288  0.00 0.2011 || 0.6841 0.3021 0.3661  48  n  1.1e+00  6.5e-02 0.941 0.991
 16500  1.000  0.994 |   0  3/6  3 0.992 |  48   1 0.987 | 0.4313 0.2817  0.00 0.1813 || 0.8363 0.6420 0.6420  48  y  1.6e-01  2.6e-02 0.965 0.995
 16750  1.000  0.995 |   0  3/6  3 0.994 |  48   1 0.991 | 0.5640 0.3900  0.00 0.1565 || 0.9487 0.9073 0.9073  48  y  3.4e-02  6.9e-03 0.988 0.995
 17000  1.000  0.997 |   0  3/6  3 0.995 |  48   1 0.994 | 0.6023 0.3930  0.00 0.1406 || 0.9816 0.9711 0.9711  48  y  1.4e-02  3.3e-03 0.996 0.995
 17250  1.000  0.998 |   0  4/6  4 0.995 |  48   1 0.996 | 0.6509 0.5031  0.00 0.1143 || 0.9933 0.9884 0.9884  48  y  1.2e-02  2.2e-03 0.999 0.997
 17500  1.000  0.998 |   0  5/6  5 0.996 |  48   1 0.997 | 0.7146 0.6241  0.00 0.0886 || 0.9973 0.9951 0.9951  48  y  1.1e-02  1.1e-03 0.999 0.998
 17750  1.000  0.999 |   0  5/6  5 0.997 |  48   1 0.998 | 0.7848 0.7348  0.00 0.0703 || 0.9984 0.9970 0.9970  48  y  9.1e-03  6.7e-04 1.000 0.998
 18000  1.000  0.999 |   0  5/6  5 0.998 |  48   1 0.998 | 0.8283 0.7895  0.00 0.0593 || 0.9986 0.9975 0.9975  48  y  8.2e-03  5.1e-04 1.000 0.998
 18250  1.000  1.000 |   0  5/6  5 0.998 |  48   1 0.998 | 0.9013 0.8721  0.00 0.0478 || 0.9988 0.9979 0.9979  48  y  6.4e-03  4.0e-04 1.000 0.998
 18500  1.000  1.000 |   0  6/6  6 0.998 |  48   1 0.999 | 0.9408 0.9194  0.00 0.0387 || 0.9991 0.9984 0.9984  48  y  5.0e-03  3.1e-04 1.000 1.000
 18750  1.000  1.000 |   0  6/6  6 0.998 |  48   1 0.999 | 0.9568 0.9402  0.00 0.0339 || 0.9992 0.9986 0.9986  48  y  4.3e-03  2.8e-04 1.000 1.000
 19000  1.000  1.000 |   0  6/6  6 0.999 |  48   1 0.999 | 0.9661 0.9524  0.00 0.0301 || 0.9994 0.9989 0.9989  48  y  3.9e-03  2.3e-04 1.000 1.000
 19250  1.000  1.000 |   0  6/6  6 0.999 |  48   1 0.999 | 0.9825 0.9746  0.10 0.0229 || 0.9996 0.9993 0.9993  48  y  2.7e-03  1.7e-04 1.000 1.000
 19500  1.000  1.000 |   0  6/6  6 0.999 |  48   1 0.999 | 0.9913 0.9871  0.58 0.0172 || 0.9997 0.9995 0.9995  48  y  1.9e-03  1.3e-04 1.000 1.000
 19750  1.000  1.000 |   0  6/6  6 0.999 |  48   1 0.999 | 0.9949 0.9923  1.00 0.0134 || 0.9998 0.9997 0.9997  48  y  1.5e-03  9.4e-05 1.000 1.000
 20000  1.000  1.000 |   0  6/6  6 0.999 |  48   1 0.999 | 0.9970 0.9954  1.00 0.0103 || 0.9999 0.9998 0.9998  48  y  1.1e-03  7.5e-05 1.000 1.000
 20250  1.000  1.000 |   0  6/6  6 1.000 |  48   1 1.000 | 0.9981 0.9970  1.00 0.0083 || 0.9999 0.9998 0.9998  48  y  9.0e-04  5.9e-05 1.000 1.000
 20500  1.000  1.000 |   0  6/6  6 1.000 |  48   1 1.000 | 0.9990 0.9984  1.00 0.0061 || 0.9999 0.9999 0.9999  48  y  6.2e-04  4.7e-05 1.000 1.000
 20750  1.000  1.000 |   0  6/6  6 1.000 |  48   1 1.000 | 0.9993 0.9989  1.00 0.0051 || 0.9999 0.9999 0.9999  48  y  4.9e-04  3.8e-05 1.000 1.000
 21000  1.000  1.000 |   0  6/6  6 1.000 |  48   1 1.000 | 0.9996 0.9994  1.00 0.0039 || 1.0000 0.9999 0.9999  48  y  3.4e-04  3.0e-05 1.000 1.000
 21250  1.000  1.000 |   0  6/6  6 1.000 |  48   1 1.000 | 0.9997 0.9995  1.00 0.0033 || 1.0000 1.0000 1.0000  48  y  2.8e-04  2.5e-05 1.000 1.000
 21500  1.000  1.000 |   0  6/6  6 1.000 |  48   1 1.000 | 0.9998 0.9996  1.00 0.0030 || 1.0000 1.0000 1.0000  48  y  2.4e-04  2.4e-05 1.000 1.000
 21750  1.000  1.000 |   0  6/6  6 1.000 |  48   1 1.000 | 0.9998 0.9997  1.00 0.0029 || 1.0000 1.0000 1.0000  48  y  2.4e-04  2.3e-05 1.000 1.000
 22000  1.000  1.000 |   0  6/6  6 1.000 |  48   1 1.000 | 0.9998 0.9997  1.00 0.0028 || 1.0000 1.0000 1.0000  48  y  2.3e-04  2.1e-05 1.000 1.000
 22250  1.000  1.000 |   0  6/6  6 1.000 |  48   1 1.000 | 0.9999 0.9998  1.00 0.0027 || 1.0000 1.0000 1.0000  48  y  2.0e-04  1.7e-05 1.000 1.000
 22500  1.000  1.000 |   0  6/6  6 1.000 |  48   1 1.000 | 0.9999 0.9998  1.00 0.0025 || 1.0000 1.0000 1.0000  48  y  1.7e-04  1.4e-05 1.000 1.000
 22750  1.000  1.000 |   0  6/6  6 1.000 |  48   1 1.000 | 0.9999 0.9999  1.00 0.0021 || 1.0000 1.0000 1.0000  48  y  1.3e-04  1.2e-05 1.000 1.000
 23000  1.000  1.000 |   0  6/6  6 1.000 |  48   1 1.000 | 1.0000 0.9999  1.00 0.0014 || 1.0000 1.0000 1.0000  48  y  7.8e-05  1.0e-05 1.000 1.000
 23250  1.000  1.000 |   0  6/6  6 1.000 |  48   1 1.000 | 1.0000 1.0000  1.00 0.0011 || 1.0000 1.0000 1.0000  48  y  5.5e-05  8.6e-06 1.000 1.000
 23500  1.000  1.000 |   0  6/6  6 1.000 |  48   1 1.000 | 1.0000 1.0000  1.00 0.0009 || 1.0000 1.0000 1.0000  48  y  4.4e-05  7.5e-06 1.000 1.000
 23750  1.000  1.000 |   0  6/6  6 1.000 |  48   1 1.000 | 1.0000 1.0000  1.00 0.0008 || 1.0000 1.0000 1.0000  48  y  3.5e-05  6.8e-06 1.000 1.000
 24000  1.000  1.000 |   0  6/6  6 1.000 |  48   1 1.000 | 1.0000 1.0000  1.00 0.0007 || 1.0000 1.0000 1.0000  48  y  2.8e-05  6.4e-06 1.000 1.000
 24250  1.000  1.000 |   0  6/6  6 1.000 |  48   1 1.000 | 1.0000 1.0000  1.00 0.0007 || 1.0000 1.0000 1.0000  48  y  2.4e-05  5.7e-06 1.000 1.000
 24500  1.000  1.000 |   0  6/6  6 1.000 |  48   1 1.000 | 1.0000 1.0000  1.00 0.0006 || 1.0000 1.0000 1.0000  48  y  2.5e-05  5.4e-06 1.000 1.000
 24750  1.000  1.000 |   0  6/6  6 1.000 |  48   1 1.000 | 1.0000 1.0000  1.00 0.0006 || 1.0000 1.0000 1.0000  48  y  2.6e-05  5.2e-06 1.000 1.000
 25000  1.000  1.000 |   0  6/6  6 1.000 |  48   1 1.000 | 1.0000 1.0000  1.00 0.0006 || 1.0000 1.0000 1.0000  48  y  2.6e-05  4.7e-06 1.000 1.000
 25250  1.000  1.000 |   0  6/6  6 1.000 |  48   1 1.000 | 1.0000 1.0000  1.00 0.0005 || 1.0000 1.0000 1.0000  48  y  2.3e-05  4.3e-06 1.000 1.000
 25500  1.000  1.000 |   0  6/6  6 1.000 |  48   1 1.000 | 1.0000 1.0000  1.00 0.0005 || 1.0000 1.0000 1.0000  48  y  2.2e-05  3.8e-06 1.000 1.000
 25750  1.000  1.000 |   0  6/6  6 1.000 |  48   1 1.000 | 1.0000 1.0000  1.00 0.0005 || 1.0000 1.0000 1.0000  48  y  2.2e-05  3.6e-06 1.000 1.000
 26000  1.000  1.000 |   0  6/6  6 1.000 |  48   1 1.000 | 1.0000 1.0000  1.00 0.0004 || 1.0000 1.0000 1.0000  48  y  2.3e-05  3.4e-06 1.000 1.000
 26250  1.000  1.000 |   0  6/6  6 1.000 |  48   1 1.000 | 1.0000 1.0000  1.00 0.0004 || 1.0000 1.0000 1.0000  48  y  2.4e-05  3.2e-06 1.000 1.000
 26500  1.000  1.000 |   0  6/6  6 1.000 |  48   1 1.000 | 1.0000 1.0000  1.00 0.0004 || 1.0000 1.0000 1.0000  48  y  2.6e-05  3.1e-06 1.000 1.000
 26750  1.000  1.000 |   0  6/6  6 1.000 |  48   1 1.000 | 1.0000 1.0000  1.00 0.0004 || 1.0000 1.0000 1.0000  48  y  2.7e-05  3.1e-06 1.000 1.000
 27000  1.000  1.000 |   0  6/6  6 1.000 |  48   1 1.000 | 1.0000 1.0000  1.00 0.0004 || 1.0000 1.0000 1.0000  48  y  2.6e-05  3.0e-06 1.000 1.000
 27250  1.000  1.000 |   0  6/6  6 1.000 |  48   1 1.000 | 1.0000 1.0000  1.00 0.0004 || 1.0000 1.0000 1.0000  48  y  2.5e-05  3.1e-06 1.000 1.000
 27500  1.000  1.000 |   0  6/6  6 1.000 |  48   1 1.000 | 1.0000 1.0000  1.00 0.0003 || 1.0000 1.0000 1.0000  48  y  2.3e-05  2.9e-06 1.000 1.000
 27750  1.000  1.000 |   0  6/6  6 1.000 |  48   1 1.000 | 1.0000 1.0000  1.00 0.0003 || 1.0000 1.0000 1.0000  48  y  2.2e-05  3.0e-06 1.000 1.000
 28000  1.000  1.000 |   0  6/6  6 1.000 |  48   1 1.000 | 1.0000 1.0000  1.00 0.0003 || 1.0000 1.0000 1.0000  48  y  2.1e-05  2.9e-06 1.000 1.000
 28250  1.000  1.000 |   0  6/6  6 1.000 |  48   1 1.000 | 1.0000 1.0000  1.00 0.0003 || 1.0000 1.0000 1.0000  48  y  2.0e-05  2.9e-06 1.000 1.000
 28500  1.000  1.000 |   0  6/6  6 1.000 |  48   1 1.000 | 1.0000 1.0000  1.00 0.0003 || 1.0000 1.0000 1.0000  48  y  1.9e-05  3.0e-06 1.000 1.000
 28750  1.000  1.000 |   0  6/6  6 1.000 |  48   1 1.000 | 1.0000 1.0000  1.00 0.0003 || 1.0000 1.0000 1.0000  48  y  1.9e-05  2.9e-06 1.000 1.000
 29000  1.000  1.000 |   0  6/6  6 1.000 |  48   1 1.000 | 1.0000 1.0000  1.00 0.0003 || 1.0000 1.0000 1.0000  48  y  1.9e-05  2.8e-06 1.000 1.000
 29250  1.000  1.000 |   0  6/6  6 1.000 |  48   1 1.000 | 1.0000 1.0000  1.00 0.0003 || 1.0000 1.0000 1.0000  48  y  1.7e-05  2.8e-06 1.000 1.000
 29500  1.000  1.000 |   0  6/6  6 1.000 |  48   1 1.000 | 1.0000 1.0000  1.00 0.0003 || 1.0000 1.0000 1.0000  48  y  1.7e-05  2.7e-06 1.000 1.000
 29750  1.000  1.000 |   0  6/6  6 1.000 |  48   1 1.000 | 1.0000 1.0000  1.00 0.0003 || 1.0000 1.0000 1.0000  48  y  1.7e-05  2.8e-06 1.000 1.000
 30000  1.000  1.000 |   0  6/6  6 1.000 |  48   1 1.000 | 1.0000 1.0000  1.00 0.0003 || 1.0000 1.0000 1.0000  48  y  1.7e-05  2.8e-06 1.000 1.000
 30250  1.000  1.000 |   0  6/6  6 1.000 |  48   1 1.000 | 1.0000 1.0000  1.00 0.0003 || 1.0000 1.0000 1.0000  48  y  1.7e-05  2.8e-06 1.000 1.000
 30500  1.000  1.000 |   0  6/6  6 1.000 |  48   1 1.000 | 1.0000 1.0000  1.00 0.0003 || 1.0000 1.0000 1.0000  48  y  1.6e-05  2.8e-06 1.000 1.000
 30750  1.000  1.000 |   0  6/6  6 1.000 |  48   1 1.000 | 1.0000 1.0000  1.00 0.0003 || 1.0000 1.0000 1.0000  48  y  1.6e-05  2.7e-06 1.000 1.000
 31000  1.000  1.000 |   0  6/6  6 1.000 |  48   1 1.000 | 1.0000 1.0000  1.00 0.0003 || 1.0000 1.0000 1.0000  48  y  1.6e-05  2.6e-06 1.000 1.000
 31250  1.000  1.000 |   0  6/6  6 1.000 |  48   1 1.000 | 1.0000 1.0000  1.00 0.0003 || 1.0000 1.0000 1.0000  48  y  1.7e-05  2.7e-06 1.000 1.000
 31500  1.000  1.000 |   0  6/6  6 1.000 |  48   1 1.000 | 1.0000 1.0000  1.00 0.0003 || 1.0000 1.0000 1.0000  48  y  1.6e-05  2.6e-06 1.000 1.000
 31750  1.000  1.000 |   0  6/6  6 1.000 |  48   1 1.000 | 1.0000 1.0000  1.00 0.0003 || 1.0000 1.0000 1.0000  48  y  1.6e-05  2.6e-06 1.000 1.000
 32000  1.000  1.000 |   0  6/6  6 1.000 |  48   1 1.000 | 1.0000 1.0000  1.00 0.0003 || 1.0000 1.0000 1.0000  48  y  1.6e-05  2.5e-06 1.000 1.000
 32250  1.000  1.000 |   0  6/6  6 1.000 |  48   1 1.000 | 1.0000 1.0000  1.00 0.0003 || 1.0000 1.0000 1.0000  48  y  1.6e-05  2.5e-06 1.000 1.000
 32500  1.000  1.000 |   0  6/6  6 1.000 |  48   1 1.000 | 1.0000 1.0000  1.00 0.0003 || 1.0000 1.0000 1.0000  48  y  1.5e-05  2.5e-06 1.000 1.000
 32750  1.000  1.000 |   0  6/6  6 1.000 |  48   1 1.000 | 1.0000 1.0000  1.00 0.0003 || 1.0000 1.0000 1.0000  48  y  1.5e-05  2.5e-06 1.000 1.000
 33000  1.000  1.000 |   0  6/6  6 1.000 |  48   1 1.000 | 1.0000 1.0000  1.00 0.0003 || 1.0000 1.0000 1.0000  48  y  1.4e-05  2.5e-06 1.000 1.000
 33250  1.000  1.000 |   0  6/6  6 1.000 |  48   1 1.000 | 1.0000 1.0000  1.00 0.0003 || 1.0000 1.0000 1.0000  48  y  1.4e-05  2.4e-06 1.000 1.000
 33500  1.000  1.000 |   0  6/6  6 1.000 |  48   1 1.000 | 1.0000 1.0000  1.00 0.0003 || 1.0000 1.0000 1.0000  48  y  1.4e-05  2.4e-06 1.000 1.000
 33750  1.000  1.000 |   0  6/6  6 1.000 |  48   1 1.000 | 1.0000 1.0000  1.00 0.0003 || 1.0000 1.0000 1.0000  48  y  1.4e-05  2.5e-06 1.000 1.000
 34000  1.000  1.000 |   0  6/6  6 1.000 |  48   1 1.000 | 1.0000 1.0000  1.00 0.0003 || 1.0000 1.0000 1.0000  48  y  1.4e-05  2.4e-06 1.000 1.000
 34250  1.000  1.000 |   0  6/6  6 1.000 |  48   1 1.000 | 1.0000 1.0000  1.00 0.0003 || 1.0000 1.0000 1.0000  48  y  1.4e-05  2.5e-06 1.000 1.000
 34500  1.000  1.000 |   0  6/6  6 1.000 |  48   1 1.000 | 1.0000 1.0000  1.00 0.0003 || 1.0000 1.0000 1.0000  48  y  1.4e-05  2.5e-06 1.000 1.000
 34750  1.000  1.000 |   0  6/6  6 1.000 |  48   1 1.000 | 1.0000 1.0000  1.00 0.0003 || 1.0000 1.0000 1.0000  48  y  1.4e-05  2.6e-06 1.000 1.000
 35000  1.000  1.000 |   0  6/6  6 1.000 |  48   1 1.000 | 1.0000 1.0000  1.00 0.0003 || 1.0000 1.0000 1.0000  48  y  1.3e-05  2.6e-06 1.000 1.000
 35250  1.000  1.000 |   0  6/6  6 1.000 |  48   1 1.000 | 1.0000 1.0000  1.00 0.0003 || 1.0000 1.0000 1.0000  48  y  1.3e-05  2.6e-06 1.000 1.000
 35500  1.000  1.000 |   0  6/6  6 1.000 |  48   1 1.000 | 1.0000 1.0000  1.00 0.0003 || 1.0000 1.0000 1.0000  48  y  1.4e-05  2.6e-06 1.000 1.000
 35750  1.000  1.000 |   0  6/6  6 1.000 |  48   1 1.000 | 1.0000 1.0000  1.00 0.0003 || 1.0000 1.0000 1.0000  48  y  1.4e-05  2.6e-06 1.000 1.000
 36000  1.000  1.000 |   0  6/6  6 1.000 |  48   1 1.000 | 1.0000 1.0000  1.00 0.0003 || 1.0000 1.0000 1.0000  48  y  1.3e-05  2.5e-06 1.000 1.000
 36250  1.000  1.000 |   0  6/6  6 1.000 |  48   1 1.000 | 1.0000 1.0000  1.00 0.0003 || 1.0000 1.0000 1.0000  48  y  1.3e-05  2.5e-06 1.000 1.000
 36500  1.000  1.000 |   0  6/6  6 1.000 |  48   1 1.000 | 1.0000 1.0000  1.00 0.0003 || 1.0000 1.0000 1.0000  48  y  1.3e-05  2.5e-06 1.000 1.000
 36750  1.000  1.000 |   0  6/6  6 1.000 |  48   1 1.000 | 1.0000 1.0000  1.00 0.0003 || 1.0000 1.0000 1.0000  48  y  1.4e-05  2.5e-06 1.000 1.000
 37000  1.000  1.000 |   0  6/6  6 1.000 |  48   1 1.000 | 1.0000 1.0000  1.00 0.0003 || 1.0000 1.0000 1.0000  48  y  1.4e-05  2.4e-06 1.000 1.000
 37250  1.000  1.000 |   0  6/6  6 1.000 |  48   1 1.000 | 1.0000 1.0000  1.00 0.0003 || 1.0000 1.0000 1.0000  48  y  1.4e-05  2.5e-06 1.000 1.000
 37500  1.000  1.000 |   0  6/6  6 1.000 |  48   1 1.000 | 1.0000 1.0000  1.00 0.0002 || 1.0000 1.0000 1.0000  48  y  1.4e-05  2.4e-06 1.000 1.000
 37750  1.000  1.000 |   0  6/6  6 1.000 |  48   1 1.000 | 1.0000 1.0000  1.00 0.0002 || 1.0000 1.0000 1.0000  48  y  1.4e-05  2.3e-06 1.000 1.000
 38000  1.000  1.000 |   0  6/6  6 1.000 |  48   1 1.000 | 1.0000 1.0000  1.00 0.0002 || 1.0000 1.0000 1.0000  48  y  1.4e-05  2.4e-06 1.000 1.000
 38250  1.000  1.000 |   0  6/6  6 1.000 |  48   1 1.000 | 1.0000 1.0000  1.00 0.0002 || 1.0000 1.0000 1.0000  48  y  1.3e-05  2.4e-06 1.000 1.000
 38500  1.000  1.000 |   0  6/6  6 1.000 |  48   1 1.000 | 1.0000 1.0000  1.00 0.0002 || 1.0000 1.0000 1.0000  48  y  1.3e-05  2.4e-06 1.000 1.000
 38750  1.000  1.000 |   0  6/6  6 1.000 |  48   1 1.000 | 1.0000 1.0000  1.00 0.0002 || 1.0000 1.0000 1.0000  48  y  1.3e-05  2.3e-06 1.000 1.000
 39000  1.000  1.000 |   0  6/6  6 1.000 |  48   1 1.000 | 1.0000 1.0000  1.00 0.0002 || 1.0000 1.0000 1.0000  48  y  1.3e-05  2.3e-06 1.000 1.000
 39250  1.000  1.000 |   0  6/6  6 1.000 |  48   1 1.000 | 1.0000 1.0000  1.00 0.0002 || 1.0000 1.0000 1.0000  48  y  1.4e-05  2.3e-06 1.000 1.000
 39500  1.000  1.000 |   0  6/6  6 1.000 |  48   1 1.000 | 1.0000 1.0000  1.00 0.0002 || 1.0000 1.0000 1.0000  48  y  1.4e-05  2.3e-06 1.000 1.000
 39750  1.000  1.000 |   0  6/6  6 1.000 |  48   1 1.000 | 1.0000 1.0000  1.00 0.0002 || 1.0000 1.0000 1.0000  48  y  1.4e-05  2.2e-06 1.000 1.000
 39999  1.000  1.000 |   0  6/6  6 1.000 |  48   1 1.000 | 1.0000 1.0000  1.00 0.0002 || 1.0000 1.0000 1.0000  48  y  1.4e-05  2.2e-06 1.000 1.000

## Per-snapshot WALK table, rule le0 (true-label run). k = # recovered candidates kept; B/C: rec k | #matched k | m1 k | #common | = ; ov = mean DFT overlap of the kept candidates
 epoch net_te |  kA  m1  heldA | kALS  m1   hALS |  kB  #m  m1 cmn =    ov units  heldB     m1 |  kC  #m  m1 cmn =    ov  heldC     m1
    -1  0.011 |   7   0  0.009 |    5  18  0.011 |  37  27  15   8 . 0.058    59  0.010  0.010 |  12   9  16   6 . 0.067  0.010  0.010
     0  0.010 |   3   0  0.012 |    3  26  0.010 |  27  21  21   9 . 0.058    47  0.010  0.010 |  15   9   5   0 . 0.064  0.010  0.010
   250  0.000 |  14  48  0.017 |   18  48  0.014 |  53  31  37  23 . 0.055   117  0.000  0.002 |  58  33  46  32 . 0.056  0.000  0.000
   500  0.000 |  21  48  0.013 |   16  48  0.013 |  48  23  38  20 . 0.055   102  0.001  0.001 |  52  23  48  23 . 0.056  0.000  0.000
   750  0.000 |  16  48  0.017 |   19  48  0.015 |  49  27  43  24 . 0.051   120  0.000  0.001 |  55  29  47  28 . 0.053  0.000  0.000
  1000  0.000 |  22  48  0.018 |   19  48  0.016 |  47  21  44  20 . 0.060   109  0.001  0.001 |  54  23  45  20 . 0.060  0.000  0.000
  1250  0.000 |  18  48  0.019 |   10  48  0.014 |  54  28  45  26 . 0.054   120  0.001  0.001 |  58  29  47  28 . 0.054  0.000  0.000
  1500  0.000 |  19  48  0.020 |   22  48  0.015 |  55  28  44  25 . 0.058   126  0.000  0.001 |  54  28  48  28 . 0.057  0.000  0.000
  1750  0.001 |  19  48  0.017 |   22  48  0.015 |  52  28  47  27 . 0.055   121  0.002  0.001 |  55  30  45  29 . 0.056  0.000  0.002
  2000  0.001 |  16  48  0.018 |   26  48  0.015 |  54  28  48  28 . 0.058   123  0.001  0.001 |  57  29  46  29 . 0.058  0.001  0.001
  2250  0.002 |   9  48  0.014 |   21  48  0.017 |  54  30  48  30 . 0.058   125  0.002  0.002 |  56  31  48  31 . 0.058  0.002  0.002
  2500  0.002 |  14  48  0.017 |   12  48  0.013 |  51  29  48  29 . 0.057   111  0.004  0.002 |  58  30  48  30 . 0.058  0.002  0.002
  2750  0.002 |  15  48  0.018 |   17  48  0.017 |  57  29  48  29 . 0.057   123  0.002  0.002 |  60  29  46  28 . 0.057  0.002  0.005
  3000  0.003 |  21  48  0.019 |    8  48  0.012 |  55  30  47  30 . 0.057   121  0.005  0.004 |  57  32  47  32 . 0.056  0.004  0.005
  3250  0.004 |  20  48  0.017 |   21  48  0.014 |  53  25  47  25 . 0.057   122  0.004  0.005 |  55  26  48  26 . 0.056  0.004  0.004
  3500  0.004 |   7  48  0.015 |    8  48  0.017 |  52  27  46  25 . 0.060   116  0.007  0.005 |  50  28  48  28 . 0.059  0.004  0.004
  3750  0.006 |  22  48  0.019 |   25  48  0.016 |  54  29  46  28 . 0.057   124  0.007  0.007 |  55  29  48  29 . 0.058  0.005  0.006
  4000  0.007 |  26  48  0.019 |   20  48  0.017 |  54  29  45  26 . 0.056   119  0.010  0.009 |  57  29  48  29 . 0.057  0.007  0.007
  4250  0.010 |  17  48  0.017 |   16  48  0.014 |  54  24  46  24 . 0.059   125  0.011  0.010 |  56  24  48  24 . 0.059  0.010  0.010
  4500  0.013 |  21  48  0.022 |   16  48  0.015 |  52  34  43  31 . 0.059   118  0.019  0.014 |  55  35  48  35 . 0.059  0.013  0.013
  4750  0.016 |  19  48  0.024 |   19  48  0.020 |  55  35  42  31 . 0.058   121  0.016  0.019 |  58  35  48  35 . 0.059  0.015  0.016
  5000  0.019 |  13  48  0.023 |   19  48  0.019 |  55  31  45  29 . 0.060   125  0.020  0.022 |  58  32  48  32 . 0.060  0.019  0.019
  5250  0.021 |  20  48  0.021 |   20  48  0.019 |  49  29  45  28 . 0.066   113  0.027  0.025 |  52  30  48  30 . 0.065  0.012  0.021
  5500  0.027 |  25  48  0.021 |   34  48  0.018 |  53  30  42  28 . 0.064   125  0.025  0.029 |  56  30  48  30 . 0.063  0.027  0.027
  5750  0.032 |  23  48  0.019 |   19  48  0.015 |  53  30  42  26 . 0.061   124  0.032  0.033 |  54  31  48  31 . 0.061  0.031  0.032
  6000  0.038 |  21  48  0.017 |    9  48  0.012 |  51  28  42  24 . 0.058   117  0.040  0.039 |  55  28  48  28 . 0.057  0.034  0.038
  6250  0.043 |  18  48  0.015 |   15  48  0.017 |  55  31  43  26 . 0.059   126  0.045  0.047 |  55  31  48  31 . 0.059  0.039  0.043
  6500  0.051 |   3  48  0.014 |   18  48  0.017 |  55  28  44  25 . 0.055   121  0.050  0.051 |  58  29  48  29 . 0.054  0.045  0.051
  6750  0.060 |  14  48  0.018 |   18  48  0.017 |  53  25  47  24 . 0.056   123  0.058  0.059 |  52  25  48  25 . 0.056  0.038  0.060
  7000  0.067 |  28  48  0.016 |   18  48  0.016 |  54  27  46  26 . 0.051   119  0.066  0.072 |  58  29  48  29 . 0.052  0.067  0.067
  7250  0.077 |  12  48  0.016 |   21  48  0.018 |  54  29  47  28 . 0.055   125  0.080  0.077 |  56  30  48  30 . 0.055  0.077  0.077
  7500  0.089 |  20  48  0.017 |    9  48  0.015 |  53  25  46  25 . 0.053   118  0.085  0.091 |  58  28  48  28 . 0.054  0.089  0.089
  7750  0.103 |  18  48  0.016 |   17  48  0.015 |  49  29  43  26 . 0.058   120  0.110  0.109 |  54  31  48  31 . 0.058  0.103  0.103
  8000  0.122 |  26  48  0.015 |   26  48  0.014 |  53  26  43  22 . 0.057   124  0.119  0.125 |  56  27  48  27 . 0.057  0.122  0.122
  8250  0.138 |  28  48  0.017 |   25  48  0.013 |  57  26  45  26 . 0.058   123  0.133  0.145 |  59  26  48  26 . 0.058  0.138  0.138
  8500  0.157 |   9  48  0.012 |   16  48  0.013 |  50  29  47  28 . 0.063   116  0.148  0.148 |  55  29  48  29 . 0.061  0.133  0.157
  8750  0.183 |  15  48  0.017 |   16  48  0.015 |  48  26  48  26 . 0.064   116  0.187  0.183 |  56  28  48  28 . 0.064  0.183  0.183
  9000  0.211 |  23  48  0.018 |   25  48  0.017 |  55  29  48  29 . 0.068   127  0.213  0.211 |  56  29  47  28 . 0.068  0.211  0.214
  9250  0.242 |  23  48  0.020 |   25  48  0.017 |  48  27  47  26 . 0.067   117  0.237  0.241 |  54  27  47  27 . 0.067  0.242  0.244
  9500  0.274 |  14  48  0.017 |   10  48  0.019 |  51  33  47  32 . 0.065   123  0.248  0.274 |  54  35  45  33 . 0.064  0.274  0.294
  9750  0.314 |  22  48  0.017 |   19  48  0.016 |  52  27  48  27 . 0.063   121  0.296  0.314 |  54  27  47  27 . 0.061  0.243  0.314
 10000  0.352 |  26  48  0.022 |   15  48  0.018 |  50  29  46  28 . 0.065   116  0.316  0.347 |  56  31  41  26 . 0.065  0.352  0.395
 10250  0.396 |  20  48  0.022 |   18  48  0.021 |  50  28  45  26 . 0.068   121  0.387  0.389 |  54  28  45  26 . 0.067  0.396  0.414
 10500  0.450 |  26  48  0.030 |   26  48  0.021 |  52  29  46  28 . 0.076   122  0.435  0.446 |  56  29  45  28 . 0.075  0.450  0.471
 10750  0.504 |  22  48  0.038 |   36  48  0.028 |  52  27  48  27 . 0.084   123  0.481  0.504 |  56  28  46  27 . 0.084  0.504  0.514
 11000  0.564 |  19  48  0.040 |   26  48  0.039 |  53  30  47  29 . 0.100   126  0.552  0.562 |  53  30  41  26 . 0.101  0.516  0.603
 11250  0.630 |  25  48  0.080 |   31  48  0.050 |  50  34  48  34 . 0.129   121  0.543  0.630 |  54  34  46  33 . 0.126  0.630  0.635
 11500  0.693 |  31  48  0.143 |   40  48  0.132 |  45  33  48  33 . 0.167   113  0.591  0.693 |  51  34  45  34 . 0.169  0.702  0.706
 11750  0.752 |  22  48  0.158 |   40  48  0.144 |  43  33  48  33 . 0.187   108  0.603  0.752 |  51  34  43  31 . 0.188  0.728  0.755
 12000  0.800 |  31  48  0.232 |   38  48  0.173 |  47  36  48  36 . 0.226   117  0.684  0.800 |  53  37  43  34 . 0.221  0.800  0.806
 12250  0.841 |  28  48  0.296 |   41  48  0.221 |  49  37  47  36 . 0.264   125  0.827  0.838 |  51  38  44  36 . 0.264  0.841  0.845
 12500  0.874 |  22  48  0.299 |   36  48  0.265 |  47  39  48  39 . 0.270   120  0.822  0.874 |  51  41  47  40 . 0.271  0.874  0.866
 12750  0.897 |  25  48  0.344 |   37  48  0.321 |  50  40  48  40 . 0.281   127  0.896  0.897 |  51  41  46  39 . 0.286  0.897  0.896
 13000  0.914 |  22  48  0.340 |   39  48  0.339 |  44  36  48  36 . 0.285   113  0.828  0.914 |  50  41  48  41 . 0.293  0.888  0.914
 13250  0.932 |  27  48  0.395 |   41  48  0.361 |  49  40  48  40 . 0.304   123  0.928  0.932 |  50  40  40  33 . 0.298  0.926  0.923
 13500  0.944 |  26  48  0.401 |   36  48  0.419 |  48  40  48  40 . 0.324   122  0.893  0.944 |  51  42  41  35 . 0.329  0.944  0.933
 13750  0.954 |  12  48  0.455 |   33  48  0.459 |  47  40  48  40 . 0.371   119  0.899  0.954 |  48  39  45  37 . 0.369  0.911  0.954
 14000  0.961 |   7  48  0.477 |   25  48  0.483 |  48  39  48  39 . 0.396   122  0.926  0.961 |  45  36  43  33 . 0.377  0.920  0.962
 14250  0.966 |  15  48  0.478 |   21  48  0.479 |  47  38  48  38 . 0.447   120  0.932  0.966 |  50  40  47  39 . 0.447  0.964  0.964
 14500  0.971 |  33  48  0.484 |   15  48  0.495 |  47  40  48  40 . 0.527   124  0.939  0.971 |  50  42  47  41 . 0.510  0.971  0.969
 14750  0.975 |  19  48  0.541 |   23  48  0.545 |  48  46  48  46 . 0.540   124  0.941  0.975 |  49  46  40  38 . 0.538  0.974  0.967
 15000  0.978 |  13  48  0.605 |   29  48  0.540 |  47  46  48  46 . 0.567   124  0.949  0.978 |  43  41  48  41 . 0.551  0.974  0.978
 15250  0.982 |  23  48  0.570 |   49  48  0.503 |  47  44  48  44 . 0.576   124  0.958  0.982 |  46  42  48  42 . 0.565  0.977  0.982
 15500  0.985 |  18  48  0.644 |   49  48  0.503 |  48  44  48  44 . 0.583   126  0.963  0.985 |  47  43  40  35 . 0.582  0.965  0.972
 15750  0.986 |  12  48  0.680 |   28  48  0.644 |  47  44  48  44 . 0.589   124  0.970  0.986 |  46  43  43  38 . 0.583  0.966  0.974
 16000  0.990 |  14  48  0.721 |   44  48  0.650 |  45  44  47  43 . 0.613   116  0.954  0.983 |  44  43  48  43 . 0.604  0.970  0.990
 16250  0.992 |  23  48  0.810 |   22  48  0.747 |  46  46  47  45 . 0.704   122  0.983  0.983 |  46  45  48  45 . 0.675  0.991  0.992
 16500  0.994 |  13  48  0.919 |   44  48  0.917 |  48  48  48  48 y 0.836   128  0.994  0.994 |  45  45  48  45 . 0.835  0.992  0.994
 16750  0.995 |  48  48  1.000 |   48  48  1.000 |  48  48  48  48 y 0.949   128  0.995  0.995 |  46  46  48  46 . 0.949  0.995  0.995
 17000  0.997 |  48  48  1.000 |   48  48  1.000 |  48  48  48  48 y 0.982   128  0.997  0.997 |  48  48  48  48 y 0.982  0.997  0.997
 17250  0.998 |  48  48  1.000 |   48  48  1.000 |  48  48  48  48 y 0.993   128  0.998  0.998 |  48  48  48  48 y 0.993  0.998  0.998
 17500  0.998 |  48  48  1.000 |   48  48  1.000 |  48  48  48  48 y 0.997   128  0.998  0.998 |  48  48  48  48 y 0.997  0.998  0.998
 17750  0.999 |  48  48  1.000 |   48  48  1.000 |  48  48  48  48 y 0.998   128  0.999  0.999 |  48  48  48  48 y 0.998  0.999  0.999
 18000  0.999 |  48  48  1.000 |   48  48  1.000 |  48  48  48  48 y 0.999   128  0.999  0.999 |  48  48  48  48 y 0.999  0.999  0.999
 18250  1.000 |  48  48  1.000 |   48  48  1.000 |  48  48  48  48 y 0.999   128  1.000  1.000 |  48  48  48  48 y 0.999  1.000  1.000
 18500  1.000 |  48  48  1.000 |   48  48  1.000 |  48  48  48  48 y 0.999   128  1.000  1.000 |  48  48  48  48 y 0.999  1.000  1.000
 18750  1.000 |  48  48  1.000 |   48  48  1.000 |  48  48  48  48 y 0.999   128  1.000  1.000 |  48  48  48  48 y 0.999  1.000  1.000
 19000  1.000 |  48  48  1.000 |   48  48  1.000 |  48  48  48  48 y 0.999   128  1.000  1.000 |  48  48  48  48 y 0.999  1.000  1.000
 19250  1.000 |  48  48  1.000 |   48  48  1.000 |  48  48  48  48 y 1.000   128  1.000  1.000 |  48  48  48  48 y 1.000  1.000  1.000
 19500  1.000 |  48  48  1.000 |   48  48  1.000 |  48  48  48  48 y 1.000   128  1.000  1.000 |  48  48  48  48 y 1.000  1.000  1.000
 19750  1.000 |  48  48  1.000 |   48  48  1.000 |  48  48  48  48 y 1.000   128  1.000  1.000 |  48  48  48  48 y 1.000  1.000  1.000
 20000  1.000 |  48  48  1.000 |   48  48  1.000 |  48  48  48  48 y 1.000   128  1.000  1.000 |  48  48  48  48 y 1.000  1.000  1.000
 20250  1.000 |  48  48  1.000 |   48  48  1.000 |  48  48  48  48 y 1.000   128  1.000  1.000 |  48  48  48  48 y 1.000  1.000  1.000
 20500  1.000 |  48  48  1.000 |   48  48  1.000 |  48  48  48  48 y 1.000   128  1.000  1.000 |  48  48  48  48 y 1.000  1.000  1.000
 20750  1.000 |  48  48  1.000 |   48  48  1.000 |  48  48  48  48 y 1.000   128  1.000  1.000 |  48  48  48  48 y 1.000  1.000  1.000
 21000  1.000 |  48  48  1.000 |   48  48  1.000 |  48  48  48  48 y 1.000   128  1.000  1.000 |  48  48  48  48 y 1.000  1.000  1.000
 21250  1.000 |  48  48  1.000 |   48  48  1.000 |  48  48  48  48 y 1.000   128  1.000  1.000 |  48  48  48  48 y 1.000  1.000  1.000
 21500  1.000 |  48  48  1.000 |   48  48  1.000 |  48  48  48  48 y 1.000   128  1.000  1.000 |  48  48  48  48 y 1.000  1.000  1.000
 21750  1.000 |  48  48  1.000 |   48  48  1.000 |  48  48  48  48 y 1.000   128  1.000  1.000 |  48  48  48  48 y 1.000  1.000  1.000
 22000  1.000 |  48  48  1.000 |   48  48  1.000 |  48  48  48  48 y 1.000   128  1.000  1.000 |  48  48  48  48 y 1.000  1.000  1.000
 22250  1.000 |  48  48  1.000 |   48  48  1.000 |  48  48  48  48 y 1.000   128  1.000  1.000 |  48  48  48  48 y 1.000  1.000  1.000
 22500  1.000 |  48  48  1.000 |   48  48  1.000 |  48  48  48  48 y 1.000   128  1.000  1.000 |  48  48  48  48 y 1.000  1.000  1.000
 22750  1.000 |  48  48  1.000 |   48  48  1.000 |  48  48  48  48 y 1.000   128  1.000  1.000 |  48  48  48  48 y 1.000  1.000  1.000
 23000  1.000 |  48  48  1.000 |   48  48  1.000 |  48  48  48  48 y 1.000   128  1.000  1.000 |  48  48  48  48 y 1.000  1.000  1.000
 23250  1.000 |  48  48  1.000 |   48  48  1.000 |  48  48  48  48 y 1.000   128  1.000  1.000 |  48  48  48  48 y 1.000  1.000  1.000
 23500  1.000 |  48  48  1.000 |   48  48  1.000 |  48  48  48  48 y 1.000   128  1.000  1.000 |  48  48  48  48 y 1.000  1.000  1.000
 23750  1.000 |  48  48  1.000 |   48  48  1.000 |  48  48  48  48 y 1.000   128  1.000  1.000 |  48  48  48  48 y 1.000  1.000  1.000
 24000  1.000 |  48  48  1.000 |   48  48  1.000 |  48  48  48  48 y 1.000   128  1.000  1.000 |  48  48  48  48 y 1.000  1.000  1.000
 24250  1.000 |  48  48  1.000 |   48  48  1.000 |  48  48  48  48 y 1.000   128  1.000  1.000 |  48  48  48  48 y 1.000  1.000  1.000
 24500  1.000 |  48  48  1.000 |   48  48  1.000 |  48  48  48  48 y 1.000   128  1.000  1.000 |  48  48  48  48 y 1.000  1.000  1.000
 24750  1.000 |  48  48  1.000 |   48  48  1.000 |  48  48  48  48 y 1.000   128  1.000  1.000 |  48  48  48  48 y 1.000  1.000  1.000
 25000  1.000 |  48  48  1.000 |   48  48  1.000 |  48  48  48  48 y 1.000   128  1.000  1.000 |  48  48  48  48 y 1.000  1.000  1.000
 25250  1.000 |  48  48  1.000 |   48  48  1.000 |  48  48  48  48 y 1.000   128  1.000  1.000 |  48  48  48  48 y 1.000  1.000  1.000
 25500  1.000 |  48  48  1.000 |   48  48  1.000 |  48  48  48  48 y 1.000   128  1.000  1.000 |  48  48  48  48 y 1.000  1.000  1.000
 25750  1.000 |  48  48  1.000 |   48  48  1.000 |  48  48  48  48 y 1.000   128  1.000  1.000 |  48  48  48  48 y 1.000  1.000  1.000
 26000  1.000 |  48  48  1.000 |   48  48  1.000 |  48  48  48  48 y 1.000   128  1.000  1.000 |  48  48  48  48 y 1.000  1.000  1.000
 26250  1.000 |  48  48  1.000 |   48  48  1.000 |  48  48  48  48 y 1.000   128  1.000  1.000 |  48  48  48  48 y 1.000  1.000  1.000
 26500  1.000 |  48  48  1.000 |   48  48  1.000 |  48  48  48  48 y 1.000   128  1.000  1.000 |  48  48  48  48 y 1.000  1.000  1.000
 26750  1.000 |  48  48  1.000 |   48  48  1.000 |  48  48  48  48 y 1.000   128  1.000  1.000 |  48  48  48  48 y 1.000  1.000  1.000
 27000  1.000 |  48  48  1.000 |   48  48  1.000 |  48  48  48  48 y 1.000   128  1.000  1.000 |  48  48  48  48 y 1.000  1.000  1.000
 27250  1.000 |  48  48  1.000 |   48  48  1.000 |  48  48  48  48 y 1.000   128  1.000  1.000 |  48  48  48  48 y 1.000  1.000  1.000
 27500  1.000 |  48  48  1.000 |   48  48  1.000 |  48  48  48  48 y 1.000   128  1.000  1.000 |  48  48  48  48 y 1.000  1.000  1.000
 27750  1.000 |  48  48  1.000 |   48  48  1.000 |  48  48  48  48 y 1.000   128  1.000  1.000 |  48  48  48  48 y 1.000  1.000  1.000
 28000  1.000 |  48  48  1.000 |   48  48  1.000 |  48  48  48  48 y 1.000   128  1.000  1.000 |  48  48  48  48 y 1.000  1.000  1.000
 28250  1.000 |  48  48  1.000 |   48  48  1.000 |  48  48  48  48 y 1.000   128  1.000  1.000 |  48  48  48  48 y 1.000  1.000  1.000
 28500  1.000 |  48  48  1.000 |   48  48  1.000 |  48  48  48  48 y 1.000   128  1.000  1.000 |  48  48  48  48 y 1.000  1.000  1.000
 28750  1.000 |  48  48  1.000 |   48  48  1.000 |  48  48  48  48 y 1.000   128  1.000  1.000 |  48  48  48  48 y 1.000  1.000  1.000
 29000  1.000 |  48  48  1.000 |   48  48  1.000 |  48  48  48  48 y 1.000   128  1.000  1.000 |  48  48  48  48 y 1.000  1.000  1.000
 29250  1.000 |  48  48  1.000 |   48  48  1.000 |  48  48  48  48 y 1.000   128  1.000  1.000 |  48  48  48  48 y 1.000  1.000  1.000
 29500  1.000 |  48  48  1.000 |   48  48  1.000 |  48  48  48  48 y 1.000   128  1.000  1.000 |  48  48  48  48 y 1.000  1.000  1.000
 29750  1.000 |  48  48  1.000 |   48  48  1.000 |  48  48  48  48 y 1.000   128  1.000  1.000 |  48  48  48  48 y 1.000  1.000  1.000
 30000  1.000 |  48  48  1.000 |   48  48  1.000 |  48  48  48  48 y 1.000   128  1.000  1.000 |  48  48  48  48 y 1.000  1.000  1.000
 30250  1.000 |  48  48  1.000 |   48  48  1.000 |  48  48  48  48 y 1.000   128  1.000  1.000 |  48  48  48  48 y 1.000  1.000  1.000
 30500  1.000 |  48  48  1.000 |   48  48  1.000 |  48  48  48  48 y 1.000   128  1.000  1.000 |  48  48  48  48 y 1.000  1.000  1.000
 30750  1.000 |  48  48  1.000 |   48  48  1.000 |  48  48  48  48 y 1.000   128  1.000  1.000 |  48  48  48  48 y 1.000  1.000  1.000
 31000  1.000 |  48  48  1.000 |   48  48  1.000 |  48  48  48  48 y 1.000   128  1.000  1.000 |  48  48  48  48 y 1.000  1.000  1.000
 31250  1.000 |  48  48  1.000 |   48  48  1.000 |  48  48  48  48 y 1.000   128  1.000  1.000 |  48  48  48  48 y 1.000  1.000  1.000
 31500  1.000 |  48  48  1.000 |   48  48  1.000 |  48  48  48  48 y 1.000   128  1.000  1.000 |  48  48  48  48 y 1.000  1.000  1.000
 31750  1.000 |  48  48  1.000 |   48  48  1.000 |  48  48  48  48 y 1.000   128  1.000  1.000 |  48  48  48  48 y 1.000  1.000  1.000
 32000  1.000 |  48  48  1.000 |   48  48  1.000 |  48  48  48  48 y 1.000   128  1.000  1.000 |  48  48  48  48 y 1.000  1.000  1.000
 32250  1.000 |  48  48  1.000 |   48  48  1.000 |  48  48  48  48 y 1.000   128  1.000  1.000 |  48  48  48  48 y 1.000  1.000  1.000
 32500  1.000 |  48  48  1.000 |   48  48  1.000 |  48  48  48  48 y 1.000   128  1.000  1.000 |  48  48  48  48 y 1.000  1.000  1.000
 32750  1.000 |  48  48  1.000 |   48  48  1.000 |  48  48  48  48 y 1.000   128  1.000  1.000 |  48  48  48  48 y 1.000  1.000  1.000
 33000  1.000 |  48  48  1.000 |   48  48  1.000 |  48  48  48  48 y 1.000   128  1.000  1.000 |  48  48  48  48 y 1.000  1.000  1.000
 33250  1.000 |  48  48  1.000 |   48  48  1.000 |  48  48  48  48 y 1.000   128  1.000  1.000 |  48  48  48  48 y 1.000  1.000  1.000
 33500  1.000 |  48  48  1.000 |   48  48  1.000 |  48  48  48  48 y 1.000   128  1.000  1.000 |  48  48  48  48 y 1.000  1.000  1.000
 33750  1.000 |  48  48  1.000 |   48  48  1.000 |  48  48  48  48 y 1.000   128  1.000  1.000 |  48  48  48  48 y 1.000  1.000  1.000
 34000  1.000 |  48  48  1.000 |   48  48  1.000 |  48  48  48  48 y 1.000   128  1.000  1.000 |  48  48  48  48 y 1.000  1.000  1.000
 34250  1.000 |  48  48  1.000 |   48  48  1.000 |  48  48  48  48 y 1.000   128  1.000  1.000 |  48  48  48  48 y 1.000  1.000  1.000
 34500  1.000 |  48  48  1.000 |   48  48  1.000 |  48  48  48  48 y 1.000   128  1.000  1.000 |  48  48  48  48 y 1.000  1.000  1.000
 34750  1.000 |  48  48  1.000 |   48  48  1.000 |  48  48  48  48 y 1.000   128  1.000  1.000 |  48  48  48  48 y 1.000  1.000  1.000
 35000  1.000 |  48  48  1.000 |   48  48  1.000 |  48  48  48  48 y 1.000   128  1.000  1.000 |  48  48  48  48 y 1.000  1.000  1.000
 35250  1.000 |  48  48  1.000 |   48  48  1.000 |  48  48  48  48 y 1.000   128  1.000  1.000 |  48  48  48  48 y 1.000  1.000  1.000
 35500  1.000 |  48  48  1.000 |   48  48  1.000 |  48  48  48  48 y 1.000   128  1.000  1.000 |  48  48  48  48 y 1.000  1.000  1.000
 35750  1.000 |  48  48  1.000 |   48  48  1.000 |  48  48  48  48 y 1.000   128  1.000  1.000 |  48  48  48  48 y 1.000  1.000  1.000
 36000  1.000 |  48  48  1.000 |   48  48  1.000 |  48  48  48  48 y 1.000   128  1.000  1.000 |  48  48  48  48 y 1.000  1.000  1.000
 36250  1.000 |  48  48  1.000 |   48  48  1.000 |  48  48  48  48 y 1.000   128  1.000  1.000 |  48  48  48  48 y 1.000  1.000  1.000
 36500  1.000 |  48  48  1.000 |   48  48  1.000 |  48  48  48  48 y 1.000   128  1.000  1.000 |  48  48  48  48 y 1.000  1.000  1.000
 36750  1.000 |  48  48  1.000 |   48  48  1.000 |  48  48  48  48 y 1.000   128  1.000  1.000 |  48  48  48  48 y 1.000  1.000  1.000
 37000  1.000 |  48  48  1.000 |   48  48  1.000 |  48  48  48  48 y 1.000   128  1.000  1.000 |  48  48  48  48 y 1.000  1.000  1.000
 37250  1.000 |  48  48  1.000 |   48  48  1.000 |  48  48  48  48 y 1.000   128  1.000  1.000 |  48  48  48  48 y 1.000  1.000  1.000
 37500  1.000 |  48  48  1.000 |   48  48  1.000 |  48  48  48  48 y 1.000   128  1.000  1.000 |  48  48  48  48 y 1.000  1.000  1.000
 37750  1.000 |  48  48  1.000 |   48  48  1.000 |  48  48  48  48 y 1.000   128  1.000  1.000 |  48  48  48  48 y 1.000  1.000  1.000
 38000  1.000 |  48  48  1.000 |   48  48  1.000 |  48  48  48  48 y 1.000   128  1.000  1.000 |  48  48  48  48 y 1.000  1.000  1.000
 38250  1.000 |  48  48  1.000 |   48  48  1.000 |  48  48  48  48 y 1.000   128  1.000  1.000 |  48  48  48  48 y 1.000  1.000  1.000
 38500  1.000 |  48  48  1.000 |   48  48  1.000 |  48  48  48  48 y 1.000   128  1.000  1.000 |  48  48  48  48 y 1.000  1.000  1.000
 38750  1.000 |  48  48  1.000 |   48  48  1.000 |  48  48  48  48 y 1.000   128  1.000  1.000 |  48  48  48  48 y 1.000  1.000  1.000
 39000  1.000 |  48  48  1.000 |   48  48  1.000 |  48  48  48  48 y 1.000   128  1.000  1.000 |  48  48  48  48 y 1.000  1.000  1.000
 39250  1.000 |  48  48  1.000 |   48  48  1.000 |  48  48  48  48 y 1.000   128  1.000  1.000 |  48  48  48  48 y 1.000  1.000  1.000
 39500  1.000 |  48  48  1.000 |   48  48  1.000 |  48  48  48  48 y 1.000   128  1.000  1.000 |  48  48  48  48 y 1.000  1.000  1.000
 39750  1.000 |  48  48  1.000 |   48  48  1.000 |  48  48  48  48 y 1.000   128  1.000  1.000 |  48  48  48  48 y 1.000  1.000  1.000
 39999  1.000 |  48  48  1.000 |   48  48  1.000 |  48  48  48  48 y 1.000   128  1.000  1.000 |  48  48  48  48 y 1.000  1.000  1.000

## Per-snapshot WALK table, rule lt1 (true-label run). k = # recovered candidates kept; B/C: rec k | #matched k | m1 k | #common | = ; ov = mean DFT overlap of the kept candidates
 epoch net_te |  kA  m1  heldA | kALS  m1   hALS |  kB  #m  m1 cmn =    ov units  heldB     m1 |  kC  #m  m1 cmn =    ov  heldC     m1
    -1  0.011 |   7   0  0.009 |    3   2  0.010 |   0   0   2   0 .   nan     0  0.010  0.010 |   0   0   0   0 y   nan  0.010  0.010
     0  0.010 |   2   0  0.012 |    3   3  0.011 |   1   1   2   1 . 0.059     3  0.010  0.010 |   0   0   0   0 y   nan  0.010  0.010
   250  0.000 |   8   1  0.018 |   10   1  0.015 |  38  27  35  19 . 0.060   117  0.000  0.002 |  58  33  44  30 . 0.056  0.000  0.000
   500  0.000 |  12   1  0.014 |   12   1  0.012 |  36  22  36  18 . 0.060   102  0.001  0.001 |  52  23  47  22 . 0.056  0.000  0.000
   750  0.000 |  11   1  0.015 |    8   1  0.016 |  37  25  40  21 . 0.056   117  0.000  0.001 |  54  29  47  28 . 0.053  0.000  0.000
  1000  0.000 |  17   1  0.017 |   12   1  0.014 |  36  19  41  17 . 0.066   109  0.001  0.001 |  54  23  45  20 . 0.060  0.000  0.000
  1250  0.000 |  11   1  0.014 |   10   1  0.014 |  33  23  40  20 . 0.061   115  0.001  0.001 |  58  29  47  28 . 0.054  0.000  0.000
  1500  0.000 |  16   1  0.019 |   11   1  0.015 |  37  24  39  19 . 0.063   125  0.000  0.001 |  54  28  46  27 . 0.057  0.000  0.001
  1750  0.001 |   8   1  0.013 |   13   1  0.016 |  38  23  43  20 . 0.058   121  0.002  0.001 |  55  30  45  29 . 0.056  0.000  0.002
  2000  0.001 |  11   1  0.017 |   13   1  0.013 |  40  24  43  20 . 0.063   123  0.001  0.001 |  57  29  46  29 . 0.058  0.001  0.001
  2250  0.002 |   8   1  0.015 |   10   1  0.013 |  36  25  43  22 . 0.064   124  0.002  0.002 |  56  31  46  30 . 0.058  0.002  0.002
  2500  0.002 |   5   1  0.013 |   10   1  0.016 |  34  23  42  17 . 0.062   111  0.004  0.002 |  58  30  46  29 . 0.058  0.002  0.003
  2750  0.002 |  12   1  0.017 |   18   1  0.020 |  38  24  43  21 . 0.062   123  0.002  0.002 |  60  29  46  28 . 0.057  0.002  0.005
  3000  0.003 |  11   1  0.013 |    7   1  0.012 |  38  26  37  18 . 0.063   118  0.007  0.007 |  57  32  45  31 . 0.056  0.004  0.005
  3250  0.004 |  17   1  0.017 |   10   1  0.013 |  38  22  42  20 . 0.060   122  0.004  0.005 |  55  26  46  26 . 0.056  0.004  0.005
  3500  0.004 |   6   1  0.016 |    6   1  0.014 |  35  22  40  19 . 0.065   116  0.007  0.005 |  50  28  46  28 . 0.059  0.004  0.006
  3750  0.006 |  15   1  0.016 |   16   1  0.017 |  35  26  41  22 . 0.064   120  0.009  0.007 |  55  29  45  27 . 0.058  0.005  0.009
  4000  0.007 |  17   1  0.018 |    8   1  0.015 |  35  23  39  18 . 0.063   119  0.010  0.008 |  57  29  46  29 . 0.057  0.007  0.009
  4250  0.010 |  17   1  0.017 |   10   1  0.014 |  35  20  41  16 . 0.067   124  0.011  0.010 |  55  23  45  21 . 0.058  0.007  0.014
  4500  0.013 |  12   1  0.021 |   13   1  0.017 |  36  25  38  19 . 0.066   118  0.019  0.014 |  55  35  44  31 . 0.059  0.013  0.017
  4750  0.016 |  13   1  0.018 |    9   1  0.021 |  36  29  37  22 . 0.067   121  0.016  0.019 |  56  35  45  32 . 0.059  0.014  0.018
  5000  0.019 |  16   1  0.029 |    8   1  0.017 |  36  25  40  21 . 0.069   123  0.021  0.022 |  57  32  44  28 . 0.060  0.018  0.024
  5250  0.021 |  17   1  0.024 |   10   1  0.019 |  32  23  40  21 . 0.076   113  0.027  0.025 |  52  30  43  27 . 0.065  0.012  0.030
  5500  0.027 |  10   1  0.016 |   15   1  0.017 |  36  25  37  21 . 0.073   125  0.025  0.029 |  56  30  43  27 . 0.063  0.027  0.034
  5750  0.032 |  16   1  0.019 |   15   1  0.013 |  35  24  37  20 . 0.067   122  0.034  0.033 |  54  31  43  28 . 0.061  0.031  0.042
  6000  0.038 |  15   1  0.017 |    9   1  0.012 |  41  25  34  18 . 0.061   117  0.040  0.040 |  55  28  42  25 . 0.057  0.034  0.048
  6250  0.043 |   8   1  0.016 |   14   1  0.017 |  36  25  34  17 . 0.063   125  0.046  0.049 |  53  31  43  28 . 0.059  0.033  0.054
  6500  0.051 |   3   1  0.014 |    5   1  0.016 |  35  22  35  15 . 0.064   118  0.051  0.054 |  57  29  42  25 . 0.054  0.042  0.067
  6750  0.060 |   6   1  0.016 |   16   1  0.016 |  34  21  36  16 . 0.063   123  0.058  0.062 |  52  25  42  23 . 0.056  0.038  0.074
  7000  0.067 |  17   1  0.017 |   13   1  0.016 |  34  23  35  19 . 0.058   119  0.066  0.075 |  58  29  42  28 . 0.052  0.067  0.083
  7250  0.077 |   9   1  0.016 |    9   1  0.016 |  32  24  36  16 . 0.064   124  0.080  0.080 |  56  30  41  26 . 0.055  0.077  0.102
  7500  0.089 |  10   1  0.017 |    8   1  0.013 |  31  18  32  12 . 0.065   118  0.085  0.099 |  58  28  41  25 . 0.054  0.089  0.115
  7750  0.103 |  11   1  0.018 |    7   1  0.016 |  34  24  31  16 . 0.063   120  0.110  0.113 |  53  31  41  25 . 0.058  0.098  0.127
  8000  0.122 |  15   1  0.016 |   13   1  0.016 |  38  21  32  15 . 0.062   124  0.119  0.128 |  55  26  41  24 . 0.057  0.116  0.142
  8250  0.138 |  21   1  0.018 |   14   1  0.014 |  32  21  28  12 . 0.068   122  0.135  0.148 |  59  26  41  23 . 0.058  0.138  0.159
  8500  0.157 |   8   1  0.011 |   13   1  0.018 |  34  25  32  18 . 0.072   116  0.148  0.149 |  55  29  40  26 . 0.061  0.133  0.192
  8750  0.183 |  11   1  0.013 |   16   1  0.017 |  37  22  28  13 . 0.069   114  0.181  0.174 |  56  28  38  24 . 0.064  0.183  0.234
  9000  0.211 |  11   1  0.017 |   16   1  0.014 |  37  22  27  16 . 0.077   122  0.185  0.211 |  56  29  39  25 . 0.068  0.211  0.255
  9250  0.242 |  22   1  0.024 |   16   1  0.018 |  39  26  28  17 . 0.071   117  0.237  0.242 |  54  27  38  23 . 0.067  0.242  0.295
  9500  0.274 |   7   1  0.019 |   10   1  0.019 |  38  27  26  13 . 0.072   121  0.249  0.267 |  54  35  38  29 . 0.064  0.274  0.328
  9750  0.314 |  14   1  0.016 |   10   1  0.016 |  34  19  26  11 . 0.071   119  0.294  0.302 |  54  27  37  25 . 0.061  0.243  0.382
 10000  0.352 |  14   1  0.019 |   12   1  0.018 |  34  23  24  13 . 0.073   116  0.316  0.358 |  56  31  36  23 . 0.065  0.352  0.424
 10250  0.396 |  10   1  0.020 |    6   1  0.019 |  34  25  22  15 . 0.077   119  0.381  0.386 |  53  28  34  20 . 0.068  0.358  0.482
 10500  0.450 |  19   1  0.029 |   13   1  0.019 |  36  24  21  14 . 0.086   121  0.432  0.447 |  55  29  33  22 . 0.076  0.438  0.551
 10750  0.504 |  18   1  0.044 |   11   1  0.026 |  36  22  21  11 . 0.093   119  0.476  0.488 |  55  28  34  21 . 0.085  0.494  0.595
 11000  0.564 |  20   1  0.044 |   16   1  0.038 |  34  26  21  14 . 0.114   123  0.526  0.533 |  53  30  28  18 . 0.101  0.516  0.689
 11250  0.630 |  19   1  0.077 |   16   1  0.055 |  33  28  20  17 . 0.140   115  0.509  0.599 |  53  34  29  23 . 0.128  0.609  0.739
 11500  0.693 |  25   1  0.143 |   31   1  0.130 |  29  22  20  15 . 0.191   111  0.586  0.666 |  49  33  24  23 . 0.165  0.663  0.813
 11750  0.752 |  14   1  0.155 |   28   1  0.143 |  28  24  19  15 . 0.217   108  0.603  0.701 |  51  34  25  20 . 0.188  0.728  0.849
 12000  0.800 |  27   1  0.232 |   26   1  0.171 |  27  24  18  16 . 0.280   107  0.656  0.761 |  53  37  23  21 . 0.221  0.800  0.884
 12250  0.841 |  24   1  0.296 |   28   1  0.216 |  19  19  16  16 . 0.336   103  0.811  0.822 |  50  38  23  21 . 0.269  0.842  0.909
 12500  0.874 |  20   1  0.308 |   23   1  0.264 |  20  20  16  11 . 0.322   101  0.836  0.857 |  51  41  22  19 . 0.271  0.874  0.927
 12750  0.897 |  23   1  0.344 |   30   1  0.322 |  19  18  16  12 . 0.311   101  0.868  0.885 |  50  40  22  19 . 0.285  0.884  0.937
 13000  0.914 |  22   1  0.340 |   24   1  0.332 |  23  22  15  11 . 0.324   109  0.829  0.887 |  50  41  21  17 . 0.293  0.888  0.955
 13250  0.932 |  26   1  0.395 |   33   1  0.358 |  17  15  16  11 . 0.323    98  0.899  0.919 |  50  40  17  14 . 0.301  0.930  0.963
 13500  0.944 |  24   1  0.400 |   27   1  0.416 |  16  16  16  11 . 0.374    98  0.886  0.934 |  51  42  17  15 . 0.329  0.944  0.967
 13750  0.954 |  12   1  0.455 |   23   1  0.453 |  19  19  16  12 . 0.421   109  0.898  0.949 |  48  39  17  13 . 0.369  0.911  0.968
 14000  0.961 |   7   1  0.477 |   18   1  0.483 |  17  17  15  11 . 0.498   107  0.915  0.931 |  45  36  17  15 . 0.377  0.920  0.981
 14250  0.966 |  15   1  0.478 |   10   1  0.482 |  16  16  15  11 . 0.536   102  0.930  0.937 |  45  36  17  15 . 0.432  0.947  0.983
 14500  0.971 |  11   1  0.485 |    9   1  0.496 |  16  16  14  11 . 0.607   103  0.940  0.945 |  36  30  18  16 . 0.475  0.964  0.986
 14750  0.975 |   9   1  0.541 |    8   1  0.544 |  17  17  15  13 . 0.654   107  0.944  0.962 |  34  31  16  16 . 0.500  0.969  0.982
 15000  0.978 |  13   1  0.605 |    6   1  0.547 |  18  17  15  13 . 0.635   110  0.943  0.968 |  29  27  16  15 . 0.509  0.969  0.984
 15250  0.982 |   6   1  0.644 |    7   1  0.644 |  17  16  15  12 . 0.641   107  0.966  0.966 |  30  26  16  14 . 0.523  0.976  0.985
 15500  0.985 |   6   1  0.644 |    7   1  0.644 |  18  17  15  12 . 0.653   110  0.956  0.966 |  31  27  15  13 . 0.533  0.956  0.983
 15750  0.986 |  12   1  0.680 |    9   1  0.644 |  17  16  15  11 . 0.661   108  0.966  0.968 |  32  29  15  13 . 0.547  0.963  0.984
 16000  0.990 |   8   1  0.709 |    5   1  0.650 |  19  19  15  11 . 0.678   109  0.948  0.980 |  28  27  15  13 . 0.570  0.970  0.983
 16250  0.992 |  17   1  0.811 |   15   1  0.759 |  15  15  15  13 . 0.742   103  0.983  0.980 |  28  27  16  16 . 0.646  0.984  0.990
 16500  0.994 |  12   1  0.921 |   10   1  0.917 |  15  15  15  15 y 0.871   105  0.978  0.979 |  23  23  16  16 . 0.838  0.990  0.998
 16750  0.995 |   8   1  1.000 |    6   1  1.000 |  15  15  15  15 y 0.957   104  0.980  0.981 |  16  16  16  16 y 0.955  0.997  0.998
 17000  0.997 |   5   1  1.000 |    5   1  1.000 |  15  15  15  15 y 0.984   104  0.975  0.977 |  16  16  16  16 y 0.984  0.998  0.999
 17250  0.998 |   4   1  1.000 |    4   1  1.000 |  15  15  15  15 y 0.994   105  0.974  0.977 |  16  16  16  16 y 0.994  0.999  0.999
 17500  0.998 |   3   1  1.000 |    3   1  1.000 |  15  15  15  15 y 0.998   107  0.981  0.981 |  16  16  16  16 y 0.998  1.000  1.000
 17750  0.999 |   3   1  1.000 |    3   1  1.000 |  14  14  14  14 y 0.999   104  0.982  0.982 |  16  16  16  16 y 0.999  1.000  1.000
 18000  0.999 |   3   1  1.000 |    3   1  1.000 |  14  14  14  14 y 0.999   105  0.983  0.983 |  16  16  16  16 y 0.999  1.000  1.000
 18250  1.000 |   3   1  1.000 |    3   1  1.000 |  14  14  14  14 y 0.999   105  0.984  0.984 |  16  16  16  16 y 0.999  1.000  1.000
 18500  1.000 |   3   1  1.000 |    3   1  1.000 |  14  14  14  14 y 0.999   105  0.989  0.989 |  16  16  16  16 y 0.999  1.000  1.000
 18750  1.000 |   3   1  1.000 |    3   1  1.000 |  14  14  14  14 y 0.999   105  0.990  0.990 |  16  16  16  16 y 0.999  1.000  1.000
 19000  1.000 |   3   1  1.000 |    3   1  1.000 |  14  14  14  14 y 0.999   106  0.991  0.991 |  16  16  16  16 y 0.999  1.000  1.000
 19250  1.000 |   2   1  1.000 |    2   1  1.000 |  14  14  14  14 y 1.000   106  0.991  0.991 |  15  15  15  14 . 1.000  1.000  0.998
 19500  1.000 |   2   1  1.000 |    2   1  1.000 |  14  14  14  14 y 1.000   107  0.992  0.992 |  15  15  15  15 y 1.000  1.000  1.000
 19750  1.000 |   2   1  1.000 |    2   1  1.000 |  14  14  14  14 y 1.000   107  0.993  0.993 |  15  15  15  14 . 1.000  1.000  0.998
 20000  1.000 |   2   1  1.000 |    2   1  1.000 |  14  14  14  14 y 1.000   107  0.994  0.994 |  14  14  14  14 y 1.000  0.997  0.997
 20250  1.000 |   2   1  1.000 |    2   1  1.000 |  14  14  14  14 y 1.000   108  0.996  0.996 |  14  14  14  14 y 1.000  0.997  0.997
 20500  1.000 |   2   1  1.000 |    2   1  1.000 |  14  14  14  14 y 1.000   109  0.997  0.997 |  14  14  14  14 y 1.000  0.997  0.997
 20750  1.000 |   2   1  1.000 |    2   1  1.000 |  14  14  14  14 y 1.000   109  0.998  0.998 |  14  14  14  14 y 1.000  0.998  0.998
 21000  1.000 |   2   1  1.000 |    2   1  1.000 |  14  14  14  14 y 1.000   110  0.997  0.997 |  14  14  14  14 y 1.000  0.998  0.998
 21250  1.000 |   2   1  1.000 |    2   1  1.000 |  14  14  14  14 y 1.000   110  0.998  0.998 |  14  14  14  14 y 1.000  0.998  0.998
 21500  1.000 |   2   1  1.000 |    2   1  1.000 |  13  13  13  13 y 1.000   103  0.992  0.992 |  14  14  14  14 y 1.000  0.999  0.999
 21750  1.000 |   3   1  1.000 |    3   1  1.000 |  14  14  14  14 y 1.000   109  0.998  0.998 |  14  14  14  14 y 1.000  0.999  0.999
 22000  1.000 |   2   1  1.000 |    2   1  1.000 |  13  13  13  13 y 1.000   101  0.995  0.995 |  15  15  15  15 y 1.000  1.000  1.000
 22250  1.000 |   2   1  1.000 |    2   1  1.000 |  13  13  13  13 y 1.000   100  0.996  0.996 |  14  14  14  14 y 1.000  0.998  0.998
 22500  1.000 |   2   1  1.000 |    2   1  1.000 |  13  13  13  13 y 1.000   100  0.997  0.997 |  14  14  14  14 y 1.000  0.998  0.998
 22750  1.000 |   2   1  1.000 |    2   1  1.000 |  13  13  13  13 y 1.000   100  0.998  0.998 |  14  14  14  14 y 1.000  0.999  0.999
 23000  1.000 |   2   1  1.000 |    2   1  1.000 |  14  14  14  14 y 1.000   105  1.000  1.000 |  14  14  14  14 y 1.000  0.999  0.999
 23250  1.000 |   2   1  1.000 |    2   1  1.000 |  13  13  13  13 y 1.000    98  0.997  0.997 |  14  14  14  14 y 1.000  0.999  0.999
 23500  1.000 |   2   1  1.000 |    2   1  1.000 |  13  13  13  13 y 1.000    98  0.997  0.997 |  14  14  14  14 y 1.000  0.999  0.999
 23750  1.000 |   2   1  1.000 |    2   1  1.000 |  13  13  13  13 y 1.000    98  0.998  0.998 |  14  14  14  14 y 1.000  0.999  0.999
 24000  1.000 |   2   1  1.000 |    2   1  1.000 |  13  13  13  13 y 1.000    98  0.998  0.998 |  14  14  14  14 y 1.000  0.999  0.999
 24250  1.000 |   2   1  1.000 |    2   1  1.000 |  12  12  12  12 y 1.000    92  0.991  0.991 |  14  14  14  14 y 1.000  0.999  0.999
 24500  1.000 |   2   1  1.000 |    2   1  1.000 |  12  12  12  12 y 1.000    92  0.992  0.992 |  13  13  13  13 y 1.000  0.996  0.996
 24750  1.000 |   2   1  1.000 |    2   1  1.000 |  12  12  12  12 y 1.000    92  0.992  0.992 |  13  13  13  13 y 1.000  0.996  0.996
 25000  1.000 |   2   1  1.000 |    2   1  1.000 |  12  12  12  12 y 1.000    92  0.993  0.993 |  13  13  13  13 y 1.000  0.997  0.997
 25250  1.000 |   1   1  1.000 |    1   1  1.000 |  12  12  12  12 y 1.000    91  0.990  0.990 |  14  14  14  14 y 1.000  1.000  1.000
 25500  1.000 |   1   1  1.000 |    1   1  1.000 |  12  12  12  12 y 1.000    91  0.990  0.990 |  14  14  14  14 y 1.000  1.000  1.000
 25750  1.000 |   1   1  1.000 |    1   1  1.000 |  12  12  12  12 y 1.000    91  0.990  0.990 |  14  14  14  14 y 1.000  1.000  1.000
 26000  1.000 |   1   1  1.000 |    1   1  1.000 |  12  12  12  12 y 1.000    91  0.991  0.991 |  14  14  14  14 y 1.000  1.000  1.000
 26250  1.000 |   1   1  1.000 |    1   1  1.000 |  12  12  12  12 y 1.000    91  0.991  0.991 |  14  14  14  14 y 1.000  1.000  1.000
 26500  1.000 |   1   1  1.000 |    1   1  1.000 |  12  12  12  12 y 1.000    91  0.990  0.990 |  14  14  14  14 y 1.000  1.000  1.000
 26750  1.000 |   1   1  1.000 |    1   1  1.000 |  13  13  13  13 y 1.000    97  0.999  0.999 |  14  14  14  14 y 1.000  1.000  1.000
 27000  1.000 |   1   1  1.000 |    1   1  1.000 |  13  13  13  13 y 1.000    97  0.999  0.999 |  13  13  13  13 y 1.000  0.997  0.997
 27250  1.000 |   1   1  1.000 |    1   1  1.000 |  13  13  13  13 y 1.000    97  0.999  0.999 |  13  13  13  13 y 1.000  0.997  0.997
 27500  1.000 |   1   1  1.000 |    1   1  1.000 |  13  13  13  13 y 1.000    98  1.000  1.000 |  13  13  13  13 y 1.000  0.998  0.998
 27750  1.000 |   1   1  1.000 |    1   1  1.000 |  13  13  13  13 y 1.000    98  1.000  1.000 |  13  13  13  13 y 1.000  0.998  0.998
 28000  1.000 |   1   1  1.000 |    1   1  1.000 |  13  13  13  13 y 1.000    98  1.000  1.000 |  13  13  13  13 y 1.000  0.998  0.998
 28250  1.000 |   1   1  1.000 |    1   1  1.000 |  13  13  13  13 y 1.000    98  0.999  0.999 |  13  13  13  13 y 1.000  0.998  0.998
 28500  1.000 |   1   1  1.000 |    1   1  1.000 |  13  13  13  13 y 1.000    98  0.999  0.999 |  13  13  13  13 y 1.000  0.998  0.998
 28750  1.000 |   1   1  1.000 |    1   1  1.000 |  13  13  13  13 y 1.000    98  0.999  0.999 |  13  13  13  13 y 1.000  0.998  0.998
 29000  1.000 |   1   1  1.000 |    1   1  1.000 |  13  13  13  13 y 1.000    98  0.999  0.999 |  13  13  13  13 y 1.000  0.998  0.998
 29250  1.000 |   1   1  1.000 |    1   1  1.000 |  13  13  13  13 y 1.000    99  1.000  1.000 |  13  13  13  13 y 1.000  0.998  0.998
 29500  1.000 |   1   1  1.000 |    1   1  1.000 |  13  13  13  13 y 1.000   100  1.000  1.000 |  13  13  13  13 y 1.000  0.998  0.998
 29750  1.000 |   1   1  1.000 |    1   1  1.000 |  13  13  13  13 y 1.000   100  1.000  1.000 |  13  13  13  13 y 1.000  0.998  0.998
 30000  1.000 |   1   1  1.000 |    1   1  1.000 |  13  13  13  13 y 1.000   100  1.000  1.000 |  13  13  13  13 y 1.000  0.998  0.998
 30250  1.000 |   1   1  1.000 |    1   1  1.000 |  13  13  13  13 y 1.000   100  1.000  1.000 |  13  13  13  13 y 1.000  0.998  0.998
 30500  1.000 |   1   1  1.000 |    1   1  1.000 |  13  13  13  13 y 1.000   100  1.000  1.000 |  13  13  13  13 y 1.000  0.998  0.998
 30750  1.000 |   1   1  1.000 |    1   1  1.000 |  13  13  13  13 y 1.000   100  1.000  1.000 |  13  13  13  13 y 1.000  0.998  0.998
 31000  1.000 |   1   1  1.000 |    1   1  1.000 |  13  13  13  13 y 1.000   100  1.000  1.000 |  13  13  13  13 y 1.000  0.998  0.998
 31250  1.000 |   1   1  1.000 |    1   1  1.000 |  12  12  12  12 y 1.000    95  0.995  0.995 |  13  13  13  13 y 1.000  0.998  0.998
 31500  1.000 |   1   1  1.000 |    1   1  1.000 |  12  12  12  12 y 1.000    96  0.995  0.995 |  13  13  13  13 y 1.000  0.998  0.998
 31750  1.000 |   1   1  1.000 |    1   1  1.000 |  12  12  12  12 y 1.000    96  0.995  0.995 |  13  13  13  13 y 1.000  0.998  0.998
 32000  1.000 |   1   1  1.000 |    1   1  1.000 |  12  12  12  12 y 1.000    96  0.995  0.995 |  13  13  13  13 y 1.000  0.998  0.998
 32250  1.000 |   1   1  1.000 |    1   1  1.000 |  12  12  12  12 y 1.000    96  0.995  0.995 |  13  13  13  13 y 1.000  0.998  0.998
 32500  1.000 |   1   1  1.000 |    1   1  1.000 |  12  12  12  12 y 1.000    96  0.995  0.995 |  13  13  13  13 y 1.000  0.999  0.999
 32750  1.000 |   1   1  1.000 |    1   1  1.000 |  12  12  12  12 y 1.000    96  0.995  0.995 |  13  13  13  13 y 1.000  0.999  0.999
 33000  1.000 |   1   1  1.000 |    1   1  1.000 |  12  12  12  12 y 1.000    96  0.995  0.995 |  13  13  13  13 y 1.000  0.999  0.999
 33250  1.000 |   1   1  1.000 |    1   1  1.000 |  12  12  12  12 y 1.000    96  0.995  0.995 |  13  13  13  13 y 1.000  0.999  0.999
 33500  1.000 |   1   1  1.000 |    1   1  1.000 |  12  12  12  12 y 1.000    96  0.995  0.995 |  13  13  13  13 y 1.000  0.999  0.999
 33750  1.000 |   1   1  1.000 |    1   1  1.000 |  12  12  12  12 y 1.000    96  0.995  0.995 |  13  13  13  13 y 1.000  0.999  0.999
 34000  1.000 |   1   1  1.000 |    1   1  1.000 |  12  12  12  12 y 1.000    96  0.995  0.995 |  13  13  13  13 y 1.000  0.999  0.999
 34250  1.000 |   1   1  1.000 |    1   1  1.000 |  12  12  12  12 y 1.000    96  0.995  0.995 |  13  13  13  13 y 1.000  0.999  0.999
 34500  1.000 |   1   1  1.000 |    1   1  1.000 |  12  12  12  12 y 1.000    96  0.995  0.995 |  13  13  13  13 y 1.000  0.999  0.999
 34750  1.000 |   1   1  1.000 |    1   1  1.000 |  12  12  12  12 y 1.000    96  0.995  0.995 |  13  13  13  13 y 1.000  0.999  0.999
 35000  1.000 |   1   1  1.000 |    1   1  1.000 |  12  12  12  12 y 1.000    95  0.993  0.993 |  13  13  13  13 y 1.000  0.999  0.999
 35250  1.000 |   1   1  1.000 |    1   1  1.000 |  12  12  12  12 y 1.000    95  0.993  0.993 |  13  13  13  13 y 1.000  0.999  0.999
 35500  1.000 |   1   1  1.000 |    1   1  1.000 |  12  12  12  12 y 1.000    96  0.995  0.995 |  13  13  13  13 y 1.000  0.999  0.999
 35750  1.000 |   1   1  1.000 |    1   1  1.000 |  12  12  12  12 y 1.000    96  0.995  0.995 |  13  13  13  13 y 1.000  0.999  0.999
 36000  1.000 |   1   1  1.000 |    1   1  1.000 |  12  12  12  12 y 1.000    96  0.995  0.995 |  13  13  13  13 y 1.000  0.999  0.999
 36250  1.000 |   1   1  1.000 |    1   1  1.000 |  12  12  12  12 y 1.000    96  0.995  0.995 |  13  13  13  13 y 1.000  0.999  0.999
 36500  1.000 |   1   1  1.000 |    1   1  1.000 |  12  12  12  12 y 1.000    97  0.995  0.995 |  13  13  13  13 y 1.000  0.999  0.999
 36750  1.000 |   1   1  1.000 |    1   1  1.000 |  12  12  12  12 y 1.000    97  0.996  0.996 |  13  13  13  13 y 1.000  0.999  0.999
 37000  1.000 |   1   1  1.000 |    1   1  1.000 |  12  12  12  12 y 1.000    97  0.995  0.995 |  13  13  13  13 y 1.000  0.999  0.999
 37250  1.000 |   1   1  1.000 |    1   1  1.000 |  13  13  13  13 y 1.000   102  0.998  0.998 |  13  13  13  13 y 1.000  0.999  0.999
 37500  1.000 |   1   1  1.000 |    1   1  1.000 |  13  13  13  13 y 1.000   102  0.998  0.998 |  13  13  13  13 y 1.000  0.999  0.999
 37750  1.000 |   1   1  1.000 |    1   1  1.000 |  13  13  13  13 y 1.000   102  0.998  0.998 |  13  13  13  13 y 1.000  0.999  0.999
 38000  1.000 |   1   1  1.000 |    1   1  1.000 |  13  13  13  13 y 1.000   102  0.998  0.998 |  13  13  13  13 y 1.000  0.999  0.999
 38250  1.000 |   1   1  1.000 |    1   1  1.000 |  13  13  13  13 y 1.000   102  0.998  0.998 |  13  13  13  13 y 1.000  0.999  0.999
 38500  1.000 |   1   1  1.000 |    1   1  1.000 |  13  13  13  13 y 1.000   102  0.998  0.998 |  13  13  13  13 y 1.000  0.999  0.999
 38750  1.000 |   1   1  1.000 |    1   1  1.000 |  13  13  13  13 y 1.000   102  0.998  0.998 |  13  13  13  13 y 1.000  0.999  0.999
 39000  1.000 |   1   1  1.000 |    1   1  1.000 |  13  13  13  13 y 1.000   102  0.998  0.998 |  13  13  13  13 y 1.000  0.999  0.999
 39250  1.000 |   1   1  1.000 |    1   1  1.000 |  13  13  13  13 y 1.000   102  0.998  0.998 |  13  13  13  13 y 1.000  0.999  0.999
 39500  1.000 |   1   1  1.000 |    1   1  1.000 |  13  13  13  13 y 1.000   102  0.998  0.998 |  13  13  13  13 y 1.000  0.999  0.999
 39750  1.000 |   1   1  1.000 |    1   1  1.000 |  13  13  13  13 y 1.000   102  0.998  0.998 |  13  13  13  13 y 1.000  0.999  0.999
 39999  1.000 |   1   1  1.000 |    1   1  1.000 |  13  13  13  13 y 1.000   101  0.997  0.997 |  13  13  13  13 y 1.000  0.999  0.999

## Per-snapshot WALK table, rule m3 (true-label run). k = # recovered candidates kept; B/C: rec k | #matched k | m1 k | #common | = ; ov = mean DFT overlap of the kept candidates
 epoch net_te |  kA  m1  heldA | kALS  m1   hALS |  kB  #m  m1 cmn =    ov units  heldB     m1 |  kC  #m  m1 cmn =    ov  heldC     m1
    -1  0.011 |   3   0  0.011 |    1   0  0.010 |   0   0   0   0 y   nan     0  0.010  0.010 |   0   0   0   0 y   nan  0.010  0.010
     0  0.010 |   2   0  0.012 |    2   0  0.010 |   0   0   0   0 y   nan     0  0.010  0.010 |   0   0   0   0 y   nan  0.010  0.010
   250  0.000 |   0   1  0.010 |    0   1  0.010 |  24  19  25  11 . 0.064    85  0.001  0.002 |   1   1   7   0 . 0.072  0.008  0.017
   500  0.000 |   1   1  0.013 |    1   1  0.013 |  26  17  23   8 . 0.060    88  0.002  0.002 |   0   0  15   0 .   nan  0.010  0.014
   750  0.000 |   0   1  0.010 |    0   1  0.010 |  26  22  25  13 . 0.055    87  0.002  0.003 |   0   0  15   0 .   nan  0.010  0.013
  1000  0.000 |   0   1  0.010 |    0   1  0.010 |  23  15  27  10 . 0.068    84  0.002  0.002 |   0   0  10   0 .   nan  0.010  0.022
  1250  0.000 |   0   1  0.010 |    1   1  0.014 |  30  22  28  14 . 0.061   100  0.003  0.003 |   0   0  39   0 .   nan  0.010  0.003
  1500  0.000 |   0   1  0.010 |    0   1  0.010 |  32  23  22  13 . 0.063   110  0.002  0.005 |   0   0  15   0 .   nan  0.010  0.024
  1750  0.001 |   0   1  0.010 |    0   1  0.010 |  31  21  42  18 . 0.059   102  0.003  0.001 |   0   0  10   0 .   nan  0.010  0.033
  2000  0.001 |   0   1  0.010 |    0   1  0.010 |  37  23  41  19 . 0.063   119  0.002  0.001 |   0   0  28   0 .   nan  0.010  0.010
  2250  0.002 |   1   1  0.012 |    1   1  0.012 |  32  25  34  17 . 0.064   111  0.002  0.004 |   0   0  41   0 .   nan  0.010  0.004
  2500  0.002 |   0   1  0.010 |    0   1  0.010 |  28  18  35  10 . 0.063   104  0.005  0.004 |   0   0  45   0 .   nan  0.010  0.002
  2750  0.002 |   1   1  0.013 |    1   1  0.013 |  32  20  38  15 . 0.063   112  0.003  0.004 |   0   0  11   0 .   nan  0.010  0.055
  3000  0.003 |   0   1  0.010 |    0   1  0.010 |  29  23  35  15 . 0.064   103  0.007  0.004 |   0   0  44   0 .   nan  0.010  0.007
  3250  0.004 |   1   1  0.012 |    0   1  0.010 |  18  12  35   8 . 0.062    72  0.009  0.007 |   1   1  44   1 . 0.074  0.010  0.007
  3500  0.004 |   1   1  0.012 |    1   1  0.012 |  23  16  36  12 . 0.066    86  0.013  0.007 |   0   0  43   0 .   nan  0.010  0.007
  3750  0.006 |   0   1  0.010 |    0   1  0.010 |  31  22  37  16 . 0.063   107  0.008  0.008 |   0   0  44   0 .   nan  0.010  0.008
  4000  0.007 |   1   1  0.012 |    1   1  0.012 |  30  22  34  16 . 0.064   105  0.013  0.013 |   1   1  43   0 . 0.088  0.009  0.012
  4250  0.010 |   1   1  0.014 |    1   1  0.014 |  29  17  35  11 . 0.067   116  0.013  0.013 |   0   0  42   0 .   nan  0.010  0.014
  4500  0.013 |   0   1  0.010 |    0   1  0.010 |  27  22  33  13 . 0.069    96  0.022  0.017 |   0   0  42   0 .   nan  0.010  0.017
  4750  0.016 |   1   1  0.017 |    1   1  0.017 |  31  27  32  18 . 0.070   112  0.018  0.020 |   0   0  42   0 .   nan  0.010  0.023
  5000  0.019 |   1   1  0.013 |    1   1  0.013 |  33  23  29  14 . 0.070   115  0.024  0.028 |   0   0  42   0 .   nan  0.010  0.027
  5250  0.021 |   1   1  0.015 |    1   1  0.015 |  30  21  32  16 . 0.079   108  0.029  0.028 |   1   1  41   1 . 0.137  0.011  0.033
  5500  0.027 |   1   1  0.011 |    1   1  0.011 |  29  21  29  15 . 0.076   112  0.031  0.037 |   1   1  40   1 . 0.109  0.012  0.040
  5750  0.032 |   1   1  0.011 |    1   1  0.011 |  32  23  29  17 . 0.068   117  0.037  0.039 |   1   1  40   1 . 0.073  0.009  0.046
  6000  0.038 |   1   1  0.011 |    1   1  0.011 |  27  19  30  13 . 0.064    97  0.023  0.043 |   1   1  40   1 . 0.056  0.009  0.054
  6250  0.043 |   1   1  0.012 |    1   1  0.012 |  32  23  28  11 . 0.062   120  0.050  0.052 |   1   1  39   1 . 0.080  0.010  0.065
  6500  0.051 |   1   1  0.013 |    2   1  0.017 |  33  21  29  11 . 0.064   113  0.029  0.056 |   1   1  39   1 . 0.080  0.010  0.075
  6750  0.060 |   1   1  0.020 |    1   1  0.020 |  33  20  27  13 . 0.063   122  0.059  0.071 |   0   0  38   0 .   nan  0.013  0.090
  7000  0.067 |   0   1  0.010 |    0   1  0.010 |  29  22  27  14 . 0.060   109  0.064  0.083 |   0   0  38   0 .   nan  0.010  0.095
  7250  0.077 |   0   1  0.010 |    0   1  0.010 |  29  24  27  14 . 0.065   118  0.077  0.093 |   0   0  37   0 .   nan  0.010  0.111
  7500  0.089 |   1   1  0.013 |    1   1  0.013 |  25  15  26   8 . 0.065   107  0.094  0.101 |   0   0  35   0 .   nan  0.010  0.142
  7750  0.103 |   0   1  0.010 |    0   1  0.010 |  27  22  25  11 . 0.064   108  0.113  0.111 |   1   1  34   1 . 0.052  0.009  0.166
  8000  0.122 |   1   1  0.010 |    1   1  0.010 |  33  21  24  10 . 0.061   117  0.119  0.128 |   0   0  35   0 .   nan  0.011  0.178
  8250  0.138 |   0   1  0.010 |    0   1  0.010 |  28  20  23   8 . 0.069   116  0.122  0.151 |   1   1  33   1 . 0.057  0.010  0.209
  8500  0.157 |   0   1  0.010 |    0   1  0.010 |  26  19  22   8 . 0.072   103  0.153  0.172 |   0   0  32   0 .   nan  0.010  0.237
  8750  0.183 |   1   1  0.010 |    1   1  0.010 |  34  20  21   9 . 0.071   103  0.124  0.193 |   0   0  28   0 .   nan  0.011  0.305
  9000  0.211 |   1   1  0.010 |    1   1  0.010 |  32  22  22  13 . 0.076   111  0.183  0.225 |   1   1  28   1 . 0.086  0.010  0.346
  9250  0.242 |   1   1  0.012 |    1   1  0.012 |  30  21  21   9 . 0.074   102  0.200  0.250 |   2   2  25   0 . 0.051  0.008  0.419
  9500  0.274 |   0   1  0.010 |    0   1  0.010 |  30  22  21  11 . 0.074   107  0.171  0.266 |   1   1  25   1 . 0.068  0.011  0.461
  9750  0.314 |   0   1  0.010 |    0   1  0.010 |  29  16  18   8 . 0.072   109  0.280  0.294 |   0   0  23   0 .   nan  0.010  0.512
 10000  0.352 |   0   1  0.010 |    0   1  0.010 |  30  22  19  11 . 0.075   105  0.299  0.340 |   0   0  21   0 .   nan  0.010  0.570
 10250  0.396 |   0   1  0.010 |    0   1  0.010 |  23  20  18   9 . 0.079    80  0.150  0.395 |   1   1  20   1 . 0.117  0.011  0.606
 10500  0.450 |   3   1  0.023 |    1   1  0.016 |  29  21  17  12 . 0.091   107  0.411  0.434 |   0   0  20   0 .   nan  0.011  0.657
 10750  0.504 |   2   1  0.027 |    2   1  0.026 |  29  17  16   7 . 0.098   111  0.471  0.475 |   0   0  15   0 .   nan  0.011  0.734
 11000  0.564 |   4   1  0.038 |    2   1  0.028 |  28  22  16  11 . 0.115   111  0.425  0.526 |   0   0  16   0 .   nan  0.011  0.766
 11250  0.630 |   5   1  0.046 |    4   1  0.037 |  25  23  16  13 . 0.157   103  0.509  0.590 |   7   7  15   2 . 0.183  0.015  0.805
 11500  0.693 |  12   1  0.138 |    9   1  0.102 |  23  19  16  13 . 0.212   104  0.589  0.653 |   9   7  13   5 . 0.186  0.025  0.833
 11750  0.752 |   6   1  0.143 |    9   1  0.126 |  20  18  15  11 . 0.216    89  0.498  0.682 |   2   2  13   2 . 0.364  0.017  0.862
 12000  0.800 |  11   1  0.191 |    7   1  0.129 |  16  15  13  11 . 0.299    84  0.644  0.707 |  47  36  12  12 . 0.225  0.683  0.879
 12250  0.841 |  13   1  0.254 |    8   1  0.181 |  13  13  13  11 . 0.372    88  0.760  0.757 |  45  34  14  13 . 0.268  0.692  0.915
 12500  0.874 |  13   1  0.278 |   11   1  0.238 |  13  13  13   9 . 0.359    85  0.753  0.784 |  47  38  12  10 . 0.282  0.818  0.912
 12750  0.897 |   7   1  0.300 |   12   1  0.282 |  14  14  12  11 . 0.347    89  0.822  0.795 |  44  36  12   9 . 0.295  0.765  0.922
 13000  0.914 |  13   1  0.331 |   14   1  0.331 |  14  14  12   9 . 0.340    88  0.787  0.820 |  44  37  12  10 . 0.290  0.814  0.930
 13250  0.932 |  17   1  0.378 |   12   1  0.300 |  14  14  12   9 . 0.338    88  0.869  0.839 |  40  33  12  10 . 0.301  0.757  0.935
 13500  0.944 |   9   1  0.394 |   12   1  0.373 |  15  15  12  10 . 0.373    97  0.879  0.871 |  38  33  13  12 . 0.330  0.822  0.954
 13750  0.954 |   8   1  0.456 |   11   1  0.444 |  14  14  12   8 . 0.399    93  0.864  0.894 |  37  31  12   8 . 0.353  0.854  0.949
 14000  0.961 |   5   1  0.476 |    9   1  0.468 |  12  12  12   9 . 0.481    88  0.870  0.915 |  36  31  12  10 . 0.370  0.861  0.955
 14250  0.966 |   8   1  0.493 |    5   1  0.479 |  13  13  12   9 . 0.541    91  0.909  0.925 |  34  28  12  10 . 0.407  0.916  0.958
 14500  0.971 |   7   1  0.521 |    5   1  0.493 |  12  12  12   9 . 0.611    83  0.894  0.928 |  30  25  12  11 . 0.437  0.933  0.960
 14750  0.975 |   5   1  0.540 |    7   1  0.545 |  12  12  12  10 . 0.650    85  0.898  0.928 |  29  26  13  13 . 0.465  0.957  0.977
 15000  0.978 |   7   1  0.600 |    6   1  0.547 |  12  12  12  10 . 0.667    87  0.902  0.934 |  25  24  13  12 . 0.483  0.920  0.952
 15250  0.982 |   5   1  0.643 |    5   1  0.640 |  12  12  12   9 . 0.676    88  0.906  0.932 |  27  23  12  10 . 0.499  0.971  0.942
 15500  0.985 |   5   1  0.642 |    6   1  0.644 |  12  12  12   9 . 0.679    88  0.894  0.939 |  25  21  12  10 . 0.502  0.948  0.968
 15750  0.986 |   6   1  0.644 |    6   1  0.642 |  13  12  12   9 . 0.658    89  0.893  0.938 |  25  22  13  11 . 0.534  0.940  0.980
 16000  0.990 |   8   1  0.714 |    5   1  0.626 |  13  13  13  11 . 0.689    96  0.927  0.956 |  23  22  13  12 . 0.571  0.940  0.980
 16250  0.992 |  10   1  0.800 |    7   1  0.733 |  13  13  13  12 . 0.748    95  0.938  0.954 |  22  22  13  13 . 0.665  0.952  0.979
 16500  0.994 |   9   1  0.907 |    6   1  0.900 |  14  14  13  13 . 0.865   100  0.970  0.948 |  17  17  13  13 . 0.851  0.969  0.977
 16750  0.995 |   5   1  1.000 |    6   1  1.000 |  14  14  14  14 y 0.956    99  0.971  0.970 |  15  15  14  14 . 0.957  0.987  0.986
 17000  0.997 |   5   1  1.000 |    5   1  1.000 |  14  14  14  13 . 0.984    99  0.969  0.961 |  14  14  14  13 . 0.984  0.984  0.992
 17250  0.998 |   4   1  1.000 |    4   1  1.000 |  14  14  14  14 y 0.994   100  0.959  0.962 |  14  14  14  13 . 0.994  0.986  0.993
 17500  0.998 |   3   1  1.000 |    3   1  1.000 |  14  14  14  14 y 0.998   102  0.967  0.967 |  14  14  14  14 y 0.998  0.988  0.987
 17750  0.999 |   3   1  1.000 |    3   1  1.000 |  13  13  13  13 y 0.999    98  0.958  0.958 |  14  14  14  14 y 0.999  0.990  0.991
 18000  0.999 |   3   1  1.000 |    3   1  1.000 |  13  13  13  13 y 0.999    99  0.961  0.961 |  14  14  14  13 . 0.999  0.989  0.995
 18250  1.000 |   3   1  1.000 |    3   1  1.000 |  13  13  13  13 y 0.999    99  0.962  0.962 |  14  14  14  14 y 0.999  0.988  0.988
 18500  1.000 |   3   1  1.000 |    3   1  1.000 |  13  13  13  13 y 0.999    99  0.965  0.965 |  14  14  14  14 y 0.999  0.995  0.995
 18750  1.000 |   3   1  1.000 |    3   1  1.000 |  13  13  13  13 y 0.999    99  0.967  0.967 |  13  13  13  13 y 0.999  0.986  0.986
 19000  1.000 |   2   1  0.998 |    2   1  0.998 |  13  13  13  13 y 0.999   100  0.967  0.967 |  13  13  13  13 y 0.999  0.973  0.973
 19250  1.000 |   2   1  1.000 |    2   1  1.000 |  13  13  13  13 y 1.000   100  0.968  0.968 |  13  13  13  13 y 1.000  0.987  0.987
 19500  1.000 |   2   1  1.000 |    2   1  1.000 |  13  13  13  13 y 1.000   101  0.974  0.974 |  13  13  13  13 y 1.000  0.988  0.988
 19750  1.000 |   2   1  1.000 |    2   1  1.000 |  13  13  13  13 y 1.000   101  0.976  0.976 |  13  13  13  13 y 1.000  0.989  0.988
 20000  1.000 |   2   1  1.000 |    2   1  1.000 |  13  13  13  13 y 1.000   101  0.977  0.977 |  13  13  13  13 y 1.000  0.990  0.989
 20250  1.000 |   2   1  1.000 |    2   1  1.000 |  13  13  13  13 y 1.000   102  0.980  0.980 |  13  13  13  13 y 1.000  0.990  0.990
 20500  1.000 |   2   1  1.000 |    2   1  1.000 |  13  13  13  13 y 1.000   103  0.982  0.982 |  13  13  13  13 y 1.000  0.991  0.991
 20750  1.000 |   2   1  1.000 |    2   1  1.000 |  13  13  13  13 y 1.000   103  0.983  0.983 |  13  13  13  13 y 1.000  0.992  0.992
 21000  1.000 |   2   1  1.000 |    2   1  1.000 |  13  13  13  13 y 1.000   103  0.988  0.988 |  13  13  13  13 y 1.000  0.992  0.993
 21250  1.000 |   2   1  1.000 |    2   1  1.000 |  13  13  13  13 y 1.000   103  0.990  0.990 |  13  13  13  13 y 1.000  0.993  0.993
 21500  1.000 |   2   1  1.000 |    2   1  1.000 |  13  13  13  13 y 1.000   103  0.992  0.992 |  13  13  13  13 y 1.000  0.993  0.992
 21750  1.000 |   3   1  1.000 |    3   1  1.000 |  13  13  13  13 y 1.000   101  0.994  0.994 |  13  13  13  13 y 1.000  0.984  0.984
 22000  1.000 |   2   1  1.000 |    2   1  1.000 |  13  13  13  13 y 1.000   101  0.995  0.995 |  13  13  13  13 y 1.000  0.985  0.984
 22250  1.000 |   2   1  1.000 |    2   1  1.000 |  13  13  13  13 y 1.000   100  0.996  0.996 |  13  13  13  13 y 1.000  0.986  0.986
 22500  1.000 |   2   1  1.000 |    2   1  1.000 |  13  13  13  13 y 1.000   100  0.997  0.997 |  13  13  13  13 y 1.000  0.987  0.987
 22750  1.000 |   2   1  1.000 |    2   1  1.000 |  12  12  12  12 y 1.000    94  0.989  0.989 |  13  13  13  13 y 1.000  0.988  0.988
 23000  1.000 |   2   1  1.000 |    2   1  1.000 |  12  12  12  12 y 1.000    92  0.981  0.981 |  13  13  13  13 y 1.000  0.992  0.992
 23250  1.000 |   2   1  1.000 |    2   1  1.000 |  12  12  12  12 y 1.000    92  0.979  0.979 |  13  13  13  13 y 1.000  0.993  0.993
 23500  1.000 |   2   1  1.000 |    2   1  1.000 |  12  12  12  12 y 1.000    92  0.981  0.981 |  13  13  13  13 y 1.000  0.994  0.994
 23750  1.000 |   2   1  1.000 |    2   1  1.000 |  12  12  12  12 y 1.000    92  0.983  0.983 |  13  13  13  13 y 1.000  0.995  0.995
 24000  1.000 |   2   1  1.000 |    2   1  1.000 |  12  12  12  12 y 1.000    92  0.990  0.990 |  13  13  13  13 y 1.000  0.995  0.995
 24250  1.000 |   2   1  1.000 |    2   1  1.000 |  12  12  12  12 y 1.000    92  0.991  0.991 |  12  12  12  12 y 1.000  0.987  0.987
 24500  1.000 |   2   1  1.000 |    2   1  1.000 |  12  12  12  12 y 1.000    92  0.992  0.992 |  12  12  12  12 y 1.000  0.988  0.987
 24750  1.000 |   2   1  1.000 |    2   1  1.000 |  12  12  12  12 y 1.000    92  0.992  0.992 |  12  12  12  12 y 1.000  0.988  0.988
 25000  1.000 |   2   1  1.000 |    2   1  1.000 |  12  12  12  12 y 1.000    92  0.993  0.993 |  12  12  12  12 y 1.000  0.988  0.988
 25250  1.000 |   1   1  1.000 |    1   1  1.000 |  11  11  11  11 y 1.000    84  0.968  0.968 |  12  12  12  12 y 1.000  0.988  0.988
 25500  1.000 |   1   1  1.000 |    1   1  1.000 |  11  11  11  11 y 1.000    84  0.968  0.968 |  12  12  12  12 y 1.000  0.988  0.988
 25750  1.000 |   1   1  1.000 |    1   1  1.000 |  11  11  11  11 y 1.000    84  0.970  0.970 |  12  12  12  12 y 1.000  0.989  0.988
 26000  1.000 |   1   1  1.000 |    1   1  1.000 |  11  11  11  11 y 1.000    84  0.970  0.970 |  12  12  12  12 y 1.000  0.989  0.989
 26250  1.000 |   1   1  1.000 |    1   1  1.000 |  11  11  11  11 y 1.000    84  0.970  0.970 |  12  12  12  12 y 1.000  0.988  0.988
 26500  1.000 |   1   1  1.000 |    1   1  1.000 |  11  11  11  11 y 1.000    84  0.970  0.970 |  12  12  12  12 y 1.000  0.989  0.989
 26750  1.000 |   1   1  1.000 |    1   1  1.000 |  12  12  12  12 y 1.000    92  0.992  0.992 |  12  12  12  12 y 1.000  0.989  0.990
 27000  1.000 |   1   1  1.000 |    1   1  1.000 |  11  11  11  11 y 1.000    85  0.980  0.980 |  12  12  12  12 y 1.000  0.990  0.990
 27250  1.000 |   1   1  1.000 |    1   1  1.000 |  11  11  11  11 y 1.000    85  0.980  0.980 |  12  12  12  12 y 1.000  0.990  0.990
 27500  1.000 |   1   1  1.000 |    1   1  1.000 |  11  11  11  11 y 1.000    86  0.982  0.982 |  12  12  12  12 y 1.000  0.990  0.990
 27750  1.000 |   1   1  1.000 |    1   1  1.000 |  11  11  11  11 y 1.000    86  0.983  0.983 |  12  12  12  12 y 1.000  0.991  0.991
 28000  1.000 |   1   1  1.000 |    1   1  1.000 |  11  11  11  11 y 1.000    85  0.981  0.981 |  12  12  12  12 y 1.000  0.991  0.991
 28250  1.000 |   1   1  1.000 |    1   1  1.000 |  11  11  11  11 y 1.000    85  0.981  0.981 |  12  12  12  12 y 1.000  0.991  0.991
 28500  1.000 |   1   1  1.000 |    1   1  1.000 |  11  11  11  11 y 1.000    85  0.982  0.982 |  12  12  12  12 y 1.000  0.992  0.992
 28750  1.000 |   1   1  1.000 |    1   1  1.000 |  11  11  11  11 y 1.000    85  0.981  0.981 |  12  12  12  12 y 1.000  0.992  0.992
 29000  1.000 |   1   1  1.000 |    1   1  1.000 |  11  11  11  11 y 1.000    85  0.982  0.982 |  12  12  12  12 y 1.000  0.992  0.992
 29250  1.000 |   1   1  1.000 |    1   1  1.000 |  11  11  11  11 y 1.000    86  0.982  0.982 |  12  12  12  12 y 1.000  0.992  0.992
 29500  1.000 |   1   1  1.000 |    1   1  1.000 |  11  11  11  11 y 1.000    86  0.982  0.982 |  12  12  12  12 y 1.000  0.992  0.992
 29750  1.000 |   1   1  1.000 |    1   1  1.000 |  11  11  11  11 y 1.000    86  0.983  0.983 |  12  12  12  12 y 1.000  0.992  0.992
 30000  1.000 |   1   1  1.000 |    1   1  1.000 |  11  11  11  11 y 1.000    86  0.983  0.983 |  12  12  12  12 y 1.000  0.992  0.992
 30250  1.000 |   1   1  1.000 |    1   1  1.000 |  11  11  11  11 y 1.000    86  0.983  0.983 |  12  12  12  12 y 1.000  0.992  0.992
 30500  1.000 |   1   1  1.000 |    1   1  1.000 |  11  11  11  11 y 1.000    86  0.983  0.983 |  12  12  12  12 y 1.000  0.993  0.993
 30750  1.000 |   1   1  1.000 |    1   1  1.000 |  11  11  11  11 y 1.000    86  0.983  0.983 |  12  12  12  12 y 1.000  0.993  0.993
 31000  1.000 |   1   1  1.000 |    1   1  1.000 |  11  11  11  11 y 1.000    86  0.983  0.983 |  12  12  12  12 y 1.000  0.993  0.993
 31250  1.000 |   1   1  1.000 |    1   1  1.000 |  11  11  11  11 y 1.000    86  0.983  0.983 |  12  12  12  12 y 1.000  0.993  0.993
 31500  1.000 |   1   1  1.000 |    1   1  1.000 |  11  11  11  11 y 1.000    87  0.983  0.983 |  12  12  12  12 y 1.000  0.994  0.994
 31750  1.000 |   1   1  1.000 |    1   1  1.000 |  11  11  11  11 y 1.000    87  0.983  0.983 |  12  12  12  12 y 1.000  0.993  0.993
 32000  1.000 |   1   1  1.000 |    1   1  1.000 |  11  11  11  11 y 1.000    87  0.983  0.983 |  12  12  12  12 y 1.000  0.994  0.994
 32250  1.000 |   1   1  1.000 |    1   1  1.000 |  11  11  11  11 y 1.000    87  0.983  0.983 |  12  12  12  12 y 1.000  0.994  0.994
 32500  1.000 |   1   1  1.000 |    1   1  1.000 |  11  11  11  11 y 1.000    87  0.983  0.983 |  12  12  12  12 y 1.000  0.994  0.994
 32750  1.000 |   1   1  1.000 |    1   1  1.000 |  11  11  11  11 y 1.000    87  0.983  0.983 |  12  12  12  12 y 1.000  0.994  0.994
 33000  1.000 |   1   1  1.000 |    1   1  1.000 |  11  11  11  11 y 1.000    87  0.983  0.983 |  12  12  12  12 y 1.000  0.994  0.994
 33250  1.000 |   1   1  1.000 |    1   1  1.000 |  11  11  11  11 y 1.000    87  0.983  0.983 |  12  12  12  12 y 1.000  0.994  0.994
 33500  1.000 |   1   1  1.000 |    1   1  1.000 |  11  11  11  11 y 1.000    87  0.983  0.983 |  12  12  12  12 y 1.000  0.995  0.995
 33750  1.000 |   1   1  1.000 |    1   1  1.000 |  11  11  11  11 y 1.000    87  0.982  0.982 |  12  12  12  12 y 1.000  0.995  0.995
 34000  1.000 |   1   1  1.000 |    1   1  1.000 |  11  11  11  11 y 1.000    87  0.982  0.982 |  12  12  12  12 y 1.000  0.995  0.995
 34250  1.000 |   1   1  1.000 |    1   1  1.000 |  11  11  11  11 y 1.000    87  0.982  0.982 |  12  12  12  12 y 1.000  0.995  0.995
 34500  1.000 |   1   1  1.000 |    1   1  1.000 |  11  11  11  11 y 1.000    86  0.983  0.983 |  12  12  12  12 y 1.000  0.995  0.995
 34750  1.000 |   1   1  1.000 |    1   1  1.000 |  11  11  11  11 y 1.000    86  0.983  0.983 |  12  12  12  12 y 1.000  0.995  0.995
 35000  1.000 |   1   1  1.000 |    1   1  1.000 |  11  11  11  11 y 1.000    86  0.983  0.983 |  12  12  12  12 y 1.000  0.995  0.995
 35250  1.000 |   1   1  1.000 |    1   1  1.000 |  11  11  11  11 y 1.000    86  0.983  0.983 |  12  12  12  12 y 1.000  0.995  0.995
 35500  1.000 |   1   1  1.000 |    1   1  1.000 |  11  11  11  11 y 1.000    87  0.985  0.985 |  12  12  12  12 y 1.000  0.995  0.995
 35750  1.000 |   1   1  1.000 |    1   1  1.000 |  11  11  11  11 y 1.000    87  0.985  0.985 |  12  12  12  12 y 1.000  0.995  0.995
 36000  1.000 |   1   1  1.000 |    1   1  1.000 |  11  11  11  11 y 1.000    87  0.985  0.985 |  12  12  12  12 y 1.000  0.995  0.995
 36250  1.000 |   1   1  1.000 |    1   1  1.000 |  11  11  11  11 y 1.000    87  0.985  0.985 |  13  13  13  13 y 1.000  0.997  0.997
 36500  1.000 |   1   1  1.000 |    1   1  1.000 |  11  11  11  11 y 1.000    88  0.985  0.985 |  13  13  13  13 y 1.000  0.997  0.997
 36750  1.000 |   1   1  1.000 |    1   1  1.000 |  11  11  11  11 y 1.000    88  0.985  0.985 |  13  13  13  13 y 1.000  0.998  0.998
 37000  1.000 |   1   1  1.000 |    1   1  1.000 |  11  11  11  11 y 1.000    88  0.985  0.985 |  13  13  13  13 y 1.000  0.998  0.998
 37250  1.000 |   1   1  1.000 |    1   1  1.000 |  11  11  11  11 y 1.000    87  0.982  0.982 |  13  13  13  13 y 1.000  0.998  0.998
 37500  1.000 |   1   1  1.000 |    1   1  1.000 |  12  12  12  12 y 1.000    93  0.998  0.998 |  13  13  13  13 y 1.000  0.998  0.998
 37750  1.000 |   1   1  1.000 |    1   1  1.000 |  11  11  11  11 y 1.000    87  0.982  0.982 |  13  13  13  13 y 1.000  0.998  0.998
 38000  1.000 |   1   1  1.000 |    1   1  1.000 |  11  11  11  11 y 1.000    87  0.982  0.982 |  13  13  13  13 y 1.000  0.998  0.998
 38250  1.000 |   1   1  1.000 |    1   1  1.000 |  11  11  11  11 y 1.000    87  0.981  0.981 |  13  13  13  13 y 1.000  0.998  0.998
 38500  1.000 |   1   1  1.000 |    1   1  1.000 |  11  11  11  11 y 1.000    87  0.981  0.981 |  13  13  13  13 y 1.000  0.998  0.998
 38750  1.000 |   1   1  1.000 |    1   1  1.000 |  12  12  12  12 y 1.000    93  0.998  0.998 |  13  13  13  13 y 1.000  0.998  0.998
 39000  1.000 |   1   1  1.000 |    1   1  1.000 |  12  12  12  12 y 1.000    93  0.997  0.997 |  13  13  13  13 y 1.000  0.998  0.998
 39250  1.000 |   1   1  1.000 |    1   1  1.000 |  12  12  12  12 y 1.000    93  0.997  0.997 |  13  13  13  13 y 1.000  0.998  0.998
 39500  1.000 |   1   1  1.000 |    1   1  1.000 |  12  12  12  12 y 1.000    93  0.997  0.997 |  13  13  13  13 y 1.000  0.998  0.998
 39750  1.000 |   1   1  1.000 |    1   1  1.000 |  12  12  12  12 y 1.000    93  0.997  0.997 |  13  13  13  13 y 1.000  0.998  0.998
 39999  1.000 |   1   1  1.000 |    1   1  1.000 |  12  12  12  12 y 1.000    92  0.997  0.997 |  13  13  13  13 y 1.000  0.998  0.998

## Random-order controls (5 permutations of the candidates) vs producer order, B and C, at snapshots with controls
 epoch rule | B: k_prod k_rand[min..max] held_prod held_rand_mean | C: same
    -1  le0 |  37 [20..35] 0.010 0.011 |  12 [14..18] 0.010 0.010
    -1  lt1 |   0 [ 0.. 0] 0.010 0.010 |   0 [ 0.. 0] 0.010 0.010
    -1   m3 |   0 [ 0.. 0] 0.010 0.010 |   0 [ 0.. 0] 0.010 0.010
     0  le0 |  27 [19..36] 0.010 0.010 |  15 [ 8..15] 0.010 0.010
     0  lt1 |   1 [ 1.. 4] 0.010 0.010 |   0 [ 0.. 0] 0.010 0.010
     0   m3 |   0 [ 0.. 0] 0.010 0.010 |   0 [ 0.. 0] 0.010 0.010
  1000  le0 |  47 [44..52] 0.001 0.001 |  54 [52..54] 0.000 0.000
  1000  lt1 |  36 [33..37] 0.001 0.001 |  54 [52..54] 0.000 0.000
  1000   m3 |  23 [15..25] 0.002 0.002 |   0 [ 0.. 0] 0.010 0.010
  2000  le0 |  54 [49..56] 0.001 0.002 |  57 [53..56] 0.001 0.001
  2000  lt1 |  40 [35..41] 0.001 0.002 |  57 [50..55] 0.001 0.001
  2000   m3 |  37 [15..32] 0.002 0.006 |   0 [ 0.. 0] 0.010 0.010
  3000  le0 |  55 [50..57] 0.005 0.005 |  57 [57..58] 0.004 0.003
  3000  lt1 |  38 [32..40] 0.007 0.006 |  57 [55..58] 0.004 0.003
  3000   m3 |  29 [20..27] 0.007 0.010 |   0 [ 0.. 0] 0.010 0.010
  4000  le0 |  54 [51..55] 0.010 0.010 |  57 [54..57] 0.007 0.007
  4000  lt1 |  35 [30..36] 0.010 0.010 |  57 [50..57] 0.007 0.007
  4000   m3 |  30 [16..31] 0.013 0.013 |   1 [ 1.. 1] 0.009 0.009
  5000  le0 |  55 [50..55] 0.020 0.022 |  58 [52..58] 0.019 0.017
  5000  lt1 |  36 [32..37] 0.021 0.023 |  57 [52..57] 0.018 0.016
  5000   m3 |  33 [16..29] 0.024 0.028 |   0 [ 0.. 0] 0.010 0.010
  6000  le0 |  51 [44..54] 0.040 0.039 |  55 [52..56] 0.034 0.035
  6000  lt1 |  41 [34..42] 0.040 0.040 |  55 [51..56] 0.034 0.033
  6000   m3 |  27 [21..33] 0.023 0.044 |   1 [ 1.. 1] 0.009 0.009
  7000  le0 |  54 [53..57] 0.066 0.066 |  58 [54..58] 0.067 0.059
  7000  lt1 |  34 [33..37] 0.066 0.067 |  58 [54..57] 0.067 0.055
  7000   m3 |  29 [20..30] 0.064 0.061 |   0 [ 0.. 0] 0.010 0.010
  8000  le0 |  53 [50..56] 0.119 0.094 |  56 [52..56] 0.122 0.113
  8000  lt1 |  38 [33..40] 0.119 0.094 |  55 [52..56] 0.116 0.109
  8000   m3 |  33 [15..33] 0.119 0.098 |   0 [ 0.. 0] 0.011 0.011
  9000  le0 |  55 [50..53] 0.213 0.183 |  56 [53..56] 0.211 0.187
  9000  lt1 |  37 [35..39] 0.185 0.183 |  56 [51..56] 0.211 0.169
  9000   m3 |  32 [25..30] 0.183 0.144 |   1 [ 1.. 1] 0.010 0.010
 10000  le0 |  50 [48..54] 0.316 0.290 |  56 [51..56] 0.352 0.299
 10000  lt1 |  34 [32..37] 0.316 0.282 |  56 [51..56] 0.352 0.299
 10000   m3 |  30 [20..31] 0.299 0.244 |   0 [ 0.. 0] 0.010 0.010
 11000  le0 |  53 [45..50] 0.552 0.443 |  53 [52..54] 0.516 0.533
 11000  lt1 |  34 [28..34] 0.526 0.440 |  53 [52..54] 0.516 0.533
 11000   m3 |  28 [20..25] 0.425 0.375 |   0 [ 0.. 0] 0.011 0.011
 12000  le0 |  47 [43..47] 0.684 0.709 |  53 [49..53] 0.800 0.746
 12000  lt1 |  27 [27..31] 0.656 0.679 |  53 [49..53] 0.800 0.746
 12000   m3 |  16 [17..22] 0.644 0.598 |  47 [ 6..33] 0.683 0.125
 13000  le0 |  44 [46..50] 0.828 0.903 |  50 [47..51] 0.888 0.841
 13000  lt1 |  23 [25..33] 0.829 0.888 |  50 [47..50] 0.888 0.818
 13000   m3 |  14 [18..23] 0.787 0.757 |  44 [ 9..36] 0.814 0.228
 14000  le0 |  48 [45..51] 0.926 0.960 |  45 [45..51] 0.920 0.930
 14000  lt1 |  17 [20..26] 0.915 0.932 |  45 [45..48] 0.920 0.909
 14000   m3 |  12 [16..23] 0.870 0.911 |  36 [ 5..31] 0.861 0.349
 15000  le0 |  47 [43..46] 0.949 0.966 |  43 [40..46] 0.974 0.933
 15000  lt1 |  18 [20..26] 0.943 0.952 |  29 [40..43] 0.969 0.927
 15000   m3 |  12 [15..20] 0.902 0.919 |  25 [20..26] 0.920 0.672
 16000  le0 |  45 [42..49] 0.954 0.984 |  44 [44..48] 0.970 0.976
 16000  lt1 |  19 [20..25] 0.948 0.968 |  28 [36..44] 0.970 0.956
 16000   m3 |  13 [14..18] 0.927 0.925 |  23 [25..29] 0.940 0.800
 17000  le0 |  48 [43..47] 0.997 0.997 |  48 [38..46] 0.997 0.995
 17000  lt1 |  15 [20..22] 0.975 0.987 |  16 [30..39] 0.998 0.992
 17000   m3 |  14 [13..19] 0.969 0.963 |  14 [18..23] 0.984 0.972
 18000  le0 |  48 [45..47] 0.999 1.000 |  48 [35..45] 0.999 0.997
 18000  lt1 |  14 [19..21] 0.983 0.996 |  16 [29..36] 1.000 0.994
 18000   m3 |  13 [14..18] 0.961 0.970 |  14 [16..19] 0.989 0.986
 19000  le0 |  48 [45..47] 1.000 1.000 |  48 [37..46] 1.000 1.000
 19000  lt1 |  14 [18..21] 0.991 0.999 |  16 [28..34] 1.000 0.999
 19000   m3 |  13 [14..16] 0.967 0.976 |  13 [18..18] 0.973 0.995
 20000  le0 |  48 [44..46] 1.000 1.000 |  48 [30..43] 1.000 1.000
 20000  lt1 |  14 [17..19] 0.994 0.995 |  14 [29..36] 0.997 0.998
 20000   m3 |  13 [13..15] 0.977 0.983 |  13 [16..18] 0.990 0.991
 21000  le0 |  48 [43..47] 1.000 1.000 |  48 [37..44] 1.000 1.000
 21000  lt1 |  14 [16..18] 0.997 0.996 |  14 [28..37] 0.998 0.998
 21000   m3 |  13 [12..15] 0.988 0.983 |  13 [15..18] 0.992 0.989
 22000  le0 |  48 [43..47] 1.000 1.000 |  48 [35..43] 1.000 1.000
 22000  lt1 |  13 [16..19] 0.995 0.998 |  15 [26..34] 1.000 0.997
 22000   m3 |  13 [12..14] 0.995 0.987 |  13 [16..18] 0.985 0.996
 23000  le0 |  48 [42..47] 1.000 1.000 |  48 [34..45] 1.000 1.000
 23000  lt1 |  14 [15..17] 1.000 0.997 |  14 [27..34] 0.999 0.998
 23000   m3 |  12 [12..13] 0.981 0.985 |  13 [15..18] 0.992 0.995
 24000  le0 |  48 [41..47] 1.000 1.000 |  48 [37..45] 1.000 1.000
 24000  lt1 |  13 [15..17] 0.998 0.999 |  14 [25..35] 0.999 0.999
 24000   m3 |  12 [12..14] 0.990 0.989 |  13 [15..19] 0.995 0.998
 25000  le0 |  48 [42..47] 1.000 1.000 |  48 [37..47] 1.000 1.000
 25000  lt1 |  12 [14..17] 0.993 0.998 |  13 [28..39] 0.997 0.999
 25000   m3 |  12 [12..13] 0.993 0.988 |  12 [14..18] 0.988 0.996
 26000  le0 |  48 [42..47] 1.000 1.000 |  48 [35..44] 1.000 1.000
 26000  lt1 |  12 [14..17] 0.991 0.998 |  14 [27..36] 1.000 0.998
 26000   m3 |  11 [12..15] 0.970 0.984 |  12 [15..19] 0.989 0.992
 27000  le0 |  48 [42..47] 1.000 1.000 |  48 [35..46] 1.000 1.000
 27000  lt1 |  13 [14..18] 0.999 0.998 |  13 [26..37] 0.997 0.998
 27000   m3 |  11 [12..14] 0.980 0.987 |  12 [15..17] 0.990 0.994
 28000  le0 |  48 [41..48] 1.000 1.000 |  48 [36..44] 1.000 1.000
 28000  lt1 |  13 [14..18] 1.000 0.999 |  13 [24..36] 0.998 0.997
 28000   m3 |  11 [11..14] 0.981 0.985 |  12 [14..17] 0.991 0.992
 29000  le0 |  48 [42..48] 1.000 1.000 |  48 [38..45] 1.000 1.000
 29000  lt1 |  13 [14..18] 0.999 0.999 |  13 [24..35] 0.998 0.998
 29000   m3 |  11 [11..14] 0.982 0.987 |  12 [15..17] 0.992 0.993
 30000  le0 |  48 [43..47] 1.000 1.000 |  48 [38..46] 1.000 1.000
 30000  lt1 |  13 [14..17] 1.000 0.998 |  13 [26..36] 0.998 0.997
 30000   m3 |  11 [11..14] 0.983 0.985 |  12 [14..17] 0.992 0.994
 31000  le0 |  48 [43..48] 1.000 1.000 |  48 [38..43] 1.000 1.000
 31000  lt1 |  13 [14..16] 1.000 0.998 |  13 [26..34] 0.998 0.997
 31000   m3 |  11 [11..14] 0.983 0.986 |  12 [16..17] 0.993 0.993
 32000  le0 |  48 [44..48] 1.000 1.000 |  48 [36..46] 1.000 1.000
 32000  lt1 |  12 [14..17] 0.995 0.999 |  13 [26..33] 0.998 0.999
 32000   m3 |  11 [11..14] 0.983 0.984 |  12 [15..18] 0.994 0.990
 33000  le0 |  48 [45..48] 1.000 1.000 |  48 [38..45] 1.000 1.000
 33000  lt1 |  12 [14..17] 0.995 1.000 |  13 [24..36] 0.999 0.999
 33000   m3 |  11 [11..14] 0.983 0.989 |  12 [15..18] 0.994 0.994
 34000  le0 |  48 [45..48] 1.000 1.000 |  48 [39..44] 1.000 1.000
 34000  lt1 |  12 [14..17] 0.995 0.999 |  13 [24..35] 0.999 0.997
 34000   m3 |  11 [11..14] 0.982 0.991 |  12 [15..18] 0.995 0.994
 35000  le0 |  48 [44..48] 1.000 1.000 |  48 [38..44] 1.000 1.000
 35000  lt1 |  12 [13..18] 0.993 0.998 |  13 [22..35] 0.999 0.999
 35000   m3 |  11 [11..14] 0.983 0.988 |  12 [14..19] 0.995 0.992
 36000  le0 |  48 [45..48] 1.000 1.000 |  48 [39..45] 1.000 1.000
 36000  lt1 |  12 [13..17] 0.995 0.998 |  13 [24..33] 0.999 0.999
 36000   m3 |  11 [11..14] 0.985 0.987 |  12 [14..17] 0.995 0.993
 37000  le0 |  48 [45..48] 1.000 1.000 |  48 [34..45] 1.000 1.000
 37000  lt1 |  12 [13..17] 0.995 0.997 |  13 [26..31] 0.999 0.998
 37000   m3 |  11 [11..14] 0.985 0.987 |  13 [14..17] 0.998 0.993
 38000  le0 |  48 [44..48] 1.000 1.000 |  48 [34..44] 1.000 1.000
 38000  lt1 |  13 [14..18] 0.998 0.997 |  13 [26..29] 0.999 0.999
 38000   m3 |  11 [11..14] 0.982 0.982 |  13 [14..17] 0.998 0.993
 39000  le0 |  48 [45..48] 1.000 1.000 |  48 [40..45] 1.000 1.000
 39000  lt1 |  13 [14..18] 0.998 0.997 |  13 [24..31] 0.999 0.998
 39000   m3 |  12 [11..14] 0.997 0.983 |  13 [14..17] 0.998 0.995
 39999  le0 |  48 [47..48] 1.000 1.000 |  48 [38..45] 1.000 1.000
 39999  lt1 |  13 [15..17] 0.997 0.997 |  13 [25..32] 0.999 0.998
 39999   m3 |  12 [11..14] 0.997 0.983 |  13 [14..18] 0.998 0.995

## Final net (epoch 39999): net train 1.0000, test 1.0000, e^ = 0, m = 48 candidates (48 pairs, 1 real incl. DC)
Operators (per g): g=62: bij=True cycles=1 conf=0.99998 shift_acc=1.000 shift_mass=0.99998; g=40: bij=True cycles=1 conf=0.99995 shift_acc=1.000 shift_mass=0.99995; g=93: bij=True cycles=1 conf=0.99996 shift_acc=1.000 shift_mass=0.99996; g=18: bij=True cycles=1 conf=0.99997 shift_acc=1.000 shift_mass=0.99997; g=81: bij=True cycles=1 conf=0.99998 shift_acc=1.000 shift_mass=0.99998; g=83: bij=True cycles=1 conf=0.99997 shift_acc=1.000 shift_mass=0.99997
producer score at matched k vs m1's DFT score: max rel diff 2.83e-04; producer order equal to m1's (as matched k): True; unit dominants equal (as matched k): True; median unit concentration 0.920
Per recovered subspace, producer order. p*theta/2pi = eigenvalue phase of M_g_ref in units of 2pi/p; expect = fold(k*g_ref mod p); ph_err = max over the 6 g of |restricted phase - true|; * = kept by B/lt1
rank   j dim   k    dft_ov        xg    |lam|  p.th/2pi expect   ph_err  score sup
   1  16   2  30  1.000000  1.000000  0.99998   17.0000     17  5.3e-06  0.069   7 *
   2  22   2  45  1.000000  1.000000  0.99999   23.0000     23  8.1e-06  0.068   9 *
   3  37   2  10  1.000000  1.000000  0.99998   37.9999     38  6.7e-06  0.066   8 *
   4  27   2  38  1.000000  1.000000  0.99998   28.0000     28  6.9e-06  0.066   9 *
   5  11   2  44  1.000000  1.000000  0.99998   12.0000     12  1.4e-05  0.064   8 *
   6   0   2  36  1.000000  1.000000  0.99998    1.0000      1  3.4e-06  0.063   7 *
   7   6   2  39  1.000000  1.000000  0.99998    7.0001      7  7.2e-06  0.062   7 *
   8   3   2  47  1.000000  1.000000  0.99998    4.0000      4  7.5e-06  0.062   8 *
   9  47   2  18  1.000000  1.000000  0.99998   48.0000     48  5.1e-06  0.060   8 *
  10  38   2  46  1.000000  1.000000  0.99999   39.0000     39  6.7e-06  0.060   7 *
  11   2   2  11  1.000000  1.000000  0.99998    3.0000      3  8.3e-06  0.058   8 *
  12   8   2  33  1.000000  1.000000  0.99998    8.9999      9  1.1e-05  0.057   9 *
  13  32   2  24  1.000000  1.000000  0.99998   33.0000     33  3.3e-06  0.057   6 *
  14  29   2  13  1.000000  1.000000  0.99998   30.0001     30  5.8e-06  0.054   7
  15   5   2  22  1.000000  1.000000  0.99999    6.0000      6  1.0e-05  0.052   8
  16  31   2  12  1.000000  1.000000  0.99998   31.9999     32  6.2e-06  0.029   5
  17  45   2   7  1.000000  1.000000  0.99998   46.0000     46  1.0e-05  0.004   3
  18  19   2  41  1.000000  1.000000  0.99998   20.0000     20  7.2e-06  0.004   0
  19  20   2  20  1.000000  1.000000  0.99998   21.0000     21  9.7e-06  0.004   0
  20  46   2  43  1.000000  1.000000  0.99998   47.0000     47  6.9e-06  0.004   0
  21   1   2  25  1.000000  1.000000  0.99998    2.0000      2  6.9e-06  0.004   0
  22  12   2  17  1.000000  1.000000  0.99998   13.0001     13  5.3e-06  0.003   0
  23  35   2  35  1.000000  1.000000  0.99998   36.0000     36  1.1e-05  0.003   1
  24  26   2   2  1.000000  1.000000  0.99998   27.0000     27  8.6e-06  0.003   0
  25  17   2  31  1.000000  1.000000  0.99998   18.0000     18  4.0e-06  0.003   0
  26  23   2   9  1.000000  1.000000  0.99998   24.0000     24  7.0e-06  0.001   1
  27  42   2   4  1.000000  1.000000  0.99997   43.0000     43  6.0e-06  0.001   0
  28  36   2  26  1.000000  1.000000  0.99998   37.0000     37  9.0e-06  0.001   0
  29  13   2  19  1.000000  1.000000  0.99998   14.0000     14  4.4e-06  0.001   1
  30  14   2  42  1.000000  1.000000  0.99998   15.0000     15  3.9e-06  0.001   0
  31  24   2  27  1.000000  1.000000  0.99997   25.0000     25  6.2e-06  0.001   0
  32  34   2   1  1.000000  1.000000  0.99998   35.0000     35  4.9e-06  0.001   0
  33   4   2  14  1.000000  1.000000  0.99998    5.0000      5  5.8e-06  0.001   0
  34  30   2  48  1.000000  1.000000  0.99998   31.0000     31  9.1e-06  0.001   0
  35  28   2  23  1.000000  1.000000  0.99998   29.0000     29  3.5e-06  0.001   0
  36  40   2  21  1.000000  1.000000  0.99998   41.0000     41  6.4e-06  0.001   0
  37  33   2  37  1.000000  1.000000  0.99998   34.0000     34  4.9e-06  0.001   0
  38  44   2  29  1.000000  1.000000  0.99998   45.0000     45  8.0e-06  0.001   0
  39  25   2  34  1.000000  1.000000  0.99998   26.0000     26  4.7e-06  0.001   0
  40  18   2   5  1.000000  1.000000  0.99997   19.0000     19  3.1e-06  0.001   0
  41  41   2  40  1.000000  1.000000  0.99998   42.0000     42  7.0e-06  0.001   0
  42   9   2  28  1.000000  1.000000  0.99998   10.0000     10  9.1e-06  0.001   0
  43  43   2  32  1.000000  1.000000  0.99998   44.0000     44  5.2e-06  0.001   0
  44   7   2   3  1.000000  1.000000  0.99998    8.0000      8  7.3e-06  0.001   0
  45  21   2  16  1.000000  1.000000  0.99998   22.0000     22  3.8e-06  0.001   1
  46  15   2   6  1.000000  1.000000  0.99998   16.0000     16  5.9e-06  0.001   0
  47  39   2  15  1.000000  1.000000  0.99998   40.0000     40  4.9e-06  0.001   0
  48  10   2   8  1.000000  1.000000  0.99998   11.0000     11  5.2e-06  0.001   0

KEPT K per gate at the final net (recovered basis, as matched DFT k) vs m1:
    A  le0: k=48 held=1.0000 (m1 k=48 held=1.0000) units=128 equal=True rand k=[48,48,48,48,48] K=all 48
    A  lt1: k= 1 held=1.0000 (m1 k= 1 held=1.0000) units=  7 equal=True rand k=[1,1,1,1,1] K=[30]
    A   m3: k= 1 held=1.0000 (m1 k= 1 held=1.0000) units=  7 equal=True rand k=[1,1,1,1,1] K=[30]
  ALS  le0: k=48 held=1.0000 (m1 k=48 held=1.0000) units=128 equal=True rand k=[48,48,48,48,48] K=all 48
  ALS  lt1: k= 1 held=1.0000 (m1 k= 1 held=1.0000) units=  7 equal=True rand k=[1,1,1,1,1] K=[30]
  ALS   m3: k= 1 held=1.0000 (m1 k= 1 held=1.0000) units=  7 equal=True rand k=[1,1,1,1,1] K=[30]
    B  le0: k=48 held=1.0000 (m1 k=48 held=1.0000) units=128 equal=True rand k=[48,47,48,47,47] K=all 48
    B  lt1: k=13 held=0.9974 (m1 k=13 held=0.9974) units=101 equal=True rand k=[17,15,15,16,15] K=[10, 11, 18, 24, 30, 33, 36, 38, 39, 44, 45, 46, 47]
    B   m3: k=12 held=0.9971 (m1 k=12 held=0.9971) units= 92 equal=True rand k=[14,12,13,13,11] K=[10, 11, 18, 24, 30, 36, 38, 39, 44, 45, 46, 47]
    C  le0: k=48 held=1.0000 (m1 k=48 held=1.0000) units=128 equal=True rand k=[39,45,39,40,38] K=all 48
    C  lt1: k=13 held=0.9994 (m1 k=13 held=0.9994) units=101 equal=True rand k=[31,27,25,28,32] K=[10, 11, 18, 24, 30, 33, 36, 38, 39, 44, 45, 46, 47]
    C   m3: k=13 held=0.9979 (m1 k=13 held=0.9979) units=101 equal=True rand k=[18,14,18,17,16] K=[10, 11, 13, 18, 24, 33, 36, 38, 39, 44, 45, 46, 47]
CROSS table, rule lt1: held-out of each form (columns) at each gate's kept K (rows), recovered basis
   gate   k |      A    ALS      B      C
      A   1 |  1.000  1.000  0.021  0.013
    ALS   1 |  1.000  1.000  0.021  0.013
      B  13 |  1.000  1.000  0.997  0.999
      C  13 |  1.000  1.000  0.997  0.999
CROSS table, rule m3: held-out of each form (columns) at each gate's kept K (rows), recovered basis
   gate   k |      A    ALS      B      C
      A   1 |  1.000  1.000  0.021  0.013
    ALS   1 |  1.000  1.000  0.021  0.013
      B  12 |  1.000  1.000  0.997  0.991
      C  13 |  1.000  1.000  1.000  0.998

## Eigenvalue-phase check (oracle): restricted phase of every 2-D candidate at every g vs the true character angle at its matched k
 epoch net_te dft_min |      g=62      g=40      g=93      g=18      g=81      g=83 | max over g (and the fraction of 2-D candidates with err < 1e-3)
    -1  0.011  0.0274 |   2.6e+00   2.8e+00   3.1e+00   3.0e+00   2.9e+00   3.0e+00 | 3.1e+00 (0.00)
     0  0.010  0.0361 |   2.7e+00   2.9e+00   3.0e+00   2.9e+00   3.1e+00   3.0e+00 | 3.1e+00 (0.00)
  5000  0.019  0.0294 |   2.7e+00   2.9e+00   3.1e+00   2.9e+00   2.9e+00   3.1e+00 | 3.1e+00 (0.00)
 10000  0.352  0.0249 |   1.4e+00   2.9e+00   2.9e+00   3.1e+00   2.8e+00   3.0e+00 | 3.1e+00 (0.00)
 11000  0.564  0.0271 |   6.7e-01   3.1e+00   3.1e+00   3.1e+00   2.8e+00   3.0e+00 | 3.1e+00 (0.00)
 12000  0.800  0.0212 |   2.0e-01   3.0e+00   2.8e+00   2.0e+00   2.2e+00   2.8e+00 | 3.0e+00 (0.00)
 13000  0.914  0.0235 |   1.6e-01   2.1e+00   2.6e+00   2.3e+00   9.3e-01   2.5e+00 | 2.6e+00 (0.00)
 14000  0.961  0.0308 |   2.3e-01   1.0e+00   2.5e+00   2.0e+00   1.4e+00   9.9e-01 | 2.5e+00 (0.00)
 15000  0.978  0.0341 |   2.2e-01   8.2e-01   2.4e+00   2.1e+00   1.2e+00   6.8e-01 | 2.4e+00 (0.00)
 16000  0.990  0.1174 |   1.2e-01   5.0e-01   3.1e+00   1.6e+00   5.3e-01   6.2e-01 | 3.1e+00 (0.00)
 17000  0.997  0.9711 |   2.7e-03   1.4e-02   8.8e-03   1.4e-02   8.8e-03   9.3e-03 | 1.4e-02 (0.00)
 18000  0.999  0.9975 |   7.9e-04   8.2e-03   1.9e-03   9.6e-04   1.3e-03   9.1e-04 | 8.2e-03 (0.06)
 19000  1.000  0.9989 |   5.4e-04   3.9e-03   6.0e-04   4.4e-04   3.4e-04   4.8e-04 | 3.9e-03 (0.17)
 20000  1.000  0.9998 |   2.7e-04   1.1e-03   1.7e-04   2.0e-04   7.6e-05   1.1e-04 | 1.1e-03 (0.85)
 25000  1.000  1.0000 |   1.6e-05   1.9e-05   1.3e-05   2.6e-05   4.5e-06   1.4e-05 | 2.6e-05 (1.00)
 30000  1.000  1.0000 |   7.7e-06   1.5e-05   8.9e-06   1.7e-05   1.9e-06   1.6e-05 | 1.7e-05 (1.00)
 39999  1.000  1.0000 |   4.4e-06   1.4e-05   1.4e-05   9.0e-06   2.0e-06   1.1e-05 | 1.4e-05 (1.00)

## Per-DFT-frequency recovery (oracle): best projector overlap of any recovered candidate with pair k; * = in m1's final K_B (lt1)
   k |      0   5000  10000  11000  12000  13000  14000  15000  16000  17000  18000  19000  20000  25000  30000  39999
  1  |  0.061  0.064  0.071  0.121  0.196  0.329  0.685  0.758  0.760  0.981  0.999  0.999  1.000  1.000  1.000  1.000
  2  |  0.052  0.051  0.063  0.047  0.117  0.183  0.534  0.650  0.612  0.980  0.999  1.000  1.000  1.000  1.000  1.000
  3  |  0.052  0.063  0.074  0.094  0.313  0.181  0.282  0.446  0.445  0.984  0.999  0.999  1.000  1.000  1.000  1.000
  4  |  0.069  0.048  0.062  0.128  0.258  0.254  0.314  0.382  0.345  0.977  0.998  0.999  1.000  1.000  1.000  1.000
  5  |  0.064  0.049  0.051  0.081  0.220  0.465  0.627  0.596  0.621  0.976  0.999  1.000  1.000  1.000  1.000  1.000
  6  |  0.072  0.046  0.079  0.118  0.285  0.470  0.691  0.722  0.745  0.972  0.998  0.999  1.000  1.000  1.000  1.000
  7  |  0.040  0.063  0.061  0.038  0.288  0.285  0.653  0.745  0.769  0.993  0.999  1.000  1.000  1.000  1.000  1.000
  8  |  0.065  0.050  0.103  0.078  0.099  0.210  0.539  0.802  0.864  0.988  0.998  0.999  1.000  1.000  1.000  1.000
  9  |  0.045  0.062  0.040  0.066  0.152  0.188  0.307  0.675  0.750  0.977  0.998  0.999  1.000  1.000  1.000  1.000
 10* |  0.063  0.059  0.067  0.156  0.341  0.384  0.314  0.476  0.466  0.982  0.999  1.000  1.000  1.000  1.000  1.000
 11* |  0.059  0.117  0.084  0.213  0.423  0.516  0.461  0.361  0.387  0.983  0.998  0.999  1.000  1.000  1.000  1.000
 12  |  0.052  0.081  0.052  0.132  0.280  0.406  0.519  0.480  0.403  0.978  0.999  1.000  1.000  1.000  1.000  1.000
 13  |  0.053  0.050  0.060  0.090  0.381  0.276  0.428  0.623  0.683  0.974  0.999  0.999  1.000  1.000  1.000  1.000
 14  |  0.042  0.067  0.076  0.077  0.244  0.294  0.377  0.784  0.874  0.994  0.999  1.000  1.000  1.000  1.000  1.000
 15  |  0.050  0.043  0.073  0.071  0.220  0.203  0.255  0.708  0.777  0.991  0.999  0.999  1.000  1.000  1.000  1.000
 16  |  0.061  0.061  0.064  0.051  0.190  0.361  0.283  0.709  0.765  0.973  0.998  0.999  1.000  1.000  1.000  1.000
 17  |  0.058  0.036  0.062  0.078  0.163  0.282  0.327  0.594  0.687  0.981  0.999  1.000  1.000  1.000  1.000  1.000
 18* |  0.054  0.073  0.062  0.127  0.279  0.231  0.303  0.435  0.438  0.989  0.999  0.999  1.000  1.000  1.000  1.000
 19  |  0.046  0.057  0.055  0.114  0.234  0.321  0.325  0.378  0.386  0.975  0.998  0.999  1.000  1.000  1.000  1.000
 20  |  0.068  0.045  0.070  0.167  0.267  0.283  0.283  0.539  0.562  0.972  0.998  0.999  1.000  1.000  1.000  1.000
 21  |  0.057  0.098  0.062  0.136  0.111  0.177  0.181  0.648  0.721  0.987  0.998  0.999  1.000  1.000  1.000  1.000
 22  |  0.058  0.088  0.061  0.081  0.156  0.172  0.382  0.802  0.891  0.994  0.999  1.000  1.000  1.000  1.000  1.000
 23  |  0.047  0.067  0.045  0.092  0.367  0.203  0.459  0.764  0.799  0.977  0.998  0.999  1.000  1.000  1.000  1.000
 24* |  0.056  0.065  0.044  0.287  0.352  0.350  0.622  0.687  0.642  0.984  0.999  1.000  1.000  1.000  1.000  1.000
 25  |  0.056  0.063  0.059  0.090  0.113  0.574  0.620  0.553  0.572  0.989  0.999  0.999  1.000  1.000  1.000  1.000
 26  |  0.053  0.076  0.063  0.073  0.205  0.515  0.510  0.401  0.413  0.977  0.999  0.999  1.000  1.000  1.000  1.000
 27  |  0.090  0.038  0.060  0.118  0.356  0.175  0.238  0.472  0.554  0.974  0.999  1.000  1.000  1.000  1.000  1.000
 28  |  0.073  0.100  0.089  0.149  0.168  0.177  0.437  0.656  0.720  0.981  0.998  0.999  1.000  1.000  1.000  1.000
 29  |  0.069  0.061  0.052  0.082  0.223  0.293  0.619  0.726  0.734  0.992  0.999  1.000  1.000  1.000  1.000  1.000
 30* |  0.067  0.057  0.133  0.115  0.305  0.482  0.780  0.827  0.847  0.979  0.998  0.999  1.000  1.000  1.000  1.000
 31  |  0.044  0.079  0.053  0.068  0.363  0.525  0.740  0.782  0.808  0.982  0.999  0.999  1.000  1.000  1.000  1.000
 32  |  0.059  0.127  0.100  0.147  0.163  0.323  0.528  0.600  0.574  0.987  0.999  0.999  1.000  1.000  1.000  1.000
 33* |  0.059  0.057  0.080  0.166  0.234  0.126  0.297  0.447  0.438  0.976  0.998  0.999  1.000  1.000  1.000  1.000
 34  |  0.043  0.053  0.056  0.088  0.262  0.295  0.373  0.407  0.328  0.971  0.999  1.000  1.000  1.000  1.000  1.000
 35  |  0.057  0.057  0.077  0.163  0.102  0.461  0.605  0.576  0.593  0.974  0.998  0.999  1.000  1.000  1.000  1.000
 36* |  0.050  0.055  0.105  0.108  0.407  0.700  0.781  0.807  0.872  0.995  0.999  1.000  1.000  1.000  1.000  1.000
 37  |  0.051  0.047  0.063  0.173  0.238  0.399  0.693  0.794  0.787  0.986  0.999  1.000  1.000  1.000  1.000  1.000
 38* |  0.062  0.045  0.056  0.085  0.194  0.100  0.535  0.764  0.785  0.978  0.999  0.999  1.000  1.000  1.000  1.000
 39* |  0.049  0.063  0.087  0.110  0.365  0.098  0.330  0.662  0.759  0.989  0.999  1.000  1.000  1.000  1.000  1.000
 40  |  0.086  0.044  0.057  0.110  0.291  0.259  0.167  0.482  0.537  0.976  0.998  0.999  1.000  1.000  1.000  1.000
 41  |  0.053  0.046  0.076  0.138  0.311  0.378  0.387  0.353  0.332  0.971  0.999  1.000  1.000  1.000  1.000  1.000
 42  |  0.060  0.070  0.056  0.096  0.137  0.361  0.559  0.520  0.509  0.972  0.998  0.999  1.000  1.000  1.000  1.000
 43  |  0.055  0.078  0.088  0.113  0.264  0.393  0.534  0.663  0.682  0.989  0.998  0.999  1.000  1.000  1.000  1.000
 44* |  0.055  0.152  0.086  0.111  0.423  0.259  0.501  0.785  0.858  0.988  0.999  1.000  1.000  1.000  1.000  1.000
 45* |  0.052  0.062  0.052  0.048  0.186  0.263  0.316  0.765  0.817  0.975  0.998  0.999  1.000  1.000  1.000  1.000
 46* |  0.060  0.061  0.153  0.205  0.239  0.245  0.264  0.649  0.670  0.989  0.999  1.000  1.000  1.000  1.000  1.000
 47* |  0.073  0.157  0.132  0.223  0.383  0.320  0.321  0.624  0.731  0.989  0.999  0.999  1.000  1.000  1.000  1.000
 48  |  0.061  0.050  0.082  0.100  0.149  0.296  0.378  0.409  0.477  0.975  0.999  1.000  1.000  1.000  1.000  1.000
n>.99 |      0      0      0      0      0      0      0      0      0      6     48     48     48     48     48     48

## Per-candidate DFT overlap quantiles at the detail epochs (min / q10 / median / q90 / max; # > 0.99 of m)
     0 net_te 0.010: 0.036 / 0.047 / 0.059 / 0.071 / 0.090;  0 of 55
  5000 net_te 0.019: 0.029 / 0.032 / 0.055 / 0.085 / 0.157;  0 of 58
 10000 net_te 0.352: 0.025 / 0.036 / 0.059 / 0.097 / 0.153;  0 of 56
 11000 net_te 0.564: 0.027 / 0.044 / 0.088 / 0.165 / 0.287;  0 of 54
 12000 net_te 0.800: 0.021 / 0.089 / 0.220 / 0.366 / 0.423;  0 of 53
 13000 net_te 0.914: 0.023 / 0.134 / 0.283 / 0.482 / 0.700;  0 of 51
 14000 net_te 0.961: 0.031 / 0.137 / 0.387 / 0.685 / 0.781;  0 of 51
 15000 net_te 0.978: 0.034 / 0.159 / 0.648 / 0.787 / 0.827;  0 of 49
 16000 net_te 0.990: 0.117 / 0.303 / 0.682 / 0.849 / 0.891;  0 of 49
 17000 net_te 0.997: 0.971 / 0.973 / 0.981 / 0.991 / 0.995;  6 of 48
 18000 net_te 0.999: 0.998 / 0.998 / 0.999 / 0.999 / 0.999;  48 of 48
 19000 net_te 1.000: 0.999 / 0.999 / 0.999 / 1.000 / 1.000;  48 of 48
 20000 net_te 1.000: 1.000 / 1.000 / 1.000 / 1.000 / 1.000;  48 of 48
 25000 net_te 1.000: 1.000 / 1.000 / 1.000 / 1.000 / 1.000;  48 of 48
 30000 net_te 1.000: 1.000 / 1.000 / 1.000 / 1.000 / 1.000;  48 of 48
 39999 net_te 1.000: 1.000 / 1.000 / 1.000 / 1.000 / 1.000;  48 of 48

## Falsifiers: shuffled-label net (train labels permuted) and untrained inits; held = TRUE-label held-out
   label net_tr net_te |  e^  bij 1c  conf |   m nre |lam| |  xg_mn  xg_mi x>.99   comm || dft_mn dft_mi rec_mi  nk 11   ph_max   ph_med    dc shift
    init  0.012  0.011 |  46  0/6  0 0.012 |  55  15 0.000 | 0.1011 0.0269  0.00 0.0076 || 0.0609 0.0274 0.0356  31  n  3.1e+00  1.0e+00 0.997 0.015
      e0  0.013  0.010 |  42  0/6  0 0.011 |  55  15 0.000 | 0.1006 0.0353  0.00 0.0077 || 0.0590 0.0308 0.0356  32  n  3.1e+00  8.9e-01 0.997 0.015
   e1000  1.000  0.011 |   9  0/6  0 0.663 |  57  19 0.009 | 0.0279 0.0062  0.00 1.3721 || 0.0502 0.0233 0.0295  31  n  3.1e+00  1.1e+00 0.049 0.014
   e2000  1.000  0.009 |   9  0/6  0 0.686 |  56  17 0.021 | 0.0328 0.0042  0.00 1.3839 || 0.0518 0.0227 0.0343  25  n  3.1e+00  1.2e+00 0.022 0.010
   e3000  1.000  0.010 |  40  0/6  0 0.698 |  58  21 0.019 | 0.0295 0.0030  0.00 1.3974 || 0.0509 0.0227 0.0296  29  n  3.1e+00  1.3e+00 0.015 0.009
   e4000  1.000  0.010 |  40  0/6  0 0.710 |  54  13 0.038 | 0.0308 0.0033  0.00 1.3952 || 0.0511 0.0226 0.0310  27  n  3.1e+00  1.3e+00 0.014 0.010
   e5000  1.000  0.011 |  40  0/6  0 0.721 |  58  21 0.022 | 0.0257 0.0027  0.00 1.3880 || 0.0463 0.0208 0.0345  26  n  3.1e+00  1.2e+00 0.012 0.007
   e6000  1.000  0.009 |  40  0/6  0 0.724 |  63  31 0.018 | 0.0299 0.0008  0.00 1.3875 || 0.0434 0.0218 0.0294  28  n  3.1e+00  1.2e+00 0.011 0.007
   e7000  1.000  0.010 |  40  0/6  0 0.731 |  61  27 0.025 | 0.0273 0.0053  0.00 1.3862 || 0.0427 0.0226 0.0351  33  n  3.1e+00  1.1e+00 0.011 0.007
   e8000  1.000  0.011 |  90  0/6  0 0.735 |  58  21 0.020 | 0.0283 0.0010  0.00 1.3832 || 0.0478 0.0218 0.0345  29  n  3.1e+00  1.1e+00 0.011 0.007
   e9000  1.000  0.011 |  90  0/6  0 0.746 |  60  25 0.016 | 0.0252 0.0014  0.00 1.3861 || 0.0440 0.0208 0.0317  30  n  3.1e+00  1.2e+00 0.010 0.007
  e10000  1.000  0.012 |  90  0/6  0 0.757 |  59  23 0.011 | 0.0303 0.0010  0.00 1.3862 || 0.0451 0.0200 0.0330  32  n  3.0e+00  1.3e+00 0.010 0.014
  e11000  1.000  0.011 |  90  0/6  0 0.763 |  63  31 0.010 | 0.0172 0.0004  0.00 1.3845 || 0.0439 0.0184 0.0333  31  n  3.1e+00  1.1e+00 0.010 0.012
  e12000  1.000  0.012 |  90  0/6  0 0.770 |  61  27 0.008 | 0.0148 0.0020  0.00 1.3879 || 0.0431 0.0192 0.0302  33  n  3.1e+00  1.3e+00 0.010 0.007
  e13000  1.000  0.011 |  90  0/6  0 0.776 |  62  29 0.004 | 0.0172 0.0005  0.00 1.3906 || 0.0433 0.0203 0.0326  32  n  3.1e+00  1.2e+00 0.010 0.009
  e14000  1.000  0.010 |   9  0/6  0 0.785 |  60  25 0.005 | 0.0177 0.0003  0.00 1.3896 || 0.0437 0.0203 0.0310  33  n  3.1e+00  1.2e+00 0.010 0.010
  e15000  1.000  0.010 |   9  0/6  0 0.791 |  63  31 0.005 | 0.0163 0.0002  0.00 1.3862 || 0.0417 0.0205 0.0297  27  n  3.1e+00  1.3e+00 0.011 0.009
  e16000  1.000  0.010 |  18  0/6  0 0.795 |  59  23 0.004 | 0.0128 0.0001  0.00 1.3883 || 0.0402 0.0203 0.0286  31  n  3.1e+00  1.3e+00 0.011 0.010
  e17000  1.000  0.011 |   9  0/6  0 0.797 |  59  23 0.005 | 0.0082 0.0001  0.00 1.3877 || 0.0391 0.0194 0.0262  24  n  3.1e+00  1.5e+00 0.011 0.010
  e18000  1.000  0.010 |   9  0/6  0 0.801 |  58  21 0.007 | 0.0202 0.0000  0.00 1.3851 || 0.0411 0.0206 0.0325  30  n  3.1e+00  1.4e+00 0.012 0.009
  e19000  1.000  0.010 |   9  0/6  0 0.807 |  62  29 0.003 | 0.0202 0.0000  0.00 1.3853 || 0.0386 0.0206 0.0296  27  n  3.1e+00  1.2e+00 0.011 0.010
  e20000  1.000  0.011 |   9  0/6  0 0.812 |  59  23 0.007 | 0.0189 0.0001  0.00 1.3885 || 0.0398 0.0208 0.0260  26  n  3.1e+00  1.3e+00 0.011 0.012
  e21000  1.000  0.010 |   9  0/6  0 0.815 |  60  25 0.007 | 0.0166 0.0004  0.00 1.3882 || 0.0408 0.0205 0.0274  26  n  3.1e+00  1.4e+00 0.010 0.012
  e22000  1.000  0.010 |   9  0/6  0 0.820 |  61  27 0.003 | 0.0237 0.0000  0.00 1.3879 || 0.0438 0.0206 0.0279  24  n  3.1e+00  1.3e+00 0.010 0.012
  e23000  1.000  0.010 |   9  0/6  0 0.823 |  61  27 0.006 | 0.0207 0.0000  0.00 1.3878 || 0.0407 0.0208 0.0231  24  n  3.1e+00  1.3e+00 0.010 0.012
  e24000  1.000  0.010 |   9  0/6  0 0.824 |  64  33 0.003 | 0.0192 0.0000  0.00 1.3905 || 0.0385 0.0206 0.0236  25  n  3.1e+00  1.2e+00 0.010 0.012
  e25000  1.000  0.010 |   9  0/6  0 0.825 |  60  25 0.004 | 0.0281 0.0000  0.00 1.3940 || 0.0425 0.0209 0.0186  22  n  3.1e+00  1.1e+00 0.010 0.012
  e26000  1.000  0.010 |   9  0/6  0 0.826 |  60  25 0.004 | 0.0307 0.0000  0.00 1.3978 || 0.0419 0.0206 0.0200  25  n  3.1e+00  1.4e+00 0.010 0.012
  e27000  1.000  0.010 |   9  0/6  0 0.826 |  59  23 0.004 | 0.0278 0.0001  0.00 1.4019 || 0.0433 0.0207 0.0266  25  n  3.1e+00  1.5e+00 0.010 0.010
  e28000  1.000  0.010 |   9  0/6  0 0.828 |  58  21 0.005 | 0.0262 0.0003  0.00 1.4034 || 0.0434 0.0207 0.0307  25  n  3.1e+00  1.4e+00 0.010 0.014
  e29000  1.000  0.010 |   9  0/6  0 0.827 |  61  27 0.004 | 0.0211 0.0004  0.00 1.4049 || 0.0423 0.0206 0.0284  24  n  3.1e+00  1.4e+00 0.010 0.014
  e30000  1.000  0.010 |   9  0/6  0 0.827 |  62  29 0.006 | 0.0213 0.0005  0.00 1.4063 || 0.0418 0.0206 0.0293  25  n  3.1e+00  1.4e+00 0.010 0.014
  e31000  1.000  0.010 |   9  0/6  0 0.828 |  62  29 0.006 | 0.0207 0.0009  0.00 1.4071 || 0.0418 0.0206 0.0296  26  n  3.1e+00  1.4e+00 0.010 0.014
  e32000  1.000  0.010 |   9  0/6  0 0.829 |  59  23 0.006 | 0.0253 0.0006  0.00 1.4073 || 0.0431 0.0206 0.0302  28  n  3.1e+00  1.4e+00 0.010 0.014
  e33000  1.000  0.010 |   9  0/6  0 0.829 |  60  25 0.004 | 0.0287 0.0001  0.00 1.4074 || 0.0430 0.0206 0.0272  25  n  3.1e+00  1.5e+00 0.010 0.014
  e34000  1.000  0.010 |   9  0/6  0 0.828 |  59  23 0.005 | 0.0301 0.0012  0.00 1.4080 || 0.0437 0.0206 0.0312  24  n  3.1e+00  1.3e+00 0.010 0.012
  e35000  1.000  0.010 |   9  0/6  0 0.827 |  59  23 0.005 | 0.0259 0.0006  0.00 1.4091 || 0.0433 0.0206 0.0304  27  n  3.1e+00  1.2e+00 0.010 0.012
  e36000  1.000  0.009 |   9  0/6  0 0.826 |  63  31 0.004 | 0.0235 0.0005  0.00 1.4095 || 0.0415 0.0206 0.0267  24  n  3.1e+00  1.4e+00 0.010 0.012
  e37000  1.000  0.010 |   9  0/6  0 0.825 |  61  27 0.004 | 0.0211 0.0001  0.00 1.4093 || 0.0421 0.0206 0.0304  28  n  3.1e+00  1.4e+00 0.010 0.012
  e38000  1.000  0.010 |   9  0/6  0 0.824 |  62  29 0.005 | 0.0203 0.0000  0.00 1.4090 || 0.0407 0.0206 0.0280  28  n  3.1e+00  1.3e+00 0.010 0.012
  e39000  1.000  0.010 |   9  0/6  0 0.824 |  61  27 0.004 | 0.0209 0.0005  0.00 1.4091 || 0.0417 0.0206 0.0289  28  n  3.1e+00  1.2e+00 0.010 0.012
  e39999  1.000  0.010 |  40  0/6  0 0.824 |  61  27 0.005 | 0.0207 0.0004  0.00 1.4084 || 0.0430 0.0206 0.0322  30  n  3.1e+00  1.3e+00 0.010 0.012
rinit_s0  0.010  0.011 |  28  0/6  0 0.012 |  53  11 0.000 | 0.1142 0.0317  0.00 0.0074 || 0.0623 0.0324 0.0383  27  n  3.1e+00  1.1e+00 0.997 0.014
rinit_s1  0.007  0.011 |  88  0/6  0 0.012 |  54  13 0.000 | 0.1048 0.0259  0.00 0.0077 || 0.0616 0.0298 0.0364  24  n  3.1e+00  9.4e-01 0.996 0.009
rinit_s2  0.009  0.010 |  82  0/6  0 0.012 |  55  15 0.000 | 0.0930 0.0355  0.00 0.0073 || 0.0614 0.0301 0.0378  31  n  3.1e+00  9.6e-01 0.997 0.012
rinit_s3  0.009  0.011 |  46  0/6  0 0.012 |  57  19 0.000 | 0.1019 0.0371  0.00 0.0074 || 0.0591 0.0339 0.0355  28  n  3.0e+00  8.7e-01 0.997 0.009

   label | A: k le0/lt1/m3 held(lt1) held(m3) | ALS: k le0/lt1/m3 held(lt1) held(m3) | B: k le0/lt1/m3 held(lt1) held(m3) | C: k le0/lt1/m3 held(lt1) held(m3) | m1 kB, kC (lt1)
    init |  7/ 7/ 3 0.009 0.011 |  5/ 3/ 1 0.010 0.010 | 37/ 0/ 0 0.010 0.010 | 12/ 0/ 0 0.010 0.010 |  2,  0
      e0 |  7/ 7/ 3 0.008 0.011 | 10/11/ 2 0.012 0.011 | 31/ 0/ 0 0.010 0.010 | 12/ 0/ 0 0.010 0.010 |  0,  0
   e1000 | 11/ 7/ 0 0.010 0.010 | 20/ 6/ 0 0.009 0.010 | 56/43/28 0.011 0.011 | 57/57/ 0 0.011 0.009 | 40, 46
   e2000 | 10/10/ 0 0.009 0.010 |  5/ 5/ 0 0.011 0.010 | 52/37/32 0.009 0.010 | 55/55/ 0 0.010 0.010 | 42, 46
   e3000 | 18/ 8/ 0 0.011 0.010 | 20/ 8/ 0 0.008 0.010 | 54/36/30 0.012 0.011 | 58/58/ 1 0.010 0.009 | 40, 45
   e4000 | 20/ 6/ 0 0.010 0.010 | 12/ 4/ 0 0.011 0.010 | 52/39/29 0.010 0.010 | 54/53/ 1 0.010 0.010 | 40, 47
   e5000 | 13/11/ 0 0.013 0.010 | 16/ 8/ 0 0.012 0.010 | 57/39/34 0.010 0.010 | 57/57/ 2 0.010 0.010 | 41, 46
   e6000 | 12/ 6/ 0 0.013 0.010 | 14/10/ 0 0.011 0.010 | 62/35/31 0.010 0.011 | 62/61/ 1 0.011 0.009 | 36, 46
   e7000 | 24/ 6/ 0 0.011 0.010 |  8/ 7/ 0 0.013 0.010 | 59/37/28 0.009 0.011 | 61/61/ 1 0.010 0.010 | 43, 46
   e8000 |  5/ 4/ 1 0.013 0.010 | 13/ 9/ 1 0.013 0.010 | 56/32/30 0.011 0.011 | 58/57/ 0 0.011 0.010 | 38, 47
   e9000 |  9/ 6/ 0 0.012 0.010 |  5/ 3/ 0 0.009 0.010 | 53/31/28 0.012 0.012 | 60/59/ 2 0.012 0.009 | 39, 46
  e10000 | 20/ 4/ 0 0.009 0.010 | 13/10/ 0 0.009 0.010 | 57/35/24 0.010 0.010 | 59/59/ 2 0.012 0.009 | 38, 46
  e11000 | 22/ 8/ 0 0.010 0.010 | 20/11/ 0 0.008 0.010 | 62/34/29 0.012 0.010 | 62/62/ 1 0.011 0.011 | 43, 47
  e12000 | 11/ 4/ 0 0.011 0.010 | 29/12/ 0 0.010 0.010 | 59/32/30 0.012 0.012 | 61/60/ 1 0.011 0.011 | 40, 46
  e13000 | 15/ 9/ 0 0.009 0.010 | 25/11/ 0 0.012 0.010 | 61/33/25 0.011 0.011 | 60/60/ 1 0.009 0.009 | 41, 42
  e14000 | 26/12/ 0 0.012 0.010 | 18/ 6/ 0 0.013 0.010 | 60/33/31 0.010 0.012 | 59/58/ 1 0.010 0.011 | 37, 46
  e15000 | 28/10/ 0 0.013 0.010 | 13/10/ 0 0.011 0.010 | 61/29/27 0.011 0.010 | 63/62/ 0 0.011 0.010 | 36, 46
  e16000 | 17/ 8/ 0 0.011 0.010 | 19/12/ 0 0.014 0.010 | 58/29/26 0.010 0.011 | 59/59/ 0 0.010 0.009 | 37, 46
  e17000 | 27/ 8/ 0 0.010 0.010 | 20/ 8/ 0 0.011 0.010 | 57/31/28 0.009 0.010 | 59/59/ 0 0.011 0.009 | 40, 46
  e18000 | 19/ 2/ 0 0.010 0.010 | 13/10/ 0 0.010 0.010 | 56/35/32 0.011 0.009 | 57/57/ 0 0.010 0.010 | 43, 46
  e19000 | 18/10/ 0 0.007 0.010 |  8/ 7/ 0 0.010 0.010 | 62/27/25 0.009 0.010 | 61/61/ 0 0.010 0.009 | 43, 47
  e20000 | 30/10/ 0 0.008 0.010 | 16/ 9/ 0 0.007 0.010 | 57/32/27 0.011 0.009 | 59/59/ 0 0.011 0.010 | 43, 44
  e21000 | 20/ 6/ 0 0.009 0.010 | 14/ 8/ 0 0.008 0.010 | 59/35/30 0.010 0.012 | 60/60/ 0 0.010 0.009 | 41, 46
  e22000 | 11/ 7/ 0 0.010 0.010 | 10/ 5/ 0 0.008 0.010 | 59/30/30 0.010 0.009 | 61/61/ 0 0.010 0.009 | 44, 45
  e23000 | 12/ 6/ 0 0.011 0.010 | 13/ 9/ 0 0.008 0.010 | 59/31/29 0.010 0.012 | 61/61/ 0 0.010 0.009 | 39, 46
  e24000 | 14/ 3/ 0 0.010 0.010 | 16/ 8/ 1 0.009 0.009 | 61/29/28 0.011 0.011 | 63/63/ 1 0.010 0.009 | 39, 45
  e25000 | 22/11/ 0 0.011 0.010 | 20/ 8/ 0 0.007 0.010 | 59/31/29 0.010 0.010 | 60/60/ 0 0.010 0.009 | 42, 43
  e26000 | 17/ 8/ 0 0.011 0.010 | 16/ 8/ 0 0.009 0.010 | 59/32/29 0.011 0.011 | 59/59/ 0 0.009 0.009 | 42, 46
  e27000 | 16/ 7/ 0 0.010 0.010 | 17/ 9/ 0 0.010 0.010 | 59/32/29 0.010 0.011 | 59/58/ 0 0.009 0.009 | 44, 43
  e28000 | 22/10/ 0 0.009 0.010 |  2/ 2/ 0 0.008 0.010 | 58/35/32 0.009 0.010 | 57/57/ 0 0.010 0.009 | 39, 41
  e29000 | 18/ 9/ 0 0.010 0.010 | 21/ 8/ 0 0.011 0.010 | 60/30/28 0.011 0.010 | 61/61/ 0 0.010 0.009 | 42, 46
  e30000 |  9/ 4/ 0 0.010 0.010 | 13/10/ 0 0.010 0.010 | 62/31/24 0.010 0.010 | 62/62/ 0 0.010 0.009 | 40, 45
  e31000 | 26/ 7/ 0 0.010 0.010 | 12/ 9/ 0 0.008 0.010 | 58/26/25 0.010 0.011 | 62/62/ 0 0.010 0.009 | 40, 47
  e32000 | 16/ 8/ 0 0.012 0.010 | 15/10/ 0 0.012 0.010 | 59/31/27 0.010 0.010 | 58/58/ 0 0.009 0.009 | 40, 46
  e33000 | 10/ 4/ 0 0.010 0.010 | 18/ 5/ 0 0.007 0.010 | 58/29/28 0.011 0.010 | 59/59/ 0 0.009 0.009 | 42, 45
  e34000 |  8/ 4/ 0 0.011 0.010 |  9/ 8/ 0 0.010 0.010 | 59/29/26 0.010 0.010 | 58/58/ 0 0.009 0.009 | 41, 46
  e35000 | 16/ 8/ 0 0.011 0.010 |  7/ 7/ 0 0.010 0.010 | 58/30/26 0.010 0.010 | 59/59/ 0 0.010 0.009 | 42, 46
  e36000 | 23/12/ 0 0.011 0.010 | 16/ 9/ 0 0.013 0.010 | 60/25/23 0.012 0.011 | 63/63/ 0 0.009 0.009 | 42, 47
  e37000 | 34/11/ 0 0.010 0.010 | 23/11/ 0 0.013 0.010 | 58/27/25 0.011 0.012 | 61/61/ 0 0.010 0.009 | 39, 45
  e38000 | 21/ 6/ 0 0.010 0.010 | 11/ 7/ 0 0.010 0.010 | 60/31/28 0.009 0.010 | 61/61/ 0 0.009 0.009 | 40, 46
  e39000 | 25/10/ 0 0.010 0.010 | 11/ 7/ 0 0.012 0.010 | 60/27/23 0.010 0.010 | 61/61/ 0 0.010 0.009 | 39, 46
  e39999 | 17/10/ 0 0.011 0.010 | 11/10/ 0 0.010 0.010 | 60/33/25 0.010 0.011 | 61/61/ 0 0.010 0.009 | 40, 46
rinit_s0 |  2/ 2/ 2 0.012 0.012 |  6/ 6/ 2 0.010 0.008 | 33/17/ 9 0.010 0.010 | 43/43/ 7 0.010 0.010 | 19, 38
rinit_s1 |  6/ 5/ 4 0.010 0.014 |  6/ 6/ 3 0.010 0.011 | 27/ 0/ 0 0.011 0.011 | 24/ 0/ 0 0.011 0.011 |  5,  0
rinit_s2 |  5/ 5/ 5 0.013 0.013 |  5/ 5/ 4 0.012 0.012 | 47/ 0/ 0 0.010 0.010 | 23/ 0/ 0 0.010 0.010 |  0,  0
rinit_s3 |  6/ 6/ 4 0.010 0.011 |  7/ 4/ 3 0.010 0.009 | 35/16/10 0.012 0.012 | 17/ 0/ 0 0.011 0.011 | 15,  0
  (rinit_s* = untrained nets, seeds 0..3; the seed-42 init is the 'init' row of each run)

## First snapshot epoch at which each series crosses a threshold (true-label run)
                      series   >=0.5   >=0.9  >=0.99   >=1.0   stays >=0.99 from
                net test acc   10750   13000   16250   18750   16250
   all 6 hard maps bijective   18500   18500   18500   18500   18500
        xg_min (certificate)   17250   18500   19750    None   19750
       xg_mean (certificate)   16750   18250   19500    None   19500
         dft_ov_min (oracle)   16500   16750   17500    None   17500
        dft_ov_mean (oracle)   14500   16750   17250    None   17250
      K_B(lt1) matched == m1   16500   16500   16500   16500   16500
      K_C(lt1) matched == m1   16750   16750   16750   16750   20000
       K_B(m3) matched == m1   16750   16750   16750   16750   17250
       K_C(m3) matched == m1   17500   17500   17500   17500   18250
               A(lt1) k == 1   25250   25250   25250   25250   25250
