arm	level	form	draw	cls	cand	world	n_moved	n_entries	read_banked	read_shaped_refit	read_frozen	read_twin	p_banked	p_shaped_refit	p_frozen	p_twin	dp_top	dp_lse	dp_marg
s0_so	2	delta	0	wrong	1,2	0.0	0	17	0.0	0.0	0.0	0.0	0.027677517384290695	0.0317215621471405	0.04358302056789398	0.03973185271024704	0.0	-0.004188835620880127	-0.014045178890228271
s0_so	2	delta	0	wrong	4,4	-0.00390625	1	17	-0.00010987743735313416	-0.00023916363716125488	1.317635178565979e-05	3.11434268951416e-05	0.02756763994693756	0.03148239850997925	0.04359619691967964	0.03976299613714218	0.002185344696044922	-0.0056694746017456055	-0.0018401145935058594
s0_so	2	delta	0	wrong	3,5	-0.05078125	31	17	-0.005522891879081726	-0.007219860330224037	0.0037246346473693848	-0.0016005411744117737	0.02215462550520897	0.024501701816916466	0.04730765521526337	0.038131311535835266	0.1688365936279297	0.05524039268493652	0.134116530418396
s0_so	2	delta	0	wrong	2,7	0.0	0	17	0.0	0.0	0.0	0.0	0.027677517384290695	0.0317215621471405	0.04358302056789398	0.03973185271024704	0.0	-0.002386331558227539	-0.013076543807983398
s0_so	2	delta	0	wrong	5,7	-0.01171875	49	17	0.000523742288351059	0.0005415827035903931	0.000896260142326355	0.001321360468864441	0.028201259672641754	0.032263144850730896	0.04447928071022034	0.04105321317911148	0.1527996063232422	-0.01796400547027588	-0.020573675632476807
s0_so	2	delta	0	wrong	3,4	-0.0546875	18	17	-0.00024362467229366302	-0.00033222511410713196	0.0051236823201179504	-0.0015130937099456787	0.027433892711997032	0.03138933703303337	0.04870670288801193	0.03821875900030136	0.05382585525512695	-0.0049283504486083984	-0.026575326919555664
s0_so	2	delta	0	wrong	2,2	0.0	0	17	0.0	0.0	0.0	0.0	0.027677517384290695	0.0317215621471405	0.04358302056789398	0.03973185271024704	0.0	-7.56978988647461e-05	0.0
s0_so	2	delta	0	wrong	2,1	0.0	0	17	0.0	0.0	0.0	0.0	0.027677517384290695	0.0317215621471405	0.04358302056789398	0.03973185271024704	0.0	-0.0009517669677734375	-0.0007913112640380859
s0_so	2	delta	0	wrong	6,0	0.0	0	17	0.0	0.0	0.0	0.0	0.027677517384290695	0.0317215621471405	0.04358302056789398	0.03973185271024704	0.0	-0.0020099878311157227	-0.0020595788955688477
s0_so	2	delta	0	wrong	5,1	-0.01953125	10	17	0.00018515437841415405	-0.0002132132649421692	0.002164367586374283	-0.0006461963057518005	0.02786267176270485	0.031508348882198334	0.045747388154268265	0.03908565640449524	0.021015167236328125	-0.012071847915649414	-0.00793766975402832
s0_so	2	delta	0	wrong	0,5	-0.015625	4	17	-0.0003643035888671875	-0.0005665160715579987	-4.94346022605896e-06	-0.0009277127683162689	0.027313213795423508	0.031155046075582504	0.04357807710766792	0.03880413994193077	0.019293785095214844	-0.007461726665496826	-0.008690059185028076
s0_so	2	delta	0	wrong	1,4	0.0	0	17	0.0	0.0	0.0	0.0	0.027677517384290695	0.0317215621471405	0.04358302056789398	0.03973185271024704	0.0	-0.0062798261642456055	-0.002751588821411133
s0_so	2	delta	0	wrong	6,7	-0.00390625	1	17	6.780028343200684e-07	-9.968876838684082e-06	-0.00012809038162231445	-3.00481915473938e-05	0.027678195387125015	0.03171159327030182	0.04345493018627167	0.039701804518699646	0.0002608299255371094	-0.01877295970916748	-0.060351401567459106
s0_so	2	delta	0	wrong	3,7	-0.015625	47	17	-0.0007714182138442993	0.000500895082950592	0.0013319775462150574	-0.0001919567584991455	0.026906099170446396	0.032222457230091095	0.04491499811410904	0.039539895951747894	0.13669967651367188	-0.023937702178955078	-0.06539225578308105
s0_so	2	delta	0	wrong	5,6	-0.15234375	101	17	-0.007288411259651184	-0.009366251528263092	0.0036245472729206085	0.0144672691822052	0.02038910612463951	0.02235531061887741	0.04720756784081459	0.05419912189245224	0.6167793273925781	0.14811855554580688	0.42577672004699707
s0_so	2	delta	0	wrong	4,5	-0.01953125	13	17	-0.0011652223765850067	-0.0015834271907806396	-0.0026992186903953552	-0.0007463619112968445	0.02651229500770569	0.030138134956359863	0.04088380187749863	0.038985490798950195	0.05871725082397461	0.014041543006896973	0.030622363090515137
s0_so	2	delta	0	wrong	7,5	0.00390625	7	17	-0.00033982470631599426	-0.00030927732586860657	-0.0022603794932365417	-0.0002775341272354126	0.0273376926779747	0.031412284821271896	0.04132264107465744	0.03945431858301163	0.023683547973632812	0.010166168212890625	0.012915253639221191
s0_so	2	delta	0	wrong	2,4	0.0	0	17	0.0	0.0	0.0	0.0	0.027677517384290695	0.0317215621471405	0.04358302056789398	0.03973185271024704	0.0	-0.0008142590522766113	-0.0004538893699645996
s0_so	2	delta	0	wrong	7,3	-0.00390625	1	17	-0.00032493099570274353	-0.000521000474691391	-9.804219007492065e-05	-0.0003650933504104614	0.02735258638858795	0.031200561672449112	0.04348497837781906	0.03936675935983658	4.482269287109375e-05	-0.0030573606491088867	-0.0002454519271850586
s0_so	2	delta	0	wrong	1,5	-0.01953125	12	17	-0.0007797889411449432	-0.000949125736951828	-0.00413035973906517	-0.0005054809153079987	0.026897728443145752	0.030772436410188675	0.03945266082882881	0.03922637179493904	0.04571819305419922	0.010013341903686523	0.02118360996246338
s0_so	2	delta	0	wrong	4,2	0.0	0	17	0.0	0.0	0.0	0.0	0.027677517384290695	0.0317215621471405	0.04358302056789398	0.03973185271024704	0.0	-0.005912065505981445	-0.017842769622802734
s0_so	2	delta	0	wrong	6,2	-0.00390625	1	17	6.780028343200684e-07	-9.968876838684082e-06	-0.00012809038162231445	-3.00481915473938e-05	0.027678195387125015	0.03171159327030182	0.04345493018627167	0.039701804518699646	7.62939453125e-06	-0.009647965431213379	-0.03829383850097656
s0_so	2	delta	0	wrong	0,1	-0.01171875	7	17	-0.000661797821521759	-0.0005033425986766815	0.00021827220916748047	0.0002873726189136505	0.027015719562768936	0.03121821954846382	0.04380129277706146	0.04001922532916069	0.027578353881835938	0.01059257984161377	0.018956303596496582
s0_so	2	delta	0	wrong	0,3	-0.015625	5	17	-1.2448057532310486e-05	3.7297606468200684e-05	0.00037958472967147827	-5.5145472288131714e-05	0.027665069326758385	0.031758859753608704	0.04396260529756546	0.03967670723795891	0.01798868179321289	0.0014403462409973145	-0.005362749099731445
s0_so	2	delta	0	wrong	3,1	-0.0546875	18	17	0.000319797545671463	0.000631336122751236	0.0040986016392707825	-0.001563839614391327	0.027997314929962158	0.03235289826989174	0.047681622207164764	0.03816801309585571	0.05437469482421875	-0.00653529167175293	-0.03248023986816406
s0_so	2	delta	0	wrong	4,0	-0.00390625	4	17	0.000532831996679306	0.0004544183611869812	-1.395493745803833e-05	-0.00023858994245529175	0.02821034938097	0.032175980508327484	0.043569065630435944	0.03949326276779175	0.010390758514404297	-0.0067217350006103516	-0.0028333663940429688
s0_so	2	delta	0	wrong	6,6	-0.0078125	6	17	-0.00023551471531391144	-0.00013628602027893066	-0.00020819157361984253	-0.0004168786108493805	0.027442002668976784	0.03158527612686157	0.04337482899427414	0.03931497409939766	0.008575439453125	-0.022196650505065918	-0.007640421390533447
s0_so	2	delta	0	wrong	4,1	-0.00390625	2	17	-0.0001261681318283081	-0.00023045390844345093	-7.316470146179199e-06	-0.00020187348127365112	0.027551349252462387	0.03149110823869705	0.0435757040977478	0.03952997922897339	0.002635478973388672	-0.005601286888122559	-0.0017946958541870117
s0_so	2	delta	0	wrong	7,0	-0.0078125	4	17	0.0004002433270215988	0.00011484324932098389	0.00020906329154968262	9.926408529281616e-05	0.028077760711312294	0.03183640539646149	0.043792083859443665	0.039831116795539856	0.010082244873046875	-0.0008178949356079102	0.0022407174110412598
s0_so	2	delta	0	wrong	5,4	-0.015625	8	17	-0.0001305602490901947	-0.0001930445432662964	0.0023611560463905334	-0.0010707452893257141	0.0275469571352005	0.03152851760387421	0.045944176614284515	0.038661107420921326	0.01645183563232422	-0.01298820972442627	-0.011523127555847168
s0_so	2	delta	0	wrong	1,0	-0.00390625	3	17	2.594664692878723e-05	0.00025731325149536133	-4.254281520843506e-06	-0.00016913563013076782	0.027703464031219482	0.031978875398635864	0.04357876628637314	0.03956271708011627	0.005848884582519531	-0.006233572959899902	-0.0030118227005004883
s0_so	2	delta	0	wrong	6,5	-0.01171875	7	17	-0.0010628551244735718	-0.0015102792531251907	-0.002212483435869217	-0.001185871660709381	0.026614662259817123	0.030211282894015312	0.041370537132024765	0.03854598104953766	0.020977020263671875	0.005617022514343262	0.008667826652526855
s0_so	2	delta	0	wrong	3,6	-0.10546875	79	17	-0.006418731063604355	-0.008764542639255524	0.015436328947544098	0.006797440350055695	0.02125878632068634	0.02295701950788498	0.05901934951543808	0.046529293060302734	0.4037818908691406	0.07744961977005005	0.21865195035934448
s0_so	2	delta	0	wrong	3,3	-0.00390625	11	17	-0.001444447785615921	-5.237758159637451e-06	0.01760576292872429	-0.0006216764450073242	0.026233069598674774	0.031716324388980865	0.06118878349661827	0.039110176265239716	0.04626321792602539	0.013056695461273193	0.03319501876831055
s0_so	2	delta	0	wrong	0,6	-0.06640625	33	17	-0.0011532343924045563	0.0005231201648712158	0.002003617584705353	0.009857002645730972	0.02652428299188614	0.03224468231201172	0.045586638152599335	0.04958885535597801	0.1646265983581543	0.035604774951934814	0.06780445575714111
s0_so	2	delta	0	wrong	0,4	-0.01171875	7	17	-0.0007382035255432129	-0.000519629567861557	0.0005378276109695435	0.0001874789595603943	0.026939313858747482	0.031201932579278946	0.044120848178863525	0.039919331669807434	0.02510833740234375	0.008957147598266602	0.01674675941467285
s0_so	2	delta	0	wrong	0,0	-0.0234375	10	17	0.0003172513097524643	0.00010172650218009949	8.493661880493164e-07	0.002321939915418625	0.02799476869404316	0.0318232886493206	0.04358386993408203	0.042053792625665665	0.037485599517822266	0.00044524669647216797	-0.01794302463531494
s0_so	2	delta	0	wrong	7,4	0.0	0	17	0.0	0.0	0.0	0.0	0.027677517384290695	0.0317215621471405	0.04358302056789398	0.03973185271024704	0.0	-0.00681614875793457	-0.006604909896850586
s0_so	2	delta	0	wrong	7,2	0.0	0	17	0.0	0.0	0.0	0.0	0.027677517384290695	0.0317215621471405	0.04358302056789398	0.03973185271024704	0.0	-0.0017328262329101562	-0.008249640464782715
s0_so	2	delta	0	wrong	6,3	0.0	0	17	0.0	0.0	0.0	0.0	0.027677517384290695	0.0317215621471405	0.04358302056789398	0.03973185271024704	0.0	-0.0028210878372192383	-0.0027292966842651367
s0_so	2	delta	0	wrong	5,3	-0.03515625	25	17	-0.0011660978198051453	-0.001076841726899147	0.017203249037265778	-0.001529451459646225	0.02651141956448555	0.030644720420241356	0.06078626960515976	0.038202401250600815	0.10607576370239258	0.020845234394073486	0.05051100254058838
s0_so	2	delta	0	wrong	0,2	0.0	0	17	0.0	0.0	0.0	0.0	0.027677517384290695	0.0317215621471405	0.04358302056789398	0.03973185271024704	0.0	-0.0008741617202758789	-0.004434466361999512
s0_so	2	delta	0	wrong	5,5	-0.1015625	51	17	-0.008975919336080551	-0.009871970862150192	-0.002887934446334839	0.0011802129447460175	0.018701598048210144	0.02184959128499031	0.04069508612155914	0.04091206565499306	0.31432056427001953	0.08800530433654785	0.2375200390815735
s0_so	2	delta	0	wrong	4,3	-0.00390625	4	17	8.374638855457306e-05	0.0002894550561904907	0.002601396292448044	-0.00012690946459770203	0.027761263772845268	0.032011017203330994	0.046184416860342026	0.03960494324564934	0.001468658447265625	-0.008798003196716309	-0.006061136722564697
s0_so	2	delta	0	wrong	2,3	0.0	0	17	0.0	0.0	0.0	0.0	0.027677517384290695	0.0317215621471405	0.04358302056789398	0.03973185271024704	0.0	-0.0006212592124938965	0.0
s0_so	2	delta	0	wrong	6,4	0.0	0	17	0.0	0.0	0.0	0.0	0.027677517384290695	0.0317215621471405	0.04358302056789398	0.03973185271024704	0.0	-0.004262566566467285	-0.0016564726829528809
s0_so	2	delta	0	wrong	2,0	0.0	1	17	0.00010907649993896484	2.259761095046997e-05	-1.2665987014770508e-07	5.1856040954589844e-05	0.02778659388422966	0.03174415975809097	0.043582893908023834	0.03978370875120163	0.006465911865234375	0.0004654526710510254	0.0013338923454284668
s0_so	2	delta	0	wrong	7,7	-0.00390625	1	17	1.039355993270874e-06	7.450580596923828e-08	-1.2740492820739746e-06	-3.252178430557251e-05	0.027678556740283966	0.03172163665294647	0.04358174651861191	0.03969933092594147	0.0010509490966796875	-0.004659891128540039	-0.023124396800994873
s0_so	2	delta	1	wrong	1,2	0.0	0	17	0.0	0.0	0.0	0.0	0.027677517384290695	0.0317215621471405	0.04358302056789398	0.03973185271024704	0.0	-0.004188835620880127	-0.014045178890228271
s0_so	2	delta	1	wrong	4,4	-0.00390625	1	17	-0.00010987743735313416	-0.00023916363716125488	1.317635178565979e-05	3.11434268951416e-05	0.02756763994693756	0.03148239850997925	0.04359619691967964	0.03976299613714218	0.002185344696044922	-0.0056694746017456055	-0.0018401145935058594
s0_so	2	delta	1	wrong	3,5	-0.05078125	31	17	-0.005522891879081726	-0.007219860330224037	0.0037246346473693848	-0.0016005411744117737	0.02215462550520897	0.024501701816916466	0.04730765521526337	0.038131311535835266	0.1688365936279297	0.05524039268493652	0.134116530418396
s0_so	2	delta	1	wrong	2,7	0.0	0	17	0.0	0.0	0.0	0.0	0.027677517384290695	0.0317215621471405	0.04358302056789398	0.03973185271024704	0.0	-0.002386331558227539	-0.013076543807983398
s0_so	2	delta	1	wrong	5,7	-0.01171875	49	17	0.000523742288351059	0.0005415827035903931	0.000896260142326355	0.001321360468864441	0.028201259672641754	0.032263144850730896	0.04447928071022034	0.04105321317911148	0.1527996063232422	-0.01796400547027588	-0.020573675632476807
s0_so	2	delta	1	wrong	3,4	-0.0546875	18	17	-0.00024362467229366302	-0.00033222511410713196	0.0051236823201179504	-0.0015130937099456787	0.027433892711997032	0.03138933703303337	0.04870670288801193	0.03821875900030136	0.05382585525512695	-0.0049283504486083984	-0.026575326919555664
s0_so	2	delta	1	wrong	2,2	0.0	0	17	0.0	0.0	0.0	0.0	0.027677517384290695	0.0317215621471405	0.04358302056789398	0.03973185271024704	0.0	-7.56978988647461e-05	0.0
s0_so	2	delta	1	wrong	2,1	0.0	0	17	0.0	0.0	0.0	0.0	0.027677517384290695	0.0317215621471405	0.04358302056789398	0.03973185271024704	0.0	-0.0009517669677734375	-0.0007913112640380859
s0_so	2	delta	1	wrong	6,0	0.0	0	17	0.0	0.0	0.0	0.0	0.027677517384290695	0.0317215621471405	0.04358302056789398	0.03973185271024704	0.0	-0.0020099878311157227	-0.0020595788955688477
s0_so	2	delta	1	wrong	5,1	-0.01953125	10	17	0.00018515437841415405	-0.0002132132649421692	0.002164367586374283	-0.0006461963057518005	0.02786267176270485	0.031508348882198334	0.045747388154268265	0.03908565640449524	0.021015167236328125	-0.012071847915649414	-0.00793766975402832
s0_so	2	delta	1	wrong	0,5	-0.015625	4	17	-0.0003643035888671875	-0.0005665160715579987	-4.94346022605896e-06	-0.0009277127683162689	0.027313213795423508	0.031155046075582504	0.04357807710766792	0.03880413994193077	0.019293785095214844	-0.007461726665496826	-0.008690059185028076
s0_so	2	delta	1	wrong	1,4	0.0	0	17	0.0	0.0	0.0	0.0	0.027677517384290695	0.0317215621471405	0.04358302056789398	0.03973185271024704	0.0	-0.0062798261642456055	-0.002751588821411133
s0_so	2	delta	1	wrong	6,7	-0.00390625	1	17	6.780028343200684e-07	-9.968876838684082e-06	-0.00012809038162231445	-3.00481915473938e-05	0.027678195387125015	0.03171159327030182	0.04345493018627167	0.039701804518699646	0.0002608299255371094	-0.01877295970916748	-0.060351401567459106
s0_so	2	delta	1	wrong	3,7	-0.015625	47	17	-0.0007714182138442993	0.000500895082950592	0.0013319775462150574	-0.0001919567584991455	0.026906099170446396	0.032222457230091095	0.04491499811410904	0.039539895951747894	0.13669967651367188	-0.023937702178955078	-0.06539225578308105
s0_so	2	delta	1	wrong	5,6	-0.15234375	101	17	-0.007288411259651184	-0.009366251528263092	0.0036245472729206085	0.0144672691822052	0.02038910612463951	0.02235531061887741	0.04720756784081459	0.05419912189245224	0.6167793273925781	0.14811855554580688	0.42577672004699707
s0_so	2	delta	1	wrong	4,5	-0.01953125	13	17	-0.0011652223765850067	-0.0015834271907806396	-0.0026992186903953552	-0.0007463619112968445	0.02651229500770569	0.030138134956359863	0.04088380187749863	0.038985490798950195	0.05871725082397461	0.014041543006896973	0.030622363090515137
s0_so	2	delta	1	wrong	7,5	0.00390625	7	17	-0.00033982470631599426	-0.00030927732586860657	-0.0022603794932365417	-0.0002775341272354126	0.0273376926779747	0.031412284821271896	0.04132264107465744	0.03945431858301163	0.023683547973632812	0.010166168212890625	0.012915253639221191
s0_so	2	delta	1	wrong	2,4	0.0	0	17	0.0	0.0	0.0	0.0	0.027677517384290695	0.0317215621471405	0.04358302056789398	0.03973185271024704	0.0	-0.0008142590522766113	-0.0004538893699645996
s0_so	2	delta	1	wrong	7,3	-0.00390625	1	17	-0.00032493099570274353	-0.000521000474691391	-9.804219007492065e-05	-0.0003650933504104614	0.02735258638858795	0.031200561672449112	0.04348497837781906	0.03936675935983658	4.482269287109375e-05	-0.0030573606491088867	-0.0002454519271850586
s0_so	2	delta	1	wrong	1,5	-0.01953125	12	17	-0.0007797889411449432	-0.000949125736951828	-0.00413035973906517	-0.0005054809153079987	0.026897728443145752	0.030772436410188675	0.03945266082882881	0.03922637179493904	0.04571819305419922	0.010013341903686523	0.02118360996246338
s0_so	2	delta	1	wrong	4,2	0.0	0	17	0.0	0.0	0.0	0.0	0.027677517384290695	0.0317215621471405	0.04358302056789398	0.03973185271024704	0.0	-0.005912065505981445	-0.017842769622802734
s0_so	2	delta	1	wrong	6,2	-0.00390625	1	17	6.780028343200684e-07	-9.968876838684082e-06	-0.00012809038162231445	-3.00481915473938e-05	0.027678195387125015	0.03171159327030182	0.04345493018627167	0.039701804518699646	7.62939453125e-06	-0.009647965431213379	-0.03829383850097656
s0_so	2	delta	1	wrong	0,1	-0.01171875	7	17	-0.000661797821521759	-0.0005033425986766815	0.00021827220916748047	0.0002873726189136505	0.027015719562768936	0.03121821954846382	0.04380129277706146	0.04001922532916069	0.027578353881835938	0.01059257984161377	0.018956303596496582
s0_so	2	delta	1	wrong	0,3	-0.015625	5	17	-1.2448057532310486e-05	3.7297606468200684e-05	0.00037958472967147827	-5.5145472288131714e-05	0.027665069326758385	0.031758859753608704	0.04396260529756546	0.03967670723795891	0.01798868179321289	0.0014403462409973145	-0.005362749099731445
s0_so	2	delta	1	wrong	3,1	-0.0546875	18	17	0.000319797545671463	0.000631336122751236	0.0040986016392707825	-0.001563839614391327	0.027997314929962158	0.03235289826989174	0.047681622207164764	0.03816801309585571	0.05437469482421875	-0.00653529167175293	-0.03248023986816406
s0_so	2	delta	1	wrong	4,0	-0.00390625	4	17	0.000532831996679306	0.0004544183611869812	-1.395493745803833e-05	-0.00023858994245529175	0.02821034938097	0.032175980508327484	0.043569065630435944	0.03949326276779175	0.010390758514404297	-0.0067217350006103516	-0.0028333663940429688
s0_so	2	delta	1	wrong	6,6	-0.0078125	6	17	-0.00023551471531391144	-0.00013628602027893066	-0.00020819157361984253	-0.0004168786108493805	0.027442002668976784	0.03158527612686157	0.04337482899427414	0.03931497409939766	0.008575439453125	-0.022196650505065918	-0.007640421390533447
s0_so	2	delta	1	wrong	4,1	-0.00390625	2	17	-0.0001261681318283081	-0.00023045390844345093	-7.316470146179199e-06	-0.00020187348127365112	0.027551349252462387	0.03149110823869705	0.0435757040977478	0.03952997922897339	0.002635478973388672	-0.005601286888122559	-0.0017946958541870117
s0_so	2	delta	1	wrong	7,0	-0.0078125	4	17	0.0004002433270215988	0.00011484324932098389	0.00020906329154968262	9.926408529281616e-05	0.028077760711312294	0.03183640539646149	0.043792083859443665	0.039831116795539856	0.010082244873046875	-0.0008178949356079102	0.0022407174110412598
s0_so	2	delta	1	wrong	5,4	-0.015625	8	17	-0.0001305602490901947	-0.0001930445432662964	0.0023611560463905334	-0.0010707452893257141	0.0275469571352005	0.03152851760387421	0.045944176614284515	0.038661107420921326	0.01645183563232422	-0.01298820972442627	-0.011523127555847168
s0_so	2	delta	1	wrong	1,0	-0.00390625	3	17	2.594664692878723e-05	0.00025731325149536133	-4.254281520843506e-06	-0.00016913563013076782	0.027703464031219482	0.031978875398635864	0.04357876628637314	0.03956271708011627	0.005848884582519531	-0.006233572959899902	-0.0030118227005004883
s0_so	2	delta	1	wrong	6,5	-0.01171875	7	17	-0.0010628551244735718	-0.0015102792531251907	-0.002212483435869217	-0.001185871660709381	0.026614662259817123	0.030211282894015312	0.041370537132024765	0.03854598104953766	0.020977020263671875	0.005617022514343262	0.008667826652526855
s0_so	2	delta	1	wrong	3,6	-0.10546875	79	17	-0.006418731063604355	-0.008764542639255524	0.015436328947544098	0.006797440350055695	0.02125878632068634	0.02295701950788498	0.05901934951543808	0.046529293060302734	0.4037818908691406	0.07744961977005005	0.21865195035934448
s0_so	2	delta	1	wrong	3,3	-0.00390625	11	17	-0.001444447785615921	-5.237758159637451e-06	0.01760576292872429	-0.0006216764450073242	0.026233069598674774	0.031716324388980865	0.06118878349661827	0.039110176265239716	0.04626321792602539	0.013056695461273193	0.03319501876831055
s0_so	2	delta	1	wrong	0,6	-0.06640625	33	17	-0.0011532343924045563	0.0005231201648712158	0.002003617584705353	0.009857002645730972	0.02652428299188614	0.03224468231201172	0.045586638152599335	0.04958885535597801	0.1646265983581543	0.035604774951934814	0.06780445575714111
s0_so	2	delta	1	wrong	0,4	-0.01171875	7	17	-0.0007382035255432129	-0.000519629567861557	0.0005378276109695435	0.0001874789595603943	0.026939313858747482	0.031201932579278946	0.044120848178863525	0.039919331669807434	0.02510833740234375	0.008957147598266602	0.01674675941467285
s0_so	2	delta	1	wrong	0,0	-0.0234375	10	17	0.0003172513097524643	0.00010172650218009949	8.493661880493164e-07	0.002321939915418625	0.02799476869404316	0.0318232886493206	0.04358386993408203	0.042053792625665665	0.037485599517822266	0.00044524669647216797	-0.01794302463531494
s0_so	2	delta	1	wrong	7,4	0.0	0	17	0.0	0.0	0.0	0.0	0.027677517384290695	0.0317215621471405	0.04358302056789398	0.03973185271024704	0.0	-0.00681614875793457	-0.006604909896850586
s0_so	2	delta	1	wrong	7,2	0.0	0	17	0.0	0.0	0.0	0.0	0.027677517384290695	0.0317215621471405	0.04358302056789398	0.03973185271024704	0.0	-0.0017328262329101562	-0.008249640464782715
s0_so	2	delta	1	wrong	6,3	0.0	0	17	0.0	0.0	0.0	0.0	0.027677517384290695	0.0317215621471405	0.04358302056789398	0.03973185271024704	0.0	-0.0028210878372192383	-0.0027292966842651367
s0_so	2	delta	1	wrong	5,3	-0.03515625	25	17	-0.0011660978198051453	-0.001076841726899147	0.017203249037265778	-0.001529451459646225	0.02651141956448555	0.030644720420241356	0.06078626960515976	0.038202401250600815	0.10607576370239258	0.020845234394073486	0.05051100254058838
s0_so	2	delta	1	wrong	0,2	0.0	0	17	0.0	0.0	0.0	0.0	0.027677517384290695	0.0317215621471405	0.04358302056789398	0.03973185271024704	0.0	-0.0008741617202758789	-0.004434466361999512
s0_so	2	delta	1	wrong	5,5	-0.1015625	51	17	-0.008975919336080551	-0.009871970862150192	-0.002887934446334839	0.0011802129447460175	0.018701598048210144	0.02184959128499031	0.04069508612155914	0.04091206565499306	0.31432056427001953	0.08800530433654785	0.2375200390815735
s0_so	2	delta	1	wrong	4,3	-0.00390625	4	17	8.374638855457306e-05	0.0002894550561904907	0.002601396292448044	-0.00012690946459770203	0.027761263772845268	0.032011017203330994	0.046184416860342026	0.03960494324564934	0.001468658447265625	-0.008798003196716309	-0.006061136722564697
s0_so	2	delta	1	wrong	2,3	0.0	0	17	0.0	0.0	0.0	0.0	0.027677517384290695	0.0317215621471405	0.04358302056789398	0.03973185271024704	0.0	-0.0006212592124938965	0.0
s0_so	2	delta	1	wrong	6,4	0.0	0	17	0.0	0.0	0.0	0.0	0.027677517384290695	0.0317215621471405	0.04358302056789398	0.03973185271024704	0.0	-0.004262566566467285	-0.0016564726829528809
s0_so	2	delta	1	wrong	2,0	0.0	1	17	0.00010907649993896484	2.259761095046997e-05	-1.2665987014770508e-07	5.1856040954589844e-05	0.02778659388422966	0.03174415975809097	0.043582893908023834	0.03978370875120163	0.006465911865234375	0.0004654526710510254	0.0013338923454284668
s0_so	2	delta	1	wrong	7,7	-0.00390625	1	17	1.039355993270874e-06	7.450580596923828e-08	-1.2740492820739746e-06	-3.252178430557251e-05	0.027678556740283966	0.03172163665294647	0.04358174651861191	0.03969933092594147	0.0010509490966796875	-0.004659891128540039	-0.023124396800994873
s0_so	2	delta	2	wrong	1,2	0.0	0	17	0.0	0.0	0.0	0.0	0.027677517384290695	0.0317215621471405	0.04358302056789398	0.03973185271024704	0.0	-0.004188835620880127	-0.014045178890228271
s0_so	2	delta	2	wrong	4,4	-0.00390625	1	17	-0.00010987743735313416	-0.00023916363716125488	1.317635178565979e-05	3.11434268951416e-05	0.02756763994693756	0.03148239850997925	0.04359619691967964	0.03976299613714218	0.002185344696044922	-0.0056694746017456055	-0.0018401145935058594
s0_so	2	delta	2	wrong	3,5	-0.05078125	31	17	-0.005522891879081726	-0.007219860330224037	0.0037246346473693848	-0.0016005411744117737	0.02215462550520897	0.024501701816916466	0.04730765521526337	0.038131311535835266	0.1688365936279297	0.05524039268493652	0.134116530418396
s0_so	2	delta	2	wrong	2,7	0.0	0	17	0.0	0.0	0.0	0.0	0.027677517384290695	0.0317215621471405	0.04358302056789398	0.03973185271024704	0.0	-0.002386331558227539	-0.013076543807983398
s0_so	2	delta	2	wrong	5,7	-0.01171875	49	17	0.000523742288351059	0.0005415827035903931	0.000896260142326355	0.001321360468864441	0.028201259672641754	0.032263144850730896	0.04447928071022034	0.04105321317911148	0.1527996063232422	-0.01796400547027588	-0.020573675632476807
s0_so	2	delta	2	wrong	3,4	-0.0546875	18	17	-0.00024362467229366302	-0.00033222511410713196	0.0051236823201179504	-0.0015130937099456787	0.027433892711997032	0.03138933703303337	0.04870670288801193	0.03821875900030136	0.05382585525512695	-0.0049283504486083984	-0.026575326919555664
s0_so	2	delta	2	wrong	2,2	0.0	0	17	0.0	0.0	0.0	0.0	0.027677517384290695	0.0317215621471405	0.04358302056789398	0.03973185271024704	0.0	-7.56978988647461e-05	0.0
s0_so	2	delta	2	wrong	2,1	0.0	0	17	0.0	0.0	0.0	0.0	0.027677517384290695	0.0317215621471405	0.04358302056789398	0.03973185271024704	0.0	-0.0009517669677734375	-0.0007913112640380859
s0_so	2	delta	2	wrong	6,0	0.0	0	17	0.0	0.0	0.0	0.0	0.027677517384290695	0.0317215621471405	0.04358302056789398	0.03973185271024704	0.0	-0.0020099878311157227	-0.0020595788955688477
s0_so	2	delta	2	wrong	5,1	-0.01953125	10	17	0.00018515437841415405	-0.0002132132649421692	0.002164367586374283	-0.0006461963057518005	0.02786267176270485	0.031508348882198334	0.045747388154268265	0.03908565640449524	0.021015167236328125	-0.012071847915649414	-0.00793766975402832
s0_so	2	delta	2	wrong	0,5	-0.015625	4	17	-0.0003643035888671875	-0.0005665160715579987	-4.94346022605896e-06	-0.0009277127683162689	0.027313213795423508	0.031155046075582504	0.04357807710766792	0.03880413994193077	0.019293785095214844	-0.007461726665496826	-0.008690059185028076
s0_so	2	delta	2	wrong	1,4	0.0	0	17	0.0	0.0	0.0	0.0	0.027677517384290695	0.0317215621471405	0.04358302056789398	0.03973185271024704	0.0	-0.0062798261642456055	-0.002751588821411133
s0_so	2	delta	2	wrong	6,7	-0.00390625	1	17	6.780028343200684e-07	-9.968876838684082e-06	-0.00012809038162231445	-3.00481915473938e-05	0.027678195387125015	0.03171159327030182	0.04345493018627167	0.039701804518699646	0.0002608299255371094	-0.01877295970916748	-0.060351401567459106
s0_so	2	delta	2	wrong	3,7	-0.015625	47	17	-0.0007714182138442993	0.000500895082950592	0.0013319775462150574	-0.0001919567584991455	0.026906099170446396	0.032222457230091095	0.04491499811410904	0.039539895951747894	0.13669967651367188	-0.023937702178955078	-0.06539225578308105
s0_so	2	delta	2	wrong	5,6	-0.15234375	101	17	-0.007288411259651184	-0.009366251528263092	0.0036245472729206085	0.0144672691822052	0.02038910612463951	0.02235531061887741	0.04720756784081459	0.05419912189245224	0.6167793273925781	0.14811855554580688	0.42577672004699707
s0_so	2	delta	2	wrong	4,5	-0.01953125	13	17	-0.0011652223765850067	-0.0015834271907806396	-0.0026992186903953552	-0.0007463619112968445	0.02651229500770569	0.030138134956359863	0.04088380187749863	0.038985490798950195	0.05871725082397461	0.014041543006896973	0.030622363090515137
s0_so	2	delta	2	wrong	7,5	0.00390625	7	17	-0.00033982470631599426	-0.00030927732586860657	-0.0022603794932365417	-0.0002775341272354126	0.0273376926779747	0.031412284821271896	0.04132264107465744	0.03945431858301163	0.023683547973632812	0.010166168212890625	0.012915253639221191
s0_so	2	delta	2	wrong	2,4	0.0	0	17	0.0	0.0	0.0	0.0	0.027677517384290695	0.0317215621471405	0.04358302056789398	0.03973185271024704	0.0	-0.0008142590522766113	-0.0004538893699645996
s0_so	2	delta	2	wrong	7,3	-0.00390625	1	17	-0.00032493099570274353	-0.000521000474691391	-9.804219007492065e-05	-0.0003650933504104614	0.02735258638858795	0.031200561672449112	0.04348497837781906	0.03936675935983658	4.482269287109375e-05	-0.0030573606491088867	-0.0002454519271850586
s0_so	2	delta	2	wrong	1,5	-0.01953125	12	17	-0.0007797889411449432	-0.000949125736951828	-0.00413035973906517	-0.0005054809153079987	0.026897728443145752	0.030772436410188675	0.03945266082882881	0.03922637179493904	0.04571819305419922	0.010013341903686523	0.02118360996246338
s0_so	2	delta	2	wrong	4,2	0.0	0	17	0.0	0.0	0.0	0.0	0.027677517384290695	0.0317215621471405	0.04358302056789398	0.03973185271024704	0.0	-0.005912065505981445	-0.017842769622802734
s0_so	2	delta	2	wrong	6,2	-0.00390625	1	17	6.780028343200684e-07	-9.968876838684082e-06	-0.00012809038162231445	-3.00481915473938e-05	0.027678195387125015	0.03171159327030182	0.04345493018627167	0.039701804518699646	7.62939453125e-06	-0.009647965431213379	-0.03829383850097656
s0_so	2	delta	2	wrong	0,1	-0.01171875	7	17	-0.000661797821521759	-0.0005033425986766815	0.00021827220916748047	0.0002873726189136505	0.027015719562768936	0.03121821954846382	0.04380129277706146	0.04001922532916069	0.027578353881835938	0.01059257984161377	0.018956303596496582
s0_so	2	delta	2	wrong	0,3	-0.015625	5	17	-1.2448057532310486e-05	3.7297606468200684e-05	0.00037958472967147827	-5.5145472288131714e-05	0.027665069326758385	0.031758859753608704	0.04396260529756546	0.03967670723795891	0.01798868179321289	0.0014403462409973145	-0.005362749099731445
s0_so	2	delta	2	wrong	3,1	-0.0546875	18	17	0.000319797545671463	0.000631336122751236	0.0040986016392707825	-0.001563839614391327	0.027997314929962158	0.03235289826989174	0.047681622207164764	0.03816801309585571	0.05437469482421875	-0.00653529167175293	-0.03248023986816406
s0_so	2	delta	2	wrong	4,0	-0.00390625	4	17	0.000532831996679306	0.0004544183611869812	-1.395493745803833e-05	-0.00023858994245529175	0.02821034938097	0.032175980508327484	0.043569065630435944	0.03949326276779175	0.010390758514404297	-0.0067217350006103516	-0.0028333663940429688
s0_so	2	delta	2	wrong	6,6	-0.0078125	6	17	-0.00023551471531391144	-0.00013628602027893066	-0.00020819157361984253	-0.0004168786108493805	0.027442002668976784	0.03158527612686157	0.04337482899427414	0.03931497409939766	0.008575439453125	-0.022196650505065918	-0.007640421390533447
s0_so	2	delta	2	wrong	4,1	-0.00390625	2	17	-0.0001261681318283081	-0.00023045390844345093	-7.316470146179199e-06	-0.00020187348127365112	0.027551349252462387	0.03149110823869705	0.0435757040977478	0.03952997922897339	0.002635478973388672	-0.005601286888122559	-0.0017946958541870117
s0_so	2	delta	2	wrong	7,0	-0.0078125	4	17	0.0004002433270215988	0.00011484324932098389	0.00020906329154968262	9.926408529281616e-05	0.028077760711312294	0.03183640539646149	0.043792083859443665	0.039831116795539856	0.010082244873046875	-0.0008178949356079102	0.0022407174110412598
s0_so	2	delta	2	wrong	5,4	-0.015625	8	17	-0.0001305602490901947	-0.0001930445432662964	0.0023611560463905334	-0.0010707452893257141	0.0275469571352005	0.03152851760387421	0.045944176614284515	0.038661107420921326	0.01645183563232422	-0.01298820972442627	-0.011523127555847168
s0_so	2	delta	2	wrong	1,0	-0.00390625	3	17	2.594664692878723e-05	0.00025731325149536133	-4.254281520843506e-06	-0.00016913563013076782	0.027703464031219482	0.031978875398635864	0.04357876628637314	0.03956271708011627	0.005848884582519531	-0.006233572959899902	-0.0030118227005004883
s0_so	2	delta	2	wrong	6,5	-0.01171875	7	17	-0.0010628551244735718	-0.0015102792531251907	-0.002212483435869217	-0.001185871660709381	0.026614662259817123	0.030211282894015312	0.041370537132024765	0.03854598104953766	0.020977020263671875	0.005617022514343262	0.008667826652526855
s0_so	2	delta	2	wrong	3,6	-0.10546875	79	17	-0.006418731063604355	-0.008764542639255524	0.015436328947544098	0.006797440350055695	0.02125878632068634	0.02295701950788498	0.05901934951543808	0.046529293060302734	0.4037818908691406	0.07744961977005005	0.21865195035934448
s0_so	2	delta	2	wrong	3,3	-0.00390625	11	17	-0.001444447785615921	-5.237758159637451e-06	0.01760576292872429	-0.0006216764450073242	0.026233069598674774	0.031716324388980865	0.06118878349661827	0.039110176265239716	0.04626321792602539	0.013056695461273193	0.03319501876831055
s0_so	2	delta	2	wrong	0,6	-0.06640625	33	17	-0.0011532343924045563	0.0005231201648712158	0.002003617584705353	0.009857002645730972	0.02652428299188614	0.03224468231201172	0.045586638152599335	0.04958885535597801	0.1646265983581543	0.035604774951934814	0.06780445575714111
s0_so	2	delta	2	wrong	0,4	-0.01171875	7	17	-0.0007382035255432129	-0.000519629567861557	0.0005378276109695435	0.0001874789595603943	0.026939313858747482	0.031201932579278946	0.044120848178863525	0.039919331669807434	0.02510833740234375	0.008957147598266602	0.01674675941467285
s0_so	2	delta	2	wrong	0,0	-0.0234375	10	17	0.0003172513097524643	0.00010172650218009949	8.493661880493164e-07	0.002321939915418625	0.02799476869404316	0.0318232886493206	0.04358386993408203	0.042053792625665665	0.037485599517822266	0.00044524669647216797	-0.01794302463531494
s0_so	2	delta	2	wrong	7,4	0.0	0	17	0.0	0.0	0.0	0.0	0.027677517384290695	0.0317215621471405	0.04358302056789398	0.03973185271024704	0.0	-0.00681614875793457	-0.006604909896850586
s0_so	2	delta	2	wrong	7,2	0.0	0	17	0.0	0.0	0.0	0.0	0.027677517384290695	0.0317215621471405	0.04358302056789398	0.03973185271024704	0.0	-0.0017328262329101562	-0.008249640464782715
s0_so	2	delta	2	wrong	6,3	0.0	0	17	0.0	0.0	0.0	0.0	0.027677517384290695	0.0317215621471405	0.04358302056789398	0.03973185271024704	0.0	-0.0028210878372192383	-0.0027292966842651367
s0_so	2	delta	2	wrong	5,3	-0.03515625	25	17	-0.0011660978198051453	-0.001076841726899147	0.017203249037265778	-0.001529451459646225	0.02651141956448555	0.030644720420241356	0.06078626960515976	0.038202401250600815	0.10607576370239258	0.020845234394073486	0.05051100254058838
s0_so	2	delta	2	wrong	0,2	0.0	0	17	0.0	0.0	0.0	0.0	0.027677517384290695	0.0317215621471405	0.04358302056789398	0.03973185271024704	0.0	-0.0008741617202758789	-0.004434466361999512
s0_so	2	delta	2	wrong	5,5	-0.1015625	51	17	-0.008975919336080551	-0.009871970862150192	-0.002887934446334839	0.0011802129447460175	0.018701598048210144	0.02184959128499031	0.04069508612155914	0.04091206565499306	0.31432056427001953	0.08800530433654785	0.2375200390815735
s0_so	2	delta	2	wrong	4,3	-0.00390625	4	17	8.374638855457306e-05	0.0002894550561904907	0.002601396292448044	-0.00012690946459770203	0.027761263772845268	0.032011017203330994	0.046184416860342026	0.03960494324564934	0.001468658447265625	-0.008798003196716309	-0.006061136722564697
s0_so	2	delta	2	wrong	2,3	0.0	0	17	0.0	0.0	0.0	0.0	0.027677517384290695	0.0317215621471405	0.04358302056789398	0.03973185271024704	0.0	-0.0006212592124938965	0.0
s0_so	2	delta	2	wrong	6,4	0.0	0	17	0.0	0.0	0.0	0.0	0.027677517384290695	0.0317215621471405	0.04358302056789398	0.03973185271024704	0.0	-0.004262566566467285	-0.0016564726829528809
s0_so	2	delta	2	wrong	2,0	0.0	1	17	0.00010907649993896484	2.259761095046997e-05	-1.2665987014770508e-07	5.1856040954589844e-05	0.02778659388422966	0.03174415975809097	0.043582893908023834	0.03978370875120163	0.006465911865234375	0.0004654526710510254	0.0013338923454284668
s0_so	2	delta	2	wrong	7,7	-0.00390625	1	17	1.039355993270874e-06	7.450580596923828e-08	-1.2740492820739746e-06	-3.252178430557251e-05	0.027678556740283966	0.03172163665294647	0.04358174651861191	0.03969933092594147	0.0010509490966796875	-0.004659891128540039	-0.023124396800994873
s0_so	2	single	-1	true	5,0	0.18359375	-1	1					0.02722681313753128	0.028412658721208572	0.0319710448384285	0.03909079730510712	1.5031431913375854	0.0	0.0
s0_so	2	single	-1	true	3,0	0.18359375	-1	1					0.019630035385489464	0.022163594141602516	0.05876658856868744	0.037216365337371826	1.2025210857391357	0.0	0.0
s0_so	2	single	-1	true	4,6	0.0234375	-1	1					0.008817941881716251	0.01039305329322815	0.03739033639431	0.024183131754398346	2.5239009857177734	0.0	0.0
s0_so	2	single	-1	true	1,3	0.0234375	-1	1					0.006490348372608423	0.009661789983510971	0.06613613665103912	0.019622471183538437	-0.4394368529319763	0.0	0.0
s0_so	2	single	-1	true	3,2	0.1640625	-1	1					0.021962225437164307	0.03043358214199543	0.05325046181678772	0.028107305988669395	1.1228983402252197	0.0	0.0
s0_so	2	single	-1	true	7,1	0.1640625	-1	1					0.023963604122400284	0.02640347182750702	0.03835025802254677	0.027412205934524536	-1.371838927268982	0.0	0.0
s0_so	2	single	-1	true	5,0	0.18359375	-1	1					0.02722681313753128	0.028412658721208572	0.0319710448384285	0.03909079730510712	1.5031431913375854	0.0	0.0
s0_so	2	single	-1	true	7,6	0.4296875	-1	1					0.03652554750442505	0.04771241173148155	0.05059479922056198	0.05323614180088043	1.3080061674118042	0.0	0.0
s0_so	2	single	-1	true	2,5	0.21484375	-1	1					0.025093073025345802	0.029873715713620186	0.02354544959962368	0.02408241294324398	-1.528543472290039	0.0	0.0
s0_so	2	single	-1	true	5,2	0.21484375	-1	1					0.027638476341962814	0.030738551169633865	0.042887188494205475	0.03188764303922653	1.4235203266143799	0.0	0.0
s0_so	2	single	-1	true	7,6	0.4296875	-1	1					0.03652554750442505	0.04771241173148155	0.05059479922056198	0.05323614180088043	1.3080061674118042	0.0	0.0
s0_so	2	single	-1	true	1,1	0.21484375	-1	1					0.015379244461655617	0.015423527918756008	0.020954612642526627	0.0224846713244915	-0.32997754216194153	0.0	0.0
s0_so	2	single	-1	true	0,7	0.21484375	-1	1					0.039414092898368835	0.05095778405666351	0.0489104688167572	0.06736099720001221	-0.6478719711303711	0.0	0.0
s0_so	2	single	-1	true	2,6	0.4296875	-1	1					0.03652554750442505	0.04771241173148155	0.05059479922056198	0.05323614180088043	0.3992116451263428	0.0	0.0
s0_so	2	single	-1	true	1,6	0.1640625	-1	1					0.0084230937063694	0.013362981379032135	0.028129370883107185	0.042264584451913834	2.349867343902588	0.0	0.0
s0_so	2	single	-1	true	6,1	0.1640625	-1	1					0.021220318973064423	0.016852620989084244	0.053242579102516174	0.011686328798532486	-1.58367919921875	0.0	0.0
s0_so	2	single	-1	wrong	1,2	0.0	-1	1					0.01761285960674286	0.015370052307844162	0.027103696018457413	0.021799486130475998	0.011234955862164497	0.0	0.0
s0_so	2	single	-1	wrong	4,4	0.0	-1	1					0.0058931149542331696	0.006704631261527538	0.07999281585216522	0.03260035440325737	-0.26790669560432434	0.0	0.0
s0_so	2	single	-1	wrong	3,5	0.0	-1	1					0.004537082277238369	0.003821302205324173	0.052897900342941284	0.026275398209691048	1.533775806427002	0.0	0.0
s0_so	2	single	-1	wrong	2,7	0.0	-1	1					0.028654666617512703	0.024595487862825394	0.02471430040895939	0.027330107986927032	-1.0553699731826782	0.0	0.0
s0_so	2	single	-1	wrong	5,7	0.21484375	-1	1					0.027638476341962814	0.030738551169633865	0.042887188494205475	0.03188764303922653	2.3075711727142334	0.0	0.0
s0_so	2	single	-1	wrong	3,4	0.0	-1	1					0.005048336461186409	0.008869162760674953	0.11426753550767899	0.034505873918533325	0.6697231531143188	0.0	0.0
s0_so	2	single	-1	wrong	2,2	0.0	-1	1					0.028654666617512703	0.024595487862825394	0.02471430040895939	0.027330107986927032	-1.9394209384918213	0.0	0.0
s0_so	2	single	-1	wrong	2,1	0.1640625	-1	1					0.023963604122400284	0.02640347182750702	0.03835025802254677	0.027412205934524536	-2.2806334495544434	0.0	0.0
s0_so	2	single	-1	wrong	6,0	0.0	-1	1					0.01177125796675682	0.005830956622958183	0.023329654708504677	0.02910032868385315	-1.162843942642212	0.0	0.0
s0_so	2	single	-1	wrong	5,1	0.0	-1	1					0.035052649676799774	0.044990960508584976	0.05366208404302597	0.02799791470170021	1.0823078155517578	0.0	0.0
s0_so	2	single	-1	wrong	0,5	0.0	-1	1					0.006324159447103739	0.004594471305608749	0.027727534994482994	0.05210970714688301	-1.1210453510284424	0.0	0.0
s0_so	2	single	-1	wrong	1,4	0.0	-1	1					0.004130997695028782	0.0032029636204242706	0.03200072422623634	0.03134531155228615	-0.44194018840789795	0.0	0.0
s0_so	2	single	-1	wrong	6,7	0.0	-1	1					0.00899810716509819	0.004528133198618889	0.040264032781124115	0.01456272229552269	-0.35841578245162964	0.0	0.0
s0_so	2	single	-1	wrong	3,7	0.1640625	-1	1					0.021962225437164307	0.03043358214199543	0.05325046181678772	0.028107305988669395	2.0069491863250732	0.0	0.0
s0_so	2	single	-1	wrong	5,6	0.0	-1	1					0.009662057273089886	0.010236524976789951	0.05626153200864792	0.06433594226837158	3.762152910232544	0.0	0.0
s0_so	2	single	-1	wrong	4,5	0.0	-1	1					0.004965458996593952	0.0036095420364290476	0.025473665446043015	0.018536489456892014	0.5961459875106812	0.0	0.0
s0_so	2	single	-1	wrong	7,5	0.21484375	-1	1					0.025093073025345802	0.029873715713620186	0.02354544959962368	0.02408241294324398	-0.6197489500045776	0.0	0.0
s0_so	2	single	-1	wrong	2,4	0.0	-1	1					0.014815261587500572	0.016121037304401398	0.06622282415628433	0.03204374015331268	-2.3925960063934326	0.0	0.0
s0_so	2	single	-1	wrong	7,3	0.0	-1	1					0.014399371109902859	0.02421984262764454	0.07961072027683258	0.020216405391693115	-1.4812982082366943	0.0	0.0
s0_so	2	single	-1	wrong	1,5	0.0	-1	1					0.013910285197198391	0.018664196133613586	0.014705602079629898	0.02107856795191765	0.42211243510246277	0.0	0.0
s0_so	2	single	-1	wrong	4,2	0.0	-1	1					0.0222794022411108	0.015737691894173622	0.02594856359064579	0.017537089064717293	0.18526849150657654	0.0	0.0
s0_so	2	single	-1	wrong	6,2	0.0	-1	1					0.00899810716509819	0.004528133198618889	0.040264032781124115	0.01456272229552269	-1.242466688156128	0.0	0.0
s0_so	2	single	-1	wrong	0,1	0.0	-1	1					0.01831529289484024	0.023314163088798523	0.03475962579250336	0.055882204324007034	-1.8731353282928467	0.0	0.0
s0_so	2	single	-1	wrong	0,3	0.0	-1	1					0.011917034164071083	0.013301216065883636	0.03667473793029785	0.05132327601313591	-1.9825947284698486	0.0	0.0
s0_so	2	single	-1	wrong	3,1	0.0	-1	1					0.015384877100586891	0.023281127214431763	0.09435729682445526	0.03184126690030098	0.7816858291625977	0.0	0.0
s0_so	2	single	-1	wrong	4,0	0.0	-1	1					0.045047614723443985	0.043438807129859924	0.019740615040063858	0.011755861341953278	0.2648913860321045	0.0	0.0
s0_so	2	single	-1	wrong	6,6	0.0	-1	1					0.008077859878540039	0.004712697118520737	0.06140812858939171	0.0367400087416172	1.0961658954620361	0.0	0.0
s0_so	2	single	-1	wrong	4,1	0.0	-1	1					0.015396496281027794	0.011250888928771019	0.04563272371888161	0.019126633182168007	-0.15594398975372314	0.0	0.0
s0_so	2	single	-1	wrong	7,0	0.0	-1	1					0.06310670077800751	0.08421241492033005	0.014338378794491291	0.03580080717802048	-0.9510034322738647	0.0	0.0
s0_so	2	single	-1	wrong	5,4	0.0	-1	1					0.009032858535647392	0.008586520329117775	0.07637500762939453	0.045399248600006104	0.970345139503479	0.0	0.0
s0_so	2	single	-1	wrong	1,0	0.0	-1	1					0.037955425679683685	0.04550844430923462	0.026786059141159058	0.026174189522862434	0.0908578634262085	0.0	0.0
s0_so	2	single	-1	wrong	6,5	0.0	-1	1					0.005664068274199963	0.002495880238711834	0.034773387014865875	0.011566033586859703	-0.8315891027450562	0.0	0.0
s0_so	2	single	-1	wrong	3,6	0.0	-1	1					0.004394900053739548	0.006501955911517143	0.08482523262500763	0.05921470373868942	3.461530923843384	0.0	0.0
s0_so	2	single	-1	wrong	3,3	0.0	-1	1					0.006176089867949486	0.016609711572527885	0.15734529495239258	0.02765492908656597	0.6722264289855957	0.0	0.0
s0_so	2	single	-1	wrong	0,6	0.0	-1	1					0.017256110906600952	0.018714990466833115	0.052876248955726624	0.14040794968605042	0.8067097663879395	0.0	0.0
s0_so	2	single	-1	wrong	0,4	0.0	-1	1					0.01733151450753212	0.020495081320405006	0.057731207460165024	0.037010110914707184	-1.9850980043411255	0.0	0.0
s0_so	2	single	-1	wrong	0,0	0.0	-1	1					0.015372361987829208	0.01190632302314043	0.028913550078868866	0.11381064355373383	-1.4522998332977295	0.0	0.0
s0_so	2	single	-1	wrong	7,4	0.0	-1	1					0.014815261587500572	0.016121037304401398	0.06622282415628433	0.03204374015331268	-1.4838016033172607	0.0	0.0
s0_so	2	single	-1	wrong	7,2	0.0	-1	1					0.028654666617512703	0.024595487862825394	0.02471430040895939	0.027330107986927032	-1.0306264162063599	0.0	0.0
s0_so	2	single	-1	wrong	6,3	0.0	-1	1					0.011348520405590534	0.014397026970982552	0.1655375063419342	0.009454114362597466	-1.6931384801864624	0.0	0.0
s0_so	2	single	-1	wrong	5,3	0.0	-1	1					0.019070154055953026	0.030142150819301605	0.11443120986223221	0.027513928711414337	0.9728484153747559	0.0	0.0
s0_so	2	single	-1	wrong	0,2	0.21484375	-1	1					0.039414092898368835	0.05095778405666351	0.0489104688167572	0.06736099720001221	-1.5319228172302246	0.0	0.0
s0_so	2	single	-1	wrong	5,5	0.0	-1	1					0.005458129569888115	0.003731421660631895	0.037699174135923386	0.03520622476935387	1.834397792816162	0.0	0.0
s0_so	2	single	-1	wrong	4,3	0.0	-1	1					0.01656263694167137	0.03588118404150009	0.10723720490932465	0.014983844012022018	-0.2654033601284027	0.0	0.0
s0_so	2	single	-1	wrong	2,3	0.0	-1	1					0.014399371109902859	0.02421984262764454	0.07961072027683258	0.020216405391693115	-2.3900928497314453	0.0	0.0
s0_so	2	single	-1	wrong	6,4	0.0	-1	1					0.0045314691960811615	0.002022366737946868	0.08165505528450012	0.009574878960847855	-1.6956418752670288	0.0	0.0
s0_so	2	single	-1	wrong	2,0	0.0	-1	1					0.06310670077800751	0.08421241492033005	0.014338378794491291	0.03580080717802048	-1.8597980737686157	0.0	0.0
s0_so	2	single	-1	wrong	7,7	0.0	-1	1					0.028654666617512703	0.024595487862825394	0.02471430040895939	0.027330107986927032	-0.14657554030418396	0.0	0.0
s0_so	2	single	-1	wrong	1,7	0.0	-1	1					0.01761285960674286	0.015370052307844162	0.027103696018457413	0.021799486130475998	0.8952858448028564	0.0	0.0
s0_so	2	single	-1	wrong	4,7	0.0	-1	1					0.0222794022411108	0.015737691894173622	0.02594856359064579	0.017537089064717293	1.0693193674087524	0.0	0.0
s0_so	3	delta	0	true	4,7	0.04296875	17	47	0.0015707742422819138	0.004713807255029678	0.003669794648885727	0.0010469220578670502	0.027784209698438644	0.034833114594221115	0.049991779029369354	0.05756312981247902	0.028432846069335938	-0.008751928806304932	-0.03515481948852539
s0_so	3	delta	0	true	14,7	-0.0546875	26	47	-0.004738336428999901	-0.00898023135960102	-0.0044753216207027435	-0.0007363483309745789	0.02147509902715683	0.021139075979590416	0.041846662759780884	0.05577985942363739	0.024894237518310547	-0.059514522552490234	-0.10293784737586975
s0_so	3	delta	0	true	15,7	0.0	0	47	0.0	0.0	0.0	0.0	0.02621343545615673	0.030119307339191437	0.04632198438048363	0.05651620775461197	0.0	-0.0002818107604980469	-0.0025137662887573242
s0_so	3	delta	0	true	9,1	-0.00390625	4	47	-3.450363874435425e-05	-7.424503564834595e-06	-9.861215949058533e-05	-6.732717156410217e-05	0.026178931817412376	0.030111882835626602	0.04622337222099304	0.05644888058304787	0.005261421203613281	-0.009366452693939209	-0.0014483332633972168
s0_so	3	delta	0	true	2,8	0.0	0	47	0.0	0.0	0.0	0.0	0.02621343545615673	0.030119307339191437	0.04632198438048363	0.05651620775461197	0.0	-1.2993812561035156e-05	0.0
s0_so	3	delta	0	true	3,8	0.0	0	47	0.0	0.0	0.0	0.0	0.02621343545615673	0.030119307339191437	0.04632198438048363	0.05651620775461197	0.0	-1.4901161193847656e-06	0.0
s0_so	3	delta	0	true	13,5	0.0	0	47	0.0	0.0	0.0	0.0	0.02621343545615673	0.030119307339191437	0.04632198438048363	0.05651620775461197	0.0	-7.43865966796875e-05	0.0
s0_so	3	delta	0	true	0,4	0.0	22	47	-0.0002142246812582016	-4.067271947860718e-05	0.001705218106508255	-0.0005376487970352173	0.02599921077489853	0.03007863461971283	0.04802720248699188	0.05597855895757675	0.023011207580566406	-0.0065381526947021484	-0.010278165340423584
s0_so	3	delta	0	true	1,5	-0.00390625	9	47	-0.00068674236536026	-0.0005486570298671722	0.0003425590693950653	1.2721866369247437e-05	0.02552669309079647	0.029570650309324265	0.04666454344987869	0.056528929620981216	0.004543304443359375	-0.03324025869369507	-0.027966678142547607
s0_so	3	delta	0	true	12,9	0.0	0	47	0.0	0.0	0.0	0.0	0.02621343545615673	0.030119307339191437	0.04632198438048363	0.05651620775461197	0.0	-2.8014183044433594e-06	0.0
s0_so	3	delta	0	true	0,13	-0.01171875	61	47	-0.004308229312300682	-0.004750266671180725	-0.0009355731308460236	0.0013723745942115784	0.02190520614385605	0.02536904066801071	0.045386411249637604	0.05788858234882355	0.08189630508422852	0.0008643865585327148	-0.02904379367828369
s0_so	3	delta	0	true	1,13	-0.0078125	61	47	-0.0019047558307647705	-0.0025545284152030945	0.0052214451134204865	0.002878006547689438	0.02430867962539196	0.027564778923988342	0.051543429493904114	0.05939421430230141	0.10580110549926758	0.04866921901702881	0.024444013833999634
s0_so	3	delta	0	true	10,4	0.0	0	47	0.0	0.0	0.0	0.0	0.02621343545615673	0.030119307339191437	0.04632198438048363	0.05651620775461197	0.0	-0.00024366378784179688	0.0
s0_so	3	delta	0	true	0,14	0.0	0	47	0.0	0.0	0.0	0.0	0.02621343545615673	0.030119307339191437	0.04632198438048363	0.05651620775461197	0.0	-0.18494677543640137	-0.12140130996704102
s0_so	3	delta	0	true	1,15	0.0	0	47	0.0	0.0	0.0	0.0	0.02621343545615673	0.030119307339191437	0.04632198438048363	0.05651620775461197	0.0	-0.008615493774414062	-0.00034996867179870605
s0_so	3	delta	0	true	12,3	0.0	0	47	0.0	0.0	0.0	0.0	0.02621343545615673	0.030119307339191437	0.04632198438048363	0.05651620775461197	0.0	-5.125999450683594e-06	0.0
s0_so	3	delta	0	true	10,10	0.0	0	47	0.0	0.0	0.0	0.0	0.02621343545615673	0.030119307339191437	0.04632198438048363	0.05651620775461197	0.0	-0.11919915676116943	-0.1300935000181198
s0_so	3	delta	0	true	11,10	0.0	0	47	0.0	0.0	0.0	0.0	0.02621343545615673	0.030119307339191437	0.04632198438048363	0.05651620775461197	0.0	-0.00020885467529296875	0.0
s0_so	3	delta	0	wrong	0,7	-0.09375	152	47	-0.010811785236001015	-0.014713035896420479	-0.008665230125188828	0.0022755712270736694	0.015401650220155716	0.015406271442770958	0.0376567542552948	0.05879177898168564	0.34687328338623047	0.16395586729049683	0.09446835517883301
s0_so	3	delta	0	wrong	3,2	-0.00390625	2	47	-0.00032697804272174835	-0.0005986616015434265	2.0775943994522095e-05	-0.00021335482597351074	0.025886457413434982	0.02952064573764801	0.04634276032447815	0.05630285292863846	0.0027031898498535156	-7.2479248046875e-05	0.0012978613376617432
s0_so	3	delta	0	wrong	12,13	0.0	0	47	0.0	0.0	0.0	0.0	0.02621343545615673	0.030119307339191437	0.04632198438048363	0.05651620775461197	0.0	-0.00039768218994140625	0.0
s0_so	3	delta	0	wrong	11,8	0.0	0	47	0.0	0.0	0.0	0.0	0.02621343545615673	0.030119307339191437	0.04632198438048363	0.05651620775461197	0.0	-5.960464477539063e-08	0.0
s0_so	3	delta	0	wrong	13,0	0.0	1	47	2.0289793610572815e-05	2.0056962966918945e-05	-3.646686673164368e-05	-6.356462836265564e-05	0.026233725249767303	0.030139364302158356	0.046285517513751984	0.05645264312624931	0.00044918060302734375	-0.0022889375686645508	3.457069396972656e-05
s0_so	3	delta	0	wrong	0,1	-0.12890625	107	47	-0.007821468636393547	-0.006627723574638367	0.017059657722711563	0.0019457899034023285	0.018391966819763184	0.02349158376455307	0.06338164210319519	0.0584619976580143	0.2977933883666992	0.19238191843032837	0.18165308237075806
s0_so	3	delta	0	wrong	12,10	0.0	0	47	0.0	0.0	0.0	0.0	0.02621343545615673	0.030119307339191437	0.04632198438048363	0.05651620775461197	0.0	-0.005297541618347168	-0.002393275499343872
s0_so	3	delta	0	wrong	3,5	0.0	0	47	0.0	0.0	0.0	0.0	0.02621343545615673	0.030119307339191437	0.04632198438048363	0.05651620775461197	0.0	-0.0002522468566894531	0.0
s0_so	3	delta	0	wrong	6,6	-0.09765625	98	47	-0.006537122651934624	-0.006368173286318779	0.011998448520898819	0.0034198425710201263	0.019676312804222107	0.023751134052872658	0.058320432901382446	0.059936050325632095	0.28652191162109375	0.16991838812828064	0.17936605215072632
s0_so	3	delta	0	wrong	10,13	0.0	0	47	0.0	0.0	0.0	0.0	0.02621343545615673	0.030119307339191437	0.04632198438048363	0.05651620775461197	0.0	-0.010218143463134766	-0.031454116106033325
s0_so	3	delta	0	wrong	4,11	0.0	0	47	0.0	0.0	0.0	0.0	0.02621343545615673	0.030119307339191437	0.04632198438048363	0.05651620775461197	0.0	-1.9550323486328125e-05	0.0
s0_so	3	delta	0	wrong	8,15	0.0	0	47	0.0	0.0	0.0	0.0	0.02621343545615673	0.030119307339191437	0.04632198438048363	0.05651620775461197	0.0	-1.6689300537109375e-06	0.0
s0_so	3	delta	0	wrong	12,11	0.0	0	47	0.0	0.0	0.0	0.0	0.02621343545615673	0.030119307339191437	0.04632198438048363	0.05651620775461197	0.0	-3.5762786865234375e-06	0.0
s0_so	3	delta	0	wrong	4,15	0.0	0	47	0.0	0.0	0.0	0.0	0.02621343545615673	0.030119307339191437	0.04632198438048363	0.05651620775461197	0.0	-0.00011599063873291016	0.0
s0_so	3	delta	0	wrong	15,13	0.0	0	47	0.0	0.0	0.0	0.0	0.02621343545615673	0.030119307339191437	0.04632198438048363	0.05651620775461197	0.0	-8.761882781982422e-05	-0.001245945692062378
s0_so	3	delta	0	wrong	15,2	0.0	0	47	0.0	0.0	0.0	0.0	0.02621343545615673	0.030119307339191437	0.04632198438048363	0.05651620775461197	0.0	-7.152557373046875e-06	0.0
s0_so	3	delta	0	wrong	14,13	0.00390625	1	47	-0.0001382622867822647	-0.00046524778008461	0.0015131011605262756	0.0003297477960586548	0.026075173169374466	0.029654059559106827	0.0478350855410099	0.056845955550670624	0.0012345314025878906	-0.015620708465576172	-0.03259927034378052
s0_so	3	delta	0	wrong	3,14	0.0	1	47	-3.891065716743469e-06	-1.218169927597046e-06	-1.2408941984176636e-05	-0.00015654787421226501	0.026209544390439987	0.03011808916926384	0.04630957543849945	0.056359659880399704	0.0006804466247558594	-0.0011317729949951172	0.0006805062294006348
s0_so	3	delta	0	wrong	12,15	0.0	0	47	0.0	0.0	0.0	0.0	0.02621343545615673	0.030119307339191437	0.04632198438048363	0.05651620775461197	0.0	-6.556510925292969e-07	0.0
s0_so	3	delta	0	wrong	4,13	0.0234375	6	47	0.0012935828417539597	0.0037883520126342773	0.0013060159981250763	0.0003085024654865265	0.02750701829791069	0.033907659351825714	0.047628000378608704	0.056824710220098495	0.008134841918945312	-0.008175909519195557	-0.013685286045074463
s0_so	3	delta	0	wrong	1,0	-0.08984375	94	47	-0.003857208415865898	-0.0026010889559984207	0.0057651810348033905	-0.0036956556141376495	0.022356227040290833	0.027518218383193016	0.05208716541528702	0.05282055214047432	0.29204368591308594	0.19964706897735596	0.2155950665473938
s0_so	3	delta	0	wrong	10,6	-0.00390625	4	47	-1.210533082485199e-05	-2.485513687133789e-05	-0.0004621930420398712	-0.00013728439807891846	0.02620133012533188	0.0300944522023201	0.045859791338443756	0.05637892335653305	0.0036759376525878906	-0.011138916015625	-0.008172750473022461
s0_so	3	delta	0	wrong	15,12	0.0	0	47	0.0	0.0	0.0	0.0	0.02621343545615673	0.030119307339191437	0.04632198438048363	0.05651620775461197	0.0	-1.1920928955078125e-07	0.0
s0_so	3	delta	0	wrong	15,5	0.0	0	47	0.0	0.0	0.0	0.0	0.02621343545615673	0.030119307339191437	0.04632198438048363	0.05651620775461197	0.0	-9.5367431640625e-07	0.0
s0_so	3	delta	0	wrong	2,0	0.0	3	47	1.942738890647888e-06	2.3748725652694702e-06	0.0013428926467895508	-0.0005094185471534729	0.02621537819504738	0.030121682211756706	0.04766487702727318	0.056006789207458496	0.00040435791015625	-0.017647862434387207	-0.009991168975830078
s0_so	3	delta	0	wrong	2,7	-0.0546875	26	47	-0.004998760297894478	-0.009894734248518944	-0.0020190924406051636	-0.0016308948397636414	0.021214675158262253	0.020224573090672493	0.044302891939878464	0.05488531291484833	0.024881362915039062	-0.05270707607269287	-0.09880444407463074
s0_so	3	delta	0	wrong	8,12	0.0	0	47	0.0	0.0	0.0	0.0	0.02621343545615673	0.030119307339191437	0.04632198438048363	0.05651620775461197	0.0	-3.2782554626464844e-06	0.0
s0_so	3	delta	0	wrong	12,0	0.0	0	47	0.0	0.0	0.0	0.0	0.02621343545615673	0.030119307339191437	0.04632198438048363	0.05651620775461197	0.0	-0.0015082359313964844	-0.0013791918754577637
s0_so	3	delta	0	wrong	2,5	0.0	0	47	0.0	0.0	0.0	0.0	0.02621343545615673	0.030119307339191437	0.04632198438048363	0.05651620775461197	0.0	-0.0019390583038330078	-0.0033806264400482178
s0_so	3	delta	0	wrong	3,15	0.0	0	47	0.0	0.0	0.0	0.0	0.02621343545615673	0.030119307339191437	0.04632198438048363	0.05651620775461197	0.0	-7.510185241699219e-06	0.0
s0_so	3	delta	0	wrong	15,11	0.0	0	47	0.0	0.0	0.0	0.0	0.02621343545615673	0.030119307339191437	0.04632198438048363	0.05651620775461197	0.0	-5.960464477539063e-08	0.0
s0_so	3	delta	0	wrong	10,15	0.0	0	47	0.0	0.0	0.0	0.0	0.02621343545615673	0.030119307339191437	0.04632198438048363	0.05651620775461197	0.0	-3.325939178466797e-05	0.0
s0_so	3	delta	0	wrong	15,1	0.0	0	47	0.0	0.0	0.0	0.0	0.02621343545615673	0.030119307339191437	0.04632198438048363	0.05651620775461197	0.0	-4.673004150390625e-05	0.0
s0_so	3	delta	0	wrong	1,1	-0.09765625	95	47	-0.0053634680807590485	-0.004316853359341621	0.01565728709101677	0.0001378171145915985	0.020849967375397682	0.025802453979849815	0.0619792714715004	0.05665402486920357	0.278226375579834	0.1888081431388855	0.20079267024993896
s0_so	3	delta	0	wrong	0,11	0.0	0	47	0.0	0.0	0.0	0.0	0.02621343545615673	0.030119307339191437	0.04632198438048363	0.05651620775461197	0.0	-0.0032460689544677734	-0.0017831921577453613
s0_so	3	delta	0	wrong	11,14	0.0	0	47	0.0	0.0	0.0	0.0	0.02621343545615673	0.030119307339191437	0.04632198438048363	0.05651620775461197	0.0	-4.184246063232422e-05	0.0
s0_so	3	delta	0	wrong	8,7	0.0	0	47	0.0	0.0	0.0	0.0	0.02621343545615673	0.030119307339191437	0.04632198438048363	0.05651620775461197	0.0	-0.003245234489440918	-0.0015969276428222656
s0_so	3	delta	0	wrong	4,14	0.0	0	47	0.0	0.0	0.0	0.0	0.02621343545615673	0.030119307339191437	0.04632198438048363	0.05651620775461197	0.0	-0.0029788613319396973	0.0
s0_so	3	delta	0	wrong	7,14	-0.00390625	2	47	-0.000318748876452446	-0.0006025321781635284	2.0172446966171265e-05	0.0002968832850456238	0.025894686579704285	0.02951677516102791	0.0463421568274498	0.05681309103965759	0.003909111022949219	-0.0016930103302001953	-0.0011718571186065674
s0_so	3	delta	0	wrong	14,14	-0.01171875	4	47	-0.0005936454981565475	-0.0008905865252017975	-0.0017778165638446808	-5.771219730377197e-05	0.025619789958000183	0.02922872081398964	0.04454416781663895	0.0564584955573082	0.006839752197265625	-0.004784107208251953	-0.009392410516738892
s0_so	3	delta	0	wrong	10,8	0.0	0	47	0.0	0.0	0.0	0.0	0.02621343545615673	0.030119307339191437	0.04632198438048363	0.05651620775461197	0.0	-7.748603820800781e-06	0.0
s0_so	3	delta	0	wrong	10,3	0.0	0	47	0.0	0.0	0.0	0.0	0.02621343545615673	0.030119307339191437	0.04632198438048363	0.05651620775461197	0.0	-0.0012454390525817871	-0.0005929470062255859
s0_so	3	delta	0	wrong	4,4	0.0	0	47	0.0	0.0	0.0	0.0	0.02621343545615673	0.030119307339191437	0.04632198438048363	0.05651620775461197	0.0	-0.0002244710922241211	0.0
s0_so	3	delta	0	wrong	2,4	0.0	0	47	0.0	0.0	0.0	0.0	0.02621343545615673	0.030119307339191437	0.04632198438048363	0.05651620775461197	0.0	-0.00035327672958374023	0.0
s0_so	3	delta	0	wrong	11,9	0.0	0	47	0.0	0.0	0.0	0.0	0.02621343545615673	0.030119307339191437	0.04632198438048363	0.05651620775461197	0.0	-1.1920928955078125e-07	0.0
s0_so	3	delta	0	wrong	4,12	0.0	0	47	0.0	0.0	0.0	0.0	0.02621343545615673	0.030119307339191437	0.04632198438048363	0.05651620775461197	0.0	-3.337860107421875e-05	0.0
s0_so	3	delta	0	wrong	7,1	-0.00390625	3	47	-0.000516911968588829	-0.00029763951897621155	0.0024253837764263153	0.0005075857043266296	0.0256965234875679	0.029821667820215225	0.04874736815690994	0.0570237934589386	0.0015249252319335938	-0.0102308988571167	-0.007011473178863525
s0_so	3	delta	0	wrong	1,7	-0.1015625	134	47	-0.004045972600579262	-0.005958994850516319	0.007258113473653793	0.0036906301975250244	0.02216746285557747	0.024160312488675117	0.05358009785413742	0.06020683795213699	0.31539344787597656	0.16861730813980103	0.11219710111618042
s0_so	3	delta	1	true	4,7	0.01171875	8	47	0.0009203795343637466	0.0009427480399608612	0.0002651326358318329	0.00046141818165779114	0.023584669455885887	0.0266564954072237	0.04769248887896538	0.059568360447883606	0.0061740875244140625	-0.022517502307891846	-0.027960509061813354
s0_so	3	delta	1	true	14,7	-0.05078125	22	47	-0.0034851208329200745	-0.007369576022028923	-0.0058976225554943085	-0.0009015761315822601	0.019179169088602066	0.018344171345233917	0.041529733687639236	0.058205366134643555	0.019469261169433594	-0.038256168365478516	-0.05568523705005646
s0_so	3	delta	1	true	15,6	0.0	0	47	0.0	0.0	0.0	0.0	0.02266428992152214	0.02571374736726284	0.047427356243133545	0.059106942266225815	0.0	-2.181529998779297e-05	0.0
s0_so	3	delta	1	true	0,15	0.0	4	47	-3.471784293651581e-05	-2.3223459720611572e-05	0.0003722049295902252	-6.110966205596924e-05	0.022629572078585625	0.02569052390754223	0.04779956117272377	0.059045832604169846	0.0025839805603027344	-0.013512849807739258	-0.004340916872024536
s0_so	3	delta	1	true	8,1	0.0	1	47	-1.3412907719612122e-05	-8.931383490562439e-06	0.002630859613418579	3.978610038757324e-05	0.02265087701380253	0.025704815983772278	0.050058215856552124	0.05914672836661339	0.0025844573974609375	0.002644062042236328	0.0024096667766571045
s0_so	3	delta	1	true	9,0	-0.0078125	5	47	-0.0001632794737815857	-0.0005207881331443787	0.00036232173442840576	-1.671537756919861e-05	0.022501010447740555	0.02519295923411846	0.04778967797756195	0.059090226888656616	0.004338741302490234	-0.01202249526977539	-0.00878441333770752
s0_so	3	delta	1	true	9,1	-0.01171875	6	47	-0.0002786107361316681	-0.0005339644849300385	0.003740176558494568	0.00026510655879974365	0.022385679185390472	0.025179782882332802	0.05116753280162811	0.05937204882502556	0.006751060485839844	-0.004917621612548828	-0.004250049591064453
s0_so	3	delta	1	true	2,9	0.0	0	47	0.0	0.0	0.0	0.0	0.02266428992152214	0.02571374736726284	0.047427356243133545	0.059106942266225815	0.0	-5.173683166503906e-05	0.0
s0_so	3	delta	1	true	3,9	0.0	0	47	0.0	0.0	0.0	0.0	0.02266428992152214	0.02571374736726284	0.047427356243133545	0.059106942266225815	0.0	-3.5762786865234375e-06	0.0
s0_so	3	delta	1	true	12,4	0.0	0	47	0.0	0.0	0.0	0.0	0.02266428992152214	0.02571374736726284	0.047427356243133545	0.059106942266225815	0.0	-0.00035065412521362305	0.0
s0_so	3	delta	1	true	12,5	0.0	0	47	0.0	0.0	0.0	0.0	0.02266428992152214	0.02571374736726284	0.047427356243133545	0.059106942266225815	0.0	-9.417533874511719e-06	0.0
s0_so	3	delta	1	true	0,4	0.00390625	19	47	-0.00021127238869667053	-6.285123527050018e-05	0.0023530200123786926	0.0001356378197669983	0.02245301753282547	0.02565089613199234	0.04978037625551224	0.05924258008599281	0.019891738891601562	-0.007169544696807861	-0.005508974194526672
s0_so	3	delta	1	true	1,5	0.0	1	47	-0.00022643804550170898	-0.00031076185405254364	1.039355993270874e-06	1.4662742614746094e-05	0.02243785187602043	0.025402985513210297	0.047428395599126816	0.05912160500884056	4.57763671875e-05	-0.01860177516937256	-0.007306098937988281
s0_so	3	delta	1	true	10,4	0.0	0	47	0.0	0.0	0.0	0.0	0.02266428992152214	0.02571374736726284	0.047427356243133545	0.059106942266225815	0.0	-0.0002105236053466797	0.0
s0_so	3	delta	1	true	0,15	0.0	4	47	-3.471784293651581e-05	-2.3223459720611572e-05	0.0003722049295902252	-6.110966205596924e-05	0.022629572078585625	0.02569052390754223	0.04779956117272377	0.059045832604169846	0.0025839805603027344	-0.013512849807739258	-0.004340916872024536
s0_so	3	delta	1	true	9,5	0.0	0	47	0.0	0.0	0.0	0.0	0.02266428992152214	0.02571374736726284	0.047427356243133545	0.059106942266225815	0.0	-0.00046646595001220703	0.0
s0_so	3	delta	1	true	10,10	0.0	0	47	0.0	0.0	0.0	0.0	0.02266428992152214	0.02571374736726284	0.047427356243133545	0.059106942266225815	0.0	-0.08939170837402344	-0.08513084053993225
s0_so	3	delta	1	true	11,10	0.0	0	47	0.0	0.0	0.0	0.0	0.02266428992152214	0.02571374736726284	0.047427356243133545	0.059106942266225815	0.0	-0.0001214742660522461	0.0
s0_so	3	delta	1	wrong	0,7	-0.06640625	143	47	-0.00671093724668026	-0.009383132681250572	-0.011700410395860672	0.0002574138343334198	0.01595335267484188	0.016330614686012268	0.03572694584727287	0.059364356100559235	0.2401752471923828	0.15727734565734863	0.09440024197101593
s0_so	3	delta	1	wrong	3,2	-0.00390625	2	47	-0.0003269761800765991	-0.0005986634641885757	2.0779669284820557e-05	-0.00021335482597351074	0.02233731374144554	0.025115083903074265	0.047448135912418365	0.058893587440252304	0.0027036666870117188	0.0012922883033752441	0.002117842435836792
s0_so	3	delta	1	wrong	12,13	0.0	0	47	0.0	0.0	0.0	0.0	0.02266428992152214	0.02571374736726284	0.047427356243133545	0.059106942266225815	0.0	-0.0005647540092468262	0.0
s0_so	3	delta	1	wrong	11,8	0.0	0	47	0.0	0.0	0.0	0.0	0.02266428992152214	0.02571374736726284	0.047427356243133545	0.059106942266225815	0.0	0.0	0.0
s0_so	3	delta	1	wrong	13,0	0.0	1	47	7.822737097740173e-05	3.2844021916389465e-05	-4.716217517852783e-06	-3.588944673538208e-05	0.022742517292499542	0.02574659138917923	0.04742264002561569	0.05907105281949043	0.0007863044738769531	-0.0011884570121765137	0.0007082074880599976
s0_so	3	delta	1	wrong	0,1	-0.10546875	96	47	-0.005798604339361191	-0.004372065886855125	0.014871004968881607	0.002283472567796707	0.01686568558216095	0.021341681480407715	0.06229836121201515	0.06139041483402252	0.22717857360839844	0.14687824249267578	0.15447019040584564
s0_so	3	delta	1	wrong	12,10	0.0	0	47	0.0	0.0	0.0	0.0	0.02266428992152214	0.02571374736726284	0.047427356243133545	0.059106942266225815	0.0	-0.004789531230926514	-0.002393275499343872
s0_so	3	delta	1	wrong	3,5	0.0	0	47	0.0	0.0	0.0	0.0	0.02266428992152214	0.02571374736726284	0.047427356243133545	0.059106942266225815	0.0	-0.00014352798461914062	0.0
s0_so	3	delta	1	wrong	6,6	-0.0859375	89	47	-0.005527915433049202	-0.004705427214503288	0.005905181169509888	0.0008292533457279205	0.01713637448847294	0.021008320152759552	0.05333253741264343	0.059936195611953735	0.2063145637512207	0.11781227588653564	0.12207366526126862
s0_so	3	delta	1	wrong	10,13	0.0	0	47	0.0	0.0	0.0	0.0	0.02266428992152214	0.02571374736726284	0.047427356243133545	0.059106942266225815	0.0	-0.005331993103027344	-0.007999271154403687
s0_so	3	delta	1	wrong	4,11	0.0	0	47	0.0	0.0	0.0	0.0	0.02266428992152214	0.02571374736726284	0.047427356243133545	0.059106942266225815	0.0	-1.2516975402832031e-05	0.0
s0_so	3	delta	1	wrong	8,15	0.0	0	47	0.0	0.0	0.0	0.0	0.02266428992152214	0.02571374736726284	0.047427356243133545	0.059106942266225815	0.0	-2.3245811462402344e-06	0.0
s0_so	3	delta	1	wrong	12,11	0.0	0	47	0.0	0.0	0.0	0.0	0.02266428992152214	0.02571374736726284	0.047427356243133545	0.059106942266225815	0.0	-2.9802322387695312e-06	0.0
s0_so	3	delta	1	wrong	4,15	0.0	0	47	0.0	0.0	0.0	0.0	0.02266428992152214	0.02571374736726284	0.047427356243133545	0.059106942266225815	0.0	-0.0002193450927734375	0.0
s0_so	3	delta	1	wrong	15,13	0.0	0	47	0.0	0.0	0.0	0.0	0.02266428992152214	0.02571374736726284	0.047427356243133545	0.059106942266225815	0.0	-5.841255187988281e-06	0.0
s0_so	3	delta	1	wrong	15,2	0.0	0	47	0.0	0.0	0.0	0.0	0.02266428992152214	0.02571374736726284	0.047427356243133545	0.059106942266225815	0.0	-5.662441253662109e-06	0.0
s0_so	3	delta	1	wrong	14,13	0.0	0	47	0.0	0.0	0.0	0.0	0.02266428992152214	0.02571374736726284	0.047427356243133545	0.059106942266225815	0.0	-0.00975346565246582	-0.009448826313018799
s0_so	3	delta	1	wrong	3,14	0.0	1	47	-3.891065716743469e-06	-1.2200325727462769e-06	-1.2405216693878174e-05	-0.00015654414892196655	0.022660398855805397	0.025712527334690094	0.04741495102643967	0.05895039811730385	0.0006804466247558594	-0.0005762577056884766	0.0006804913282394409
s0_so	3	delta	1	wrong	12,15	0.0	0	47	0.0	0.0	0.0	0.0	0.02266428992152214	0.02571374736726284	0.047427356243133545	0.059106942266225815	0.0	-1.7881393432617188e-06	0.0
s0_so	3	delta	1	wrong	4,13	0.00390625	1	47	0.00013867393136024475	0.00015762075781822205	3.378093242645264e-05	0.00011553242802619934	0.022802963852882385	0.025871368125081062	0.04746113717556	0.059222474694252014	0.00018739700317382812	-0.007539629936218262	-0.006341099739074707
s0_so	3	delta	1	wrong	1,0	-0.08203125	85	47	-0.003663264214992523	-0.0024328846484422684	0.001545637845993042	-0.006384816020727158	0.019001025706529617	0.023280862718820572	0.04897299408912659	0.05272212624549866	0.20499944686889648	0.12870430946350098	0.12874747812747955
s0_so	3	delta	1	wrong	10,6	0.0	3	47	5.0283968448638916e-05	-1.0984018445014954e-05	-0.0004344433546066284	-4.909932613372803e-06	0.02271457388997078	0.025702763348817825	0.046992912888526917	0.05910203233361244	0.0037932395935058594	-0.006088733673095703	-0.0010436773300170898
s0_so	3	delta	1	wrong	15,12	0.0	0	47	0.0	0.0	0.0	0.0	0.02266428992152214	0.02571374736726284	0.047427356243133545	0.059106942266225815	0.0	-1.1920928955078125e-07	0.0
s0_so	3	delta	1	wrong	15,5	0.0	0	47	0.0	0.0	0.0	0.0	0.02266428992152214	0.02571374736726284	0.047427356243133545	0.059106942266225815	0.0	-2.384185791015625e-07	0.0
s0_so	3	delta	1	wrong	2,0	0.0	4	47	-4.9211084842681885e-06	-2.687796950340271e-06	0.0021993443369865417	-0.00024106353521347046	0.022659368813037872	0.0257110595703125	0.04962670058012009	0.058865878731012344	0.0012054443359375	-0.012984156608581543	-0.004836440086364746
s0_so	3	delta	1	wrong	2,7	-0.046875	21	47	-0.003543894737958908	-0.007986677810549736	-0.0029486194252967834	-0.0017528645694255829	0.019120395183563232	0.017727069556713104	0.04447873681783676	0.05735407769680023	0.020118236541748047	-0.03162139654159546	-0.05201306939125061
s0_so	3	delta	1	wrong	8,12	0.0	0	47	0.0	0.0	0.0	0.0	0.02266428992152214	0.02571374736726284	0.047427356243133545	0.059106942266225815	0.0	-9.894371032714844e-06	0.0
s0_so	3	delta	1	wrong	12,0	0.0	1	47	0.0001624077558517456	0.0005155373364686966	0.002988763153553009	0.0004333779215812683	0.022826697677373886	0.026229284703731537	0.050416119396686554	0.05954032018780708	0.0012044906616210938	0.0013499855995178223	0.001029863953590393
s0_so	3	delta	1	wrong	2,5	0.0	0	47	0.0	0.0	0.0	0.0	0.02266428992152214	0.02571374736726284	0.047427356243133545	0.059106942266225815	0.0	-0.0012133121490478516	-0.0018097460269927979
s0_so	3	delta	1	wrong	3,15	0.0	0	47	0.0	0.0	0.0	0.0	0.02266428992152214	0.02571374736726284	0.047427356243133545	0.059106942266225815	0.0	-1.0132789611816406e-05	0.0
s0_so	3	delta	1	wrong	15,11	0.0	0	47	0.0	0.0	0.0	0.0	0.02266428992152214	0.02571374736726284	0.047427356243133545	0.059106942266225815	0.0	-5.960464477539063e-08	0.0
s0_so	3	delta	1	wrong	10,15	0.0	0	47	0.0	0.0	0.0	0.0	0.02266428992152214	0.02571374736726284	0.047427356243133545	0.059106942266225815	0.0	-3.331899642944336e-05	0.0
s0_so	3	delta	1	wrong	15,1	0.0	0	47	0.0	0.0	0.0	0.0	0.02266428992152214	0.02571374736726284	0.047427356243133545	0.059106942266225815	0.0	-2.6941299438476562e-05	0.0
s0_so	3	delta	1	wrong	1,1	-0.08203125	85	47	-0.004078570753335953	-0.0025583188980817795	0.011782683432102203	-0.001862119883298874	0.018585719168186188	0.02315542846918106	0.05921003967523575	0.05724482238292694	0.19893360137939453	0.12131530046463013	0.12828989326953888
s0_so	3	delta	1	wrong	0,11	0.0	0	47	0.0	0.0	0.0	0.0	0.02266428992152214	0.02571374736726284	0.047427356243133545	0.059106942266225815	0.0	-0.002481222152709961	-0.0009178519248962402
s0_so	3	delta	1	wrong	11,14	0.0	0	47	0.0	0.0	0.0	0.0	0.02266428992152214	0.02571374736726284	0.047427356243133545	0.059106942266225815	0.0	-3.814697265625e-05	0.0
s0_so	3	delta	1	wrong	8,7	0.0	0	47	0.0	0.0	0.0	0.0	0.02266428992152214	0.02571374736726284	0.047427356243133545	0.059106942266225815	0.0	-0.001963973045349121	0.0
s0_so	3	delta	1	wrong	4,14	0.0	0	47	0.0	0.0	0.0	0.0	0.02266428992152214	0.02571374736726284	0.047427356243133545	0.059106942266225815	0.0	-0.0020564794540405273	0.0
s0_so	3	delta	1	wrong	7,14	-0.00390625	2	47	-0.00031874701380729675	-0.0006025340408086777	2.0168721675872803e-05	0.00029688701033592224	0.022345542907714844	0.025111213326454163	0.04744752496480942	0.05940382927656174	0.003909111022949219	-5.710124969482422e-05	-0.0006355196237564087
s0_so	3	delta	1	wrong	14,14	-0.01171875	4	47	-0.0005936436355113983	-0.0008905846625566483	-0.0017778128385543823	-5.770847201347351e-05	0.022070646286010742	0.024823162704706192	0.04564954340457916	0.05904923379421234	0.006839752197265625	-0.0008696317672729492	-0.0016828030347824097
s0_so	3	delta	1	wrong	10,8	0.0	0	47	0.0	0.0	0.0	0.0	0.02266428992152214	0.02571374736726284	0.047427356243133545	0.059106942266225815	0.0	-4.172325134277344e-06	0.0
s0_so	3	delta	1	wrong	10,3	0.0	0	47	0.0	0.0	0.0	0.0	0.02266428992152214	0.02571374736726284	0.047427356243133545	0.059106942266225815	0.0	-0.0009462833404541016	0.0
s0_so	3	delta	1	wrong	4,4	0.0	0	47	0.0	0.0	0.0	0.0	0.02266428992152214	0.02571374736726284	0.047427356243133545	0.059106942266225815	0.0	-0.00016444921493530273	0.0
s0_so	3	delta	1	wrong	2,4	0.0	0	47	0.0	0.0	0.0	0.0	0.02266428992152214	0.02571374736726284	0.047427356243133545	0.059106942266225815	0.0	-0.00044918060302734375	0.0
s0_so	3	delta	1	wrong	11,9	0.0	0	47	0.0	0.0	0.0	0.0	0.02266428992152214	0.02571374736726284	0.047427356243133545	0.059106942266225815	0.0	-1.1920928955078125e-07	0.0
s0_so	3	delta	1	wrong	4,12	0.0	0	47	0.0	0.0	0.0	0.0	0.02266428992152214	0.02571374736726284	0.047427356243133545	0.059106942266225815	0.0	-1.5676021575927734e-05	0.0
s0_so	3	delta	1	wrong	7,1	0.0	2	47	-6.362795829772949e-06	7.549300789833069e-06	0.005091920495033264	0.000536009669303894	0.022657927125692368	0.025721296668052673	0.05251927673816681	0.05964295193552971	0.0038518905639648438	-0.0010581016540527344	0.0018328726291656494
s0_so	3	delta	1	wrong	1,7	-0.07421875	130	47	-0.001224299892783165	-0.0015618130564689636	0.0006000474095344543	0.0003732554614543915	0.021439990028738976	0.024151934310793877	0.048027403652668	0.059480197727680206	0.19050359725952148	0.1028902530670166	0.035381630063056946
s0_so	3	delta	2	true	4,6	0.0078125	5	47	3.6973506212234497e-06	7.212162017822266e-06	0.0027798302471637726	-7.489323616027832e-05	0.018724411725997925	0.01747775822877884	0.04685557261109352	0.057662807404994965	0.005675315856933594	-0.01223766803741455	-0.009452685713768005
s0_so	3	delta	2	true	4,7	0.01171875	8	47	0.0008869636803865433	0.0009249560534954071	0.00026345252990722656	0.0005500875413417816	0.019607678055763245	0.018395502120256424	0.044339194893836975	0.058287788182497025	0.006240367889404297	-0.015055656433105469	-0.0046301186084747314
s0_so	3	delta	2	true	5,6	0.0	0	47	0.0	0.0	0.0	0.0	0.0187207143753767	0.017470546066761017	0.04407574236392975	0.05773770064115524	0.0	-9.381771087646484e-05	0.0
s0_so	3	delta	2	true	14,6	-0.0078125	6	47	-0.0004501175135374069	-0.00021897628903388977	8.670240640640259e-05	0.0007782652974128723	0.018270596861839294	0.017251569777727127	0.04416244477033615	0.058515965938568115	0.0030612945556640625	-0.009032607078552246	-0.002117469906806946
s0_so	3	delta	2	true	8,1	0.0	1	47	-8.104369044303894e-06	-5.885958671569824e-07	9.526684880256653e-05	-1.7799437046051025e-05	0.018712610006332397	0.01746995747089386	0.044171009212732315	0.05771990120410919	0.0008068084716796875	-0.0012837052345275879	-0.0007489323616027832
s0_so	3	delta	2	true	9,0	0.0	7	47	0.00012038834393024445	4.734843969345093e-06	-0.0016326308250427246	-0.000443384051322937	0.018841102719306946	0.017475280910730362	0.042443111538887024	0.057294316589832306	0.004208564758300781	-0.014163792133331299	-0.01140102744102478
s0_so	3	delta	2	true	9,8	0.0	0	47	0.0	0.0	0.0	0.0	0.0187207143753767	0.017470546066761017	0.04407574236392975	0.05773770064115524	0.0	-4.351139068603516e-06	0.0
s0_so	3	delta	2	true	11,10	0.0	0	47	0.0	0.0	0.0	0.0	0.0187207143753767	0.017470546066761017	0.04407574236392975	0.05773770064115524	0.0	-4.4465065002441406e-05	0.0
s0_so	3	delta	2	true	12,8	0.0	0	47	0.0	0.0	0.0	0.0	0.0187207143753767	0.017470546066761017	0.04407574236392975	0.05773770064115524	0.0	0.0	0.0
s0_so	3	delta	2	true	10,4	0.0	0	47	0.0	0.0	0.0	0.0	0.0187207143753767	0.017470546066761017	0.04407574236392975	0.05773770064115524	0.0	-0.00015652179718017578	0.0
s0_so	3	delta	2	true	11,4	0.0	0	47	0.0	0.0	0.0	0.0	0.0187207143753767	0.017470546066761017	0.04407574236392975	0.05773770064115524	0.0	-1.1920928955078125e-07	0.0
s0_so	3	delta	2	true	0,14	0.0	0	47	0.0	0.0	0.0	0.0	0.0187207143753767	0.017470546066761017	0.04407574236392975	0.05773770064115524	0.0	-0.1398875117301941	-0.08095666766166687
s0_so	3	delta	2	true	8,4	0.0	0	47	0.0	0.0	0.0	0.0	0.0187207143753767	0.017470546066761017	0.04407574236392975	0.05773770064115524	0.0	-1.8358230590820312e-05	0.0
s0_so	3	delta	2	true	12,2	0.0	1	47	1.7881393432617188e-05	3.329478204250336e-05	6.183981895446777e-07	3.11434268951416e-06	0.01873859576880932	0.01750384084880352	0.04407636076211929	0.05774081498384476	0.0005283355712890625	-0.002883315086364746	-0.0012532472610473633
s0_so	3	delta	2	true	12,3	0.0	0	47	0.0	0.0	0.0	0.0	0.0187207143753767	0.017470546066761017	0.04407574236392975	0.05773770064115524	0.0	-5.4836273193359375e-06	0.0
s0_so	3	delta	2	true	10,11	0.0	0	47	0.0	0.0	0.0	0.0	0.0187207143753767	0.017470546066761017	0.04407574236392975	0.05773770064115524	0.0	-9.512901306152344e-05	0.0
s0_so	3	delta	2	true	11,10	0.0	0	47	0.0	0.0	0.0	0.0	0.0187207143753767	0.017470546066761017	0.04407574236392975	0.05773770064115524	0.0	-4.4465065002441406e-05	0.0
s0_so	3	delta	2	true	11,11	0.0	0	47	0.0	0.0	0.0	0.0	0.0187207143753767	0.017470546066761017	0.04407574236392975	0.05773770064115524	0.0	-5.960464477539063e-08	0.0
s0_so	3	delta	2	wrong	0,7	-0.0546875	136	47	-0.005038022994995117	-0.005516692064702511	-0.010465200990438461	0.0015662983059883118	0.013682691380381584	0.011953854002058506	0.03361054137349129	0.059303998947143555	0.22453689575195312	0.13616418838500977	0.09263876080513
s0_so	3	delta	2	wrong	3,2	0.0	1	47	-9.935349225997925e-06	-1.2215226888656616e-05	-1.2442469596862793e-06	-0.00011510401964187622	0.018710779026150703	0.01745833083987236	0.04407449811697006	0.05762259662151337	0.0011324882507324219	-0.0019506216049194336	-0.0004385709762573242
s0_so	3	delta	2	wrong	12,13	0.0	0	47	0.0	0.0	0.0	0.0	0.0187207143753767	0.017470546066761017	0.04407574236392975	0.05773770064115524	0.0	-0.0003110170364379883	0.0
s0_so	3	delta	2	wrong	11,8	0.0	0	47	0.0	0.0	0.0	0.0	0.0187207143753767	0.017470546066761017	0.04407574236392975	0.05773770064115524	0.0	0.0	0.0
s0_so	3	delta	2	wrong	13,0	0.0	1	47	7.822737097740173e-05	3.2842159271240234e-05	-4.712492227554321e-06	-3.588944673538208e-05	0.018798941746354103	0.017503388226032257	0.044071029871702194	0.05770181119441986	0.0007863044738769531	-0.001895904541015625	0.000371396541595459
s0_so	3	delta	2	wrong	0,1	-0.0859375	93	47	-0.005069000646471977	-0.003564239479601383	0.010904282331466675	0.0019432604312896729	0.013651713728904724	0.013906306587159634	0.05498002469539642	0.059680961072444916	0.20954132080078125	0.11692214012145996	0.11473491787910461
s0_so	3	delta	2	wrong	12,10	0.0	0	47	0.0	0.0	0.0	0.0	0.0187207143753767	0.017470546066761017	0.04407574236392975	0.05773770064115524	0.0	-0.003647148609161377	0.0
s0_so	3	delta	2	wrong	3,5	0.0	0	47	0.0	0.0	0.0	0.0	0.0187207143753767	0.017470546066761017	0.04407574236392975	0.05773770064115524	0.0	-6.008148193359375e-05	0.0
s0_so	3	delta	2	wrong	6,6	-0.06640625	86	47	-0.0049033863469958305	-0.003960631787776947	0.002442091703414917	0.0008292756974697113	0.01381732802838087	0.01350991427898407	0.046517834067344666	0.058566976338624954	0.19731521606445312	0.09244400262832642	0.10751518607139587
s0_so	3	delta	2	wrong	10,13	0.0	0	47	0.0	0.0	0.0	0.0	0.0187207143753767	0.017470546066761017	0.04407574236392975	0.05773770064115524	0.0	-0.0032923221588134766	0.0
s0_so	3	delta	2	wrong	4,11	0.0	0	47	0.0	0.0	0.0	0.0	0.0187207143753767	0.017470546066761017	0.04407574236392975	0.05773770064115524	0.0	-9.119510650634766e-06	0.0
s0_so	3	delta	2	wrong	8,15	0.0	0	47	0.0	0.0	0.0	0.0	0.0187207143753767	0.017470546066761017	0.04407574236392975	0.05773770064115524	0.0	-1.3113021850585938e-06	0.0
s0_so	3	delta	2	wrong	12,11	0.0	0	47	0.0	0.0	0.0	0.0	0.0187207143753767	0.017470546066761017	0.04407574236392975	0.05773770064115524	0.0	-2.384185791015625e-06	0.0
s0_so	3	delta	2	wrong	4,15	0.0	0	47	0.0	0.0	0.0	0.0	0.0187207143753767	0.017470546066761017	0.04407574236392975	0.05773770064115524	0.0	-8.994340896606445e-05	0.0
s0_so	3	delta	2	wrong	15,13	0.0	0	47	0.0	0.0	0.0	0.0	0.0187207143753767	0.017470546066761017	0.04407574236392975	0.05773770064115524	0.0	-4.887580871582031e-06	0.0
s0_so	3	delta	2	wrong	15,2	0.0	0	47	0.0	0.0	0.0	0.0	0.0187207143753767	0.017470546066761017	0.04407574236392975	0.05773770064115524	0.0	-3.516674041748047e-06	0.0
s0_so	3	delta	2	wrong	14,13	0.0	0	47	0.0	0.0	0.0	0.0	0.0187207143753767	0.017470546066761017	0.04407574236392975	0.05773770064115524	0.0	-0.00570070743560791	0.0
s0_so	3	delta	2	wrong	3,14	0.0	0	47	0.0	0.0	0.0	0.0	0.0187207143753767	0.017470546066761017	0.04407574236392975	0.05773770064115524	0.0	-0.0022382736206054688	-0.0006805062294006348
s0_so	3	delta	2	wrong	12,15	0.0	0	47	0.0	0.0	0.0	0.0	0.0187207143753767	0.017470546066761017	0.04407574236392975	0.05773770064115524	0.0	-6.556510925292969e-07	0.0
s0_so	3	delta	2	wrong	4,13	0.00390625	1	47	0.00013867206871509552	0.00015761889517307281	3.378093242645264e-05	0.00011552870273590088	0.018859386444091797	0.01762816496193409	0.0441095232963562	0.057853229343891144	0.00018739700317382812	-0.006667613983154297	-0.0032086968421936035
s0_so	3	delta	2	wrong	1,0	-0.0625	83	47	-0.0031188130378723145	-0.0018072053790092468	0.0023407191038131714	-0.006840072572231293	0.015601901337504387	0.01566334068775177	0.04641646146774292	0.05089762806892395	0.2029733657836914	0.11648023128509521	0.12710881233215332
s0_so	3	delta	2	wrong	10,6	-0.0078125	4	47	-0.00014022551476955414	-0.000134369358420372	-9.515509009361267e-05	0.00028987228870391846	0.018580488860607147	0.017336176708340645	0.043980587273836136	0.05802757292985916	0.005490303039550781	-0.004427075386047363	-0.001102060079574585
s0_so	3	delta	2	wrong	15,12	0.0	0	47	0.0	0.0	0.0	0.0	0.0187207143753767	0.017470546066761017	0.04407574236392975	0.05773770064115524	0.0	0.0	0.0
s0_so	3	delta	2	wrong	15,5	0.0	0	47	0.0	0.0	0.0	0.0	0.0187207143753767	0.017470546066761017	0.04407574236392975	0.05773770064115524	0.0	0.0	0.0
s0_so	3	delta	2	wrong	2,0	-0.0078125	6	47	-0.0004616696387529373	-0.00021830573678016663	0.001606382429599762	0.00048595666885375977	0.018259044736623764	0.01725224032998085	0.04568212479352951	0.058223657310009	0.0030870437622070312	-0.008587360382080078	-0.0020145922899246216
s0_so	3	delta	2	wrong	2,7	-0.00390625	16	47	-0.00048620253801345825	-0.0006655901670455933	0.0009894520044326782	-0.0010044611990451813	0.018234511837363243	0.016804955899715424	0.04506519436836243	0.05673323944211006	0.003574371337890625	-0.04670357704162598	-0.017620518803596497
s0_so	3	delta	2	wrong	8,12	0.0	0	47	0.0	0.0	0.0	0.0	0.0187207143753767	0.017470546066761017	0.04407574236392975	0.05773770064115524	0.0	-3.814697265625e-06	0.0
s0_so	3	delta	2	wrong	12,0	0.0	0	47	0.0	0.0	0.0	0.0	0.0187207143753767	0.017470546066761017	0.04407574236392975	0.05773770064115524	0.0	-0.002123117446899414	-0.0009830594062805176
s0_so	3	delta	2	wrong	2,5	0.0	0	47	0.0	0.0	0.0	0.0	0.0187207143753767	0.017470546066761017	0.04407574236392975	0.05773770064115524	0.0	-0.0004910826683044434	0.0
s0_so	3	delta	2	wrong	3,15	0.0	0	47	0.0	0.0	0.0	0.0	0.0187207143753767	0.017470546066761017	0.04407574236392975	0.05773770064115524	0.0	-5.245208740234375e-06	0.0
s0_so	3	delta	2	wrong	15,11	0.0	0	47	0.0	0.0	0.0	0.0	0.0187207143753767	0.017470546066761017	0.04407574236392975	0.05773770064115524	0.0	0.0	0.0
s0_so	3	delta	2	wrong	10,15	0.0	0	47	0.0	0.0	0.0	0.0	0.0187207143753767	0.017470546066761017	0.04407574236392975	0.05773770064115524	0.0	-2.1696090698242188e-05	0.0
s0_so	3	delta	2	wrong	15,1	0.0	0	47	0.0	0.0	0.0	0.0	0.0187207143753767	0.017470546066761017	0.04407574236392975	0.05773770064115524	0.0	-3.039836883544922e-05	0.0
s0_so	3	delta	2	wrong	1,1	-0.05859375	83	47	-0.0036256983876228333	-0.001891130581498146	0.0120607390999794	-0.002020418643951416	0.015095015987753868	0.01557941548526287	0.05613648146390915	0.05571728199720383	0.19061279296875	0.10792607069015503	0.11333438754081726
s0_so	3	delta	2	wrong	0,11	0.0	0	47	0.0	0.0	0.0	0.0	0.0187207143753767	0.017470546066761017	0.04407574236392975	0.05773770064115524	0.0	-0.0021256208419799805	-0.0003462880849838257
s0_so	3	delta	2	wrong	11,14	0.0	0	47	0.0	0.0	0.0	0.0	0.0187207143753767	0.017470546066761017	0.04407574236392975	0.05773770064115524	0.0	-2.1636486053466797e-05	0.0
s0_so	3	delta	2	wrong	8,7	0.0	0	47	0.0	0.0	0.0	0.0	0.0187207143753767	0.017470546066761017	0.04407574236392975	0.05773770064115524	0.0	-0.0013871192932128906	0.0
s0_so	3	delta	2	wrong	4,14	0.0	0	47	0.0	0.0	0.0	0.0	0.0187207143753767	0.017470546066761017	0.04407574236392975	0.05773770064115524	0.0	-0.0017260313034057617	0.0
s0_so	3	delta	2	wrong	7,14	0.0	2	47	-0.00012581795454025269	-0.00015200674533843994	2.5015324354171753e-05	0.0004051774740219116	0.01859489642083645	0.017318539321422577	0.04410075768828392	0.058142878115177155	0.0022063255310058594	-0.0019739270210266113	0.00021699070930480957
s0_so	3	delta	2	wrong	14,14	0.0	3	47	-0.00017684884369373322	-0.0001635085791349411	-0.00010616704821586609	-8.296221494674683e-05	0.018543865531682968	0.017307037487626076	0.04396957531571388	0.057654738426208496	0.004265785217285156	-0.003665149211883545	0.0004226267337799072
s0_so	3	delta	2	wrong	10,8	0.0	0	47	0.0	0.0	0.0	0.0	0.0187207143753767	0.017470546066761017	0.04407574236392975	0.05773770064115524	0.0	-2.9802322387695312e-06	0.0
s0_so	3	delta	2	wrong	10,3	0.0	0	47	0.0	0.0	0.0	0.0	0.0187207143753767	0.017470546066761017	0.04407574236392975	0.05773770064115524	0.0	-0.0007679462432861328	0.0
s0_so	3	delta	2	wrong	4,4	0.0	0	47	0.0	0.0	0.0	0.0	0.0187207143753767	0.017470546066761017	0.04407574236392975	0.05773770064115524	0.0	-6.783008575439453e-05	0.0
s0_so	3	delta	2	wrong	2,4	0.0	0	47	0.0	0.0	0.0	0.0	0.0187207143753767	0.017470546066761017	0.04407574236392975	0.05773770064115524	0.0	-0.0002777576446533203	0.0
s0_so	3	delta	2	wrong	11,9	0.0	0	47	0.0	0.0	0.0	0.0	0.0187207143753767	0.017470546066761017	0.04407574236392975	0.05773770064115524	0.0	0.0	0.0
s0_so	3	delta	2	wrong	4,12	0.0	0	47	0.0	0.0	0.0	0.0	0.0187207143753767	0.017470546066761017	0.04407574236392975	0.05773770064115524	0.0	-1.3113021850585938e-05	0.0
s0_so	3	delta	2	wrong	7,1	0.0	2	47	-1.0561197996139526e-06	1.5890225768089294e-05	0.0025563351809978485	0.0004784241318702698	0.018719658255577087	0.017486436292529106	0.0466320775449276	0.05821612477302551	0.0020742416381835938	-0.005288958549499512	-0.003571942448616028
s0_so	3	delta	2	wrong	1,7	-0.04296875	120	47	0.0007131136953830719	0.00036589428782463074	0.003214806318283081	0.0006110668182373047	0.019433828070759773	0.017836440354585648	0.04729054868221283	0.05834876745939255	0.18388748168945312	0.11697447299957275	0.08502301573753357
s0_so	3	single	-1	true	4,6	0.28125	-1	1					0.015292301774024963	0.01502185221761465	0.11002980172634125	0.05390278995037079	1.9043793678283691	0.0	0.0
s0_so	3	single	-1	true	4,7	0.28125	-1	1					0.059341348707675934	0.08850324153900146	0.09961763024330139	0.07150154560804367	2.62998104095459	0.0	0.0
s0_so	3	single	-1	true	5,6	0.28125	-1	1					0.02580578811466694	0.02808064967393875	0.06968053430318832	0.0524347685277462	-0.36058861017227173	0.0	0.0
s0_so	3	single	-1	true	5,7	0.28125	-1	1					0.026710912585258484	0.032051995396614075	0.060444384813308716	0.06628440320491791	0.3650129735469818	0.0	0.0
s0_so	3	single	-1	true	14,6	0.28125	-1	1					0.007991842925548553	0.006089860573410988	0.035313740372657776	0.06341081857681274	1.544952630996704	0.0	0.0
s0_so	3	single	-1	true	14,7	0.28125	-1	1					0.027193628251552582	0.03510632365942001	0.04791655391454697	0.06901489198207855	2.270554304122925	0.0	0.0
s0_so	3	single	-1	true	15,6	0.28125	-1	1					0.023474102839827538	0.021565930917859077	0.0670933797955513	0.03357395529747009	-0.362618625164032	0.0	0.0
s0_so	3	single	-1	true	15,7	0.28125	-1	1					0.024198906496167183	0.023241030052304268	0.0560026541352272	0.03486858308315277	0.36298292875289917	0.0	0.0
s0_so	3	single	-1	true	0,14	0.12109375	-1	1					0.007788589224219322	0.005312364082783461	0.01095587108284235	0.05251725763082504	3.4283175468444824	0.0	0.0
s0_so	3	single	-1	true	0,15	0.12109375	-1	1					0.004808361176401377	0.0018605010118335485	0.038353331387043	0.06906060874462128	1.8629323244094849	0.0	0.0
s0_so	3	single	-1	true	1,14	0.12109375	-1	1					0.009640293195843697	0.009865155443549156	0.016961900517344475	0.04642258957028389	3.2919235229492188	0.0	0.0
s0_so	3	single	-1	true	1,15	0.12109375	-1	1					0.005886993836611509	0.004535322077572346	0.07008697092533112	0.06077580153942108	1.7265381813049316	0.0	0.0
s0_so	3	single	-1	true	8,0	0.0	-1	1					0.007511199451982975	0.006409741006791592	0.039138853549957275	0.06021689251065254	0.7029497623443604	0.0	0.0
s0_so	3	single	-1	true	8,1	0.0	-1	1					0.0036150729283690453	0.0031707240268588066	0.04947749525308609	0.06264074146747589	0.7611541152000427	0.0	0.0
s0_so	3	single	-1	true	9,0	0.0	-1	1					0.010967327281832695	0.006212080828845501	0.09168176352977753	0.06744835525751114	2.040773630142212	0.0	0.0
s0_so	3	single	-1	true	9,1	0.0	-1	1					0.004838070832192898	0.0030806127469986677	0.1366329789161682	0.06999534368515015	2.098978042602539	0.0	0.0
s0_so	3	single	-1	true	2,8	0.03125	-1	1					0.01739243045449257	0.018461477011442184	0.03313907980918884	0.07399363070726395	-0.5435619354248047	0.0	0.0
s0_so	3	single	-1	true	2,9	0.03125	-1	1					0.010531550273299217	0.00982722919434309	0.03799998015165329	0.04016946256160736	0.10052555799484253	0.0	0.0
s0_so	3	single	-1	true	3,8	0.03125	-1	1					0.020083729177713394	0.02683974802494049	0.05952009931206703	0.057277243584394455	-1.1028664112091064	0.0	0.0
s0_so	3	single	-1	true	3,9	0.03125	-1	1					0.014630651101469994	0.01927454024553299	0.07877791672945023	0.026488997042179108	-0.45877885818481445	0.0	0.0
s0_so	3	single	-1	true	12,4	0.03125	-1	1					0.01668846234679222	0.013794428668916225	0.07071639597415924	0.05762065201997757	-1.1417663097381592	0.0	0.0
s0_so	3	single	-1	true	12,5	0.03125	-1	1					0.05023310333490372	0.06371617317199707	0.035754334181547165	0.06058622896671295	-0.4268306493759155	0.0	0.0
s0_so	3	single	-1	true	13,4	0.09765625	-1	1					0.007120433263480663	0.0068377540446817875	0.11480362713336945	0.07746478170156479	-0.45961058139801025	0.0	0.0
s0_so	3	single	-1	true	13,5	0.09765625	-1	1					0.05259580537676811	0.07593371719121933	0.0531759150326252	0.0760694295167923	0.25532492995262146	0.0	0.0
s0_so	3	single	-1	true	0,4	0.1640625	-1	1					0.014890260994434357	0.011649802327156067	0.050457663834095	0.048310235142707825	2.1202502250671387	0.0	0.0
s0_so	3	single	-1	true	0,5	0.1640625	-1	1					0.046441592276096344	0.05284887179732323	0.05070953443646431	0.056171197444200516	2.8351855278015137	0.0	0.0
s0_so	3	single	-1	true	1,4	0.1640625	-1	1					0.012834688648581505	0.01564745232462883	0.06081902235746384	0.05071727931499481	1.983855962753296	0.0	0.0
s0_so	3	single	-1	true	1,5	0.1640625	-1	1					0.024439476430416107	0.034917205572128296	0.06610292196273804	0.05196882411837578	2.69879150390625	0.0	0.0
s0_so	3	single	-1	true	8,8	0.1640625	-1	1					0.02663407102227211	0.03351614251732826	0.028981372714042664	0.07042792439460754	-1.345130443572998	0.0	0.0
s0_so	3	single	-1	true	8,9	0.1640625	-1	1					0.04983745515346527	0.0748099833726883	0.03872565180063248	0.04623749107122421	-0.7010430097579956	0.0	0.0
s0_so	3	single	-1	true	9,8	0.1640625	-1	1					0.03705119341611862	0.044510602951049805	0.06732369214296341	0.08334336429834366	-0.007306672632694244	0.0	0.0
s0_so	3	single	-1	true	9,9	0.1640625	-1	1					0.05189166218042374	0.05846589803695679	0.06610485911369324	0.04822225123643875	0.636780858039856	0.0	0.0
s0_so	3	single	-1	true	10,10	0.421875	-1	1					0.07397967576980591	0.09861297905445099	0.11390554904937744	0.09014646708965302	2.0861546993255615	0.0	0.0
s0_so	3	single	-1	true	10,11	0.421875	-1	1					0.01859406754374504	0.016504615545272827	0.029276883229613304	0.06964699178934097	-0.0336218923330307	0.0	0.0
s0_so	3	single	-1	true	11,10	0.421875	-1	1					0.02219841443002224	0.02408706210553646	0.0323445200920105	0.05363226309418678	0.5494124889373779	0.0	0.0
s0_so	3	single	-1	true	11,11	0.421875	-1	1					0.019344333559274673	0.02459598518908024	0.005471741780638695	0.037383727729320526	-1.570364236831665	0.0	0.0
s0_so	3	single	-1	true	12,8	0.3203125	-1	1					0.07324851304292679	0.10165118426084518	0.0692809522151947	0.07629270851612091	-1.8440580368041992	0.0	0.0
s0_so	3	single	-1	true	12,9	0.3203125	-1	1					0.06757867336273193	0.08747825026512146	0.03681149333715439	0.05282881110906601	-1.1999704837799072	0.0	0.0
s0_so	3	single	-1	true	13,8	0.3203125	-1	1					0.08771305531263351	0.11519835889339447	0.09241796284914017	0.09058286249637604	-1.1619024276733398	0.0	0.0
s0_so	3	single	-1	true	13,9	0.3203125	-1	1					0.05892637372016907	0.08974703401327133	0.07095950841903687	0.06727730482816696	-0.5178149342536926	0.0	0.0
s0_so	3	single	-1	true	0,12	0.06640625	-1	1					0.041555896401405334	0.03706910461187363	0.06222906336188316	0.05833286792039871	1.8438467979431152	0.0	0.0
s0_so	3	single	-1	true	0,13	0.06640625	-1	1					0.008267180994153023	0.0047523826360702515	0.020239733159542084	0.0592120997607708	3.548356533050537	0.0	0.0
s0_so	3	single	-1	true	1,12	0.06640625	-1	1					0.03550342097878456	0.0332806259393692	0.09726429730653763	0.05611656606197357	1.7074525356292725	0.0	0.0
s0_so	3	single	-1	true	1,13	0.06640625	-1	1					0.01896492764353752	0.01962314359843731	0.04827330261468887	0.060086481273174286	3.4119625091552734	0.0	0.0
s0_so	3	single	-1	true	10,4	0.09765625	-1	1					0.007120433263480663	0.0068377540446817875	0.11480362713336945	0.07746478170156479	0.014764810912311077	0.0	0.0
s0_so	3	single	-1	true	10,5	0.09765625	-1	1					0.05259580537676811	0.07593371719121933	0.0531759150326252	0.0760694295167923	0.7297003269195557	0.0	0.0
s0_so	3	single	-1	true	11,4	0.06640625	-1	1					0.006536291912198067	0.005367449950426817	0.02972663938999176	0.03625816851854324	-1.5219775438308716	0.0	0.0
s0_so	3	single	-1	true	11,5	0.06640625	-1	1					0.029845386743545532	0.039437755942344666	0.014944983646273613	0.051344167441129684	-0.8070420026779175	0.0	0.0
s0_so	3	single	-1	true	0,14	0.12109375	-1	1					0.007788589224219322	0.005312364082783461	0.01095587108284235	0.05251725763082504	3.4283175468444824	0.0	0.0
s0_so	3	single	-1	true	0,15	0.12109375	-1	1					0.004808361176401377	0.0018605010118335485	0.038353331387043	0.06906060874462128	1.8629323244094849	0.0	0.0
s0_so	3	single	-1	true	1,14	0.12109375	-1	1					0.009640293195843697	0.009865155443549156	0.016961900517344475	0.04642258957028389	3.2919235229492188	0.0	0.0
s0_so	3	single	-1	true	1,15	0.12109375	-1	1					0.005886993836611509	0.004535322077572346	0.07008697092533112	0.06077580153942108	1.7265381813049316	0.0	0.0
s0_so	3	single	-1	true	8,4	0.12109375	-1	1					0.013839875347912312	0.017468074336647987	0.032734185457229614	0.048714324831962585	-0.6428385972976685	0.0	0.0
s0_so	3	single	-1	true	8,5	0.12109375	-1	1					0.03368490934371948	0.03733649477362633	0.029329974204301834	0.05790810286998749	0.07209691405296326	0.0	0.0
s0_so	3	single	-1	true	9,4	0.12109375	-1	1					0.014952488243579865	0.013654276728630066	0.0962115079164505	0.05004005506634712	0.6949851512908936	0.0	0.0
s0_so	3	single	-1	true	9,5	0.12109375	-1	1					0.04689112305641174	0.06615117192268372	0.05415504425764084	0.06645568460226059	1.4099206924438477	0.0	0.0
s0_so	3	single	-1	true	12,2	0.10546875	-1	1					0.008503849618136883	0.004983887076377869	0.02261357009410858	0.07363324612379074	0.2737846374511719	0.0	0.0
s0_so	3	single	-1	true	12,3	0.10546875	-1	1					0.010085787624120712	0.007950056344270706	0.011733025312423706	0.0463845431804657	-1.2196965217590332	0.0	0.0
s0_so	3	single	-1	true	13,2	0.10546875	-1	1					0.02365342527627945	0.01955592632293701	0.05968306213617325	0.09404326975345612	0.955940306186676	0.0	0.0
s0_so	3	single	-1	true	13,3	0.10546875	-1	1					0.01971793919801712	0.029123127460479736	0.03334037587046623	0.06328020989894867	-0.5375409126281738	0.0	0.0
s0_so	3	single	-1	true	10,10	0.421875	-1	1					0.07397967576980591	0.09861297905445099	0.11390554904937744	0.09014646708965302	2.0861546993255615	0.0	0.0
s0_so	3	single	-1	true	10,11	0.421875	-1	1					0.01859406754374504	0.016504615545272827	0.029276883229613304	0.06964699178934097	-0.0336218923330307	0.0	0.0
s0_so	3	single	-1	true	11,10	0.421875	-1	1					0.02219841443002224	0.02408706210553646	0.0323445200920105	0.05363226309418678	0.5494124889373779	0.0	0.0
s0_so	3	single	-1	true	11,11	0.421875	-1	1					0.019344333559274673	0.02459598518908024	0.005471741780638695	0.037383727729320526	-1.570364236831665	0.0	0.0
s0_so	3	single	-1	wrong	0,7	0.06640625	-1	1					0.008267180994153023	0.0047523826360702515	0.020239733159542084	0.0592120997607708	4.1916399002075195	0.0	0.0
s0_so	3	single	-1	wrong	3,2	0.0	-1	1					0.007608270272612572	0.0073215654119849205	0.033197127282619476	0.05412387102842331	1.0149763822555542	0.0	0.0
s0_so	3	single	-1	wrong	12,13	0.0	-1	1					0.014095320366322994	0.011280895210802555	0.04597829282283783	0.07422062754631042	0.28634023666381836	0.0	0.0
s0_so	3	single	-1	wrong	11,8	0.0	-1	1					0.03547915816307068	0.04276632145047188	0.02634630724787712	0.05911463499069214	-2.224269390106201	0.0	0.0
s0_so	3	single	-1	wrong	13,0	0.0	-1	1					0.010138345882296562	0.011405037716031075	0.09478387236595154	0.08820270001888275	0.8861777782440186	0.0	0.0
s0_so	3	single	-1	wrong	0,1	0.0	-1	1					0.0012744137784466147	0.0004951781593263149	0.07139067351818085	0.06949569284915924	3.524242877960205	0.0	0.0
s0_so	3	single	-1	wrong	12,10	0.0	-1	1					0.014095320366322994	0.011280895210802555	0.04597829282283783	0.07422062754631042	0.9296237230300903	0.0	0.0
s0_so	3	single	-1	wrong	3,5	0.0	-1	1					0.006877860054373741	0.01076623983681202	0.03283334895968437	0.04882008582353592	0.314361035823822	0.0	0.0
s0_so	3	single	-1	wrong	6,6	0.0	-1	1					0.0032980809919536114	0.0015273861354216933	0.07201928645372391	0.06818120181560516	3.466038465499878	0.0	0.0
s0_so	3	single	-1	wrong	10,13	0.421875	-1	1					0.07397967576980591	0.09861297905445099	0.11390554904937744	0.09014646708965302	1.4428712129592896	0.0	0.0
s0_so	3	single	-1	wrong	4,11	0.0	-1	1					0.0054233018308877945	0.005397706292569637	0.02941041812300682	0.05158310383558273	0.5102043151855469	0.0	0.0
s0_so	3	single	-1	wrong	8,15	0.0	-1	1					0.011666856706142426	0.007291980087757111	0.02198709174990654	0.06828141957521439	-0.9001563787460327	0.0	0.0
s0_so	3	single	-1	wrong	12,11	0.0	-1	1					0.02358090505003929	0.0168844535946846	0.015592367388308048	0.05360066890716553	-1.190152883529663	0.0	0.0
s0_so	3	single	-1	wrong	4,15	0.0	-1	1					0.0077379983849823475	0.00793902575969696	0.10521426796913147	0.07157659530639648	0.30127331614494324	0.0	0.0
s0_so	3	single	-1	wrong	15,13	0.28125	-1	1					0.024198906496167183	0.023241030052304268	0.0560026541352272	0.03486858308315277	-0.2803005576133728	0.0	0.0
s0_so	3	single	-1	wrong	15,2	0.0	-1	1					0.01296914741396904	0.010338196530938148	0.020538292825222015	0.03481044992804527	-0.2928561568260193	0.0	0.0
s0_so	3	single	-1	wrong	14,13	0.28125	-1	1					0.027193628251552582	0.03510632365942001	0.04791655391454697	0.06901489198207855	1.6272708177566528	0.0	0.0
s0_so	3	single	-1	wrong	3,14	0.0	-1	1					0.003004328114911914	0.0019913259893655777	0.01943475753068924	0.035178668797016144	0.9074932336807251	0.0	0.0
s0_so	3	single	-1	wrong	12,15	0.0	-1	1					0.016399424523115158	0.010775131173431873	0.05471665412187576	0.07306850701570511	-1.3990838527679443	0.0	0.0
s0_so	3	single	-1	wrong	4,13	0.28125	-1	1					0.059341348707675934	0.08850324153900146	0.09961763024330139	0.07150154560804367	1.9866974353790283	0.0	0.0
s0_so	3	single	-1	wrong	1,0	0.0	-1	1					0.005696771666407585	0.003673602594062686	0.07454951852560043	0.05317748337984085	3.3296444416046143	0.0	0.0
s0_so	3	single	-1	wrong	10,6	0.0	-1	1					0.010138345882296562	0.011405037716031075	0.09478387236595154	0.08820270001888275	1.3605531454086304	0.0	0.0
s0_so	3	single	-1	wrong	15,12	0.0	-1	1					0.021502163261175156	0.015581704676151276	0.07407285273075104	0.035113342106342316	-1.9848103523254395	0.0	0.0
s0_so	3	single	-1	wrong	15,5	0.0	-1	1					0.03416523337364197	0.042978961020708084	0.01831037364900112	0.028559789061546326	-0.9934713840484619	0.0	0.0
s0_so	3	single	-1	wrong	2,0	0.0	-1	1					0.005755563732236624	0.00394404586404562	0.037904564291238785	0.05541105195879936	1.5045182704925537	0.0	0.0
s0_so	3	single	-1	wrong	2,7	0.0	-1	1					0.015604967251420021	0.016490746289491653	0.04823414981365204	0.05911742523312569	2.2301199436187744	0.0	0.0
s0_so	3	single	-1	wrong	8,12	0.0	-1	1					0.04192656651139259	0.04696105420589447	0.035819366574287415	0.05526694655418396	-0.9192419052124023	0.0	0.0
s0_so	3	single	-1	wrong	12,0	0.0	-1	1					0.016300011426210403	0.012302173301577568	0.07971140742301941	0.07730577141046524	0.20402215421199799	0.0	0.0
s0_so	3	single	-1	wrong	2,5	0.0	-1	1					0.012240858748555183	0.014714078977704048	0.0207559484988451	0.057913634926080704	0.873665452003479	0.0	0.0
s0_so	3	single	-1	wrong	3,15	0.0	-1	1					0.00491658691316843	0.0047090924344956875	0.033823806792497635	0.0533880814909935	-0.6578922867774963	0.0	0.0
s0_so	3	single	-1	wrong	15,11	0.0	-1	1					0.010712685063481331	0.008673924952745438	0.003387433011084795	0.02389482781291008	-1.7567936182022095	0.0	0.0
s0_so	3	single	-1	wrong	10,15	0.0	-1	1					0.023750875145196915	0.018818777054548264	0.0697377622127533	0.09309476613998413	-0.24255293607711792	0.0	0.0
s0_so	3	single	-1	wrong	15,1	0.0	-1	1					0.00924084521830082	0.0096268430352211	0.07526800781488419	0.04008864238858223	-0.3044142425060272	0.0	0.0
s0_so	3	single	-1	wrong	1,1	0.0	-1	1					0.0031496211886405945	0.003080514492467046	0.06947881728410721	0.06809478998184204	3.387848377227783	0.0	0.0
s0_so	3	single	-1	wrong	0,11	0.0	-1	1					0.009851613081991673	0.005970763973891735	0.018147271126508713	0.05426842346787453	2.0718631744384766	0.0	0.0
s0_so	3	single	-1	wrong	11,14	0.0	-1	1					0.006922356318682432	0.005143285728991032	0.007340364158153534	0.036720432341098785	-0.21390977501869202	0.0	0.0
s0_so	3	single	-1	wrong	8,7	0.0	-1	1					0.01702442392706871	0.01419103890657425	0.03442510589957237	0.06291774660348892	1.428551435470581	0.0	0.0
s0_so	3	single	-1	wrong	4,14	0.0	-1	1					0.010330161079764366	0.009383631870150566	0.02323102205991745	0.0524735301733017	1.8666586875915527	0.0	0.0
s0_so	3	single	-1	wrong	7,14	0.0	-1	1					0.009137668646872044	0.006209203973412514	0.046167969703674316	0.07638081163167953	1.322832465171814	0.0	0.0
s0_so	3	single	-1	wrong	14,14	0.0	-1	1					0.005667222663760185	0.003621144685894251	0.008804714307188988	0.053611014038324356	1.5072319507598877	0.0	0.0
s0_so	3	single	-1	wrong	10,8	0.3203125	-1	1					0.08771305531263351	0.11519835889339447	0.09241796284914017	0.09058286249637604	-0.687527060508728	0.0	0.0
s0_so	3	single	-1	wrong	10,3	0.10546875	-1	1					0.01971793919801712	0.029123127460479736	0.03334037587046623	0.06328020989894867	-0.06316550076007843	0.0	0.0
s0_so	3	single	-1	wrong	4,4	0.0	-1	1					0.010475607588887215	0.015929661691188812	0.12396891415119171	0.053186848759651184	0.5585910677909851	0.0	0.0
s0_so	3	single	-1	wrong	2,4	0.0	-1	1					0.003949896898120642	0.003204324748367071	0.04463757574558258	0.04214358702301979	0.1587299257516861	0.0	0.0
s0_so	3	single	-1	wrong	11,9	0.0	-1	1					0.031799424439668655	0.0369996577501297	0.029934141784906387	0.028262391686439514	-1.5801818370819092	0.0	0.0
s0_so	3	single	-1	wrong	4,12	0.0	-1	1					0.037054672837257385	0.04501338303089142	0.13700635731220245	0.05398165434598923	0.2821877896785736	0.0	0.0
s0_so	3	single	-1	wrong	7,1	0.0	-1	1					0.004492390900850296	0.0058297631330788136	0.15253645181655884	0.0997413769364357	1.418757438659668	0.0	0.0
s0_so	3	single	-1	wrong	1,7	0.06640625	-1	1					0.01896492764353752	0.01962314359843731	0.04827330261468887	0.060086481273174286	4.055245876312256	0.0	0.0
s0_so	3	single	-1	wrong	3,4	0.0	-1	1					0.004618114326149225	0.006163798738270998	0.06011800095438957	0.036892376840114594	-0.4005745053291321	0.0	0.0
s0_so	3	single	-1	wrong	4,9	0.0	-1	1					0.04068437218666077	0.05523069575428963	0.12479949742555618	0.04003562778234482	0.5003867149353027	0.0	0.0
s0_so	3	single	-1	wrong	14,12	0.0	-1	1					0.012516552582383156	0.009388929232954979	0.05107680335640907	0.061409708112478256	-0.07723897695541382	0.0	0.0
s0_so	3	single	-1	wrong	9,2	0.0	-1	1					0.0073051960207521915	0.004338614642620087	0.023641444742679596	0.08150196075439453	2.1105360984802246	0.0	0.0
s0_so	3	single	-1	wrong	4,8	0.0	-1	1					0.05317336320877075	0.08585884422063828	0.09082091599702835	0.0757049173116684	-0.14370079338550568	0.0	0.0
s0_so	3	single	-1	wrong	8,2	0.0	-1	1					0.00820701103657484	0.006025075446814299	0.020800914615392685	0.07297556847333908	0.772712230682373	0.0	0.0
s0_so	3	single	-1	wrong	11,2	0.0	-1	1					0.013446671888232231	0.01201714389026165	0.014763189479708672	0.05691610276699066	-0.10642662644386292	0.0	0.0
s0_so	3	single	-1	wrong	2,3	0.0	-1	1					0.003228097688406706	0.002541932975873351	0.006907757371664047	0.04245367646217346	0.08079960942268372	0.0	0.0
s0_so	3	single	-1	wrong	13,10	0.421875	-1	1					0.07397967576980591	0.09861297905445099	0.11390554904937744	0.09014646708965302	1.6117792129516602	0.0	0.0
s0_so	3	single	-1	wrong	9,15	0.0	-1	1					0.003344679018482566	0.001236331881955266	0.05423632264137268	0.076777882874012	0.43766745924949646	0.0	0.0
s0_so	3	single	-1	wrong	0,2	0.0	-1	1					0.007304253987967968	0.004469666630029678	0.012887360528111458	0.07042111456394196	3.5358009338378906	0.0	0.0
s0_so	3	single	-1	wrong	4,2	0.0	-1	1					0.021963607519865036	0.023696400225162506	0.03329911082983017	0.07544388622045517	1.974142074584961	0.0	0.0
s0_so	3	single	-1	wrong	4,5	0.0	-1	1					0.022808421403169632	0.04515558481216431	0.09656575322151184	0.06562132388353348	1.2735265493392944	0.0	0.0
s0_so	3	single	-1	wrong	14,15	0.0	-1	1					0.003780241124331951	0.0017619390273466706	0.027028873562812805	0.07487453520298004	-0.05815345421433449	0.0	0.0
s0_so	3	single	-1	wrong	12,12	0.0	-1	1					0.04763832688331604	0.052939072251319885	0.04476979374885559	0.07810518145561218	-1.4181694984436035	0.0	0.0
s0_so	3	single	-1	wrong	10,2	0.10546875	-1	1					0.02365342527627945	0.01955592632293701	0.05968306213617325	0.09404326975345612	1.4303157329559326	0.0	0.0
s0_so	3	single	-1	wrong	14,1	0.0	-1	1					0.004717904143035412	0.004424197133630514	0.07175759971141815	0.07550555467605591	1.6031570434570312	0.0	0.0
s0_so	3	single	-1	wrong	2,1	0.0	-1	1					0.0035713815595954657	0.0033056731335818768	0.06944458186626434	0.05794725567102432	1.5627225637435913	0.0	0.0
s0_so	3	single	-1	wrong	14,11	0.0	-1	1					0.014236281625926495	0.013570025563240051	0.007032329216599464	0.05293599143624306	0.15077759325504303	0.0	0.0
s0_so	3	single	-1	wrong	5,3	0.0	-1	1					0.013894939795136452	0.01719912886619568	0.01608828455209732	0.0449816957116127	-1.7843072414398193	0.0	0.0
s0_so	3	single	-1	wrong	11,6	0.0	-1	1					0.019624900072813034	0.016170497983694077	0.04758134484291077	0.0374707356095314	-0.1761890947818756	0.0	0.0
s0_so	3	single	-1	wrong	15,4	0.0	-1	1					0.009086236357688904	0.007391491439193487	0.04983430355787277	0.03083735704421997	-1.708406925201416	0.0	0.0
s0_so	3	single	-1	wrong	1,3	0.0	-1	1					0.004973684437572956	0.006469063460826874	0.044855862855911255	0.03868405520915985	1.9059256315231323	0.0	0.0
s0_so	3	single	-1	wrong	9,14	0.0	-1	1					0.006021677982062101	0.0031423845794051886	0.017742151394486427	0.05611462891101837	2.0030527114868164	0.0	0.0
s0_so	3	single	-1	wrong	5,14	0.0	-1	1					0.006055749952793121	0.0035255677066743374	0.020936623215675354	0.050660811364650726	-0.39830929040908813	0.0	0.0
s0_so	3	single	-1	wrong	14,8	0.0	-1	1					0.028964821249246597	0.029753826558589935	0.03613106533885002	0.07598876953125	-0.5031275749206543	0.0	0.0
s0_so	3	single	-1	wrong	0,3	0.0	-1	1					0.007399037014693022	0.006768985651433468	0.03334319218993187	0.043360039591789246	2.0423197746276855	0.0	0.0
s0_so	3	single	-1	wrong	1,11	0.0	-1	1					0.006218056194484234	0.00624509435147047	0.029168525710701942	0.043824926018714905	1.9354692697525024	0.0	0.0
s0_so	3	single	-1	wrong	0,8	0.0	-1	1					0.01097438670694828	0.009897202253341675	0.04203448444604874	0.07289546728134155	1.4179582595825195	0.0	0.0
s0_so	3	single	-1	wrong	11,1	0.0	-1	1					0.009329703636467457	0.01027524285018444	0.059277523308992386	0.04736405611038208	-0.11798472702503204	0.0	0.0
s0_so	3	single	-1	wrong	5,8	0.0	-1	1					0.045645225793123245	0.06125134974718094	0.05036899447441101	0.06803366541862488	-2.4086689949035645	0.0	0.0
s0_so	3	single	-1	wrong	13,15	0.0	-1	1					0.023750875145196915	0.018818777054548264	0.0697377622127533	0.09309476613998413	-0.7169283628463745	0.0	0.0
s0_so	3	single	-1	wrong	14,2	0.0	-1	1					0.00856089498847723	0.005694086663424969	0.014545854181051254	0.07376503944396973	1.6147150993347168	0.0	0.0
s0_so	3	single	-1	wrong	13,13	0.421875	-1	1					0.07397967576980591	0.09861297905445099	0.11390554904937744	0.09014646708965302	0.9684958457946777	0.0	0.0
s0_so	3	single	-1	wrong	2,15	0.0	-1	1					0.004536258056759834	0.0027780509553849697	0.0366177037358284	0.06861227005720139	-0.09858782589435577	0.0	0.0
s0_so	3	single	-1	wrong	2,12	0.0	-1	1					0.008175024762749672	0.006442672107368708	0.06889769434928894	0.04312621429562569	-0.117673359811306	0.0	0.0
s0_so	3	single	-1	wrong	15,8	0.0	-1	1					0.027851318940520287	0.030392860993742943	0.0362224355340004	0.03462034463882446	-2.410698890686035	0.0	0.0
s0_so	3	single	-1	wrong	13,11	0.421875	-1	1					0.01859406754374504	0.016504615545272827	0.029276883229613304	0.06964699178934097	-0.5079973340034485	0.0	0.0
s0_so	3	single	-1	wrong	13,12	0.0	-1	1					0.042804054915905	0.05281083285808563	0.09426656365394592	0.09093606472015381	-0.7360138893127441	0.0	0.0
s0_so	3	single	-1	wrong	5,12	0.0	-1	1					0.04415429010987282	0.056838005781173706	0.07073578238487244	0.0540299117565155	-1.9827802181243896	0.0	0.0
s0_so	3	single	-1	wrong	15,14	0.0	-1	1					0.0050815739668905735	0.0029157090466469526	0.009688115678727627	0.02660187892615795	-0.400339275598526	0.0	0.0
s0_so	3	single	-1	wrong	9,11	0.0	-1	1					0.013013103045523167	0.00941096805036068	0.025679834187030792	0.059367626905441284	0.6465984582901001	0.0	0.0
s0_so	3	single	-1	wrong	8,11	0.0	-1	1					0.015676725655794144	0.013629238121211529	0.01086900569498539	0.052082695066928864	-0.6912252902984619	0.0	0.0
s0_so	3	single	-1	wrong	8,13	0.0	-1	1					0.01702442392706871	0.01419103890657425	0.03442510589957237	0.06291774660348892	0.7852678298950195	0.0	0.0
s0_so	3	single	-1	wrong	3,0	0.0	-1	1					0.006371229887008667	0.005836187861859798	0.10156960785388947	0.03768455237150192	0.9452138543128967	0.0	0.0
s0_so	3	single	-1	wrong	2,14	0.0	-1	1					0.0029921983368694782	0.001307335332967341	0.009981362149119377	0.04796270281076431	1.4667975902557373	0.0	0.0
s0_so	3	single	-1	wrong	5,15	0.0	-1	1					0.017216727137565613	0.01235206425189972	0.03554435819387436	0.06601157784461975	-1.96369469165802	0.0	0.0
s0_so	3	single	-1	wrong	1,9	0.0	-1	1					0.01972348429262638	0.017358850687742233	0.07985462993383408	0.038220636546611786	1.9256515502929688	0.0	0.0
s0_so	4	delta	0	true	2,16	0.0	0	89	0.0	0.0	0.0	0.0	0.010480040684342384	0.012528878636658192	0.05549458786845207	0.045457638800144196	0.0	0.0	0.0
s0_so	4	delta	0	true	2,19	0.0	0	89	0.0	0.0	0.0	0.0	0.010480040684342384	0.012528878636658192	0.05549458786845207	0.045457638800144196	0.0	0.0	0.0
s0_so	4	delta	0	true	5,21	0.0	0	89	0.0	0.0	0.0	0.0	0.010480040684342384	0.012528878636658192	0.05549458786845207	0.045457638800144196	0.0	0.0	0.0
s0_so	4	delta	0	true	6,18	0.0	0	89	0.0	0.0	0.0	0.0	0.010480040684342384	0.012528878636658192	0.05549458786845207	0.045457638800144196	0.0	0.0	0.0
s0_so	4	delta	0	true	6,20	0.0	0	89	0.0	0.0	0.0	0.0	0.010480040684342384	0.012528878636658192	0.05549458786845207	0.045457638800144196	0.0	0.0	0.0
s0_so	4	delta	0	true	7,20	0.0	0	89	0.0	0.0	0.0	0.0	0.010480040684342384	0.012528878636658192	0.05549458786845207	0.045457638800144196	0.0	0.0	0.0
s0_so	4	delta	0	true	62,35	0.0	0	89	0.0	0.0	0.0	0.0	0.010480040684342384	0.012528878636658192	0.05549458786845207	0.045457638800144196	0.0	0.0	0.0
s0_so	4	delta	0	true	63,36	0.0	0	89	0.0	0.0	0.0	0.0	0.010480040684342384	0.012528878636658192	0.05549458786845207	0.045457638800144196	0.0	0.0	0.0
s0_so	4	delta	0	true	0,29	0.0	0	89	0.0	0.0	0.0	0.0	0.010480040684342384	0.012528878636658192	0.05549458786845207	0.045457638800144196	0.0	-4.649162292480469e-06	0.0
s0_so	4	delta	0	true	1,25	0.0	0	89	0.0	0.0	0.0	0.0	0.010480040684342384	0.012528878636658192	0.05549458786845207	0.045457638800144196	0.0	-0.011568665504455566	-0.00019671767950057983
s0_so	4	delta	0	true	4,27	0.0	0	89	0.0	0.0	0.0	0.0	0.010480040684342384	0.012528878636658192	0.05549458786845207	0.045457638800144196	0.0	-4.4345855712890625e-05	0.0
s0_so	4	delta	0	true	6,30	0.0	0	89	0.0	0.0	0.0	0.0	0.010480040684342384	0.012528878636658192	0.05549458786845207	0.045457638800144196	0.0	-1.1920928955078125e-07	0.0
s0_so	4	delta	0	true	7,31	0.0	0	89	0.0	0.0	0.0	0.0	0.010480040684342384	0.012528878636658192	0.05549458786845207	0.045457638800144196	0.0	-5.960464477539063e-08	0.0
s0_so	4	delta	0	true	40,25	0.0	0	89	0.0	0.0	0.0	0.0	0.010480040684342384	0.012528878636658192	0.05549458786845207	0.045457638800144196	0.0	-0.00012248754501342773	0.0
s0_so	4	delta	0	true	44,26	0.0	0	89	0.0	0.0	0.0	0.0	0.010480040684342384	0.012528878636658192	0.05549458786845207	0.045457638800144196	0.0	-0.00017976760864257812	0.0
s0_so	4	delta	0	true	47,26	0.0	0	89	0.0	0.0	0.0	0.0	0.010480040684342384	0.012528878636658192	0.05549458786845207	0.045457638800144196	0.0	0.0	0.0
s0_so	4	delta	0	true	48,57	0.0	0	89	0.0	0.0	0.0	0.0	0.010480040684342384	0.012528878636658192	0.05549458786845207	0.045457638800144196	0.0	-5.960464477539063e-08	0.0
s0_so	4	delta	0	true	50,57	0.0	0	89	0.0	0.0	0.0	0.0	0.010480040684342384	0.012528878636658192	0.05549458786845207	0.045457638800144196	0.0	-1.1920928955078125e-07	0.0
s0_so	4	delta	0	true	52,61	0.0	0	89	0.0	0.0	0.0	0.0	0.010480040684342384	0.012528878636658192	0.05549458786845207	0.045457638800144196	0.0	0.0	0.0
s0_so	4	delta	0	true	52,63	0.0	0	89	0.0	0.0	0.0	0.0	0.010480040684342384	0.012528878636658192	0.05549458786845207	0.045457638800144196	0.0	0.0	0.0
s0_so	4	delta	0	true	53,56	0.0	0	89	0.0	0.0	0.0	0.0	0.010480040684342384	0.012528878636658192	0.05549458786845207	0.045457638800144196	0.0	0.0	0.0
s0_so	4	delta	0	true	25,42	0.01171875	3	89	0.001180834136903286	0.0027087870985269547	-0.0012133270502090454	-0.00030997395515441895	0.01166087482124567	0.015237665735185146	0.05428126081824303	0.04514766484498978	0.00043487548828125	-0.03485465049743652	-0.0019593313336372375
s0_so	4	delta	0	true	26,47	0.0	0	89	0.0	0.0	0.0	0.0	0.010480040684342384	0.012528878636658192	0.05549458786845207	0.045457638800144196	0.0	-6.854534149169922e-06	0.0
s0_so	4	delta	0	true	29,42	0.0	0	89	0.0	0.0	0.0	0.0	0.010480040684342384	0.012528878636658192	0.05549458786845207	0.045457638800144196	0.0	-1.8477439880371094e-06	0.0
s0_so	4	delta	0	true	29,43	0.0	0	89	0.0	0.0	0.0	0.0	0.010480040684342384	0.012528878636658192	0.05549458786845207	0.045457638800144196	0.0	-5.960464477539063e-08	0.0
s0_so	4	delta	0	true	35,57	0.0	0	89	0.0	0.0	0.0	0.0	0.010480040684342384	0.012528878636658192	0.05549458786845207	0.045457638800144196	0.0	0.0	0.0
s0_so	4	delta	0	true	39,59	0.0	0	89	0.0	0.0	0.0	0.0	0.010480040684342384	0.012528878636658192	0.05549458786845207	0.045457638800144196	0.0	0.0	0.0
s0_so	4	delta	0	true	32,48	0.0	0	89	0.0	0.0	0.0	0.0	0.010480040684342384	0.012528878636658192	0.05549458786845207	0.045457638800144196	0.0	-0.00012671947479248047	0.0
s0_so	4	delta	0	true	34,55	0.0	0	89	0.0	0.0	0.0	0.0	0.010480040684342384	0.012528878636658192	0.05549458786845207	0.045457638800144196	0.0	0.0	0.0
s0_so	4	delta	0	true	38,55	0.0	0	89	0.0	0.0	0.0	0.0	0.010480040684342384	0.012528878636658192	0.05549458786845207	0.045457638800144196	0.0	0.0	0.0
s0_so	4	delta	0	true	2,63	0.0	0	89	0.0	0.0	0.0	0.0	0.010480040684342384	0.012528878636658192	0.05549458786845207	0.045457638800144196	0.0	0.0	0.0
s0_so	4	delta	0	true	7,61	0.0	0	89	0.0	0.0	0.0	0.0	0.010480040684342384	0.012528878636658192	0.05549458786845207	0.045457638800144196	0.0	0.0	0.0
s0_so	4	delta	0	true	7,62	0.0	0	89	0.0	0.0	0.0	0.0	0.010480040684342384	0.012528878636658192	0.05549458786845207	0.045457638800144196	0.0	0.0	0.0
s0_so	4	delta	0	true	0,31	0.0	0	89	0.0	0.0	0.0	0.0	0.010480040684342384	0.012528878636658192	0.05549458786845207	0.045457638800144196	0.0	-0.010701179504394531	-9.629130363464355e-05
s0_so	4	delta	0	true	1,24	0.00390625	78	89	0.0016336319968104362	0.002902306616306305	0.008744921535253525	-0.00048017874360084534	0.01211367268115282	0.015431185252964497	0.0642395094037056	0.04497746005654335	0.0234677791595459	-0.15016865730285645	0.0009495764970779419
s0_so	4	delta	0	true	2,29	0.0	0	89	0.0	0.0	0.0	0.0	0.010480040684342384	0.012528878636658192	0.05549458786845207	0.045457638800144196	0.0	0.0	0.0
s0_so	4	delta	0	true	4,31	0.0	0	89	0.0	0.0	0.0	0.0	0.010480040684342384	0.012528878636658192	0.05549458786845207	0.045457638800144196	0.0	-3.933906555175781e-06	0.0
s0_so	4	delta	0	true	36,32	0.0	0	89	0.0	0.0	0.0	0.0	0.010480040684342384	0.012528878636658192	0.05549458786845207	0.045457638800144196	0.0	0.0	0.0
s0_so	4	delta	0	true	49,42	0.0	0	89	0.0	0.0	0.0	0.0	0.010480040684342384	0.012528878636658192	0.05549458786845207	0.045457638800144196	0.0	-0.000494837760925293	0.0
s0_so	4	delta	0	true	54,46	0.0	0	89	0.0	0.0	0.0	0.0	0.010480040684342384	0.012528878636658192	0.05549458786845207	0.045457638800144196	0.0	-3.2186508178710938e-06	0.0
s0_so	4	delta	0	true	55,40	0.0	0	89	0.0	0.0	0.0	0.0	0.010480040684342384	0.012528878636658192	0.05549458786845207	0.045457638800144196	0.0	-0.003553152084350586	0.0
s0_so	4	delta	0	true	0,28	0.0	0	89	0.0	0.0	0.0	0.0	0.010480040684342384	0.012528878636658192	0.05549458786845207	0.045457638800144196	0.0	-1.1920928955078125e-07	0.0
s0_so	4	delta	0	true	0,29	0.0	0	89	0.0	0.0	0.0	0.0	0.010480040684342384	0.012528878636658192	0.05549458786845207	0.045457638800144196	0.0	-4.649162292480469e-06	0.0
s0_so	4	delta	0	true	1,27	0.0	3	89	3.8078054785728455e-05	9.956490248441696e-05	4.972890019416809e-05	6.45667314529419e-05	0.010518118739128113	0.012628443539142609	0.05554431676864624	0.04552220553159714	0.0005028247833251953	-0.027741849422454834	-0.002658061683177948
s0_so	4	delta	0	true	4,29	0.0	0	89	0.0	0.0	0.0	0.0	0.010480040684342384	0.012528878636658192	0.05549458786845207	0.045457638800144196	0.0	0.0	0.0
s0_so	4	delta	0	true	11,35	0.0	0	89	0.0	0.0	0.0	0.0	0.010480040684342384	0.012528878636658192	0.05549458786845207	0.045457638800144196	0.0	0.0	0.0
s0_so	4	delta	0	true	12,33	0.0	0	89	0.0	0.0	0.0	0.0	0.010480040684342384	0.012528878636658192	0.05549458786845207	0.045457638800144196	0.0	-5.960464477539063e-08	0.0
s0_so	4	delta	0	true	15,39	0.0	0	89	0.0	0.0	0.0	0.0	0.010480040684342384	0.012528878636658192	0.05549458786845207	0.045457638800144196	0.0	-0.00012254714965820312	0.0
s0_so	4	delta	0	wrong	13,22	0.0	0	89	0.0	0.0	0.0	0.0	0.010480040684342384	0.012528878636658192	0.05549458786845207	0.045457638800144196	0.0	-5.960464477539063e-08	0.0
s0_so	4	delta	0	wrong	24,22	0.0	0	89	0.0	0.0	0.0	0.0	0.010480040684342384	0.012528878636658192	0.05549458786845207	0.045457638800144196	0.0	-6.395578384399414e-05	0.0
s0_so	4	delta	0	wrong	25,20	0.0	0	89	0.0	0.0	0.0	0.0	0.010480040684342384	0.012528878636658192	0.05549458786845207	0.045457638800144196	0.0	-3.2782554626464844e-06	0.0
s0_so	4	delta	0	wrong	10,25	0.0	0	89	0.0	0.0	0.0	0.0	0.010480040684342384	0.012528878636658192	0.05549458786845207	0.045457638800144196	0.0	-0.0001157522201538086	0.0
s0_so	4	delta	0	wrong	30,51	0.0	0	89	0.0	0.0	0.0	0.0	0.010480040684342384	0.012528878636658192	0.05549458786845207	0.045457638800144196	0.0	-4.172325134277344e-07	0.0
s0_so	4	delta	0	wrong	23,46	0.0	0	89	0.0	0.0	0.0	0.0	0.010480040684342384	0.012528878636658192	0.05549458786845207	0.045457638800144196	0.0	0.0	0.0
s0_so	4	delta	0	wrong	21,63	0.0	0	89	0.0	0.0	0.0	0.0	0.010480040684342384	0.012528878636658192	0.05549458786845207	0.045457638800144196	0.0	0.0	0.0
s0_so	4	delta	0	wrong	25,7	0.0	0	89	0.0	0.0	0.0	0.0	0.010480040684342384	0.012528878636658192	0.05549458786845207	0.045457638800144196	0.0	-1.1920928955078125e-07	0.0
s0_so	4	delta	0	wrong	43,57	0.0	0	89	0.0	0.0	0.0	0.0	0.010480040684342384	0.012528878636658192	0.05549458786845207	0.045457638800144196	0.0	-2.6226043701171875e-06	0.0
s0_so	4	delta	0	wrong	21,39	0.0	0	89	0.0	0.0	0.0	0.0	0.010480040684342384	0.012528878636658192	0.05549458786845207	0.045457638800144196	0.0	0.0	0.0
s0_so	4	delta	0	wrong	53,0	0.0	0	89	0.0	0.0	0.0	0.0	0.010480040684342384	0.012528878636658192	0.05549458786845207	0.045457638800144196	0.0	0.0	0.0
s0_so	4	delta	0	wrong	23,59	0.0	0	89	0.0	0.0	0.0	0.0	0.010480040684342384	0.012528878636658192	0.05549458786845207	0.045457638800144196	0.0	0.0	0.0
s0_so	4	delta	0	wrong	23,38	0.0	0	89	0.0	0.0	0.0	0.0	0.010480040684342384	0.012528878636658192	0.05549458786845207	0.045457638800144196	0.0	0.0	0.0
s0_so	4	delta	0	wrong	4,44	0.0	0	89	0.0	0.0	0.0	0.0	0.010480040684342384	0.012528878636658192	0.05549458786845207	0.045457638800144196	0.0	-3.0279159545898438e-05	0.0
s0_so	4	delta	0	wrong	42,58	0.0	0	89	0.0	0.0	0.0	0.0	0.010480040684342384	0.012528878636658192	0.05549458786845207	0.045457638800144196	0.0	-3.993511199951172e-06	0.0
s0_so	4	delta	0	wrong	12,41	0.0	0	89	0.0	0.0	0.0	0.0	0.010480040684342384	0.012528878636658192	0.05549458786845207	0.045457638800144196	0.0	-8.344650268554688e-07	0.0
s0_so	4	delta	0	wrong	54,54	0.0	0	89	0.0	0.0	0.0	0.0	0.010480040684342384	0.012528878636658192	0.05549458786845207	0.045457638800144196	0.0	-0.0001888275146484375	0.0
s0_so	4	delta	0	wrong	59,42	0.0	0	89	0.0	0.0	0.0	0.0	0.010480040684342384	0.012528878636658192	0.05549458786845207	0.045457638800144196	0.0	0.0	0.0
s0_so	4	delta	0	wrong	44,61	0.0	0	89	0.0	0.0	0.0	0.0	0.010480040684342384	0.012528878636658192	0.05549458786845207	0.045457638800144196	0.0	0.0	0.0
s0_so	4	delta	0	wrong	17,1	0.0	0	89	0.0	0.0	0.0	0.0	0.010480040684342384	0.012528878636658192	0.05549458786845207	0.045457638800144196	0.0	-5.960464477539063e-08	0.0
s0_so	4	delta	0	wrong	54,30	0.0	0	89	0.0	0.0	0.0	0.0	0.010480040684342384	0.012528878636658192	0.05549458786845207	0.045457638800144196	0.0	-2.384185791015625e-06	0.0
s0_so	4	delta	0	wrong	36,1	0.0	0	89	0.0	0.0	0.0	0.0	0.010480040684342384	0.012528878636658192	0.05549458786845207	0.045457638800144196	0.0	0.0	0.0
s0_so	4	delta	0	wrong	55,52	0.0	0	89	0.0	0.0	0.0	0.0	0.010480040684342384	0.012528878636658192	0.05549458786845207	0.045457638800144196	0.0	-5.960464477539063e-08	0.0
s0_so	4	delta	0	wrong	28,34	0.0	0	89	0.0	0.0	0.0	0.0	0.010480040684342384	0.012528878636658192	0.05549458786845207	0.045457638800144196	0.0	0.0	0.0
s0_so	4	delta	0	wrong	47,2	0.0	0	89	0.0	0.0	0.0	0.0	0.010480040684342384	0.012528878636658192	0.05549458786845207	0.045457638800144196	0.0	0.0	0.0
s0_so	4	delta	0	wrong	21,18	0.0	0	89	0.0	0.0	0.0	0.0	0.010480040684342384	0.012528878636658192	0.05549458786845207	0.045457638800144196	0.0	0.0	0.0
s0_so	4	delta	0	wrong	46,34	0.0	0	89	0.0	0.0	0.0	0.0	0.010480040684342384	0.012528878636658192	0.05549458786845207	0.045457638800144196	0.0	0.0	0.0
s0_so	4	delta	0	wrong	8,3	0.0	0	89	0.0	0.0	0.0	0.0	0.010480040684342384	0.012528878636658192	0.05549458786845207	0.045457638800144196	0.0	-5.960464477539063e-08	0.0
s0_so	4	delta	0	wrong	63,21	0.0	0	89	0.0	0.0	0.0	0.0	0.010480040684342384	0.012528878636658192	0.05549458786845207	0.045457638800144196	0.0	0.0	0.0
s0_so	4	delta	0	wrong	41,36	0.0	0	89	0.0	0.0	0.0	0.0	0.010480040684342384	0.012528878636658192	0.05549458786845207	0.045457638800144196	0.0	-1.1920928955078125e-07	0.0
s0_so	4	delta	0	wrong	10,2	0.0	0	89	0.0	0.0	0.0	0.0	0.010480040684342384	0.012528878636658192	0.05549458786845207	0.045457638800144196	0.0	0.0	0.0
s0_so	4	delta	0	wrong	14,13	0.0	0	89	0.0	0.0	0.0	0.0	0.010480040684342384	0.012528878636658192	0.05549458786845207	0.045457638800144196	0.0	-1.8477439880371094e-06	0.0
s0_so	4	delta	0	wrong	5,14	0.0	0	89	0.0	0.0	0.0	0.0	0.010480040684342384	0.012528878636658192	0.05549458786845207	0.045457638800144196	0.0	-1.1920928955078125e-07	0.0
s0_so	4	delta	0	wrong	3,48	0.0	0	89	0.0	0.0	0.0	0.0	0.010480040684342384	0.012528878636658192	0.05549458786845207	0.045457638800144196	0.0	-5.960464477539062e-07	0.0
s0_so	4	delta	0	wrong	22,1	0.0	0	89	0.0	0.0	0.0	0.0	0.010480040684342384	0.012528878636658192	0.05549458786845207	0.045457638800144196	0.0	0.0	0.0
s0_so	4	delta	0	wrong	23,60	0.0	0	89	0.0	0.0	0.0	0.0	0.010480040684342384	0.012528878636658192	0.05549458786845207	0.045457638800144196	0.0	0.0	0.0
s0_so	4	delta	0	wrong	13,15	0.0	0	89	0.0	0.0	0.0	0.0	0.010480040684342384	0.012528878636658192	0.05549458786845207	0.045457638800144196	0.0	-5.960464477539063e-08	0.0
s0_so	4	delta	0	wrong	8,6	0.0	0	89	0.0	0.0	0.0	0.0	0.010480040684342384	0.012528878636658192	0.05549458786845207	0.045457638800144196	0.0	0.0	0.0
s0_so	4	delta	0	wrong	12,8	0.0	0	89	0.0	0.0	0.0	0.0	0.010480040684342384	0.012528878636658192	0.05549458786845207	0.045457638800144196	0.0	-6.496906280517578e-05	0.0
s0_so	4	delta	0	wrong	30,54	0.0	0	89	0.0	0.0	0.0	0.0	0.010480040684342384	0.012528878636658192	0.05549458786845207	0.045457638800144196	0.0	-2.5033950805664062e-06	0.0
s0_so	4	delta	0	wrong	14,43	0.0	4	89	5.6636519730091095e-05	6.816349923610687e-06	2.430751919746399e-05	-0.00017107278108596802	0.010536677204072475	0.012535694986581802	0.055518895387649536	0.04528656601905823	0.001847982406616211	-0.010897517204284668	0.00010738521814346313
s0_so	4	delta	0	wrong	21,0	0.0	0	89	0.0	0.0	0.0	0.0	0.010480040684342384	0.012528878636658192	0.05549458786845207	0.045457638800144196	0.0	0.0	0.0
s0_so	4	delta	0	wrong	43,44	0.0	0	89	0.0	0.0	0.0	0.0	0.010480040684342384	0.012528878636658192	0.05549458786845207	0.045457638800144196	0.0	-0.003198862075805664	0.0
s0_so	4	delta	0	wrong	59,30	0.0	0	89	0.0	0.0	0.0	0.0	0.010480040684342384	0.012528878636658192	0.05549458786845207	0.045457638800144196	0.0	0.0	0.0
s0_so	4	delta	0	wrong	16,42	0.0	0	89	0.0	0.0	0.0	0.0	0.010480040684342384	0.012528878636658192	0.05549458786845207	0.045457638800144196	0.0	-1.1920928955078125e-07	0.0
s0_so	4	delta	0	wrong	1,51	0.0	0	89	0.0	0.0	0.0	0.0	0.010480040684342384	0.012528878636658192	0.05549458786845207	0.045457638800144196	0.0	-4.696846008300781e-05	0.0
s0_so	4	delta	0	wrong	1,39	0.0	0	89	0.0	0.0	0.0	0.0	0.010480040684342384	0.012528878636658192	0.05549458786845207	0.045457638800144196	0.0	-0.00011682510375976562	0.0
s0_so	4	delta	0	wrong	51,2	0.0	0	89	0.0	0.0	0.0	0.0	0.010480040684342384	0.012528878636658192	0.05549458786845207	0.045457638800144196	0.0	0.0	0.0
s0_so	4	delta	1	true	3,21	0.0	0	89	0.0	0.0	0.0	0.0	0.0075702909380197525	0.010071488097310066	0.0661797970533371	0.04820658266544342	0.0	0.0	0.0
s0_so	4	delta	1	true	4,20	0.0	0	89	0.0	0.0	0.0	0.0	0.0075702909380197525	0.010071488097310066	0.0661797970533371	0.04820658266544342	0.0	-1.2606382369995117e-05	0.0
s0_so	4	delta	1	true	5,16	0.0	0	89	0.0	0.0	0.0	0.0	0.0075702909380197525	0.010071488097310066	0.0661797970533371	0.04820658266544342	0.0	-1.2218952178955078e-05	0.0
s0_so	4	delta	1	true	5,21	0.0	0	89	0.0	0.0	0.0	0.0	0.0075702909380197525	0.010071488097310066	0.0661797970533371	0.04820658266544342	0.0	-1.7881393432617188e-07	0.0
s0_so	4	delta	1	true	5,22	0.0	0	89	0.0	0.0	0.0	0.0	0.0075702909380197525	0.010071488097310066	0.0661797970533371	0.04820658266544342	0.0	-9.053945541381836e-05	0.0
s0_so	4	delta	1	true	61,36	0.0	0	89	0.0	0.0	0.0	0.0	0.0075702909380197525	0.010071488097310066	0.0661797970533371	0.04820658266544342	0.0	0.0	0.0
s0_so	4	delta	1	true	1,27	-0.0859375	82	89	0.005336852744221687	0.008492676541209221	0.015233457088470459	-0.004171118140220642	0.01290714368224144	0.018564164638519287	0.08141325414180756	0.04403546452522278	0.07682180404663086	-0.029061108827590942	0.022379577159881592
s0_so	4	delta	1	true	2,31	0.0	0	89	0.0	0.0	0.0	0.0	0.0075702909380197525	0.010071488097310066	0.0661797970533371	0.04820658266544342	0.0	-2.8908252716064453e-06	0.0
s0_so	4	delta	1	true	3,27	0.0	0	89	0.0	0.0	0.0	0.0	0.0075702909380197525	0.010071488097310066	0.0661797970533371	0.04820658266544342	0.0	-4.887580871582031e-05	0.0
s0_so	4	delta	1	true	3,31	0.0	0	89	0.0	0.0	0.0	0.0	0.0075702909380197525	0.010071488097310066	0.0661797970533371	0.04820658266544342	0.0	-1.430511474609375e-06	0.0
s0_so	4	delta	1	true	6,26	0.0	0	89	0.0	0.0	0.0	0.0	0.0075702909380197525	0.010071488097310066	0.0661797970533371	0.04820658266544342	0.0	-0.009809762239456177	0.0
s0_so	4	delta	1	true	40,24	-0.03515625	24	89	0.0008323118090629578	0.0007243668660521507	-0.000968247652053833	-0.001103237271308899	0.00840260274708271	0.010795854963362217	0.06521154940128326	0.04710334539413452	0.01102590560913086	-0.05788767337799072	0.002605453133583069
s0_so	4	delta	1	true	40,31	0.0	0	89	0.0	0.0	0.0	0.0	0.0075702909380197525	0.010071488097310066	0.0661797970533371	0.04820658266544342	0.0	-0.00031632184982299805	0.0
s0_so	4	delta	1	true	43,25	-0.04296875	48	89	0.0018385909497737885	0.0021210238337516785	-0.00364115834236145	-0.005512610077857971	0.009408881887793541	0.012192511931061745	0.06253863871097565	0.04269397258758545	0.03324699401855469	-0.04240939021110535	0.0004771798849105835
s0_so	4	delta	1	true	44,27	0.0	0	89	0.0	0.0	0.0	0.0	0.0075702909380197525	0.010071488097310066	0.0661797970533371	0.04820658266544342	0.0	-0.00011855363845825195	0.0
s0_so	4	delta	1	true	45,25	0.0	0	89	0.0	0.0	0.0	0.0	0.0075702909380197525	0.010071488097310066	0.0661797970533371	0.04820658266544342	0.0	-2.5957822799682617e-05	0.0
s0_so	4	delta	1	true	52,60	0.0	0	89	0.0	0.0	0.0	0.0	0.0075702909380197525	0.010071488097310066	0.0661797970533371	0.04820658266544342	0.0	0.0	0.0
s0_so	4	delta	1	true	53,63	0.0	0	89	0.0	0.0	0.0	0.0	0.0075702909380197525	0.010071488097310066	0.0661797970533371	0.04820658266544342	0.0	0.0	0.0
s0_so	4	delta	1	true	55,58	0.0	0	89	0.0	0.0	0.0	0.0	0.0075702909380197525	0.010071488097310066	0.0661797970533371	0.04820658266544342	0.0	-4.500150680541992e-05	0.0
s0_so	4	delta	1	true	55,63	0.0	0	89	0.0	0.0	0.0	0.0	0.0075702909380197525	0.010071488097310066	0.0661797970533371	0.04820658266544342	0.0	-1.9073486328125e-06	0.0
s0_so	4	delta	1	true	16,50	0.0	0	89	0.0	0.0	0.0	0.0	0.0075702909380197525	0.010071488097310066	0.0661797970533371	0.04820658266544342	0.0	-4.172325134277344e-07	0.0
s0_so	4	delta	1	true	16,54	0.0	0	89	0.0	0.0	0.0	0.0	0.0075702909380197525	0.010071488097310066	0.0661797970533371	0.04820658266544342	0.0	-1.1920928955078125e-07	0.0
s0_so	4	delta	1	true	18,52	0.0	0	89	0.0	0.0	0.0	0.0	0.0075702909380197525	0.010071488097310066	0.0661797970533371	0.04820658266544342	0.0	0.0	0.0
s0_so	4	delta	1	true	19,52	0.0	0	89	0.0	0.0	0.0	0.0	0.0075702909380197525	0.010071488097310066	0.0661797970533371	0.04820658266544342	0.0	0.0	0.0
s0_so	4	delta	1	true	19,53	0.0	0	89	0.0	0.0	0.0	0.0	0.0075702909380197525	0.010071488097310066	0.0661797970533371	0.04820658266544342	0.0	0.0	0.0
s0_so	4	delta	1	true	19,55	0.0	0	89	0.0	0.0	0.0	0.0	0.0075702909380197525	0.010071488097310066	0.0661797970533371	0.04820658266544342	0.0	-2.9802322387695312e-08	0.0
s0_so	4	delta	1	true	23,48	0.0	0	89	0.0	0.0	0.0	0.0	0.0075702909380197525	0.010071488097310066	0.0661797970533371	0.04820658266544342	0.0	-6.020069122314453e-06	0.0
s0_so	4	delta	1	true	32,59	0.0	0	89	0.0	0.0	0.0	0.0	0.0075702909380197525	0.010071488097310066	0.0661797970533371	0.04820658266544342	0.0	-1.0609626770019531e-05	0.0
s0_so	4	delta	1	true	36,62	0.0	0	89	0.0	0.0	0.0	0.0	0.0075702909380197525	0.010071488097310066	0.0661797970533371	0.04820658266544342	0.0	0.0	0.0
s0_so	4	delta	1	true	38,59	0.0	0	89	0.0	0.0	0.0	0.0	0.0075702909380197525	0.010071488097310066	0.0661797970533371	0.04820658266544342	0.0	0.0	0.0
s0_so	4	delta	1	true	36,51	0.0	0	89	0.0	0.0	0.0	0.0	0.0075702909380197525	0.010071488097310066	0.0661797970533371	0.04820658266544342	0.0	0.0	0.0
s0_so	4	delta	1	true	37,48	0.0	0	89	0.0	0.0	0.0	0.0	0.0075702909380197525	0.010071488097310066	0.0661797970533371	0.04820658266544342	0.0	-1.0788440704345703e-05	0.0
s0_so	4	delta	1	true	36,42	0.0	0	89	0.0	0.0	0.0	0.0	0.0075702909380197525	0.010071488097310066	0.0661797970533371	0.04820658266544342	0.0	-2.980232238769531e-07	0.0
s0_so	4	delta	1	true	1,62	0.0	0	89	0.0	0.0	0.0	0.0	0.0075702909380197525	0.010071488097310066	0.0661797970533371	0.04820658266544342	0.0	-0.0024451017379760742	-0.0003834962844848633
s0_so	4	delta	1	true	2,62	0.0	0	89	0.0	0.0	0.0	0.0	0.0075702909380197525	0.010071488097310066	0.0661797970533371	0.04820658266544342	0.0	-1.4901161193847656e-07	0.0
s0_so	4	delta	1	true	5,56	0.0	0	89	0.0	0.0	0.0	0.0	0.0075702909380197525	0.010071488097310066	0.0661797970533371	0.04820658266544342	0.0	-7.152557373046875e-07	0.0
s0_so	4	delta	1	true	5,62	0.0	0	89	0.0	0.0	0.0	0.0	0.0075702909380197525	0.010071488097310066	0.0661797970533371	0.04820658266544342	0.0	-9.834766387939453e-07	0.0
s0_so	4	delta	1	true	2,28	0.0	0	89	0.0	0.0	0.0	0.0	0.0075702909380197525	0.010071488097310066	0.0661797970533371	0.04820658266544342	0.0	0.0	0.0
s0_so	4	delta	1	true	37,33	0.0	0	89	0.0	0.0	0.0	0.0	0.0075702909380197525	0.010071488097310066	0.0661797970533371	0.04820658266544342	0.0	-1.7881393432617188e-07	0.0
s0_so	4	delta	1	true	38,39	0.0	0	89	0.0	0.0	0.0	0.0	0.0075702909380197525	0.010071488097310066	0.0661797970533371	0.04820658266544342	0.0	0.0	0.0
s0_so	4	delta	1	true	53,44	0.0	0	89	0.0	0.0	0.0	0.0	0.0075702909380197525	0.010071488097310066	0.0661797970533371	0.04820658266544342	0.0	-2.086162567138672e-07	0.0
s0_so	4	delta	1	true	54,44	0.0	0	89	0.0	0.0	0.0	0.0	0.0075702909380197525	0.010071488097310066	0.0661797970533371	0.04820658266544342	0.0	-0.001266568899154663	0.0
s0_so	4	delta	1	true	1,24	-0.2421875	213	89	0.007595039904117584	0.010731581598520279	0.010808438062667847	-0.005857110023498535	0.015165330842137337	0.020803069695830345	0.07698823511600494	0.042349472641944885	0.3609795570373535	0.22708314657211304	0.25502049922943115
s0_so	4	delta	1	true	3,28	0.0	0	89	0.0	0.0	0.0	0.0	0.0075702909380197525	0.010071488097310066	0.0661797970533371	0.04820658266544342	0.0	0.0	0.0
s0_so	4	delta	1	true	6,30	0.0	0	89	0.0	0.0	0.0	0.0	0.0075702909380197525	0.010071488097310066	0.0661797970533371	0.04820658266544342	0.0	-6.973743438720703e-06	0.0
s0_so	4	delta	1	true	6,31	0.0	0	89	0.0	0.0	0.0	0.0	0.0075702909380197525	0.010071488097310066	0.0661797970533371	0.04820658266544342	0.0	-2.2679567337036133e-05	0.0
s0_so	4	delta	1	true	9,37	0.0	0	89	0.0	0.0	0.0	0.0	0.0075702909380197525	0.010071488097310066	0.0661797970533371	0.04820658266544342	0.0	-1.1920928955078125e-07	0.0
s0_so	4	delta	1	true	10,39	0.0	0	89	0.0	0.0	0.0	0.0	0.0075702909380197525	0.010071488097310066	0.0661797970533371	0.04820658266544342	0.0	-0.00015425682067871094	0.0
s0_so	4	delta	1	wrong	13,22	0.0	0	89	0.0	0.0	0.0	0.0	0.0075702909380197525	0.010071488097310066	0.0661797970533371	0.04820658266544342	0.0	-8.344650268554688e-07	0.0
s0_so	4	delta	1	wrong	24,22	0.0	0	89	0.0	0.0	0.0	0.0	0.0075702909380197525	0.010071488097310066	0.0661797970533371	0.04820658266544342	0.0	-0.0010721683502197266	0.0
s0_so	4	delta	1	wrong	25,20	0.0	0	89	0.0	0.0	0.0	0.0	0.0075702909380197525	0.010071488097310066	0.0661797970533371	0.04820658266544342	0.0	-0.00018703937530517578	0.0
s0_so	4	delta	1	wrong	10,25	0.0	1	89	2.898275852203369e-06	2.1867454051971436e-06	-0.0005604475736618042	-1.9222497940063477e-05	0.007573189213871956	0.010073674842715263	0.06561934947967529	0.04818736016750336	0.0005221366882324219	-0.01221039891242981	-0.0010845661163330078
s0_so	4	delta	1	wrong	30,51	0.0	0	89	0.0	0.0	0.0	0.0	0.0075702909380197525	0.010071488097310066	0.0661797970533371	0.04820658266544342	0.0	-7.748603820800781e-07	0.0
s0_so	4	delta	1	wrong	23,46	0.0	0	89	0.0	0.0	0.0	0.0	0.0075702909380197525	0.010071488097310066	0.0661797970533371	0.04820658266544342	0.0	-5.960464477539063e-08	0.0
s0_so	4	delta	1	wrong	21,63	0.0	0	89	0.0	0.0	0.0	0.0	0.0075702909380197525	0.010071488097310066	0.0661797970533371	0.04820658266544342	0.0	0.0	0.0
s0_so	4	delta	1	wrong	25,7	0.0	0	89	0.0	0.0	0.0	0.0	0.0075702909380197525	0.010071488097310066	0.0661797970533371	0.04820658266544342	0.0	-1.9073486328125e-06	0.0
s0_so	4	delta	1	wrong	43,57	0.0	0	89	0.0	0.0	0.0	0.0	0.0075702909380197525	0.010071488097310066	0.0661797970533371	0.04820658266544342	0.0	-0.0001691281795501709	0.0
s0_so	4	delta	1	wrong	21,39	0.0	0	89	0.0	0.0	0.0	0.0	0.0075702909380197525	0.010071488097310066	0.0661797970533371	0.04820658266544342	0.0	-2.9802322387695312e-08	0.0
s0_so	4	delta	1	wrong	53,0	0.0	0	89	0.0	0.0	0.0	0.0	0.0075702909380197525	0.010071488097310066	0.0661797970533371	0.04820658266544342	0.0	-2.9802322387695312e-08	0.0
s0_so	4	delta	1	wrong	23,59	0.0	0	89	0.0	0.0	0.0	0.0	0.0075702909380197525	0.010071488097310066	0.0661797970533371	0.04820658266544342	0.0	0.0	0.0
s0_so	4	delta	1	wrong	23,38	0.0	0	89	0.0	0.0	0.0	0.0	0.0075702909380197525	0.010071488097310066	0.0661797970533371	0.04820658266544342	0.0	0.0	0.0
s0_so	4	delta	1	wrong	4,44	0.0	0	89	0.0	0.0	0.0	0.0	0.0075702909380197525	0.010071488097310066	0.0661797970533371	0.04820658266544342	0.0	-0.0006943345069885254	0.0
s0_so	4	delta	1	wrong	42,58	0.0	0	89	0.0	0.0	0.0	0.0	0.0075702909380197525	0.010071488097310066	0.0661797970533371	0.04820658266544342	0.0	-3.153085708618164e-05	0.0
s0_so	4	delta	1	wrong	12,41	0.0	0	89	0.0	0.0	0.0	0.0	0.0075702909380197525	0.010071488097310066	0.0661797970533371	0.04820658266544342	0.0	-6.22868537902832e-06	0.0
s0_so	4	delta	1	wrong	54,54	0.0	1	89	4.182569682598114e-06	7.506459951400757e-07	-4.9620866775512695e-06	-4.105269908905029e-06	0.007574473507702351	0.010072238743305206	0.06617483496665955	0.048202477395534515	5.4836273193359375e-06	-0.006064176559448242	-0.00016964972019195557
s0_so	4	delta	1	wrong	59,42	0.0	0	89	0.0	0.0	0.0	0.0	0.0075702909380197525	0.010071488097310066	0.0661797970533371	0.04820658266544342	0.0	-5.960464477539063e-08	0.0
s0_so	4	delta	1	wrong	44,61	0.0	0	89	0.0	0.0	0.0	0.0	0.0075702909380197525	0.010071488097310066	0.0661797970533371	0.04820658266544342	0.0	-7.152557373046875e-07	0.0
s0_so	4	delta	1	wrong	17,1	0.0	0	89	0.0	0.0	0.0	0.0	0.0075702909380197525	0.010071488097310066	0.0661797970533371	0.04820658266544342	0.0	-1.043081283569336e-06	0.0
s0_so	4	delta	1	wrong	54,30	0.0	0	89	0.0	0.0	0.0	0.0	0.0075702909380197525	0.010071488097310066	0.0661797970533371	0.04820658266544342	0.0	-0.00019353628158569336	0.0
s0_so	4	delta	1	wrong	36,1	0.0	0	89	0.0	0.0	0.0	0.0	0.0075702909380197525	0.010071488097310066	0.0661797970533371	0.04820658266544342	0.0	-2.9802322387695312e-08	0.0
s0_so	4	delta	1	wrong	55,52	0.0	0	89	0.0	0.0	0.0	0.0	0.0075702909380197525	0.010071488097310066	0.0661797970533371	0.04820658266544342	0.0	-6.616115570068359e-06	0.0
s0_so	4	delta	1	wrong	28,34	0.0	0	89	0.0	0.0	0.0	0.0	0.0075702909380197525	0.010071488097310066	0.0661797970533371	0.04820658266544342	0.0	0.0	0.0
s0_so	4	delta	1	wrong	47,2	0.0	0	89	0.0	0.0	0.0	0.0	0.0075702909380197525	0.010071488097310066	0.0661797970533371	0.04820658266544342	0.0	0.0	0.0
s0_so	4	delta	1	wrong	21,18	0.0	0	89	0.0	0.0	0.0	0.0	0.0075702909380197525	0.010071488097310066	0.0661797970533371	0.04820658266544342	0.0	0.0	0.0
s0_so	4	delta	1	wrong	46,34	0.0	0	89	0.0	0.0	0.0	0.0	0.0075702909380197525	0.010071488097310066	0.0661797970533371	0.04820658266544342	0.0	0.0	0.0
s0_so	4	delta	1	wrong	8,3	0.0	0	89	0.0	0.0	0.0	0.0	0.0075702909380197525	0.010071488097310066	0.0661797970533371	0.04820658266544342	0.0	-7.748603820800781e-07	0.0
s0_so	4	delta	1	wrong	63,21	0.0	0	89	0.0	0.0	0.0	0.0	0.0075702909380197525	0.010071488097310066	0.0661797970533371	0.04820658266544342	0.0	0.0	0.0
s0_so	4	delta	1	wrong	41,36	0.0	0	89	0.0	0.0	0.0	0.0	0.0075702909380197525	0.010071488097310066	0.0661797970533371	0.04820658266544342	0.0	-4.738569259643555e-06	0.0
s0_so	4	delta	1	wrong	10,2	0.0	0	89	0.0	0.0	0.0	0.0	0.0075702909380197525	0.010071488097310066	0.0661797970533371	0.04820658266544342	0.0	-5.066394805908203e-07	0.0
s0_so	4	delta	1	wrong	14,13	0.0	0	89	0.0	0.0	0.0	0.0	0.0075702909380197525	0.010071488097310066	0.0661797970533371	0.04820658266544342	0.0	-2.872943878173828e-05	0.0
s0_so	4	delta	1	wrong	5,14	0.0	0	89	0.0	0.0	0.0	0.0	0.0075702909380197525	0.010071488097310066	0.0661797970533371	0.04820658266544342	0.0	-3.4570693969726562e-06	0.0
s0_so	4	delta	1	wrong	3,48	0.0	0	89	0.0	0.0	0.0	0.0	0.0075702909380197525	0.010071488097310066	0.0661797970533371	0.04820658266544342	0.0	-1.7821788787841797e-05	0.0
s0_so	4	delta	1	wrong	22,1	0.0	0	89	0.0	0.0	0.0	0.0	0.0075702909380197525	0.010071488097310066	0.0661797970533371	0.04820658266544342	0.0	-1.1920928955078125e-07	0.0
s0_so	4	delta	1	wrong	23,60	0.0	0	89	0.0	0.0	0.0	0.0	0.0075702909380197525	0.010071488097310066	0.0661797970533371	0.04820658266544342	0.0	-2.9802322387695312e-08	0.0
s0_so	4	delta	1	wrong	13,15	0.0	0	89	0.0	0.0	0.0	0.0	0.0075702909380197525	0.010071488097310066	0.0661797970533371	0.04820658266544342	0.0	-4.4405460357666016e-06	0.0
s0_so	4	delta	1	wrong	8,6	0.0	0	89	0.0	0.0	0.0	0.0	0.0075702909380197525	0.010071488097310066	0.0661797970533371	0.04820658266544342	0.0	-1.7881393432617188e-07	0.0
s0_so	4	delta	1	wrong	12,8	0.0	0	89	0.0	0.0	0.0	0.0	0.0075702909380197525	0.010071488097310066	0.0661797970533371	0.04820658266544342	0.0	-0.0007436573505401611	0.0
s0_so	4	delta	1	wrong	30,54	0.0	0	89	0.0	0.0	0.0	0.0	0.0075702909380197525	0.010071488097310066	0.0661797970533371	0.04820658266544342	0.0	-0.0002872347831726074	0.0
s0_so	4	delta	1	wrong	14,43	-0.046875	28	89	0.000775432214140892	0.00035595521330833435	-0.0024803802371025085	-0.0019152089953422546	0.008345723152160645	0.0104274433106184	0.06369941681623459	0.046291373670101166	0.012304306030273438	-0.058597564697265625	-0.003309696912765503
s0_so	4	delta	1	wrong	21,0	0.0	0	89	0.0	0.0	0.0	0.0	0.0075702909380197525	0.010071488097310066	0.0661797970533371	0.04820658266544342	0.0	0.0	0.0
s0_so	4	delta	1	wrong	43,44	-0.03515625	22	89	0.0008301027119159698	0.0013315621763467789	0.0015098899602890015	0.003030642867088318	0.008400393649935722	0.011403050273656845	0.0676896870136261	0.05123722553253174	0.018569469451904297	0.004634380340576172	0.009214252233505249
s0_so	4	delta	1	wrong	59,30	0.0	0	89	0.0	0.0	0.0	0.0	0.0075702909380197525	0.010071488097310066	0.0661797970533371	0.04820658266544342	0.0	0.0	0.0
s0_so	4	delta	1	wrong	16,42	0.0	0	89	0.0	0.0	0.0	0.0	0.0075702909380197525	0.010071488097310066	0.0661797970533371	0.04820658266544342	0.0	-1.1920928955078125e-06	0.0
s0_so	4	delta	1	wrong	1,51	0.0	0	89	0.0	0.0	0.0	0.0	0.0075702909380197525	0.010071488097310066	0.0661797970533371	0.04820658266544342	0.0	-0.007015317678451538	-0.0003008842468261719
s0_so	4	delta	1	wrong	1,39	0.0	2	89	0.00019840430468320847	0.0001561436802148819	6.946921348571777e-05	0.0004404410719871521	0.007768695242702961	0.010227631777524948	0.06624926626682281	0.04864702373743057	0.0011370182037353516	-0.001956939697265625	0.000865638256072998
s0_so	4	delta	1	wrong	51,2	0.0	0	89	0.0	0.0	0.0	0.0	0.0075702909380197525	0.010071488097310066	0.0661797970533371	0.04820658266544342	0.0	-5.960464477539063e-08	0.0
s0_so	4	delta	2	true	1,17	0.0	0	89	0.0	0.0	0.0	0.0	0.005718184635043144	0.007061483804136515	0.06654155999422073	0.0459379106760025	0.0	-0.0028215646743774414	0.0
s0_so	4	delta	2	true	1,21	0.0	0	89	0.0	0.0	0.0	0.0	0.005718184635043144	0.007061483804136515	0.06654155999422073	0.0459379106760025	0.0	-1.1920928955078125e-06	0.0
s0_so	4	delta	2	true	6,19	0.0	0	89	0.0	0.0	0.0	0.0	0.005718184635043144	0.007061483804136515	0.06654155999422073	0.0459379106760025	0.0	0.0	0.0
s0_so	4	delta	2	true	57,39	0.0	0	89	0.0	0.0	0.0	0.0	0.005718184635043144	0.007061483804136515	0.06654155999422073	0.0459379106760025	0.0	0.0	0.0
s0_so	4	delta	2	true	60,38	0.0	0	89	0.0	0.0	0.0	0.0	0.005718184635043144	0.007061483804136515	0.06654155999422073	0.0459379106760025	0.0	0.0	0.0
s0_so	4	delta	2	true	61,34	0.0	0	89	0.0	0.0	0.0	0.0	0.005718184635043144	0.007061483804136515	0.06654155999422073	0.0459379106760025	0.0	0.0	0.0
s0_so	4	delta	2	true	63,39	0.0	0	89	0.0	0.0	0.0	0.0	0.005718184635043144	0.007061483804136515	0.06654155999422073	0.0459379106760025	0.0	0.0	0.0
s0_so	4	delta	2	true	4,30	0.0	0	89	0.0	0.0	0.0	0.0	0.005718184635043144	0.007061483804136515	0.06654155999422073	0.0459379106760025	0.0	-5.960464477539063e-08	0.0
s0_so	4	delta	2	true	6,24	0.0	0	89	0.0	0.0	0.0	0.0	0.005718184635043144	0.007061483804136515	0.06654155999422073	0.0459379106760025	0.0	-1.0728836059570312e-05	0.0
s0_so	4	delta	2	true	43,24	0.0	14	89	0.0001517157070338726	0.00023348303511738777	1.5601515769958496e-05	-0.0013742893934249878	0.005869900342077017	0.0072949668392539024	0.06655716150999069	0.044563621282577515	0.0009915828704833984	-0.11759400367736816	-0.00667080283164978
s0_so	4	delta	2	true	45,29	0.0	0	89	0.0	0.0	0.0	0.0	0.005718184635043144	0.007061483804136515	0.06654155999422073	0.0459379106760025	0.0	0.0	0.0
s0_so	4	delta	2	true	46,29	0.0	0	89	0.0	0.0	0.0	0.0	0.005718184635043144	0.007061483804136515	0.06654155999422073	0.0459379106760025	0.0	0.0	0.0
s0_so	4	delta	2	true	49,59	0.0	0	89	0.0	0.0	0.0	0.0	0.005718184635043144	0.007061483804136515	0.06654155999422073	0.0459379106760025	0.0	-2.9802322387695312e-08	0.0
s0_so	4	delta	2	true	51,57	0.0	0	89	0.0	0.0	0.0	0.0	0.005718184635043144	0.007061483804136515	0.06654155999422073	0.0459379106760025	0.0	0.0	0.0
s0_so	4	delta	2	true	55,58	0.0	0	89	0.0	0.0	0.0	0.0	0.005718184635043144	0.007061483804136515	0.06654155999422073	0.0459379106760025	0.0	-1.6689300537109375e-06	0.0
s0_so	4	delta	2	true	16,49	0.0	0	89	0.0	0.0	0.0	0.0	0.005718184635043144	0.007061483804136515	0.06654155999422073	0.0459379106760025	0.0	0.0	0.0
s0_so	4	delta	2	true	19,51	0.0	0	89	0.0	0.0	0.0	0.0	0.005718184635043144	0.007061483804136515	0.06654155999422073	0.0459379106760025	0.0	0.0	0.0
s0_so	4	delta	2	true	21,53	0.0	0	89	0.0	0.0	0.0	0.0	0.005718184635043144	0.007061483804136515	0.06654155999422073	0.0459379106760025	0.0	0.0	0.0
s0_so	4	delta	2	true	22,55	0.0	0	89	0.0	0.0	0.0	0.0	0.005718184635043144	0.007061483804136515	0.06654155999422073	0.0459379106760025	0.0	0.0	0.0
s0_so	4	delta	2	true	26,43	0.0	0	89	0.0	0.0	0.0	0.0	0.005718184635043144	0.007061483804136515	0.06654155999422073	0.0459379106760025	0.0	-0.0006514191627502441	0.0
s0_so	4	delta	2	true	27,44	0.0	0	89	0.0	0.0	0.0	0.0	0.005718184635043144	0.007061483804136515	0.06654155999422073	0.0459379106760025	0.0	-0.00017067790031433105	0.0
s0_so	4	delta	2	true	28,47	0.0	0	89	0.0	0.0	0.0	0.0	0.005718184635043144	0.007061483804136515	0.06654155999422073	0.0459379106760025	0.0	0.0	0.0
s0_so	4	delta	2	true	33,60	0.0	0	89	0.0	0.0	0.0	0.0	0.005718184635043144	0.007061483804136515	0.06654155999422073	0.0459379106760025	0.0	0.0	0.0
s0_so	4	delta	2	true	37,60	0.0	0	89	0.0	0.0	0.0	0.0	0.005718184635043144	0.007061483804136515	0.06654155999422073	0.0459379106760025	0.0	0.0	0.0
s0_so	4	delta	2	true	37,63	0.0	0	89	0.0	0.0	0.0	0.0	0.005718184635043144	0.007061483804136515	0.06654155999422073	0.0459379106760025	0.0	0.0	0.0
s0_so	4	delta	2	true	38,56	0.0	0	89	0.0	0.0	0.0	0.0	0.005718184635043144	0.007061483804136515	0.06654155999422073	0.0459379106760025	0.0	0.0	0.0
s0_so	4	delta	2	true	32,48	0.0	0	89	0.0	0.0	0.0	0.0	0.005718184635043144	0.007061483804136515	0.06654155999422073	0.0459379106760025	0.0	-5.424022674560547e-05	0.0
s0_so	4	delta	2	true	34,50	0.0	0	89	0.0	0.0	0.0	0.0	0.005718184635043144	0.007061483804136515	0.06654155999422073	0.0459379106760025	0.0	-1.7881393432617188e-07	0.0
s0_so	4	delta	2	true	32,41	0.0	0	89	0.0	0.0	0.0	0.0	0.005718184635043144	0.007061483804136515	0.06654155999422073	0.0459379106760025	0.0	-1.0728836059570312e-06	0.0
s0_so	4	delta	2	true	33,43	0.0	0	89	0.0	0.0	0.0	0.0	0.005718184635043144	0.007061483804136515	0.06654155999422073	0.0459379106760025	0.0	0.0	0.0
s0_so	4	delta	2	true	35,46	0.0	0	89	0.0	0.0	0.0	0.0	0.005718184635043144	0.007061483804136515	0.06654155999422073	0.0459379106760025	0.0	0.0	0.0
s0_so	4	delta	2	true	1,56	0.0	0	89	0.0	0.0	0.0	0.0	0.005718184635043144	0.007061483804136515	0.06654155999422073	0.0459379106760025	0.0	-7.361173629760742e-06	0.0
s0_so	4	delta	2	true	2,63	0.0	0	89	0.0	0.0	0.0	0.0	0.005718184635043144	0.007061483804136515	0.06654155999422073	0.0459379106760025	0.0	0.0	0.0
s0_so	4	delta	2	true	5,58	0.0	0	89	0.0	0.0	0.0	0.0	0.005718184635043144	0.007061483804136515	0.06654155999422073	0.0459379106760025	0.0	-8.940696716308594e-08	0.0
s0_so	4	delta	2	true	6,56	0.0	0	89	0.0	0.0	0.0	0.0	0.005718184635043144	0.007061483804136515	0.06654155999422073	0.0459379106760025	0.0	0.0	0.0
s0_so	4	delta	2	true	7,61	0.0	0	89	0.0	0.0	0.0	0.0	0.005718184635043144	0.007061483804136515	0.06654155999422073	0.0459379106760025	0.0	0.0	0.0
s0_so	4	delta	2	true	4,24	0.0	0	89	0.0	0.0	0.0	0.0	0.005718184635043144	0.007061483804136515	0.06654155999422073	0.0459379106760025	0.0	-0.00016623735427856445	0.0
s0_so	4	delta	2	true	34,34	0.0	0	89	0.0	0.0	0.0	0.0	0.005718184635043144	0.007061483804136515	0.06654155999422073	0.0459379106760025	0.0	0.0	0.0
s0_so	4	delta	2	true	38,38	0.0	0	89	0.0	0.0	0.0	0.0	0.005718184635043144	0.007061483804136515	0.06654155999422073	0.0459379106760025	0.0	0.0	0.0
s0_so	4	delta	2	true	49,47	0.0	0	89	0.0	0.0	0.0	0.0	0.005718184635043144	0.007061483804136515	0.06654155999422073	0.0459379106760025	0.0	0.0	0.0
s0_so	4	delta	2	true	52,43	0.0	0	89	0.0	0.0	0.0	0.0	0.005718184635043144	0.007061483804136515	0.06654155999422073	0.0459379106760025	0.0	0.0	0.0
s0_so	4	delta	2	true	55,40	0.0	0	89	0.0	0.0	0.0	0.0	0.005718184635043144	0.007061483804136515	0.06654155999422073	0.0459379106760025	0.0	-0.0018006563186645508	0.0
s0_so	4	delta	2	true	55,45	0.0	0	89	0.0	0.0	0.0	0.0	0.005718184635043144	0.007061483804136515	0.06654155999422073	0.0459379106760025	0.0	-4.172325134277344e-07	0.0
s0_so	4	delta	2	true	1,30	0.0	0	89	0.0	0.0	0.0	0.0	0.005718184635043144	0.007061483804136515	0.06654155999422073	0.0459379106760025	0.0	-3.847479820251465e-05	0.0
s0_so	4	delta	2	true	2,27	0.0	0	89	0.0	0.0	0.0	0.0	0.005718184635043144	0.007061483804136515	0.06654155999422073	0.0459379106760025	0.0	-4.76837158203125e-07	0.0
s0_so	4	delta	2	true	4,24	0.0	0	89	0.0	0.0	0.0	0.0	0.005718184635043144	0.007061483804136515	0.06654155999422073	0.0459379106760025	0.0	-0.00016623735427856445	0.0
s0_so	4	delta	2	true	7,26	0.0	0	89	0.0	0.0	0.0	0.0	0.005718184635043144	0.007061483804136515	0.06654155999422073	0.0459379106760025	0.0	-1.755356788635254e-05	0.0
s0_so	4	delta	2	true	11,33	0.0	0	89	0.0	0.0	0.0	0.0	0.005718184635043144	0.007061483804136515	0.06654155999422073	0.0459379106760025	0.0	-5.960464477539063e-08	0.0
s0_so	4	delta	2	wrong	13,22	0.0	0	89	0.0	0.0	0.0	0.0	0.005718184635043144	0.007061483804136515	0.06654155999422073	0.0459379106760025	0.0	0.0	0.0
s0_so	4	delta	2	wrong	24,22	0.0	0	89	0.0	0.0	0.0	0.0	0.005718184635043144	0.007061483804136515	0.06654155999422073	0.0459379106760025	0.0	-2.0682811737060547e-05	0.0
s0_so	4	delta	2	wrong	25,20	0.0	0	89	0.0	0.0	0.0	0.0	0.005718184635043144	0.007061483804136515	0.06654155999422073	0.0459379106760025	0.0	-1.7881393432617188e-06	0.0
s0_so	4	delta	2	wrong	10,25	0.0	0	89	0.0	0.0	0.0	0.0	0.005718184635043144	0.007061483804136515	0.06654155999422073	0.0459379106760025	0.0	-8.785724639892578e-05	0.0
s0_so	4	delta	2	wrong	30,51	0.0	0	89	0.0	0.0	0.0	0.0	0.005718184635043144	0.007061483804136515	0.06654155999422073	0.0459379106760025	0.0	-2.980232238769531e-07	0.0
s0_so	4	delta	2	wrong	23,46	0.0	0	89	0.0	0.0	0.0	0.0	0.005718184635043144	0.007061483804136515	0.06654155999422073	0.0459379106760025	0.0	0.0	0.0
s0_so	4	delta	2	wrong	21,63	0.0	0	89	0.0	0.0	0.0	0.0	0.005718184635043144	0.007061483804136515	0.06654155999422073	0.0459379106760025	0.0	0.0	0.0
s0_so	4	delta	2	wrong	25,7	0.0	0	89	0.0	0.0	0.0	0.0	0.005718184635043144	0.007061483804136515	0.06654155999422073	0.0459379106760025	0.0	-5.960464477539063e-08	0.0
s0_so	4	delta	2	wrong	43,57	0.0	0	89	0.0	0.0	0.0	0.0	0.005718184635043144	0.007061483804136515	0.06654155999422073	0.0459379106760025	0.0	-1.4901161193847656e-06	0.0
s0_so	4	delta	2	wrong	21,39	0.0	0	89	0.0	0.0	0.0	0.0	0.005718184635043144	0.007061483804136515	0.06654155999422073	0.0459379106760025	0.0	0.0	0.0
s0_so	4	delta	2	wrong	53,0	0.0	0	89	0.0	0.0	0.0	0.0	0.005718184635043144	0.007061483804136515	0.06654155999422073	0.0459379106760025	0.0	0.0	0.0
s0_so	4	delta	2	wrong	23,59	0.0	0	89	0.0	0.0	0.0	0.0	0.005718184635043144	0.007061483804136515	0.06654155999422073	0.0459379106760025	0.0	0.0	0.0
s0_so	4	delta	2	wrong	23,38	0.0	0	89	0.0	0.0	0.0	0.0	0.005718184635043144	0.007061483804136515	0.06654155999422073	0.0459379106760025	0.0	0.0	0.0
s0_so	4	delta	2	wrong	4,44	0.0	0	89	0.0	0.0	0.0	0.0	0.005718184635043144	0.007061483804136515	0.06654155999422073	0.0459379106760025	0.0	-3.606081008911133e-06	0.0
s0_so	4	delta	2	wrong	42,58	0.0	0	89	0.0	0.0	0.0	0.0	0.005718184635043144	0.007061483804136515	0.06654155999422073	0.0459379106760025	0.0	-1.6689300537109375e-06	0.0
s0_so	4	delta	2	wrong	12,41	0.0	0	89	0.0	0.0	0.0	0.0	0.005718184635043144	0.007061483804136515	0.06654155999422073	0.0459379106760025	0.0	-8.940696716308594e-08	0.0
s0_so	4	delta	2	wrong	54,54	0.0	0	89	0.0	0.0	0.0	0.0	0.005718184635043144	0.007061483804136515	0.06654155999422073	0.0459379106760025	0.0	-6.648898124694824e-05	0.0
s0_so	4	delta	2	wrong	59,42	0.0	0	89	0.0	0.0	0.0	0.0	0.005718184635043144	0.007061483804136515	0.06654155999422073	0.0459379106760025	0.0	0.0	0.0
s0_so	4	delta	2	wrong	44,61	0.0	0	89	0.0	0.0	0.0	0.0	0.005718184635043144	0.007061483804136515	0.06654155999422073	0.0459379106760025	0.0	0.0	0.0
s0_so	4	delta	2	wrong	17,1	0.0	0	89	0.0	0.0	0.0	0.0	0.005718184635043144	0.007061483804136515	0.06654155999422073	0.0459379106760025	0.0	-5.960464477539063e-08	0.0
s0_so	4	delta	2	wrong	54,30	0.0	0	89	0.0	0.0	0.0	0.0	0.005718184635043144	0.007061483804136515	0.06654155999422073	0.0459379106760025	0.0	-5.364418029785156e-07	0.0
s0_so	4	delta	2	wrong	36,1	0.0	0	89	0.0	0.0	0.0	0.0	0.005718184635043144	0.007061483804136515	0.06654155999422073	0.0459379106760025	0.0	0.0	0.0
s0_so	4	delta	2	wrong	55,52	0.0	0	89	0.0	0.0	0.0	0.0	0.005718184635043144	0.007061483804136515	0.06654155999422073	0.0459379106760025	0.0	-5.960464477539063e-08	0.0
s0_so	4	delta	2	wrong	28,34	0.0	0	89	0.0	0.0	0.0	0.0	0.005718184635043144	0.007061483804136515	0.06654155999422073	0.0459379106760025	0.0	0.0	0.0
s0_so	4	delta	2	wrong	47,2	0.0	0	89	0.0	0.0	0.0	0.0	0.005718184635043144	0.007061483804136515	0.06654155999422073	0.0459379106760025	0.0	0.0	0.0
s0_so	4	delta	2	wrong	21,18	0.0	0	89	0.0	0.0	0.0	0.0	0.005718184635043144	0.007061483804136515	0.06654155999422073	0.0459379106760025	0.0	0.0	0.0
s0_so	4	delta	2	wrong	46,34	0.0	0	89	0.0	0.0	0.0	0.0	0.005718184635043144	0.007061483804136515	0.06654155999422073	0.0459379106760025	0.0	0.0	0.0
s0_so	4	delta	2	wrong	8,3	0.0	0	89	0.0	0.0	0.0	0.0	0.005718184635043144	0.007061483804136515	0.06654155999422073	0.0459379106760025	0.0	0.0	0.0
s0_so	4	delta	2	wrong	63,21	0.0	0	89	0.0	0.0	0.0	0.0	0.005718184635043144	0.007061483804136515	0.06654155999422073	0.0459379106760025	0.0	0.0	0.0
s0_so	4	delta	2	wrong	41,36	0.0	0	89	0.0	0.0	0.0	0.0	0.005718184635043144	0.007061483804136515	0.06654155999422073	0.0459379106760025	0.0	-5.960464477539063e-08	0.0
s0_so	4	delta	2	wrong	10,2	0.0	0	89	0.0	0.0	0.0	0.0	0.005718184635043144	0.007061483804136515	0.06654155999422073	0.0459379106760025	0.0	0.0	0.0
s0_so	4	delta	2	wrong	14,13	0.0	0	89	0.0	0.0	0.0	0.0	0.005718184635043144	0.007061483804136515	0.06654155999422073	0.0459379106760025	0.0	-5.960464477539062e-07	0.0
s0_so	4	delta	2	wrong	5,14	0.0	0	89	0.0	0.0	0.0	0.0	0.005718184635043144	0.007061483804136515	0.06654155999422073	0.0459379106760025	0.0	-5.960464477539063e-08	0.0
s0_so	4	delta	2	wrong	3,48	0.0	0	89	0.0	0.0	0.0	0.0	0.005718184635043144	0.007061483804136515	0.06654155999422073	0.0459379106760025	0.0	-2.980232238769531e-07	0.0
s0_so	4	delta	2	wrong	22,1	0.0	0	89	0.0	0.0	0.0	0.0	0.005718184635043144	0.007061483804136515	0.06654155999422073	0.0459379106760025	0.0	0.0	0.0
s0_so	4	delta	2	wrong	23,60	0.0	0	89	0.0	0.0	0.0	0.0	0.005718184635043144	0.007061483804136515	0.06654155999422073	0.0459379106760025	0.0	0.0	0.0
s0_so	4	delta	2	wrong	13,15	0.0	0	89	0.0	0.0	0.0	0.0	0.005718184635043144	0.007061483804136515	0.06654155999422073	0.0459379106760025	0.0	0.0	0.0
s0_so	4	delta	2	wrong	8,6	0.0	0	89	0.0	0.0	0.0	0.0	0.005718184635043144	0.007061483804136515	0.06654155999422073	0.0459379106760025	0.0	0.0	0.0
s0_so	4	delta	2	wrong	12,8	0.0	0	89	0.0	0.0	0.0	0.0	0.005718184635043144	0.007061483804136515	0.06654155999422073	0.0459379106760025	0.0	-7.152557373046875e-06	0.0
s0_so	4	delta	2	wrong	30,54	0.0	0	89	0.0	0.0	0.0	0.0	0.005718184635043144	0.007061483804136515	0.06654155999422073	0.0459379106760025	0.0	-1.1026859283447266e-06	0.0
s0_so	4	delta	2	wrong	14,43	0.0	0	89	0.0	0.0	0.0	0.0	0.005718184635043144	0.007061483804136515	0.06654155999422073	0.0459379106760025	0.0	-0.0042572021484375	-0.0030319541692733765
s0_so	4	delta	2	wrong	21,0	0.0	0	89	0.0	0.0	0.0	0.0	0.005718184635043144	0.007061483804136515	0.06654155999422073	0.0459379106760025	0.0	0.0	0.0
s0_so	4	delta	2	wrong	43,44	0.0	0	89	0.0	0.0	0.0	0.0	0.005718184635043144	0.007061483804136515	0.06654155999422073	0.0459379106760025	0.0	-0.0018249154090881348	0.0
s0_so	4	delta	2	wrong	59,30	0.0	0	89	0.0	0.0	0.0	0.0	0.005718184635043144	0.007061483804136515	0.06654155999422073	0.0459379106760025	0.0	0.0	0.0
s0_so	4	delta	2	wrong	16,42	0.0	0	89	0.0	0.0	0.0	0.0	0.005718184635043144	0.007061483804136515	0.06654155999422073	0.0459379106760025	0.0	-5.960464477539063e-08	0.0
s0_so	4	delta	2	wrong	1,51	0.0	0	89	0.0	0.0	0.0	0.0	0.005718184635043144	0.007061483804136515	0.06654155999422073	0.0459379106760025	0.0	-2.816319465637207e-05	0.0
s0_so	4	delta	2	wrong	1,39	0.0	0	89	0.0	0.0	0.0	0.0	0.005718184635043144	0.007061483804136515	0.06654155999422073	0.0459379106760025	0.0	-5.692243576049805e-05	0.0
s0_so	4	delta	2	wrong	51,2	0.0	0	89	0.0	0.0	0.0	0.0	0.005718184635043144	0.007061483804136515	0.06654155999422073	0.0459379106760025	0.0	0.0	0.0
s0_so	4	single	-1	true	1,20	0.33203125	-1	1					0.043198760598897934	0.07417678087949753	0.07120830565690994	0.038672082126140594	1.7047538757324219	0.0	0.0
s0_so	4	single	-1	true	1,21	0.33203125	-1	1					0.02583162486553192	0.029173238202929497	0.04285942763090134	0.022380094975233078	1.1207226514816284	0.0	0.0
s0_so	4	single	-1	true	3,17	0.33203125	-1	1					0.018277117982506752	0.015462310053408146	0.05350726097822189	0.0336337685585022	0.6019985675811768	0.0	0.0
s0_so	4	single	-1	true	7,20	0.33203125	-1	1					0.016610998660326004	0.019270390272140503	0.0358150377869606	0.020145587623119354	0.35823729634284973	0.0	0.0
s0_so	4	single	-1	true	58,32	0.33203125	-1	1					0.05986229330301285	0.06860822439193726	0.09389011561870575	0.07694008946418762	-0.2545807957649231	0.0	0.0
s0_so	4	single	-1	true	59,32	0.33203125	-1	1					0.05526379495859146	0.08449572324752808	0.08879777789115906	0.05645317956805229	-0.747736930847168	0.0	0.0
s0_so	4	single	-1	true	59,39	0.33203125	-1	1					0.03716857731342316	0.056805290281772614	0.054603856056928635	0.045639343559741974	-0.912173867225647	0.0	0.0
s0_so	4	single	-1	true	60,38	0.5078125	-1	1					0.10224752873182297	0.16302847862243652	0.1373605728149414	0.07258595526218414	0.11096207797527313	0.0	0.0
s0_so	4	single	-1	true	62,36	0.5078125	-1	1					0.009599406272172928	0.009673623368144035	0.020475078374147415	0.02248287759721279	-0.8936090469360352	0.0	0.0
s0_so	4	single	-1	true	63,34	0.84375	-1	1					0.004040141589939594	0.0026870379224419594	0.0024264734238386154	0.014822772704064846	-1.5152851343154907	0.0	0.0
s0_so	4	single	-1	true	0,25	0.07421875	-1	1					0.011992746032774448	0.011401792988181114	0.04978782683610916	0.016690270975232124	2.6779160499572754	0.0	0.0
s0_so	4	single	-1	true	2,30	0.07421875	-1	1					0.004429715685546398	0.00275442935526371	0.015366359613835812	0.026791127398610115	0.15643304586410522	0.0	0.0
s0_so	4	single	-1	true	3,24	0.07421875	-1	1					0.01006149873137474	0.013544568791985512	0.04265473783016205	0.040133558213710785	1.5701892375946045	0.0	0.0
s0_so	4	single	-1	true	5,26	0.07421875	-1	1					0.007080751471221447	0.00859585590660572	0.024455951526761055	0.052208710461854935	2.2171168327331543	0.0	0.0
s0_so	4	single	-1	true	6,31	0.07421875	-1	1					0.014211056753993034	0.010648787021636963	0.028164144605398178	0.017157787457108498	1.03155517578125	0.0	0.0
s0_so	4	single	-1	true	40,28	0.05078125	-1	1					0.017732150852680206	0.01545524038374424	0.04073633998632431	0.020124884322285652	-0.18656517565250397	0.0	0.0
s0_so	4	single	-1	true	41,30	0.05078125	-1	1					0.007266504690051079	0.004771008156239986	0.02485012263059616	0.030179504305124283	1.5147974491119385	0.0	0.0
s0_so	4	single	-1	true	45,25	0.05078125	-1	1					0.04024845361709595	0.07157641649246216	0.026158221065998077	0.021456999704241753	1.092483401298523	0.0	0.0
s0_so	4	single	-1	true	47,29	0.05078125	-1	1					0.030642762780189514	0.04693928360939026	0.032993219792842865	0.01643732562661171	-1.1123497486114502	0.0	0.0
s0_so	4	single	-1	true	49,56	0.0625	-1	1					0.006467479281127453	0.0028554685413837433	0.012163151986896992	0.023986827582120895	0.4585074186325073	0.0	0.0
s0_so	4	single	-1	true	50,60	0.0625	-1	1					0.006469862535595894	0.004112227354198694	0.015434403903782368	0.04729419946670532	1.222421646118164	0.0	0.0
s0_so	4	single	-1	true	51,57	0.0625	-1	1					0.005410563200712204	0.0036508445627987385	0.038372598588466644	0.015201246365904808	0.35280483961105347	0.0	0.0
s0_so	4	single	-1	true	55,59	0.0625	-1	1					0.01914246380329132	0.024656221270561218	0.06132826209068298	0.019371096044778824	0.8860446214675903	0.0	0.0
s0_so	4	single	-1	true	16,49	0.0625	-1	1					0.013423348776996136	0.00941091775894165	0.02341478317975998	0.020150363445281982	-0.2880702018737793	0.0	0.0
s0_so	4	single	-1	true	24,42	0.37890625	-1	1					0.018191471695899963	0.024922475218772888	0.057592831552028656	0.03942333161830902	2.7495720386505127	0.0	0.0
s0_so	4	single	-1	true	24,46	0.37890625	-1	1					0.010935042053461075	0.010642308741807938	0.018161838874220848	0.022003039717674255	1.648853063583374	0.0	0.0
s0_so	4	single	-1	true	25,40	0.37890625	-1	1					0.0724717527627945	0.12866955995559692	0.06837999820709229	0.03162888064980507	2.575382709503174	0.0	0.0
s0_so	4	single	-1	true	25,43	0.37890625	-1	1					0.044516421854496	0.05472452938556671	0.04939807206392288	0.03808122128248215	1.9406012296676636	0.0	0.0
s0_so	4	single	-1	true	27,43	0.37890625	-1	1					0.029524248093366623	0.03990039601922035	0.06895944476127625	0.04568629711866379	1.9917980432510376	0.0	0.0
s0_so	4	single	-1	true	28,41	0.37890625	-1	1					0.03429277613759041	0.05241028964519501	0.010237468406558037	0.03705416992306709	-0.10548529773950577	0.0	0.0
s0_so	4	single	-1	true	29,44	0.37890625	-1	1					0.03909948840737343	0.06284747272729874	0.03593767061829567	0.04904169216752052	0.5320972204208374	0.0	0.0
s0_so	4	single	-1	true	30,44	0.37890625	-1	1					0.02405666373670101	0.028882209211587906	0.04827990382909775	0.05615231394767761	1.1446783542633057	0.0	0.0
s0_so	4	single	-1	true	30,46	0.37890625	-1	1					0.011905467137694359	0.012001428753137589	0.026531297713518143	0.026826873421669006	0.8801475763320923	0.0	0.0
s0_so	4	single	-1	true	32,56	0.37890625	-1	1					0.04265575855970383	0.040446557104587555	0.043256599456071854	0.03138817846775055	0.5309839248657227	0.0	0.0
s0_so	4	single	-1	true	32,61	0.84375	-1	1					0.08150896430015564	0.11874239146709442	0.11543197929859161	0.03298819437623024	0.7374279499053955	0.0	0.0
s0_so	4	single	-1	true	33,57	0.37890625	-1	1					0.009839161299169064	0.007892394438385963	0.009678609669208527	0.01454250980168581	-1.0289287567138672	0.0	0.0
s0_so	4	single	-1	true	33,58	0.37890625	-1	1					0.06024966388940811	0.05261577293276787	0.05622073635458946	0.037350915372371674	-0.6477304697036743	0.0	0.0
s0_so	4	single	-1	true	33,60	0.84375	-1	1					0.062164489179849625	0.0769791528582573	0.07101397216320038	0.05208314210176468	-0.4704820513725281	0.0	0.0
s0_so	4	single	-1	true	36,59	0.37890625	-1	1					0.03911183774471283	0.06021461635828018	0.055971741676330566	0.021821454167366028	-0.6974508762359619	0.0	0.0
s0_so	4	single	-1	true	36,63	0.51953125	-1	1					0.021334044635295868	0.02917054481804371	0.00965312123298645	0.00850646197795868	-0.8229369521141052	0.0	0.0
s0_so	4	single	-1	true	37,59	0.37890625	-1	1					0.03484058752655983	0.05692052096128464	0.06937149912118912	0.022260567173361778	-0.04891373962163925	0.0	0.0
s0_so	4	single	-1	true	32,51	0.0390625	-1	1					0.02411142736673355	0.024754678830504417	0.06371255218982697	0.04383917152881622	0.9645524621009827	0.0	0.0
s0_so	4	single	-1	true	32,53	0.0390625	-1	1					0.05025852471590042	0.08838099986314774	0.06367799639701843	0.021853521466255188	-0.09400856494903564	0.0	0.0
s0_so	4	single	-1	true	32,55	0.0390625	-1	1					0.007285020314157009	0.005100343842059374	0.0550595298409462	0.02537926658987999	1.0307083129882812	0.0	0.0
s0_so	4	single	-1	true	33,49	0.0390625	-1	1					0.02304188162088394	0.020097704604268074	0.01729845628142357	0.024364620447158813	-0.5336869359016418	0.0	0.0
s0_so	4	single	-1	true	35,51	0.0390625	-1	1					0.007417632266879082	0.006669269874691963	0.009710362181067467	0.017117850482463837	-1.2187331914901733	0.0	0.0
s0_so	4	single	-1	true	35,54	0.0390625	-1	1					0.012706448324024677	0.013194585219025612	0.004304211121052504	0.023853708058595657	-0.5685460567474365	0.0	0.0
s0_so	4	single	-1	true	38,52	0.0390625	-1	1					0.019289840012788773	0.031453922390937805	0.05679626762866974	0.03716083616018295	-0.8259756565093994	0.0	0.0
s0_so	4	single	-1	true	32,42	0.0390625	-1	1					0.0065683284774422646	0.007730486802756786	0.054457828402519226	0.06912575662136078	2.1482248306274414	0.0	0.0
s0_so	4	single	-1	true	33,44	0.0390625	-1	1					0.019179366528987885	0.02007916569709778	0.03973754867911339	0.05310520529747009	-0.09097665548324585	0.0	0.0
s0_so	4	single	-1	true	35,41	0.0390625	-1	1					0.010521255433559418	0.012249520048499107	0.006661468185484409	0.019487416371703148	-0.8602943420410156	0.0	0.0
s0_so	4	single	-1	true	37,45	0.0390625	-1	1					0.03660864755511284	0.03884405642747879	0.03315186873078346	0.01932569034397602	0.08070829510688782	0.0	0.0
s0_so	4	single	-1	true	38,42	0.0390625	-1	1					0.01008420530706644	0.017030302435159683	0.047793298959732056	0.05507975071668625	0.8322263956069946	0.0	0.0
s0_so	4	single	-1	true	38,46	0.0390625	-1	1					0.02261260524392128	0.02580399252474308	0.038093503564596176	0.030819443985819817	-0.2684926390647888	0.0	0.0
s0_so	4	single	-1	true	39,45	0.0390625	-1	1					0.03683724254369736	0.046219006180763245	0.06314730644226074	0.03087368980050087	0.060544002801179886	0.0	0.0
s0_so	4	single	-1	true	39,46	0.0390625	-1	1					0.025811903178691864	0.04005022346973419	0.023998960852622986	0.029977507889270782	0.380044549703598	0.0	0.0
s0_so	4	single	-1	true	1,60	0.0234375	-1	1					0.018096033483743668	0.016343537718057632	0.1072726771235466	0.06707776337862015	1.8310508728027344	0.0	0.0
s0_so	4	single	-1	true	1,61	0.0234375	-1	1					0.018115686252713203	0.01802218332886696	0.08347940444946289	0.030585747212171555	1.635947585105896	0.0	0.0
s0_so	4	single	-1	true	2,58	0.0234375	-1	1					0.017637625336647034	0.014586441218852997	0.06112232059240341	0.03657619655132294	0.2165471762418747	0.0	0.0
s0_so	4	single	-1	true	3,58	0.0234375	-1	1					0.02629989944398403	0.027182161808013916	0.05941437929868698	0.04368359595537186	0.08929578214883804	0.0	0.0
s0_so	4	single	-1	true	3,59	0.0234375	-1	1					0.0227394737303257	0.0394488126039505	0.07504364848136902	0.03614534065127373	-0.06760367006063461	0.0	0.0
s0_so	4	single	-1	true	4,56	0.0234375	-1	1					0.009800898842513561	0.005884118378162384	0.005987321492284536	0.019812051206827164	0.5439498424530029	0.0	0.0
s0_so	4	single	-1	true	5,59	0.0234375	-1	1					0.013900239951908588	0.01663989946246147	0.050732970237731934	0.032150138169527054	0.48409780859947205	0.0	0.0
s0_so	4	single	-1	true	6,56	0.0234375	-1	1					0.01507476530969143	0.010738377459347248	0.018108343705534935	0.011311000213027	0.21023836731910706	0.0	0.0
s0_so	4	single	-1	true	6,57	0.0234375	-1	1					0.0134731475263834	0.013257980346679688	0.03794192522764206	0.009616892784833908	0.0533389076590538	0.0	0.0
s0_so	4	single	-1	true	6,61	0.0234375	-1	1					0.016345784068107605	0.015056807547807693	0.03593148663640022	0.012078585103154182	0.4166823923587799	0.0	0.0
s0_so	4	single	-1	true	6,62	0.0234375	-1	1					0.004843633621931076	0.0027493592351675034	0.020581141114234924	0.016270436346530914	0.34725484251976013	0.0	0.0
s0_so	4	single	-1	true	7,58	0.0234375	-1	1					0.027742905542254448	0.02505163848400116	0.048805832862854004	0.025623174384236336	0.30728578567504883	0.0	0.0
s0_so	4	single	-1	true	4,27	0.07421875	-1	1					0.0055225919932127	0.004365096800029278	0.025792904198169708	0.01908615045249462	1.760336995124817	0.0	0.0
s0_so	4	single	-1	true	5,28	0.07421875	-1	1					0.00972024630755186	0.01041305810213089	0.051692262291908264	0.02859612926840782	-0.5438336133956909	0.0	0.0
s0_so	4	single	-1	true	5,29	0.07421875	-1	1					0.009708101861178875	0.0081353560090065	0.057640135288238525	0.025006603449583054	0.11329854279756546	0.0	0.0
s0_so	4	single	-1	true	32,33	0.84375	-1	1					0.08150896430015564	0.11874239146709442	0.11543197929859161	0.03298819437623024	0.7374279499053955	0.0	0.0
s0_so	4	single	-1	true	33,33	0.84375	-1	1					0.031242677941918373	0.034242741763591766	0.03561284393072128	0.019265377894043922	-0.6655852794647217	0.0	0.0
s0_so	4	single	-1	true	36,37	0.17578125	-1	1					0.06106167659163475	0.08860228955745697	0.01676599308848381	0.02393055148422718	-0.7520387172698975	0.0	0.0
s0_so	4	single	-1	true	36,38	0.17578125	-1	1					0.06334257125854492	0.09158722311258316	0.06658563017845154	0.045439332723617554	-1.184872031211853	0.0	0.0
s0_so	4	single	-1	true	37,33	0.51953125	-1	1					0.03311936557292938	0.042048387229442596	0.030141321942210197	0.015329143032431602	0.09013094007968903	0.0	0.0
s0_so	4	single	-1	true	38,38	0.17578125	-1	1					0.09567137807607651	0.14571841061115265	0.11376839876174927	0.062079135328531265	-1.2050362825393677	0.0	0.0
s0_so	4	single	-1	true	39,38	0.17578125	-1	1					0.053645066916942596	0.08804385364055634	0.10070358216762543	0.0584895983338356	-0.556499183177948	0.0	0.0
s0_so	4	single	-1	true	39,39	0.17578125	-1	1					0.08284340798854828	0.12931932508945465	0.09795131534337997	0.05671932175755501	0.10063299536705017	0.0	0.0
s0_so	4	single	-1	true	48,41	0.17578125	-1	1					0.011579550802707672	0.010373086668550968	0.011844178661704063	0.027644257992506027	1.5616848468780518	0.0	0.0
s0_so	4	single	-1	true	49,40	0.17578125	-1	1					0.016940008848905563	0.018174823373556137	0.03224071115255356	0.038061417639255524	1.9805221557617188	0.0	0.0
s0_so	4	single	-1	true	49,41	0.17578125	-1	1					0.016492391005158424	0.013804212212562561	0.03237290680408478	0.03691186010837555	1.2505147457122803	0.0	0.0
s0_so	4	single	-1	true	55,46	0.17578125	-1	1					0.018793612718582153	0.02130713500082493	0.025535643100738525	0.02528434991836548	1.3351671695709229	0.0	0.0
s0_so	4	single	-1	true	1,27	0.07421875	-1	1					0.029762204736471176	0.038333676755428314	0.09395383298397064	0.033048804849386215	2.645890712738037	0.0	0.0
s0_so	4	single	-1	true	2,24	0.07421875	-1	1					0.007549920119345188	0.007513752672821283	0.04098600894212723	0.03208386152982712	1.6974406242370605	0.0	0.0
s0_so	4	single	-1	true	2,29	0.07421875	-1	1					0.01610488072037697	0.01920255273580551	0.0517861507833004	0.021962445229291916	-0.31115153431892395	0.0	0.0
s0_so	4	single	-1	true	3,24	0.07421875	-1	1					0.01006149873137474	0.013544568791985512	0.04265473783016205	0.040133558213710785	1.5701892375946045	0.0	0.0
s0_so	4	single	-1	true	7,25	0.07421875	-1	1					0.008242018520832062	0.0070432438515126705	0.03845750540494919	0.011903664097189903	1.2041479349136353	0.0	0.0
s0_so	4	single	-1	true	7,31	0.07421875	-1	1					0.018515799194574356	0.016694234684109688	0.03956286981701851	0.018301524221897125	0.9043038487434387	0.0	0.0
s0_so	4	single	-1	true	13,36	0.0	-1	1					0.0033239650074392557	0.0023583427537232637	0.007199449464678764	0.028353087604045868	-0.5144351720809937	0.0	0.0
s0_so	4	single	-1	true	13,37	0.0	-1	1					0.003449999261647463	0.002200942486524582	0.007268195040524006	0.026515409350395203	0.14269699156284332	0.0	0.0
s0_so	4	single	-1	true	13,39	0.0	-1	1					0.004973284900188446	0.004276758059859276	0.021063830703496933	0.05257613956928253	0.36699581146240234	0.0	0.0
s0_so	4	single	-1	true	14,38	0.0	-1	1					0.00557118933647871	0.0028536650352180004	0.024485060945153236	0.04559104144573212	1.085536241531372	0.0	0.0
s0_so	4	single	-1	true	15,34	0.0	-1	1					0.0030220304615795612	0.0013471925631165504	0.02488669380545616	0.02827790379524231	1.5280201435089111	0.0	0.0
s0_so	4	single	-1	true	15,37	0.0	-1	1					0.007790134754031897	0.004494487773627043	0.026731440797448158	0.024481602013111115	1.4038152694702148	0.0	0.0
s0_so	4	single	-1	true	15,38	0.0	-1	1					0.004019590560346842	0.0019325567409396172	0.04750819131731987	0.05128968507051468	0.9709818959236145	0.0	0.0
s0_so	4	single	-1	wrong	13,22	0.0	-1	1					0.00810062326490879	0.010670655407011509	0.03620228171348572	0.06508508324623108	0.6294345259666443	0.0	0.0
s0_so	4	single	-1	wrong	24,22	0.37890625	-1	1					0.01590687781572342	0.016102509573101997	0.05890895426273346	0.04985729232430458	1.631880283355713	0.0	0.0
s0_so	4	single	-1	wrong	25,20	0.0	-1	1					0.0484674796462059	0.06590381264686584	0.020477522164583206	0.02608768828213215	1.328618049621582	0.0	0.0
s0_so	4	single	-1	wrong	10,25	0.0	-1	1					0.01215414423495531	0.01227225549519062	0.01567665860056877	0.015155306085944176	1.942035436630249	0.0	0.0
s0_so	4	single	-1	wrong	30,51	0.0	-1	1					0.018625933676958084	0.022555872797966003	0.058129094541072845	0.03025924041867256	0.797194242477417	0.0	0.0
s0_so	4	single	-1	wrong	23,46	0.0	-1	1					0.021438060328364372	0.02930755354464054	0.02187727764248848	0.03253500908613205	0.18652689456939697	0.0	0.0
s0_so	4	single	-1	wrong	21,63	0.0	-1	1					0.018577542155981064	0.022181354463100433	0.007433104794472456	0.008200807496905327	-0.3679174780845642	0.0	0.0
s0_so	4	single	-1	wrong	25,7	0.0	-1	1					0.020499899983406067	0.01407095231115818	0.02765055000782013	0.026206124573946	0.8469093441963196	0.0	0.0
s0_so	4	single	-1	wrong	43,57	0.0	-1	1					0.009891929104924202	0.010900884866714478	0.03834126144647598	0.015775136649608612	1.2449101209640503	0.0	0.0
s0_so	4	single	-1	wrong	21,39	0.0	-1	1					0.04401347041130066	0.03624565526843071	0.02855031192302704	0.03583567589521408	-0.07272036373615265	0.0	0.0
s0_so	4	single	-1	wrong	53,0	0.0	-1	1					0.008796950802206993	0.007730082608759403	0.012787868268787861	0.04151489585638046	0.011551941744983196	0.0	0.0
s0_so	4	single	-1	wrong	23,59	0.0	-1	1					0.04413716122508049	0.07224144041538239	0.0887460857629776	0.035162217915058136	-0.26259565353393555	0.0	0.0
s0_so	4	single	-1	wrong	23,38	0.0	-1	1					0.08089838922023773	0.13299331068992615	0.10586144775152206	0.05872349441051483	-0.7500168085098267	0.0	0.0
s0_so	4	single	-1	wrong	4,44	0.33203125	-1	1					0.010093562304973602	0.009461658075451851	0.022426597774028778	0.05048944801092148	1.3250025510787964	0.0	0.0
s0_so	4	single	-1	wrong	42,58	0.0	-1	1					0.014844361692667007	0.011390447616577148	0.07718431949615479	0.035299912095069885	1.0494625568389893	0.0	0.0
s0_so	4	single	-1	wrong	12,41	0.0	-1	1					0.015519583597779274	0.018682332709431648	0.018092025071382523	0.039406225085258484	1.0364470481872559	0.0	0.0
s0_so	4	single	-1	wrong	54,54	0.0	-1	1					0.009404469281435013	0.010608311742544174	0.04644035920500755	0.03477610647678375	1.9813642501831055	0.0	0.0
s0_so	4	single	-1	wrong	59,42	0.0	-1	1					0.005888739135116339	0.008201630786061287	0.02229965478181839	0.05037567764520645	0.4679567217826843	0.0	0.0
s0_so	4	single	-1	wrong	44,61	0.0	-1	1					0.010635334998369217	0.01164727471768856	0.1099768877029419	0.03165925294160843	0.25672975182533264	0.0	0.0
s0_so	4	single	-1	wrong	17,1	0.0	-1	1					0.0032607277389615774	0.001893450622446835	0.021977823227643967	0.03214281052350998	0.8216009140014648	0.0	0.0
s0_so	4	single	-1	wrong	54,30	0.0	-1	1					0.008890584111213684	0.007629155181348324	0.04326311871409416	0.026432976126670837	1.0617930889129639	0.0	0.0
s0_so	4	single	-1	wrong	36,1	0.0	-1	1					0.015934351831674576	0.017632141709327698	0.03973698243498802	0.043954987078905106	0.03462611138820648	0.0	0.0
s0_so	4	single	-1	wrong	55,52	0.0	-1	1					0.0308820940554142	0.045972056686878204	0.07307015359401703	0.03021315485239029	0.7776840329170227	0.0	0.0
s0_so	4	single	-1	wrong	28,34	0.0	-1	1					0.022106342017650604	0.026769258081912994	0.00722945062443614	0.024517394602298737	-0.7604761123657227	0.0	0.0
s0_so	4	single	-1	wrong	47,2	0.0	-1	1					0.01711958460509777	0.01946152374148369	0.018032323569059372	0.028766587376594543	-1.2448701858520508	0.0	0.0
s0_so	4	single	-1	wrong	21,18	0.0	-1	1					0.015272630378603935	0.017339620739221573	0.052163321524858475	0.03606637567281723	-0.9266547560691833	0.0	0.0
s0_so	4	single	-1	wrong	46,34	0.0	-1	1					0.0023483862169086933	0.0011422962415963411	0.006497296504676342	0.021407945081591606	-0.5929701328277588	0.0	0.0
s0_so	4	single	-1	wrong	8,3	0.0	-1	1					0.007706757169216871	0.005666030570864677	0.008600939065217972	0.026505038142204285	0.679208517074585	0.0	0.0
s0_so	4	single	-1	wrong	63,21	0.0	-1	1					0.00540692824870348	0.0035329381935298443	0.0011632840614765882	0.009416494518518448	-1.9610826969146729	0.0	0.0
s0_so	4	single	-1	wrong	41,36	0.0	-1	1					0.008331365883350372	0.005709958262741566	0.017621302977204323	0.02555074356496334	0.7062920928001404	0.0	0.0
s0_so	4	single	-1	wrong	10,2	0.0	-1	1					0.002530217869207263	0.0011325933737680316	0.03307441622018814	0.032375723123550415	0.384954035282135	0.0	0.0
s0_so	4	single	-1	wrong	14,13	0.0	-1	1					0.003049213672056794	0.001968561904504895	0.08795783668756485	0.03737984597682953	1.002078890800476	0.0	0.0
s0_so	4	single	-1	wrong	5,14	0.0	-1	1					0.013427063822746277	0.010410131886601448	0.019937502220273018	0.038427919149398804	0.775497317314148	0.0	0.0
s0_so	4	single	-1	wrong	3,48	0.0	-1	1					0.008937452919781208	0.008777715265750885	0.03444879502058029	0.031683292239904404	1.2001063823699951	0.0	0.0
s0_so	4	single	-1	wrong	22,1	0.0	-1	1					0.0014583158772438765	0.0005738022155128419	0.07174011319875717	0.06375676393508911	0.5484446287155151	0.0	0.0
s0_so	4	single	-1	wrong	23,60	0.0	-1	1					0.10821687430143356	0.1655919998884201	0.12377092242240906	0.06548692286014557	0.07155223190784454	0.0	0.0
s0_so	4	single	-1	wrong	13,15	0.0	-1	1					0.001569967484101653	0.0010815977584570646	0.01526716910302639	0.047167181968688965	0.7511230707168579	0.0	0.0
s0_so	4	single	-1	wrong	8,6	0.0	-1	1					0.0015489227371290326	0.0004170182510279119	0.010262511670589447	0.027673907577991486	0.21776767075061798	0.0	0.0
s0_so	4	single	-1	wrong	12,8	0.0	-1	1					0.003634869586676359	0.0021882562432438135	0.02220102772116661	0.029659565538167953	1.5795493125915527	0.0	0.0
s0_so	4	single	-1	wrong	30,54	0.0	-1	1					0.015202732756733894	0.021781153976917267	0.040768638253211975	0.04085412621498108	1.4473812580108643	0.0	0.0
s0_so	4	single	-1	wrong	14,43	0.0	-1	1					0.016750682145357132	0.015939854085445404	0.05016098916530609	0.03873327001929283	2.392791509628296	0.0	0.0
s0_so	4	single	-1	wrong	21,0	0.0	-1	1					0.007109651807695627	0.0036153539549559355	0.04003439098596573	0.039194993674755096	0.14419427514076233	0.0	0.0
s0_so	4	single	-1	wrong	43,44	0.0	-1	1					0.021220728754997253	0.022071003913879395	0.07385837286710739	0.06485983729362488	2.1828622817993164	0.0	0.0
s0_so	4	single	-1	wrong	59,30	0.0	-1	1					0.004666321910917759	0.0035324569325894117	0.011619972996413708	0.03137357532978058	-0.9850995540618896	0.0	0.0
s0_so	4	single	-1	wrong	16,42	0.0	-1	1					0.002807921264320612	0.002019234001636505	0.03209475427865982	0.040066272020339966	0.990828275680542	0.0	0.0
s0_so	4	single	-1	wrong	1,51	0.0	-1	1					0.025712456554174423	0.030167635530233383	0.08536480367183685	0.0373351015150547	1.8630720376968384	0.0	0.0
s0_so	4	single	-1	wrong	1,39	0.0	-1	1					0.05079568922519684	0.05976562201976776	0.07269816845655441	0.054026782512664795	1.6666139364242554	0.0	0.0
s0_so	4	single	-1	wrong	51,2	0.0	-1	1					0.002024282468482852	0.0007712249644100666	0.041138581931591034	0.04709705710411072	0.07378393411636353	0.0	0.0
s0_so	4	single	-1	wrong	20,21	0.0	-1	1					0.010391038842499256	0.00668964721262455	0.021904975175857544	0.013598212972283363	-0.5396484136581421	0.0	0.0
s0_so	4	single	-1	wrong	19,3	0.0	-1	1					0.007583515718579292	0.010327033698558807	0.04310966283082962	0.024990400299429893	-0.34604382514953613	0.0	0.0
s0_so	4	single	-1	wrong	10,0	0.0	-1	1					0.0024339102674275637	0.001010481035336852	0.021306641399860382	0.03720767796039581	1.2748994827270508	0.0	0.0
s0_so	4	single	-1	wrong	56,21	0.0	-1	1					0.005579998716711998	0.002722980221733451	0.006319977343082428	0.015757916495203972	-0.9447447657585144	0.0	0.0
s0_so	4	single	-1	wrong	20,36	0.0	-1	1					0.01683082804083824	0.014482919126749039	0.030361613258719444	0.02284148335456848	-0.8751881122589111	0.0	0.0
s0_so	4	single	-1	wrong	23,18	0.0	-1	1					0.01838298700749874	0.025149714201688766	0.03568410873413086	0.05226559191942215	-0.9468190670013428	0.0	0.0
s0_so	4	single	-1	wrong	16,56	0.0	-1	1					0.015047859400510788	0.009451253339648247	0.005761194508522749	0.021250197663903236	-0.626412570476532	0.0	0.0
s0_so	4	single	-1	wrong	16,7	0.0	-1	1					0.004798400215804577	0.0021606329828500748	0.010771110653877258	0.0281667523086071	-0.8328710794448853	0.0	0.0
s0_so	4	single	-1	wrong	20,14	0.0	-1	1					0.005726254545152187	0.002996609080582857	0.02190663293004036	0.032694004476070404	0.1279314160346985	0.0	0.0
s0_so	4	single	-1	wrong	61,1	0.0	-1	1					0.002439548261463642	0.0008441248210147023	0.02297373116016388	0.04643135145306587	-0.07255297154188156	0.0	0.0
s0_so	4	single	-1	wrong	44,22	0.0	-1	1					0.012977838516235352	0.015982307493686676	0.08240090310573578	0.08247800171375275	0.5498348474502563	0.0	0.0
s0_so	4	single	-1	wrong	57,8	0.0	-1	1					0.006470598746091127	0.00500196497887373	0.021893596276640892	0.01925988495349884	0.20598959922790527	0.0	0.0
s0_so	4	single	-1	wrong	56,6	0.0	-1	1					0.0033683977089822292	0.0010144897969439626	0.017633523792028427	0.03652168810367584	-1.1878736019134521	0.0	0.0
s0_so	4	single	-1	wrong	20,13	0.0	-1	1					0.006610573269426823	0.006353628821671009	0.07354113459587097	0.037244364619255066	-0.7343466281890869	0.0	0.0
s0_so	4	single	-1	wrong	11,28	0.0	-1	1					0.0049692848697304726	0.0032693417742848396	0.03846105560660362	0.03136242926120758	-0.45082777738571167	0.0	0.0
s0_so	4	single	-1	wrong	25,14	0.0	-1	1					0.012015197426080704	0.009315205737948418	0.037292078137397766	0.03492848947644234	1.4121665954589844	0.0	0.0
s0_so	4	single	-1	wrong	18,18	0.0	-1	1					0.004604539833962917	0.004752472974359989	0.08102276921272278	0.04069992154836655	-1.5209360122680664	0.0	0.0
s0_so	4	single	-1	wrong	2,14	0.0	-1	1					0.01427563838660717	0.014344850555062294	0.015670830383896828	0.034581176936626434	0.35104721784591675	0.0	0.0
s0_so	4	single	-1	wrong	53,49	0.0	-1	1					0.03811141848564148	0.05990223586559296	0.014269476756453514	0.02284131571650505	-0.10413067042827606	0.0	0.0
s0_so	4	single	-1	wrong	29,53	0.0	-1	1					0.036868251860141754	0.05101730674505234	0.01798822544515133	0.012656308710575104	-0.8739478588104248	0.0	0.0
s0_so	4	single	-1	wrong	53,31	0.0	-1	1					0.03805660456418991	0.048426173627376556	0.01651725545525551	0.02720622904598713	0.3788437843322754	0.0	0.0
s0_so	4	single	-1	wrong	0,41	0.0	-1	1					0.008961012586951256	0.008403250947594643	0.05666662007570267	0.03430626541376114	2.348762273788452	0.0	0.0
s0_so	4	single	-1	wrong	53,52	0.0	-1	1					0.03989110514521599	0.0565723292529583	0.019214171916246414	0.028106890618801117	-0.48343420028686523	0.0	0.0
s0_so	4	single	-1	wrong	45,45	0.0	-1	1					0.04927157610654831	0.06449858844280243	0.0776391476392746	0.03354283422231674	0.16834379732608795	0.0	0.0
s0_so	4	single	-1	wrong	56,24	0.0	-1	1					0.004649322014302015	0.004427405074238777	0.012777788564562798	0.037017762660980225	1.0692285299301147	0.0	0.0
s0_so	4	single	-1	wrong	17,12	0.0	-1	1					0.006764261983335018	0.005838077515363693	0.045382995158433914	0.02427751198410988	-0.7437933683395386	0.0	0.0
s0_so	4	single	-1	wrong	24,57	0.0	-1	1					0.005703349132090807	0.005657189525663853	0.04471610486507416	0.011155420914292336	0.9754316806793213	0.0	0.0
s0_so	4	single	-1	wrong	40,2	0.0	-1	1					0.0075580161064863205	0.004046665970236063	0.06022891774773598	0.037840187549591064	0.3380465507507324	0.0	0.0
s0_so	4	single	-1	wrong	51,8	0.0	-1	1					0.003933225758373737	0.002180467126891017	0.062205806374549866	0.028644554316997528	1.8448138236999512	0.0	0.0
s0_so	4	single	-1	wrong	17,22	0.0	-1	1					0.010572133585810661	0.010137779638171196	0.01863750070333481	0.04047207534313202	0.5216736793518066	0.0	0.0
s0_so	4	single	-1	wrong	41,46	0.0	-1	1					0.008008532226085663	0.005611578933894634	0.009540339931845665	0.024324115365743637	1.8671345710754395	0.0	0.0
s0_so	4	single	-1	wrong	26,24	0.0	-1	1					0.007368703372776508	0.010613121092319489	0.039351675659418106	0.037087708711624146	2.8887205123901367	0.0	0.0
s0_so	4	single	-1	wrong	60,21	0.0	-1	1					0.011791279539465904	0.010581789538264275	0.03517745062708855	0.02389344573020935	0.22220292687416077	0.0	0.0
s0_so	4	single	-1	wrong	62,0	0.0	-1	1					0.0077483560889959335	0.005810067988932133	0.03323644772171974	0.038024671375751495	0.20473656058311462	0.0	0.0
s0_so	4	single	-1	wrong	47,19	0.0	-1	1					0.031209086999297142	0.05301288515329361	0.02367600053548813	0.028513088822364807	-0.7686417102813721	0.0	0.0
s0_so	4	single	-1	wrong	44,11	0.0625	-1	1					0.008581677451729774	0.008069484494626522	0.05792098492383957	0.043001845479011536	0.4838542342185974	0.0	0.0
s0_so	4	single	-1	wrong	42,11	0.0	-1	1					0.039774201810359955	0.04161094129085541	0.058684591203927994	0.024723876267671585	1.2587323188781738	0.0	0.0
s0_so	4	single	-1	wrong	7,8	0.0	-1	1					0.004949405789375305	0.003392884973436594	0.02476903237402439	0.019562162458896637	1.4180965423583984	0.0	0.0
s0_so	4	single	-1	wrong	23,25	0.05078125	-1	1					0.04024845361709595	0.07157641649246216	0.026158221065998077	0.021456999704241753	0.7911660075187683	0.0	0.0
s0_so	4	single	-1	wrong	33,13	0.0	-1	1					0.0056389616802334785	0.004755375906825066	0.03239917755126953	0.03613058105111122	-1.3755085468292236	0.0	0.0
s0_so	4	single	-1	wrong	2,49	0.0	-1	1					0.010004749521613121	0.008490746840834618	0.040562842041254044	0.021913032978773117	0.33059072494506836	0.0	0.0
s0_so	4	single	-1	wrong	34,28	0.0	-1	1					0.009781998582184315	0.01048944890499115	0.05189017951488495	0.02176985703408718	-1.2098206281661987	0.0	0.0
s0_so	4	single	-1	wrong	58,6	0.0	-1	1					0.007984410971403122	0.00433154683560133	0.05332256853580475	0.05545941740274429	-1.2080379724502563	0.0	0.0
s0_so	4	single	-1	wrong	43,39	0.0	-1	1					0.009388254955410957	0.005670090205967426	0.03934313729405403	0.05026007071137428	1.6389200687408447	0.0	0.0
s0_so	4	single	-1	wrong	37,7	0.0	-1	1					0.019993141293525696	0.018610727041959763	0.020279277116060257	0.02707049995660782	-0.3227715790271759	0.0	0.0
s0_so	4	single	-1	wrong	0,48	0.0	-1	1					0.0027821941766887903	0.0013758016284555197	0.04215313866734505	0.02768372744321823	2.891864538192749	0.0	0.0
s0_so	4	single	-1	wrong	50,30	0.0	-1	1					0.0059492699801921844	0.0038709279615432024	0.011095140129327774	0.024854592978954315	0.9850591421127319	0.0	0.0
s0_so	4	single	-1	wrong	53,2	0.0	-1	1					0.01229279674589634	0.011728258803486824	0.017635058611631393	0.0380125530064106	-0.8783934116363525	0.0	0.0
s0_so	5	delta	0	true	32,436	0.0	0	49	0.0	0.0	0.0	0.0	0.002672068774700165	0.0008618037682026625	0.016847290098667145	0.014171117916703224	0.0	-0.0005411356687545776	0.0
s0_so	5	delta	0	true	40,431	0.0	0	49	0.0	0.0	0.0	0.0	0.002672068774700165	0.0008618037682026625	0.016847290098667145	0.014171117916703224	0.0	0.0	0.0
s0_so	5	delta	0	true	784,875	0.0	0	49	0.0	0.0	0.0	0.0	0.002672068774700165	0.0008618037682026625	0.016847290098667145	0.014171117916703224	0.0	-5.960464477539062e-07	0.0
s0_so	5	delta	0	true	799,865	0.0	0	49	0.0	0.0	0.0	0.0	0.002672068774700165	0.0008618037682026625	0.016847290098667145	0.014171117916703224	0.0	0.0	0.0
s0_so	5	delta	0	true	842,819	0.0	0	49	0.0	0.0	0.0	0.0	0.002672068774700165	0.0008618037682026625	0.016847290098667145	0.014171117916703224	0.0	0.0	0.0
s0_so	5	delta	0	true	849,780	0.0	0	49	0.0	0.0	0.0	0.0	0.002672068774700165	0.0008618037682026625	0.016847290098667145	0.014171117916703224	0.0	0.0	0.0
s0_so	5	delta	0	true	264,78	0.0	0	49	0.0	0.0	0.0	0.0	0.002672068774700165	0.0008618037682026625	0.016847290098667145	0.014171117916703224	0.0	0.0	0.0
s0_so	5	delta	0	true	268,101	0.0	0	49	0.0	0.0	0.0	0.0	0.002672068774700165	0.0008618037682026625	0.016847290098667145	0.014171117916703224	0.0	-1.4901161193847656e-08	0.0
s0_so	5	delta	0	true	295,84	0.0	0	49	0.0	0.0	0.0	0.0	0.002672068774700165	0.0008618037682026625	0.016847290098667145	0.014171117916703224	0.0	0.0	0.0
s0_so	5	delta	0	true	299,12	0.0	0	49	0.0	0.0	0.0	0.0	0.002672068774700165	0.0008618037682026625	0.016847290098667145	0.014171117916703224	0.0	-0.0003950446844100952	0.0
s0_so	5	delta	0	true	300,115	0.0	0	49	0.0	0.0	0.0	0.0	0.002672068774700165	0.0008618037682026625	0.016847290098667145	0.014171117916703224	0.0	0.0	0.0
s0_so	5	delta	0	true	308,20	0.0	0	49	0.0	0.0	0.0	0.0	0.002672068774700165	0.0008618037682026625	0.016847290098667145	0.014171117916703224	0.0	-9.834766387939453e-07	0.0
s0_so	5	delta	0	true	353,62	0.0	0	49	0.0	0.0	0.0	0.0	0.002672068774700165	0.0008618037682026625	0.016847290098667145	0.014171117916703224	0.0	0.0	0.0
s0_so	5	delta	0	true	365,43	0.0	0	49	0.0	0.0	0.0	0.0	0.002672068774700165	0.0008618037682026625	0.016847290098667145	0.014171117916703224	0.0	0.0	0.0
s0_so	5	delta	0	true	3,894	0.0	0	49	0.0	0.0	0.0	0.0	0.002672068774700165	0.0008618037682026625	0.016847290098667145	0.014171117916703224	0.0	-8.271634578704834e-05	0.0
s0_so	5	delta	0	true	39,779	0.0	0	49	0.0	0.0	0.0	0.0	0.002672068774700165	0.0008618037682026625	0.016847290098667145	0.014171117916703224	0.0	0.0	0.0
s0_so	5	delta	0	true	41,827	0.0	0	49	0.0	0.0	0.0	0.0	0.002672068774700165	0.0008618037682026625	0.016847290098667145	0.014171117916703224	0.0	0.0	0.0
s0_so	5	delta	0	true	114,841	0.0	0	49	0.0	0.0	0.0	0.0	0.002672068774700165	0.0008618037682026625	0.016847290098667145	0.014171117916703224	0.0	-7.428228855133057e-05	0.0
s0_so	5	delta	0	true	689,777	0.0	0	49	0.0	0.0	0.0	0.0	0.002672068774700165	0.0008618037682026625	0.016847290098667145	0.014171117916703224	0.0	0.0	0.0
s0_so	5	delta	0	true	775,779	0.0	0	49	0.0	0.0	0.0	0.0	0.002672068774700165	0.0008618037682026625	0.016847290098667145	0.014171117916703224	0.0	0.0	0.0
s0_so	5	delta	0	true	806,776	0.0	0	49	0.0	0.0	0.0	0.0	0.002672068774700165	0.0008618037682026625	0.016847290098667145	0.014171117916703224	0.0	0.0	0.0
s0_so	5	delta	0	true	847,822	0.0	0	49	0.0	0.0	0.0	0.0	0.002672068774700165	0.0008618037682026625	0.016847290098667145	0.014171117916703224	0.0	0.0	0.0
s0_so	5	delta	0	true	145,24	0.0	0	49	0.0	0.0	0.0	0.0	0.002672068774700165	0.0008618037682026625	0.016847290098667145	0.014171117916703224	0.0	-1.9371509552001953e-07	0.0
s0_so	5	delta	0	true	185,117	0.0	0	49	0.0	0.0	0.0	0.0	0.002672068774700165	0.0008618037682026625	0.016847290098667145	0.014171117916703224	0.0	0.0	0.0
s0_so	5	delta	0	true	224,20	0.0	0	49	0.0	0.0	0.0	0.0	0.002672068774700165	0.0008618037682026625	0.016847290098667145	0.014171117916703224	0.0	-1.1458992958068848e-05	0.0
s0_so	5	delta	0	true	226,92	0.0	0	49	0.0	0.0	0.0	0.0	0.002672068774700165	0.0008618037682026625	0.016847290098667145	0.014171117916703224	0.0	0.0	0.0
s0_so	5	delta	0	true	451,301	0.0	0	49	0.0	0.0	0.0	0.0	0.002672068774700165	0.0008618037682026625	0.016847290098667145	0.014171117916703224	0.0	-4.470348358154297e-08	0.0
s0_so	5	delta	0	true	715,70	0.0	0	49	0.0	0.0	0.0	0.0	0.002672068774700165	0.0008618037682026625	0.016847290098667145	0.014171117916703224	0.0	0.0	0.0
s0_so	5	delta	0	true	766,92	0.0	0	49	0.0	0.0	0.0	0.0	0.002672068774700165	0.0008618037682026625	0.016847290098667145	0.014171117916703224	0.0	0.0	0.0
s0_so	5	delta	0	true	224,454	0.0	0	49	0.0	0.0	0.0	0.0	0.002672068774700165	0.0008618037682026625	0.016847290098667145	0.014171117916703224	0.0	-4.284083843231201e-05	0.0
s0_so	5	delta	0	true	327,452	0.0	0	49	0.0	0.0	0.0	0.0	0.002672068774700165	0.0008618037682026625	0.016847290098667145	0.014171117916703224	0.0	-1.4156103134155273e-06	0.0
s0_so	5	delta	0	true	913,27	0.0	0	49	0.0	0.0	0.0	0.0	0.002672068774700165	0.0008618037682026625	0.016847290098667145	0.014171117916703224	0.0	-2.2351741790771484e-07	0.0
s0_so	5	delta	0	true	924,117	0.0	0	49	0.0	0.0	0.0	0.0	0.002672068774700165	0.0008618037682026625	0.016847290098667145	0.014171117916703224	0.0	0.0	0.0
s0_so	5	delta	0	true	933,118	0.0	0	49	0.0	0.0	0.0	0.0	0.002672068774700165	0.0008618037682026625	0.016847290098667145	0.014171117916703224	0.0	0.0	0.0
s0_so	5	delta	0	true	998,103	0.0	0	49	0.0	0.0	0.0	0.0	0.002672068774700165	0.0008618037682026625	0.016847290098667145	0.014171117916703224	0.0	-1.360476016998291e-05	0.0
s0_so	5	delta	0	true	1000,16	0.0	0	49	0.0	0.0	0.0	0.0	0.002672068774700165	0.0008618037682026625	0.016847290098667145	0.014171117916703224	0.0	-7.638335227966309e-05	0.0
s0_so	5	delta	0	true	1015,33	0.0	0	49	0.0	0.0	0.0	0.0	0.002672068774700165	0.0008618037682026625	0.016847290098667145	0.014171117916703224	0.0	-0.00015960633754730225	0.0
s0_so	5	delta	0	true	41,49	0.0	0	49	0.0	0.0	0.0	0.0	0.002672068774700165	0.0008618037682026625	0.016847290098667145	0.014171117916703224	0.0	-1.3753771781921387e-05	0.0
s0_so	5	delta	0	true	62,111	0.0	0	49	0.0	0.0	0.0	0.0	0.002672068774700165	0.0008618037682026625	0.016847290098667145	0.014171117916703224	0.0	0.0	0.0
s0_so	5	delta	0	true	70,29	0.0	0	49	0.0	0.0	0.0	0.0	0.002672068774700165	0.0008618037682026625	0.016847290098667145	0.014171117916703224	0.0	0.0	0.0
s0_so	5	delta	0	true	91,37	0.0	0	49	0.0	0.0	0.0	0.0	0.002672068774700165	0.0008618037682026625	0.016847290098667145	0.014171117916703224	0.0	0.0	0.0
s0_so	5	delta	0	true	103,40	0.0	0	49	0.0	0.0	0.0	0.0	0.002672068774700165	0.0008618037682026625	0.016847290098667145	0.014171117916703224	0.0	-6.884336471557617e-06	0.0
s0_so	5	delta	0	true	270,732	0.0	0	49	0.0	0.0	0.0	0.0	0.002672068774700165	0.0008618037682026625	0.016847290098667145	0.014171117916703224	0.0	0.0	0.0
s0_so	5	delta	0	true	280,719	0.0	0	49	0.0	0.0	0.0	0.0	0.002672068774700165	0.0008618037682026625	0.016847290098667145	0.014171117916703224	0.0	-0.0008288770914077759	0.0
s0_so	5	delta	0	true	284,676	0.0	0	49	0.0	0.0	0.0	0.0	0.002672068774700165	0.0008618037682026625	0.016847290098667145	0.014171117916703224	0.0	-6.407499313354492e-07	0.0
s0_so	5	delta	0	true	348,727	0.0	0	49	0.0	0.0	0.0	0.0	0.002672068774700165	0.0008618037682026625	0.016847290098667145	0.014171117916703224	0.0	-2.7567148208618164e-06	0.0
s0_so	5	delta	0	true	382,720	0.0	0	49	0.0	0.0	0.0	0.0	0.002672068774700165	0.0008618037682026625	0.016847290098667145	0.014171117916703224	0.0	-0.007098332047462463	-0.0027992725372314453
s0_so	5	delta	0	true	251,519	0.0	0	49	0.0	0.0	0.0	0.0	0.002672068774700165	0.0008618037682026625	0.016847290098667145	0.014171117916703224	0.0	-6.705522537231445e-07	0.0
s0_so	5	delta	0	wrong	242,861	0.0	0	49	0.0	0.0	0.0	0.0	0.002672068774700165	0.0008618037682026625	0.016847290098667145	0.014171117916703224	0.0	-7.450580596923828e-08	0.0
s0_so	5	delta	0	wrong	697,270	0.0	0	49	0.0	0.0	0.0	0.0	0.002672068774700165	0.0008618037682026625	0.016847290098667145	0.014171117916703224	0.0	0.0	0.0
s0_so	5	delta	0	wrong	615,675	0.0	0	49	0.0	0.0	0.0	0.0	0.002672068774700165	0.0008618037682026625	0.016847290098667145	0.014171117916703224	0.0	0.0	0.0
s0_so	5	delta	0	wrong	110,941	0.0	0	49	0.0	0.0	0.0	0.0	0.002672068774700165	0.0008618037682026625	0.016847290098667145	0.014171117916703224	0.0	0.0	0.0
s0_so	5	delta	0	wrong	469,651	0.0	0	49	0.0	0.0	0.0	0.0	0.002672068774700165	0.0008618037682026625	0.016847290098667145	0.014171117916703224	0.0	-1.0922551155090332e-05	0.0
s0_so	5	delta	0	wrong	714,952	0.0	0	49	0.0	0.0	0.0	0.0	0.002672068774700165	0.0008618037682026625	0.016847290098667145	0.014171117916703224	0.0	-0.012955427169799805	-0.00411476194858551
s0_so	5	delta	0	wrong	247,136	-0.05078125	70	49	0.009656945243477821	0.009506152011454105	0.007717672735452652	0.00164874829351902	0.012329014018177986	0.010367956012487411	0.024564962834119797	0.015819866210222244	0.01496589183807373	-0.21240152418613434	-0.07188034057617188
s0_so	5	delta	0	wrong	871,6	0.0	0	49	0.0	0.0	0.0	0.0	0.002672068774700165	0.0008618037682026625	0.016847290098667145	0.014171117916703224	0.0	-0.0023337751626968384	0.0
s0_so	5	delta	0	wrong	66,336	0.0	0	49	0.0	0.0	0.0	0.0	0.002672068774700165	0.0008618037682026625	0.016847290098667145	0.014171117916703224	0.0	-4.3213367462158203e-07	0.0
s0_so	5	delta	0	wrong	951,906	-0.16015625	220	49	0.02539929747581482	0.02221262827515602	0.015162989497184753	0.000945323146879673	0.028071366250514984	0.023074431344866753	0.0320102795958519	0.015116441063582897	0.11193037033081055	-0.08620248734951019	-0.03299586474895477
s0_so	5	delta	0	wrong	634,731	0.0	0	49	0.0	0.0	0.0	0.0	0.002672068774700165	0.0008618037682026625	0.016847290098667145	0.014171117916703224	0.0	-6.00665807723999e-05	0.0
s0_so	5	delta	0	wrong	481,44	0.0	0	49	0.0	0.0	0.0	0.0	0.002672068774700165	0.0008618037682026625	0.016847290098667145	0.014171117916703224	0.0	0.0	0.0
s0_so	5	delta	0	wrong	376,335	0.0	0	49	0.0	0.0	0.0	0.0	0.002672068774700165	0.0008618037682026625	0.016847290098667145	0.014171117916703224	0.0	-0.00010870397090911865	0.0
s0_so	5	delta	0	wrong	867,239	0.0	0	49	0.0	0.0	0.0	0.0	0.002672068774700165	0.0008618037682026625	0.016847290098667145	0.014171117916703224	0.0	-0.0010291635990142822	0.0
s0_so	5	delta	0	wrong	1009,1018	0.0	0	49	0.0	0.0	0.0	0.0	0.002672068774700165	0.0008618037682026625	0.016847290098667145	0.014171117916703224	0.0	-0.00021602213382720947	0.0
s0_so	5	delta	0	wrong	843,684	0.0	0	49	0.0	0.0	0.0	0.0	0.002672068774700165	0.0008618037682026625	0.016847290098667145	0.014171117916703224	0.0	-4.470348358154297e-08	0.0
s0_so	5	delta	0	wrong	255,708	0.0	0	49	0.0	0.0	0.0	0.0	0.002672068774700165	0.0008618037682026625	0.016847290098667145	0.014171117916703224	0.0	-4.470348358154297e-08	0.0
s0_so	5	delta	0	wrong	1019,256	0.0	0	49	0.0	0.0	0.0	0.0	0.002672068774700165	0.0008618037682026625	0.016847290098667145	0.014171117916703224	0.0	-2.9802322387695312e-08	0.0
s0_so	5	delta	0	wrong	175,306	0.0	0	49	0.0	0.0	0.0	0.0	0.002672068774700165	0.0008618037682026625	0.016847290098667145	0.014171117916703224	0.0	-8.17328691482544e-05	0.0
s0_so	5	delta	0	wrong	858,751	0.0	0	49	0.0	0.0	0.0	0.0	0.002672068774700165	0.0008618037682026625	0.016847290098667145	0.014171117916703224	0.0	-1.4901161193847656e-08	0.0
s0_so	5	delta	0	wrong	854,27	0.0	0	49	0.0	0.0	0.0	0.0	0.002672068774700165	0.0008618037682026625	0.016847290098667145	0.014171117916703224	0.0	0.0	0.0
s0_so	5	delta	0	wrong	314,540	0.0	0	49	0.0	0.0	0.0	0.0	0.002672068774700165	0.0008618037682026625	0.016847290098667145	0.014171117916703224	0.0	0.0	0.0
s0_so	5	delta	0	wrong	297,263	0.0	0	49	0.0	0.0	0.0	0.0	0.002672068774700165	0.0008618037682026625	0.016847290098667145	0.014171117916703224	0.0	-7.450580596923828e-08	0.0
s0_so	5	delta	0	wrong	553,309	0.0	0	49	0.0	0.0	0.0	0.0	0.002672068774700165	0.0008618037682026625	0.016847290098667145	0.014171117916703224	0.0	0.0	0.0
s0_so	5	delta	0	wrong	581,199	0.0	7	49	2.0369887351989746e-05	1.7021549865603447e-05	0.00028453394770622253	6.625428795814514e-05	0.0026924386620521545	0.0008788253180682659	0.017131824046373367	0.01423737220466137	0.0007227659225463867	-0.07666303217411041	-0.01512804627418518
s0_so	5	delta	0	wrong	46,380	0.0	0	49	0.0	0.0	0.0	0.0	0.002672068774700165	0.0008618037682026625	0.016847290098667145	0.014171117916703224	0.0	0.0	0.0
s0_so	5	delta	0	wrong	664,612	0.0	0	49	0.0	0.0	0.0	0.0	0.002672068774700165	0.0008618037682026625	0.016847290098667145	0.014171117916703224	0.0	-2.2351741790771484e-07	0.0
s0_so	5	delta	0	wrong	296,575	0.0	0	49	0.0	0.0	0.0	0.0	0.002672068774700165	0.0008618037682026625	0.016847290098667145	0.014171117916703224	0.0	-1.0281801223754883e-06	0.0
s0_so	5	delta	0	wrong	175,237	0.0	0	49	0.0	0.0	0.0	0.0	0.002672068774700165	0.0008618037682026625	0.016847290098667145	0.014171117916703224	0.0	0.0	0.0
s0_so	5	delta	0	wrong	805,656	0.0	0	49	0.0	0.0	0.0	0.0	0.002672068774700165	0.0008618037682026625	0.016847290098667145	0.014171117916703224	0.0	0.0	0.0
s0_so	5	delta	0	wrong	513,189	0.0	0	49	0.0	0.0	0.0	0.0	0.002672068774700165	0.0008618037682026625	0.016847290098667145	0.014171117916703224	0.0	0.0	0.0
s0_so	5	delta	0	wrong	560,22	0.0	0	49	0.0	0.0	0.0	0.0	0.002672068774700165	0.0008618037682026625	0.016847290098667145	0.014171117916703224	0.0	-1.926720142364502e-05	0.0
s0_so	5	delta	0	wrong	847,1006	0.0	0	49	0.0	0.0	0.0	0.0	0.002672068774700165	0.0008618037682026625	0.016847290098667145	0.014171117916703224	0.0	0.0	0.0
s0_so	5	delta	0	wrong	14,327	0.0	0	49	0.0	0.0	0.0	0.0	0.002672068774700165	0.0008618037682026625	0.016847290098667145	0.014171117916703224	0.0	0.0	0.0
s0_so	5	delta	0	wrong	695,152	0.0	0	49	0.0	0.0	0.0	0.0	0.002672068774700165	0.0008618037682026625	0.016847290098667145	0.014171117916703224	0.0	-5.587935447692871e-06	0.0
s0_so	5	delta	0	wrong	26,660	0.0	0	49	0.0	0.0	0.0	0.0	0.002672068774700165	0.0008618037682026625	0.016847290098667145	0.014171117916703224	0.0	-1.4901161193847656e-08	0.0
s0_so	5	delta	0	wrong	341,601	0.0	0	49	0.0	0.0	0.0	0.0	0.002672068774700165	0.0008618037682026625	0.016847290098667145	0.014171117916703224	0.0	0.0	0.0
s0_so	5	delta	0	wrong	149,187	0.0	0	49	0.0	0.0	0.0	0.0	0.002672068774700165	0.0008618037682026625	0.016847290098667145	0.014171117916703224	0.0	-7.836520671844482e-05	0.0
s0_so	5	delta	0	wrong	624,188	0.0	0	49	0.0	0.0	0.0	0.0	0.002672068774700165	0.0008618037682026625	0.016847290098667145	0.014171117916703224	0.0	0.0	0.0
s0_so	5	delta	0	wrong	955,967	0.0	0	49	0.0	0.0	0.0	0.0	0.002672068774700165	0.0008618037682026625	0.016847290098667145	0.014171117916703224	0.0	-2.682209014892578e-07	0.0
s0_so	5	delta	0	wrong	1000,202	-0.1953125	256	49	-0.0004027772229164839	3.107788506895304e-05	-0.011796340346336365	0.004320325329899788	0.002269291551783681	0.0008928816532716155	0.005050949286669493	0.018491443246603012	0.6160554885864258	0.17329218983650208	0.46380582451820374
s0_so	5	delta	0	wrong	597,255	0.0	0	49	0.0	0.0	0.0	0.0	0.002672068774700165	0.0008618037682026625	0.016847290098667145	0.014171117916703224	0.0	0.0	0.0
s0_so	5	delta	0	wrong	521,342	0.0	0	49	0.0	0.0	0.0	0.0	0.002672068774700165	0.0008618037682026625	0.016847290098667145	0.014171117916703224	0.0	0.0	0.0
s0_so	5	delta	0	wrong	544,517	0.0	0	49	0.0	0.0	0.0	0.0	0.002672068774700165	0.0008618037682026625	0.016847290098667145	0.014171117916703224	0.0	-1.4901161193847656e-08	0.0
s0_so	5	delta	0	wrong	576,793	0.0	0	49	0.0	0.0	0.0	0.0	0.002672068774700165	0.0008618037682026625	0.016847290098667145	0.014171117916703224	0.0	0.0	0.0
s0_so	5	delta	0	wrong	937,900	0.0	0	49	0.0	0.0	0.0	0.0	0.002672068774700165	0.0008618037682026625	0.016847290098667145	0.014171117916703224	0.0	-0.0004400014877319336	0.0
s0_so	5	delta	0	wrong	405,400	0.0	16	49	0.0004236423410475254	0.00043647107668220997	0.0033197421580553055	0.001515781506896019	0.00309571111574769	0.0012982748448848724	0.02016703225672245	0.015686899423599243	0.003282308578491211	-0.10575123131275177	-0.03752146661281586
s0_so	5	delta	0	wrong	106,964	0.0	0	49	0.0	0.0	0.0	0.0	0.002672068774700165	0.0008618037682026625	0.016847290098667145	0.014171117916703224	0.0	-1.9371509552001953e-07	0.0
s0_so	5	delta	1	true	4,412	0.0	1	49	0.00010865367949008942	1.4081597328186035e-06	-0.0011170655488967896	-0.00019577890634536743	0.02856416068971157	0.03815960884094238	0.0965791791677475	0.034600358456373215	0.00014579296112060547	-0.01081317663192749	-0.0024657174944877625
s0_so	5	delta	1	true	46,474	0.0	0	49	0.0	0.0	0.0	0.0	0.02845550701022148	0.038158200681209564	0.09769624471664429	0.03479613736271858	0.0	0.0	0.0
s0_so	5	delta	1	true	71,502	0.0	0	49	0.0	0.0	0.0	0.0	0.02845550701022148	0.038158200681209564	0.09769624471664429	0.03479613736271858	0.0	0.0	0.0
s0_so	5	delta	1	true	126,384	0.0	0	49	0.0	0.0	0.0	0.0	0.02845550701022148	0.038158200681209564	0.09769624471664429	0.03479613736271858	0.0	-1.9550323486328125e-05	0.0
s0_so	5	delta	1	true	786,795	0.0	0	49	0.0	0.0	0.0	0.0	0.02845550701022148	0.038158200681209564	0.09769624471664429	0.03479613736271858	0.0	0.0	0.0
s0_so	5	delta	1	true	790,817	0.0	0	49	0.0	0.0	0.0	0.0	0.02845550701022148	0.038158200681209564	0.09769624471664429	0.03479613736271858	0.0	0.0	0.0
s0_so	5	delta	1	true	879,806	0.0	0	49	0.0	0.0	0.0	0.0	0.02845550701022148	0.038158200681209564	0.09769624471664429	0.03479613736271858	0.0	0.0	0.0
s0_so	5	delta	1	true	284,12	0.0	0	49	0.0	0.0	0.0	0.0	0.02845550701022148	0.038158200681209564	0.09769624471664429	0.03479613736271858	0.0	-1.5914440155029297e-05	0.0
s0_so	5	delta	1	true	361,124	0.0	0	49	0.0	0.0	0.0	0.0	0.02845550701022148	0.038158200681209564	0.09769624471664429	0.03479613736271858	0.0	0.0	0.0
s0_so	5	delta	1	true	368,44	0.0	0	49	0.0	0.0	0.0	0.0	0.02845550701022148	0.038158200681209564	0.09769624471664429	0.03479613736271858	0.0	-2.3484230041503906e-05	0.0
s0_so	5	delta	1	true	28,889	0.0	0	49	0.0	0.0	0.0	0.0	0.02845550701022148	0.038158200681209564	0.09769624471664429	0.03479613736271858	0.0	-0.0008037388324737549	0.0
s0_so	5	delta	1	true	106,775	0.0	0	49	0.0	0.0	0.0	0.0	0.02845550701022148	0.038158200681209564	0.09769624471664429	0.03479613736271858	0.0	-4.9173831939697266e-06	0.0
s0_so	5	delta	1	true	505,131	-0.11328125	172	49	-0.009959951043128967	-0.020792046561837196	-0.05481765419244766	-0.0169204194098711	0.018495555967092514	0.017366154119372368	0.042878590524196625	0.01787571795284748	0.05946838855743408	-0.09066036343574524	-0.007950983941555023
s0_so	5	delta	1	true	505,225	0.0	0	49	0.0	0.0	0.0	0.0	0.02845550701022148	0.038158200681209564	0.09769624471664429	0.03479613736271858	0.0	-4.2498111724853516e-05	0.0
s0_so	5	delta	1	true	663,828	0.0	0	49	0.0	0.0	0.0	0.0	0.02845550701022148	0.038158200681209564	0.09769624471664429	0.03479613736271858	0.0	0.0	0.0
s0_so	5	delta	1	true	677,827	0.0	0	49	0.0	0.0	0.0	0.0	0.02845550701022148	0.038158200681209564	0.09769624471664429	0.03479613736271858	0.0	0.0	0.0
s0_so	5	delta	1	true	680,783	0.0	0	49	0.0	0.0	0.0	0.0	0.02845550701022148	0.038158200681209564	0.09769624471664429	0.03479613736271858	0.0	0.0	0.0
s0_so	5	delta	1	true	705,888	0.0	0	49	0.0	0.0	0.0	0.0	0.02845550701022148	0.038158200681209564	0.09769624471664429	0.03479613736271858	0.0	-0.058333367109298706	-0.011228762567043304
s0_so	5	delta	1	true	711,849	0.0	0	49	0.0	0.0	0.0	0.0	0.02845550701022148	0.038158200681209564	0.09769624471664429	0.03479613736271858	0.0	-0.00024437904357910156	0.0
s0_so	5	delta	1	true	773,774	0.0	0	49	0.0	0.0	0.0	0.0	0.02845550701022148	0.038158200681209564	0.09769624471664429	0.03479613736271858	0.0	-4.76837158203125e-07	0.0
s0_so	5	delta	1	true	778,876	0.0	0	49	0.0	0.0	0.0	0.0	0.02845550701022148	0.038158200681209564	0.09769624471664429	0.03479613736271858	0.0	-1.7881393432617188e-07	0.0
s0_so	5	delta	1	true	153,112	0.0	0	49	0.0	0.0	0.0	0.0	0.02845550701022148	0.038158200681209564	0.09769624471664429	0.03479613736271858	0.0	0.0	0.0
s0_so	5	delta	1	true	163,116	0.0	0	49	0.0	0.0	0.0	0.0	0.02845550701022148	0.038158200681209564	0.09769624471664429	0.03479613736271858	0.0	0.0	0.0
s0_so	5	delta	1	true	172,5	0.0	0	49	0.0	0.0	0.0	0.0	0.02845550701022148	0.038158200681209564	0.09769624471664429	0.03479613736271858	0.0	-1.7136335372924805e-05	0.0
s0_so	5	delta	1	true	175,127	0.0	0	49	0.0	0.0	0.0	0.0	0.02845550701022148	0.038158200681209564	0.09769624471664429	0.03479613736271858	0.0	0.0	0.0
s0_so	5	delta	1	true	178,52	0.0	0	49	0.0	0.0	0.0	0.0	0.02845550701022148	0.038158200681209564	0.09769624471664429	0.03479613736271858	0.0	-2.9802322387695312e-08	0.0
s0_so	5	delta	1	true	219,91	0.0	0	49	0.0	0.0	0.0	0.0	0.02845550701022148	0.038158200681209564	0.09769624471664429	0.03479613736271858	0.0	0.0	0.0
s0_so	5	delta	1	true	731,67	0.0	0	49	0.0	0.0	0.0	0.0	0.02845550701022148	0.038158200681209564	0.09769624471664429	0.03479613736271858	0.0	0.0	0.0
s0_so	5	delta	1	true	747,75	0.0	0	49	0.0	0.0	0.0	0.0	0.02845550701022148	0.038158200681209564	0.09769624471664429	0.03479613736271858	0.0	0.0	0.0
s0_so	5	delta	1	true	761,50	0.0	0	49	0.0	0.0	0.0	0.0	0.02845550701022148	0.038158200681209564	0.09769624471664429	0.03479613736271858	0.0	0.0	0.0
s0_so	5	delta	1	true	177,401	0.0	0	49	0.0	0.0	0.0	0.0	0.02845550701022148	0.038158200681209564	0.09769624471664429	0.03479613736271858	0.0	-0.000707089900970459	0.0
s0_so	5	delta	1	true	231,494	0.0	0	49	0.0	0.0	0.0	0.0	0.02845550701022148	0.038158200681209564	0.09769624471664429	0.03479613736271858	0.0	0.0	0.0
s0_so	5	delta	1	true	272,447	0.0	0	49	0.0	0.0	0.0	0.0	0.02845550701022148	0.038158200681209564	0.09769624471664429	0.03479613736271858	0.0	-1.8775463104248047e-06	0.0
s0_so	5	delta	1	true	275,389	0.0	0	49	0.0	0.0	0.0	0.0	0.02845550701022148	0.038158200681209564	0.09769624471664429	0.03479613736271858	0.0	-5.751848220825195e-06	0.0
s0_so	5	delta	1	true	285,476	0.0	0	49	0.0	0.0	0.0	0.0	0.02845550701022148	0.038158200681209564	0.09769624471664429	0.03479613736271858	0.0	0.0	0.0
s0_so	5	delta	1	true	299,412	0.0	0	49	0.0	0.0	0.0	0.0	0.02845550701022148	0.038158200681209564	0.09769624471664429	0.03479613736271858	0.0	-0.001450181007385254	0.0
s0_so	5	delta	1	true	301,478	0.0	0	49	0.0	0.0	0.0	0.0	0.02845550701022148	0.038158200681209564	0.09769624471664429	0.03479613736271858	0.0	0.0	0.0
s0_so	5	delta	1	true	334,437	0.0	0	49	0.0	0.0	0.0	0.0	0.02845550701022148	0.038158200681209564	0.09769624471664429	0.03479613736271858	0.0	-5.960464477539062e-07	0.0
s0_so	5	delta	1	true	910,85	0.0	0	49	0.0	0.0	0.0	0.0	0.02845550701022148	0.038158200681209564	0.09769624471664429	0.03479613736271858	0.0	0.0	0.0
s0_so	5	delta	1	true	950,17	0.0	0	49	0.0	0.0	0.0	0.0	0.02845550701022148	0.038158200681209564	0.09769624471664429	0.03479613736271858	0.0	0.0	0.0
s0_so	5	delta	1	true	965,120	0.0	0	49	0.0	0.0	0.0	0.0	0.02845550701022148	0.038158200681209564	0.09769624471664429	0.03479613736271858	0.0	0.0	0.0
s0_so	5	delta	1	true	0,37	0.0	0	49	0.0	0.0	0.0	0.0	0.02845550701022148	0.038158200681209564	0.09769624471664429	0.03479613736271858	0.0	0.0	0.0
s0_so	5	delta	1	true	79,48	0.0	0	49	0.0	0.0	0.0	0.0	0.02845550701022148	0.038158200681209564	0.09769624471664429	0.03479613736271858	0.0	0.0	0.0
s0_so	5	delta	1	true	115,28	0.0	0	49	0.0	0.0	0.0	0.0	0.02845550701022148	0.038158200681209564	0.09769624471664429	0.03479613736271858	0.0	0.0	0.0
s0_so	5	delta	1	true	324,740	0.0	0	49	0.0	0.0	0.0	0.0	0.02845550701022148	0.038158200681209564	0.09769624471664429	0.03479613736271858	0.0	0.0	0.0
s0_so	5	delta	1	true	372,744	0.0	1	49	8.171424269676208e-05	-1.8477439880371094e-06	-0.00010339915752410889	-8.922070264816284e-06	0.028537221252918243	0.03815635293722153	0.09759284555912018	0.034787215292453766	1.537799835205078e-05	-0.015128552913665771	-0.0002586469054222107
s0_so	5	delta	1	true	192,542	0.0	0	49	0.0	0.0	0.0	0.0	0.02845550701022148	0.038158200681209564	0.09769624471664429	0.03479613736271858	0.0	0.0	0.0
s0_so	5	delta	1	true	228,638	0.0	0	49	0.0	0.0	0.0	0.0	0.02845550701022148	0.038158200681209564	0.09769624471664429	0.03479613736271858	0.0	0.0	0.0
s0_so	5	delta	1	wrong	242,861	0.0	0	49	0.0	0.0	0.0	0.0	0.02845550701022148	0.038158200681209564	0.09769624471664429	0.03479613736271858	0.0	0.0	0.0
s0_so	5	delta	1	wrong	697,270	0.0	0	49	0.0	0.0	0.0	0.0	0.02845550701022148	0.038158200681209564	0.09769624471664429	0.03479613736271858	0.0	0.0	0.0
s0_so	5	delta	1	wrong	615,675	0.0	0	49	0.0	0.0	0.0	0.0	0.02845550701022148	0.038158200681209564	0.09769624471664429	0.03479613736271858	0.0	0.0	0.0
s0_so	5	delta	1	wrong	110,941	0.0	0	49	0.0	0.0	0.0	0.0	0.02845550701022148	0.038158200681209564	0.09769624471664429	0.03479613736271858	0.0	0.0	0.0
s0_so	5	delta	1	wrong	469,651	0.0	0	49	0.0	0.0	0.0	0.0	0.02845550701022148	0.038158200681209564	0.09769624471664429	0.03479613736271858	0.0	-3.516674041748047e-06	0.0
s0_so	5	delta	1	wrong	714,952	0.0	0	49	0.0	0.0	0.0	0.0	0.02845550701022148	0.038158200681209564	0.09769624471664429	0.03479613736271858	0.0	-0.0018732547760009766	0.0
s0_so	5	delta	1	wrong	247,136	-0.015625	14	49	0.000506281852722168	-0.0006219185888767242	-0.0036240071058273315	-0.0014536529779434204	0.02896178886294365	0.03753628209233284	0.09407223761081696	0.03334248438477516	0.0019451379776000977	-0.08927011489868164	-0.004622645676136017
s0_so	5	delta	1	wrong	871,6	0.0	0	49	0.0	0.0	0.0	0.0	0.02845550701022148	0.038158200681209564	0.09769624471664429	0.03479613736271858	0.0	-0.00041410326957702637	0.0
s0_so	5	delta	1	wrong	66,336	0.0	0	49	0.0	0.0	0.0	0.0	0.02845550701022148	0.038158200681209564	0.09769624471664429	0.03479613736271858	0.0	-8.940696716308594e-08	0.0
s0_so	5	delta	1	wrong	951,906	-0.16015625	123	49	0.002771083265542984	-0.0047840699553489685	-0.03927987441420555	-0.011869240552186966	0.031226590275764465	0.033374130725860596	0.058416370302438736	0.022926896810531616	0.04013633728027344	-0.13602477312088013	-0.023059777915477753
s0_so	5	delta	1	wrong	634,731	0.0	0	49	0.0	0.0	0.0	0.0	0.02845550701022148	0.038158200681209564	0.09769624471664429	0.03479613736271858	0.0	-1.5497207641601562e-05	0.0
s0_so	5	delta	1	wrong	481,44	0.0	0	49	0.0	0.0	0.0	0.0	0.02845550701022148	0.038158200681209564	0.09769624471664429	0.03479613736271858	0.0	0.0	0.0
s0_so	5	delta	1	wrong	376,335	0.0	0	49	0.0	0.0	0.0	0.0	0.02845550701022148	0.038158200681209564	0.09769624471664429	0.03479613736271858	0.0	-1.7642974853515625e-05	0.0
s0_so	5	delta	1	wrong	867,239	0.0	0	49	0.0	0.0	0.0	0.0	0.02845550701022148	0.038158200681209564	0.09769624471664429	0.03479613736271858	0.0	-0.0001729726791381836	0.0
s0_so	5	delta	1	wrong	1009,1018	0.0	0	49	0.0	0.0	0.0	0.0	0.02845550701022148	0.038158200681209564	0.09769624471664429	0.03479613736271858	0.0	-2.5093555450439453e-05	0.0
s0_so	5	delta	1	wrong	843,684	0.0	0	49	0.0	0.0	0.0	0.0	0.02845550701022148	0.038158200681209564	0.09769624471664429	0.03479613736271858	0.0	0.0	0.0
s0_so	5	delta	1	wrong	255,708	0.0	0	49	0.0	0.0	0.0	0.0	0.02845550701022148	0.038158200681209564	0.09769624471664429	0.03479613736271858	0.0	0.0	0.0
s0_so	5	delta	1	wrong	1019,256	0.0	0	49	0.0	0.0	0.0	0.0	0.02845550701022148	0.038158200681209564	0.09769624471664429	0.03479613736271858	0.0	0.0	0.0
s0_so	5	delta	1	wrong	175,306	0.0	0	49	0.0	0.0	0.0	0.0	0.02845550701022148	0.038158200681209564	0.09769624471664429	0.03479613736271858	0.0	-2.1725893020629883e-05	0.0
s0_so	5	delta	1	wrong	858,751	0.0	0	49	0.0	0.0	0.0	0.0	0.02845550701022148	0.038158200681209564	0.09769624471664429	0.03479613736271858	0.0	0.0	0.0
s0_so	5	delta	1	wrong	854,27	0.0	0	49	0.0	0.0	0.0	0.0	0.02845550701022148	0.038158200681209564	0.09769624471664429	0.03479613736271858	0.0	0.0	0.0
s0_so	5	delta	1	wrong	314,540	0.0	0	49	0.0	0.0	0.0	0.0	0.02845550701022148	0.038158200681209564	0.09769624471664429	0.03479613736271858	0.0	0.0	0.0
s0_so	5	delta	1	wrong	297,263	0.0	0	49	0.0	0.0	0.0	0.0	0.02845550701022148	0.038158200681209564	0.09769624471664429	0.03479613736271858	0.0	0.0	0.0
s0_so	5	delta	1	wrong	553,309	0.0	0	49	0.0	0.0	0.0	0.0	0.02845550701022148	0.038158200681209564	0.09769624471664429	0.03479613736271858	0.0	0.0	0.0
s0_so	5	delta	1	wrong	581,199	0.0	0	49	0.0	0.0	0.0	0.0	0.02845550701022148	0.038158200681209564	0.09769624471664429	0.03479613736271858	0.0	-0.021836519241333008	-0.00038548558950424194
s0_so	5	delta	1	wrong	46,380	0.0	0	49	0.0	0.0	0.0	0.0	0.02845550701022148	0.038158200681209564	0.09769624471664429	0.03479613736271858	0.0	0.0	0.0
s0_so	5	delta	1	wrong	664,612	0.0	0	49	0.0	0.0	0.0	0.0	0.02845550701022148	0.038158200681209564	0.09769624471664429	0.03479613736271858	0.0	-5.960464477539063e-08	0.0
s0_so	5	delta	1	wrong	296,575	0.0	0	49	0.0	0.0	0.0	0.0	0.02845550701022148	0.038158200681209564	0.09769624471664429	0.03479613736271858	0.0	-2.682209014892578e-07	0.0
s0_so	5	delta	1	wrong	175,237	0.0	0	49	0.0	0.0	0.0	0.0	0.02845550701022148	0.038158200681209564	0.09769624471664429	0.03479613736271858	0.0	0.0	0.0
s0_so	5	delta	1	wrong	805,656	0.0	0	49	0.0	0.0	0.0	0.0	0.02845550701022148	0.038158200681209564	0.09769624471664429	0.03479613736271858	0.0	0.0	0.0
s0_so	5	delta	1	wrong	513,189	0.0	0	49	0.0	0.0	0.0	0.0	0.02845550701022148	0.038158200681209564	0.09769624471664429	0.03479613736271858	0.0	0.0	0.0
s0_so	5	delta	1	wrong	560,22	0.0	0	49	0.0	0.0	0.0	0.0	0.02845550701022148	0.038158200681209564	0.09769624471664429	0.03479613736271858	0.0	-2.7418136596679688e-06	0.0
s0_so	5	delta	1	wrong	847,1006	0.0	0	49	0.0	0.0	0.0	0.0	0.02845550701022148	0.038158200681209564	0.09769624471664429	0.03479613736271858	0.0	0.0	0.0
s0_so	5	delta	1	wrong	14,327	0.0	0	49	0.0	0.0	0.0	0.0	0.02845550701022148	0.038158200681209564	0.09769624471664429	0.03479613736271858	0.0	0.0	0.0
s0_so	5	delta	1	wrong	695,152	0.0	0	49	0.0	0.0	0.0	0.0	0.02845550701022148	0.038158200681209564	0.09769624471664429	0.03479613736271858	0.0	-9.238719940185547e-07	0.0
s0_so	5	delta	1	wrong	26,660	0.0	0	49	0.0	0.0	0.0	0.0	0.02845550701022148	0.038158200681209564	0.09769624471664429	0.03479613736271858	0.0	0.0	0.0
s0_so	5	delta	1	wrong	341,601	0.0	0	49	0.0	0.0	0.0	0.0	0.02845550701022148	0.038158200681209564	0.09769624471664429	0.03479613736271858	0.0	0.0	0.0
s0_so	5	delta	1	wrong	149,187	0.0	0	49	0.0	0.0	0.0	0.0	0.02845550701022148	0.038158200681209564	0.09769624471664429	0.03479613736271858	0.0	-1.722574234008789e-05	0.0
s0_so	5	delta	1	wrong	624,188	0.0	0	49	0.0	0.0	0.0	0.0	0.02845550701022148	0.038158200681209564	0.09769624471664429	0.03479613736271858	0.0	0.0	0.0
s0_so	5	delta	1	wrong	955,967	0.0	0	49	0.0	0.0	0.0	0.0	0.02845550701022148	0.038158200681209564	0.09769624471664429	0.03479613736271858	0.0	-5.960464477539063e-08	0.0
s0_so	5	delta	1	wrong	1000,202	-0.3359375	256	49	-0.02618621475994587	-0.037265319377183914	-0.09264529496431351	-0.01630469411611557	0.002269291551783681	0.0008928816532716155	0.005050949286669493	0.018491443246603012	0.50580894947052	0.30673009157180786	0.4094056785106659
s0_so	5	delta	1	wrong	597,255	0.0	0	49	0.0	0.0	0.0	0.0	0.02845550701022148	0.038158200681209564	0.09769624471664429	0.03479613736271858	0.0	0.0	0.0
s0_so	5	delta	1	wrong	521,342	0.0	0	49	0.0	0.0	0.0	0.0	0.02845550701022148	0.038158200681209564	0.09769624471664429	0.03479613736271858	0.0	0.0	0.0
s0_so	5	delta	1	wrong	544,517	0.0	0	49	0.0	0.0	0.0	0.0	0.02845550701022148	0.038158200681209564	0.09769624471664429	0.03479613736271858	0.0	0.0	0.0
s0_so	5	delta	1	wrong	576,793	0.0	0	49	0.0	0.0	0.0	0.0	0.02845550701022148	0.038158200681209564	0.09769624471664429	0.03479613736271858	0.0	0.0	0.0
s0_so	5	delta	1	wrong	937,900	0.0	0	49	0.0	0.0	0.0	0.0	0.02845550701022148	0.038158200681209564	0.09769624471664429	0.03479613736271858	0.0	-5.2988529205322266e-05	0.0
s0_so	5	delta	1	wrong	405,400	0.0	0	49	0.0	0.0	0.0	0.0	0.02845550701022148	0.038158200681209564	0.09769624471664429	0.03479613736271858	0.0	-0.02040708065032959	-0.0004810318350791931
s0_so	5	delta	1	wrong	106,964	0.0	0	49	0.0	0.0	0.0	0.0	0.02845550701022148	0.038158200681209564	0.09769624471664429	0.03479613736271858	0.0	-2.9802322387695312e-08	0.0
s0_so	5	delta	2	true	63,409	0.0	0	49	0.0	0.0	0.0	0.0	0.012203570455312729	0.011617658659815788	0.067397840321064	0.030862700194120407	0.0	-5.7578086853027344e-05	0.0
s0_so	5	delta	2	true	68,419	0.0	0	49	0.0	0.0	0.0	0.0	0.012203570455312729	0.011617658659815788	0.067397840321064	0.030862700194120407	0.0	0.0	0.0
s0_so	5	delta	2	true	80,488	0.0	0	49	0.0	0.0	0.0	0.0	0.012203570455312729	0.011617658659815788	0.067397840321064	0.030862700194120407	0.0	-2.980232238769531e-07	0.0
s0_so	5	delta	2	true	784,780	0.0	0	49	0.0	0.0	0.0	0.0	0.012203570455312729	0.011617658659815788	0.067397840321064	0.030862700194120407	0.0	0.0	0.0
s0_so	5	delta	2	true	865,837	0.0	0	49	0.0	0.0	0.0	0.0	0.012203570455312729	0.011617658659815788	0.067397840321064	0.030862700194120407	0.0	-2.440810203552246e-05	0.0
s0_so	5	delta	2	true	876,772	0.0	0	49	0.0	0.0	0.0	0.0	0.012203570455312729	0.011617658659815788	0.067397840321064	0.030862700194120407	0.0	0.0	0.0
s0_so	5	delta	2	true	877,891	0.0	0	49	0.0	0.0	0.0	0.0	0.012203570455312729	0.011617658659815788	0.067397840321064	0.030862700194120407	0.0	-0.00022041797637939453	0.0
s0_so	5	delta	2	true	275,32	0.0	0	49	0.0	0.0	0.0	0.0	0.012203570455312729	0.011617658659815788	0.067397840321064	0.030862700194120407	0.0	-5.960464477539063e-08	0.0
s0_so	5	delta	2	true	383,92	0.0	0	49	0.0	0.0	0.0	0.0	0.012203570455312729	0.011617658659815788	0.067397840321064	0.030862700194120407	0.0	0.0	0.0
s0_so	5	delta	2	true	8,790	0.0	0	49	0.0	0.0	0.0	0.0	0.012203570455312729	0.011617658659815788	0.067397840321064	0.030862700194120407	0.0	0.0	0.0
s0_so	5	delta	2	true	37,830	0.0	0	49	0.0	0.0	0.0	0.0	0.012203570455312729	0.011617658659815788	0.067397840321064	0.030862700194120407	0.0	0.0	0.0
s0_so	5	delta	2	true	78,861	0.0	0	49	0.0	0.0	0.0	0.0	0.012203570455312729	0.011617658659815788	0.067397840321064	0.030862700194120407	0.0	0.0	0.0
s0_so	5	delta	2	true	112,823	0.0	0	49	0.0	0.0	0.0	0.0	0.012203570455312729	0.011617658659815788	0.067397840321064	0.030862700194120407	0.0	0.0	0.0
s0_so	5	delta	2	true	452,224	-0.05078125	201	49	-0.004392979666590691	-0.0041710687801241875	-0.020487092435359955	0.02084444835782051	0.007810590788722038	0.007446589879691601	0.04691074788570404	0.05170714855194092	0.08738422393798828	-0.027013003826141357	-0.0034460648894309998
s0_so	5	delta	2	true	471,213	0.0	0	49	0.0	0.0	0.0	0.0	0.012203570455312729	0.011617658659815788	0.067397840321064	0.030862700194120407	0.0	0.0	0.0
s0_so	5	delta	2	true	479,161	0.0	0	49	0.0	0.0	0.0	0.0	0.012203570455312729	0.011617658659815788	0.067397840321064	0.030862700194120407	0.0	0.0	0.0
s0_so	5	delta	2	true	505,161	0.0	0	49	0.0	0.0	0.0	0.0	0.012203570455312729	0.011617658659815788	0.067397840321064	0.030862700194120407	0.0	-0.0009131133556365967	0.0
s0_so	5	delta	2	true	508,238	0.0	0	49	0.0	0.0	0.0	0.0	0.012203570455312729	0.011617658659815788	0.067397840321064	0.030862700194120407	0.0	-4.3451786041259766e-05	0.0
s0_so	5	delta	2	true	509,190	0.0	0	49	0.0	0.0	0.0	0.0	0.012203570455312729	0.011617658659815788	0.067397840321064	0.030862700194120407	0.0	-1.1920928955078125e-07	0.0
s0_so	5	delta	2	true	652,851	0.0	0	49	0.0	0.0	0.0	0.0	0.012203570455312729	0.011617658659815788	0.067397840321064	0.030862700194120407	0.0	-0.005923151969909668	0.0
s0_so	5	delta	2	true	694,781	0.0	0	49	0.0	0.0	0.0	0.0	0.012203570455312729	0.011617658659815788	0.067397840321064	0.030862700194120407	0.0	0.0	0.0
s0_so	5	delta	2	true	153,62	0.0	0	49	0.0	0.0	0.0	0.0	0.012203570455312729	0.011617658659815788	0.067397840321064	0.030862700194120407	0.0	-1.7881393432617188e-07	0.0
s0_so	5	delta	2	true	182,97	0.0	0	49	0.0	0.0	0.0	0.0	0.012203570455312729	0.011617658659815788	0.067397840321064	0.030862700194120407	0.0	0.0	0.0
s0_so	5	delta	2	true	214,55	0.0	0	49	0.0	0.0	0.0	0.0	0.012203570455312729	0.011617658659815788	0.067397840321064	0.030862700194120407	0.0	0.0	0.0
s0_so	5	delta	2	true	215,63	0.0	0	49	0.0	0.0	0.0	0.0	0.012203570455312729	0.011617658659815788	0.067397840321064	0.030862700194120407	0.0	0.0	0.0
s0_so	5	delta	2	true	235,35	0.0	0	49	0.0	0.0	0.0	0.0	0.012203570455312729	0.011617658659815788	0.067397840321064	0.030862700194120407	0.0	-1.7285346984863281e-06	0.0
s0_so	5	delta	2	true	241,92	0.0	0	49	0.0	0.0	0.0	0.0	0.012203570455312729	0.011617658659815788	0.067397840321064	0.030862700194120407	0.0	0.0	0.0
s0_so	5	delta	2	true	393,349	0.0	0	49	0.0	0.0	0.0	0.0	0.012203570455312729	0.011617658659815788	0.067397840321064	0.030862700194120407	0.0	0.0	0.0
s0_so	5	delta	2	true	444,258	0.0	0	49	0.0	0.0	0.0	0.0	0.012203570455312729	0.011617658659815788	0.067397840321064	0.030862700194120407	0.0	-9.5367431640625e-07	0.0
s0_so	5	delta	2	true	456,316	0.0	0	49	0.0	0.0	0.0	0.0	0.012203570455312729	0.011617658659815788	0.067397840321064	0.030862700194120407	0.0	-0.0007699728012084961	0.0
s0_so	5	delta	2	true	487,263	0.0	0	49	0.0	0.0	0.0	0.0	0.012203570455312729	0.011617658659815788	0.067397840321064	0.030862700194120407	0.0	0.0	0.0
s0_so	5	delta	2	true	658,75	0.0	0	49	0.0	0.0	0.0	0.0	0.012203570455312729	0.011617658659815788	0.067397840321064	0.030862700194120407	0.0	0.0	0.0
s0_so	5	delta	2	true	718,81	0.0	0	49	0.0	0.0	0.0	0.0	0.012203570455312729	0.011617658659815788	0.067397840321064	0.030862700194120407	0.0	0.0	0.0
s0_so	5	delta	2	true	161,417	0.0	0	49	0.0	0.0	0.0	0.0	0.012203570455312729	0.011617658659815788	0.067397840321064	0.030862700194120407	0.0	0.0	0.0
s0_so	5	delta	2	true	213,487	0.0	0	49	0.0	0.0	0.0	0.0	0.012203570455312729	0.011617658659815788	0.067397840321064	0.030862700194120407	0.0	0.0	0.0
s0_so	5	delta	2	true	257,508	0.0	0	49	0.0	0.0	0.0	0.0	0.012203570455312729	0.011617658659815788	0.067397840321064	0.030862700194120407	0.0	0.0	0.0
s0_so	5	delta	2	true	311,479	0.0	0	49	0.0	0.0	0.0	0.0	0.012203570455312729	0.011617658659815788	0.067397840321064	0.030862700194120407	0.0	0.0	0.0
s0_so	5	delta	2	true	322,494	0.0	0	49	0.0	0.0	0.0	0.0	0.012203570455312729	0.011617658659815788	0.067397840321064	0.030862700194120407	0.0	0.0	0.0
s0_so	5	delta	2	true	331,467	0.0	0	49	0.0	0.0	0.0	0.0	0.012203570455312729	0.011617658659815788	0.067397840321064	0.030862700194120407	0.0	0.0	0.0
s0_so	5	delta	2	true	338,471	0.0	0	49	0.0	0.0	0.0	0.0	0.012203570455312729	0.011617658659815788	0.067397840321064	0.030862700194120407	0.0	0.0	0.0
s0_so	5	delta	2	true	338,473	0.0	0	49	0.0	0.0	0.0	0.0	0.012203570455312729	0.011617658659815788	0.067397840321064	0.030862700194120407	0.0	0.0	0.0
s0_so	5	delta	2	true	918,12	0.0	0	49	0.0	0.0	0.0	0.0	0.012203570455312729	0.011617658659815788	0.067397840321064	0.030862700194120407	0.0	-0.00016069412231445312	0.0
s0_so	5	delta	2	true	952,18	0.0	0	49	0.0	0.0	0.0	0.0	0.012203570455312729	0.011617658659815788	0.067397840321064	0.030862700194120407	0.0	0.0	0.0
s0_so	5	delta	2	true	957,47	0.0	0	49	0.0	0.0	0.0	0.0	0.012203570455312729	0.011617658659815788	0.067397840321064	0.030862700194120407	0.0	0.0	0.0
s0_so	5	delta	2	true	20,126	0.0	0	49	0.0	0.0	0.0	0.0	0.012203570455312729	0.011617658659815788	0.067397840321064	0.030862700194120407	0.0	0.0	0.0
s0_so	5	delta	2	true	57,49	0.0	0	49	0.0	0.0	0.0	0.0	0.012203570455312729	0.011617658659815788	0.067397840321064	0.030862700194120407	0.0	-2.9802322387695312e-08	0.0
s0_so	5	delta	2	true	154,545	0.0	0	49	0.0	0.0	0.0	0.0	0.012203570455312729	0.011617658659815788	0.067397840321064	0.030862700194120407	0.0	0.0	0.0
s0_so	5	delta	2	true	210,611	0.0	0	49	0.0	0.0	0.0	0.0	0.012203570455312729	0.011617658659815788	0.067397840321064	0.030862700194120407	0.0	0.0	0.0
s0_so	5	delta	2	wrong	242,861	0.0	0	49	0.0	0.0	0.0	0.0	0.012203570455312729	0.011617658659815788	0.067397840321064	0.030862700194120407	0.0	0.0	0.0
s0_so	5	delta	2	wrong	697,270	0.0	0	49	0.0	0.0	0.0	0.0	0.012203570455312729	0.011617658659815788	0.067397840321064	0.030862700194120407	0.0	0.0	0.0
s0_so	5	delta	2	wrong	615,675	0.0	0	49	0.0	0.0	0.0	0.0	0.012203570455312729	0.011617658659815788	0.067397840321064	0.030862700194120407	0.0	0.0	0.0
s0_so	5	delta	2	wrong	110,941	0.0	0	49	0.0	0.0	0.0	0.0	0.012203570455312729	0.011617658659815788	0.067397840321064	0.030862700194120407	0.0	0.0	0.0
s0_so	5	delta	2	wrong	469,651	0.0	0	49	0.0	0.0	0.0	0.0	0.012203570455312729	0.011617658659815788	0.067397840321064	0.030862700194120407	0.0	-2.4437904357910156e-06	0.0
s0_so	5	delta	2	wrong	714,952	0.0	0	49	0.0	0.0	0.0	0.0	0.012203570455312729	0.011617658659815788	0.067397840321064	0.030862700194120407	0.0	-0.0008756816387176514	0.0
s0_so	5	delta	2	wrong	247,136	-0.00390625	4	49	0.0002386597916483879	0.00018356740474700928	-0.000758640468120575	1.2587755918502808e-05	0.012442230246961117	0.011801226064562798	0.06663919985294342	0.03087528795003891	0.0006148815155029297	-0.050673484802246094	-0.003643825650215149
s0_so	5	delta	2	wrong	871,6	0.0	0	49	0.0	0.0	0.0	0.0	0.012203570455312729	0.011617658659815788	0.067397840321064	0.030862700194120407	0.0	-0.0002142786979675293	0.0
s0_so	5	delta	2	wrong	66,336	0.0	0	49	0.0	0.0	0.0	0.0	0.012203570455312729	0.011617658659815788	0.067397840321064	0.030862700194120407	0.0	0.0	0.0
s0_so	5	delta	2	wrong	951,906	-0.05078125	75	49	0.005525736138224602	0.004896393045783043	-0.011289611458778381	-0.003808077424764633	0.01772930659353733	0.01651405170559883	0.056108228862285614	0.027054622769355774	0.016829371452331543	-0.1775987446308136	-0.04036860913038254
s0_so	5	delta	2	wrong	634,731	0.0	0	49	0.0	0.0	0.0	0.0	0.012203570455312729	0.011617658659815788	0.067397840321064	0.030862700194120407	0.0	-6.5267086029052734e-06	0.0
s0_so	5	delta	2	wrong	481,44	0.0	0	49	0.0	0.0	0.0	0.0	0.012203570455312729	0.011617658659815788	0.067397840321064	0.030862700194120407	0.0	0.0	0.0
s0_so	5	delta	2	wrong	376,335	0.0	0	49	0.0	0.0	0.0	0.0	0.012203570455312729	0.011617658659815788	0.067397840321064	0.030862700194120407	0.0	-1.1205673217773438e-05	0.0
s0_so	5	delta	2	wrong	867,239	0.0	0	49	0.0	0.0	0.0	0.0	0.012203570455312729	0.011617658659815788	0.067397840321064	0.030862700194120407	0.0	-0.00010749697685241699	0.0
s0_so	5	delta	2	wrong	1009,1018	0.0	0	49	0.0	0.0	0.0	0.0	0.012203570455312729	0.011617658659815788	0.067397840321064	0.030862700194120407	0.0	-1.3172626495361328e-05	0.0
s0_so	5	delta	2	wrong	843,684	0.0	0	49	0.0	0.0	0.0	0.0	0.012203570455312729	0.011617658659815788	0.067397840321064	0.030862700194120407	0.0	-2.9802322387695312e-08	0.0
s0_so	5	delta	2	wrong	255,708	0.0	0	49	0.0	0.0	0.0	0.0	0.012203570455312729	0.011617658659815788	0.067397840321064	0.030862700194120407	0.0	0.0	0.0
s0_so	5	delta	2	wrong	1019,256	0.0	0	49	0.0	0.0	0.0	0.0	0.012203570455312729	0.011617658659815788	0.067397840321064	0.030862700194120407	0.0	0.0	0.0
s0_so	5	delta	2	wrong	175,306	0.0	0	49	0.0	0.0	0.0	0.0	0.012203570455312729	0.011617658659815788	0.067397840321064	0.030862700194120407	0.0	-1.7940998077392578e-05	0.0
s0_so	5	delta	2	wrong	858,751	0.0	0	49	0.0	0.0	0.0	0.0	0.012203570455312729	0.011617658659815788	0.067397840321064	0.030862700194120407	0.0	0.0	0.0
s0_so	5	delta	2	wrong	854,27	0.0	0	49	0.0	0.0	0.0	0.0	0.012203570455312729	0.011617658659815788	0.067397840321064	0.030862700194120407	0.0	0.0	0.0
s0_so	5	delta	2	wrong	314,540	0.0	0	49	0.0	0.0	0.0	0.0	0.012203570455312729	0.011617658659815788	0.067397840321064	0.030862700194120407	0.0	0.0	0.0
s0_so	5	delta	2	wrong	297,263	0.0	0	49	0.0	0.0	0.0	0.0	0.012203570455312729	0.011617658659815788	0.067397840321064	0.030862700194120407	0.0	0.0	0.0
s0_so	5	delta	2	wrong	553,309	0.0	0	49	0.0	0.0	0.0	0.0	0.012203570455312729	0.011617658659815788	0.067397840321064	0.030862700194120407	0.0	0.0	0.0
s0_so	5	delta	2	wrong	581,199	0.0	0	49	0.0	0.0	0.0	0.0	0.012203570455312729	0.011617658659815788	0.067397840321064	0.030862700194120407	0.0	-0.00953608751296997	-0.0010803192853927612
s0_so	5	delta	2	wrong	46,380	0.0	0	49	0.0	0.0	0.0	0.0	0.012203570455312729	0.011617658659815788	0.067397840321064	0.030862700194120407	0.0	0.0	0.0
s0_so	5	delta	2	wrong	664,612	0.0	0	49	0.0	0.0	0.0	0.0	0.012203570455312729	0.011617658659815788	0.067397840321064	0.030862700194120407	0.0	-5.960464477539063e-08	0.0
s0_so	5	delta	2	wrong	296,575	0.0	0	49	0.0	0.0	0.0	0.0	0.012203570455312729	0.011617658659815788	0.067397840321064	0.030862700194120407	0.0	-1.7881393432617188e-07	0.0
s0_so	5	delta	2	wrong	175,237	0.0	0	49	0.0	0.0	0.0	0.0	0.012203570455312729	0.011617658659815788	0.067397840321064	0.030862700194120407	0.0	-2.9802322387695312e-08	0.0
s0_so	5	delta	2	wrong	805,656	0.0	0	49	0.0	0.0	0.0	0.0	0.012203570455312729	0.011617658659815788	0.067397840321064	0.030862700194120407	0.0	0.0	0.0
s0_so	5	delta	2	wrong	513,189	0.0	0	49	0.0	0.0	0.0	0.0	0.012203570455312729	0.011617658659815788	0.067397840321064	0.030862700194120407	0.0	0.0	0.0
s0_so	5	delta	2	wrong	560,22	0.0	0	49	0.0	0.0	0.0	0.0	0.012203570455312729	0.011617658659815788	0.067397840321064	0.030862700194120407	0.0	-1.9073486328125e-06	0.0
s0_so	5	delta	2	wrong	847,1006	0.0	0	49	0.0	0.0	0.0	0.0	0.012203570455312729	0.011617658659815788	0.067397840321064	0.030862700194120407	0.0	0.0	0.0
s0_so	5	delta	2	wrong	14,327	0.0	0	49	0.0	0.0	0.0	0.0	0.012203570455312729	0.011617658659815788	0.067397840321064	0.030862700194120407	0.0	0.0	0.0
s0_so	5	delta	2	wrong	695,152	0.0	0	49	0.0	0.0	0.0	0.0	0.012203570455312729	0.011617658659815788	0.067397840321064	0.030862700194120407	0.0	-3.5762786865234375e-07	0.0
s0_so	5	delta	2	wrong	26,660	0.0	0	49	0.0	0.0	0.0	0.0	0.012203570455312729	0.011617658659815788	0.067397840321064	0.030862700194120407	0.0	0.0	0.0
s0_so	5	delta	2	wrong	341,601	0.0	0	49	0.0	0.0	0.0	0.0	0.012203570455312729	0.011617658659815788	0.067397840321064	0.030862700194120407	0.0	0.0	0.0
s0_so	5	delta	2	wrong	149,187	0.0	0	49	0.0	0.0	0.0	0.0	0.012203570455312729	0.011617658659815788	0.067397840321064	0.030862700194120407	0.0	-7.778406143188477e-06	0.0
s0_so	5	delta	2	wrong	624,188	0.0	0	49	0.0	0.0	0.0	0.0	0.012203570455312729	0.011617658659815788	0.067397840321064	0.030862700194120407	0.0	0.0	0.0
s0_so	5	delta	2	wrong	955,967	0.0	0	49	0.0	0.0	0.0	0.0	0.012203570455312729	0.011617658659815788	0.067397840321064	0.030862700194120407	0.0	-2.9802322387695312e-08	0.0
s0_so	5	delta	2	wrong	1000,202	-0.19140625	256	49	-0.009934279136359692	-0.010724777355790138	-0.062346890568733215	-0.012371256947517395	0.002269291551783681	0.0008928816532716155	0.005050949286669493	0.018491443246603012	0.44944071769714355	0.26457807421684265	0.3370555341243744
s0_so	5	delta	2	wrong	597,255	0.0	0	49	0.0	0.0	0.0	0.0	0.012203570455312729	0.011617658659815788	0.067397840321064	0.030862700194120407	0.0	0.0	0.0
s0_so	5	delta	2	wrong	521,342	0.0	0	49	0.0	0.0	0.0	0.0	0.012203570455312729	0.011617658659815788	0.067397840321064	0.030862700194120407	0.0	0.0	0.0
s0_so	5	delta	2	wrong	544,517	0.0	0	49	0.0	0.0	0.0	0.0	0.012203570455312729	0.011617658659815788	0.067397840321064	0.030862700194120407	0.0	0.0	0.0
s0_so	5	delta	2	wrong	576,793	0.0	0	49	0.0	0.0	0.0	0.0	0.012203570455312729	0.011617658659815788	0.067397840321064	0.030862700194120407	0.0	0.0	0.0
s0_so	5	delta	2	wrong	937,900	0.0	0	49	0.0	0.0	0.0	0.0	0.012203570455312729	0.011617658659815788	0.067397840321064	0.030862700194120407	0.0	-2.753734588623047e-05	0.0
s0_so	5	delta	2	wrong	405,400	0.0	0	49	0.0	0.0	0.0	0.0	0.012203570455312729	0.011617658659815788	0.067397840321064	0.030862700194120407	0.0	-0.010589689016342163	-0.00028965622186660767
s0_so	5	delta	2	wrong	106,964	0.0	0	49	0.0	0.0	0.0	0.0	0.012203570455312729	0.011617658659815788	0.067397840321064	0.030862700194120407	0.0	0.0	0.0
s0_so	5	single	-1	true	6,408	0.14453125	-1	1					0.013119254261255264	0.014885198324918747	0.11926975846290588	0.03387432545423508	1.5121582746505737	0.0	0.0
s0_so	5	single	-1	true	13,437	0.14453125	-1	1					0.014567894861102104	0.005803571082651615	0.020166516304016113	0.02918320894241333	0.47003448009490967	0.0	0.0
s0_so	5	single	-1	true	66,459	0.14453125	-1	1					0.024176765233278275	0.028429502621293068	0.03128817677497864	0.019484154880046844	-0.1371714323759079	0.0	0.0
s0_so	5	single	-1	true	67,401	0.14453125	-1	1					0.009348753839731216	0.007294561713933945	0.014575554057955742	0.015386541374027729	0.8367199301719666	0.0	0.0
s0_so	5	single	-1	true	98,501	0.1953125	-1	1					0.13222697377204895	0.21544653177261353	0.14055004715919495	0.019205018877983093	0.37306004762649536	0.0	0.0
s0_so	5	single	-1	true	109,481	0.14453125	-1	1					0.030673759058117867	0.02867124415934086	0.01300436444580555	0.008723344653844833	-0.1710713505744934	0.0	0.0
s0_so	5	single	-1	true	120,491	0.14453125	-1	1					0.03697046637535095	0.049639418721199036	0.02129710093140602	0.023642385378479958	0.1260526478290558	0.0	0.0
s0_so	5	single	-1	true	125,489	0.14453125	-1	1					0.04754059016704559	0.062321774661540985	0.00978829339146614	0.013212035410106182	-0.31563955545425415	0.0	0.0
s0_so	5	single	-1	true	770,882	0.1953125	-1	1					0.00520091038197279	0.003054934088140726	0.12045691162347794	0.02432643063366413	1.7334376573562622	0.0	0.0
s0_so	5	single	-1	true	807,770	0.1953125	-1	1					0.014584825374186039	0.015531202778220177	0.043293483555316925	0.029752401635050774	0.09517122805118561	0.0	0.0
s0_so	5	single	-1	true	861,806	0.1953125	-1	1					0.07287310063838959	0.09439270198345184	0.04281448572874069	0.03430551290512085	-0.8081556558609009	0.0	0.0
s0_so	5	single	-1	true	274,97	0.3359375	-1	1					0.0806005671620369	0.092384934425354	0.10112981498241425	0.04219185560941696	0.6395508646965027	0.0	0.0
s0_so	5	single	-1	true	340,77	0.0	-1	1					0.010716135613620281	0.010421980172395706	0.0030601159669458866	0.005346512421965599	-0.6460378170013428	0.0	0.0
s0_so	5	single	-1	true	368,66	0.0	-1	1					0.006127276923507452	0.002905429806560278	0.008877038955688477	0.015191539190709591	0.20484285056591034	0.0	0.0
s0_so	5	single	-1	true	379,6	0.0	-1	1					0.007542698178440332	0.005493215285241604	0.07008230686187744	0.023600488901138306	0.7259393930435181	0.0	0.0
s0_so	5	single	-1	true	7,802	0.14453125	-1	1					0.048640407621860504	0.07091343402862549	0.053809937089681625	0.018448229879140854	-0.030157532542943954	0.0	0.0
s0_so	5	single	-1	true	17,874	0.0	-1	1					0.028192510828375816	0.032475292682647705	0.004253963939845562	0.014371855184435844	0.75922030210495	0.0	0.0
s0_so	5	single	-1	true	19,794	0.33984375	-1	1					0.0020789094269275665	0.0008982044528238475	0.0039046902675181627	0.006365865468978882	-0.5226123332977295	0.0	0.0
s0_so	5	single	-1	true	63,882	0.0	-1	1					0.007237793877720833	0.007094225846230984	0.07403121888637543	0.020598310977220535	1.077468991279602	0.0	0.0
s0_so	5	single	-1	true	69,866	0.0	-1	1					0.017852414399385452	0.01440816093236208	0.01032912265509367	0.02443547360599041	0.49232661724090576	0.0	0.0
s0_so	5	single	-1	true	75,786	0.33984375	-1	1					0.001502800383605063	0.0005778144113719463	0.011740332469344139	0.014931472018361092	-0.49772220849990845	0.0	0.0
s0_so	5	single	-1	true	101,887	0.1953125	-1	1					0.011647364124655724	0.0036991399247199297	0.003964161965996027	0.005613424815237522	0.8093225955963135	0.0	0.0
s0_so	5	single	-1	true	122,871	0.1953125	-1	1					0.010120930150151253	0.009558398276567459	0.0024339742958545685	0.015045281499624252	-0.3489791750907898	0.0	0.0
s0_so	5	single	-1	true	405,144	0.14453125	-1	1					0.004477944690734148	0.003537700977176428	0.04793133586645126	0.03260762244462967	0.988518476486206	0.0	0.0
s0_so	5	single	-1	true	418,184	0.14453125	-1	1					0.0019825370982289314	0.000998134957626462	0.009595039300620556	0.013136643916368484	0.8669012188911438	0.0	0.0
s0_so	5	single	-1	true	422,143	0.14453125	-1	1					0.01745705120265484	0.020156212151050568	0.019872289150953293	0.018839839845895767	1.071013331413269	0.0	0.0
s0_so	5	single	-1	true	430,161	0.14453125	-1	1					0.0036958111450076103	0.0021482338197529316	0.0014617557171732187	0.007742657326161861	1.0194789171218872	0.0	0.0
s0_so	5	single	-1	true	474,225	0.14453125	-1	1					0.008429402485489845	0.004917900077998638	0.017527438700199127	0.021467503160238266	0.5871833562850952	0.0	0.0
s0_so	5	single	-1	true	494,203	0.14453125	-1	1					0.009255621582269669	0.005231983959674835	0.005960753187537193	0.013449432328343391	1.3566248416900635	0.0	0.0
s0_so	5	single	-1	true	663,814	0.14453125	-1	1					0.06073705852031708	0.08417179435491562	0.021487731486558914	0.014817065559327602	-0.11681056022644043	0.0	0.0
s0_so	5	single	-1	true	671,774	0.3046875	-1	1					0.07912451773881912	0.158502995967865	0.2214081585407257	0.033846087753772736	0.05224374309182167	0.0	0.0
s0_so	5	single	-1	true	675,781	0.3046875	-1	1					0.015650056302547455	0.012893634848296642	0.003251135814934969	0.0090740155428648	0.009235138073563576	0.0	0.0
s0_so	5	single	-1	true	701,834	0.14453125	-1	1					0.0055460212752223015	0.003088622819632292	0.020407935604453087	0.01139809563755989	0.9430584907531738	0.0	0.0
s0_so	5	single	-1	true	707,874	0.14453125	-1	1					0.08606478571891785	0.18486598134040833	0.06491822749376297	0.03499209135770798	0.7605951428413391	0.0	0.0
s0_so	5	single	-1	true	712,831	0.14453125	-1	1					0.08870752155780792	0.11820624768733978	0.08198797702789307	0.08386947959661484	0.2977296710014343	0.0	0.0
s0_so	5	single	-1	true	715,857	0.14453125	-1	1					0.018454264849424362	0.01604008674621582	0.12254883348941803	0.0533580482006073	0.8925926685333252	0.0	0.0
s0_so	5	single	-1	true	727,871	0.14453125	-1	1					0.03709600865840912	0.03772888332605362	0.0014786627143621445	0.008432401344180107	0.012763879261910915	0.0	0.0
s0_so	5	single	-1	true	739,787	0.85546875	-1	1					0.002937444718554616	0.0012078436557203531	0.010166145861148834	0.003272606758400798	0.25357240438461304	0.0	0.0
s0_so	5	single	-1	true	767,820	0.14453125	-1	1					0.07583878934383392	0.0752657949924469	0.01018598023802042	0.026188723742961884	-0.6647912263870239	0.0	0.0
s0_so	5	single	-1	true	772,839	0.1953125	-1	1					0.009236409328877926	0.0029765740036964417	0.0011818695347756147	0.004455842077732086	0.6030564308166504	0.0	0.0
s0_so	5	single	-1	true	807,877	0.1953125	-1	1					0.009826293215155602	0.0074215843342244625	0.007855746895074844	0.013341300189495087	-0.3029736578464508	0.0	0.0
s0_so	5	single	-1	true	888,817	0.1953125	-1	1					0.07654757797718048	0.13164401054382324	0.06768103688955307	0.026948655024170876	-0.3121953308582306	0.0	0.0
s0_so	5	single	-1	true	888,861	0.1953125	-1	1					0.010068315081298351	0.005268555134534836	0.016017001122236252	0.03196295350790024	0.3032814860343933	0.0	0.0
s0_so	5	single	-1	true	895,857	0.1953125	-1	1					0.01752278208732605	0.017582200467586517	0.03526747226715088	0.027224024757742882	0.4925875961780548	0.0	0.0
s0_so	5	single	-1	true	155,105	0.85546875	-1	1					0.028687331825494766	0.041240476071834564	0.09283126890659332	0.014165650121867657	-0.0056715840473771095	0.0	0.0
s0_so	5	single	-1	true	163,30	0.40625	-1	1					0.02618694119155407	0.02688612788915634	0.03174349665641785	0.02324119582772255	0.6171082258224487	0.0	0.0
s0_so	5	single	-1	true	184,126	0.55078125	-1	1					0.011356196366250515	0.006264231633394957	0.003291619708761573	0.022635284811258316	-0.855160117149353	0.0	0.0
s0_so	5	single	-1	true	237,9	0.05078125	-1	1					0.00871015153825283	0.005320749245584011	0.0718981921672821	0.01224403828382492	1.153993010520935	0.0	0.0
s0_so	5	single	-1	true	238,127	0.05078125	-1	1					0.00888746790587902	0.0025292409118264914	0.0007941800868138671	0.011844662949442863	-0.48456257581710815	0.0	0.0
s0_so	5	single	-1	true	252,112	0.38671875	-1	1					0.013158590532839298	0.012980093248188496	0.006542201153934002	0.021366775035858154	-0.21843279898166656	0.0	0.0
s0_so	5	single	-1	true	393,330	0.16015625	-1	1					0.0034809219650924206	0.001569003681652248	0.001955917105078697	0.031059464439749718	0.9651778936386108	0.0	0.0
s0_so	5	single	-1	true	398,351	0.16015625	-1	1					0.004602566361427307	0.002892440650612116	0.032884128391742706	0.013482118956744671	0.12787775695323944	0.0	0.0
s0_so	5	single	-1	true	398,367	0.16015625	-1	1					0.007876145653426647	0.006253181956708431	0.03280385583639145	0.015237432904541492	0.10708202421665192	0.0	0.0
s0_so	5	single	-1	true	409,324	0.16015625	-1	1					0.012583227828145027	0.010829577222466469	0.004327490460127592	0.04684290662407875	0.07707560807466507	0.0	0.0
s0_so	5	single	-1	true	416,277	0.16015625	-1	1					0.0018758239457383752	0.0007093200110830367	0.0029554867651313543	0.009603789076209068	0.4799537658691406	0.0	0.0
s0_so	5	single	-1	true	449,261	0.16015625	-1	1					0.004656791687011719	0.0014933942584320903	0.003775061573833227	0.00647535128518939	0.8964332938194275	0.0	0.0
s0_so	5	single	-1	true	453,333	0.16015625	-1	1					0.0061263213865458965	0.002324068918824196	0.003044859506189823	0.005128402262926102	0.28869858384132385	0.0	0.0
s0_so	5	single	-1	true	455,360	0.16015625	-1	1					0.007838229648768902	0.005393375642597675	0.0709630623459816	0.009609203785657883	0.8367980718612671	0.0	0.0
s0_so	5	single	-1	true	487,341	0.16015625	-1	1					0.007427494041621685	0.007201368920505047	0.008214544504880905	0.004576314240694046	-0.9490575790405273	0.0	0.0
s0_so	5	single	-1	true	502,273	0.16015625	-1	1					0.00620969058945775	0.003894955152645707	0.00488557992503047	0.007651113905012608	0.5207497477531433	0.0	0.0
s0_so	5	single	-1	true	506,295	0.16015625	-1	1					0.00915419403463602	0.005620293319225311	0.0025127565022557974	0.008242053911089897	0.1756310909986496	0.0	0.0
s0_so	5	single	-1	true	668,116	0.3046875	-1	1					0.01347415428608656	0.010203448124229908	0.017544426023960114	0.026019323617219925	0.12202835828065872	0.0	0.0
s0_so	5	single	-1	true	678,56	0.16015625	-1	1					0.01610715128481388	0.010558508336544037	0.014220266602933407	0.017189543694257736	0.5081599950790405	0.0	0.0
s0_so	5	single	-1	true	678,64	0.16015625	-1	1					0.029371384531259537	0.023721089586615562	0.03307344764471054	0.021710265427827835	0.41846728324890137	0.0	0.0
s0_so	5	single	-1	true	687,95	0.16015625	-1	1					0.029008567333221436	0.035418037325143814	0.03674892336130142	0.013779767788946629	-0.39699146151542664	0.0	0.0
s0_so	5	single	-1	true	695,17	0.16015625	-1	1					0.07037495076656342	0.11432049423456192	0.02230408415198326	0.00994647666811943	0.16142156720161438	0.0	0.0
s0_so	5	single	-1	true	738,105	0.85546875	-1	1					0.012935600243508816	0.007711535319685936	0.010000177659094334	0.008347493596374989	0.2134639471769333	0.0	0.0
s0_so	5	single	-1	true	759,12	0.40625	-1	1					0.09558699280023575	0.10018119215965271	0.043588802218437195	0.01357991062104702	0.8651394248008728	0.0	0.0
s0_so	5	single	-1	true	134,397	0.3359375	-1	1					0.045145146548748016	0.03806431591510773	0.02725622057914734	0.024751992896199226	0.787616491317749	0.0	0.0
s0_so	5	single	-1	true	143,411	0.3359375	-1	1					0.055195972323417664	0.04490598291158676	0.059275880455970764	0.048081040382385254	1.1449761390686035	0.0	0.0
s0_so	5	single	-1	true	163,438	0.3359375	-1	1					0.01241640467196703	0.009154131636023521	0.011141655035316944	0.006161997560411692	0.8746925592422485	0.0	0.0
s0_so	5	single	-1	true	177,411	0.3359375	-1	1					0.07016810029745102	0.10769693553447723	0.050938330590724945	0.022710317745804787	1.1099140644073486	0.0	0.0
s0_so	5	single	-1	true	190,464	0.3359375	-1	1					0.024451736360788345	0.013671660795807838	0.0062246173620224	0.020885461941361427	-0.24199770390987396	0.0	0.0
s0_so	5	single	-1	true	208,417	0.3359375	-1	1					0.044544003903865814	0.0644715279340744	0.01945987157523632	0.06337152421474457	-0.2688656151294708	0.0	0.0
s0_so	5	single	-1	true	216,409	0.3359375	-1	1					0.03632465749979019	0.055413708090782166	0.10005643963813782	0.06041402369737625	1.1914876699447632	0.0	0.0
s0_so	5	single	-1	true	218,393	0.3359375	-1	1					0.04031914100050926	0.055902086198329926	0.08130133152008057	0.04684993624687195	1.1442471742630005	0.0	0.0
s0_so	5	single	-1	true	254,487	0.3359375	-1	1					0.030656788498163223	0.04088161140680313	0.0034625213593244553	0.008684173226356506	-0.6177444458007812	0.0	0.0
s0_so	5	single	-1	true	269,505	0.3359375	-1	1					0.02013896033167839	0.01623801700770855	0.02481931447982788	0.012107925489544868	-0.5152254104614258	0.0	0.0
s0_so	5	single	-1	true	287,488	0.3359375	-1	1					0.06307218968868256	0.08463574200868607	0.041664354503154755	0.0160070788115263	-0.5631133317947388	0.0	0.0
s0_so	5	single	-1	true	312,406	0.3359375	-1	1					0.032605089247226715	0.02998664788901806	0.0035276785492897034	0.019178610295057297	0.9281274080276489	0.0	0.0
s0_so	5	single	-1	true	316,400	0.3359375	-1	1					0.008404955267906189	0.006810319609940052	0.039411865174770355	0.03587820380926132	1.5320405960083008	0.0	0.0
s0_so	5	single	-1	true	335,401	0.3359375	-1	1					0.007305317558348179	0.0022229342721402645	0.0075552864000201225	0.017933795228600502	1.221520185470581	0.0	0.0
s0_so	5	single	-1	true	906,98	0.85546875	-1	1					0.03049185313284397	0.030794329941272736	0.12136998027563095	0.07999131083488464	0.5464791059494019	0.0	0.0
s0_so	5	single	-1	true	976,34	0.1953125	-1	1					0.0028687734156847	0.0009213254670612514	0.012480875477194786	0.04996587336063385	0.4303063750267029	0.0	0.0
s0_so	5	single	-1	true	982,61	0.1953125	-1	1					0.012330899015069008	0.009128118865191936	0.011506352573633194	0.019426610320806503	-0.14771246910095215	0.0	0.0
s0_so	5	single	-1	true	88,20	0.1953125	-1	1					0.0265374556183815	0.027742452919483185	0.06287282705307007	0.04258481413125992	0.5480003356933594	0.0	0.0
s0_so	5	single	-1	true	95,102	0.1953125	-1	1					0.037828102707862854	0.04437597095966339	0.07465054094791412	0.07051707804203033	0.05931422486901283	0.0	0.0
s0_so	5	single	-1	true	265,741	0.0859375	-1	1					0.029329579323530197	0.025988973677158356	0.02288905158638954	0.011677111499011517	-0.16177205741405487	0.0	0.0
s0_so	5	single	-1	true	298,646	0.0859375	-1	1					0.002663165796548128	0.0010297199478372931	0.007122982759028673	0.015084456652402878	1.0881659984588623	0.0	0.0
s0_so	5	single	-1	true	324,697	0.0859375	-1	1					0.0035642297007143497	0.0014985771849751472	0.0064891185611486435	0.00650330213829875	-0.021524058654904366	0.0	0.0
s0_so	5	single	-1	true	365,742	0.0859375	-1	1					0.0028173027094453573	0.0012785473372787237	0.004710319451987743	0.026313379406929016	0.3607378304004669	0.0	0.0
s0_so	5	single	-1	true	172,543	0.0859375	-1	1					0.0025179008953273296	0.0009677151101641357	0.002170144347473979	0.003042992204427719	-0.24857738614082336	0.0	0.0
s0_so	5	single	-1	true	199,581	0.0859375	-1	1					0.14569997787475586	0.15429788827896118	0.04705740511417389	0.030624790117144585	-0.023042932152748108	0.0	0.0
s0_so	5	single	-1	true	203,582	0.0859375	-1	1					0.02373141422867775	0.026996321976184845	0.04674520343542099	0.02774709090590477	0.6237838268280029	0.0	0.0
s0_so	5	single	-1	true	206,568	0.0859375	-1	1					0.019432317465543747	0.013082772493362427	0.006012064404785633	0.03421666473150253	0.6090843677520752	0.0	0.0
s0_so	5	single	-1	true	235,587	0.0859375	-1	1					0.005307784769684076	0.0035200403071939945	0.019908737391233444	0.023597605526447296	0.37876641750335693	0.0	0.0
s0_so	5	single	-1	wrong	242,861	0.0	-1	1					0.009930193424224854	0.006605574861168861	0.011883990839123726	0.03271622955799103	0.3650902807712555	0.0	0.0
s0_so	5	single	-1	wrong	697,270	0.0	-1	1					0.012829802930355072	0.00912520196288824	0.019433146342635155	0.01744217425584793	0.22937440872192383	0.0	0.0
s0_so	5	single	-1	wrong	615,675	0.0	-1	1					0.008758660405874252	0.007957777939736843	0.007543251384049654	0.015833796933293343	0.026939108967781067	0.0	0.0
s0_so	5	single	-1	wrong	110,941	0.0	-1	1					0.01698939874768257	0.01044810563325882	0.01246653776615858	0.01612360030412674	0.19768954813480377	0.0	0.0
s0_so	5	single	-1	wrong	469,651	0.0	-1	1					0.009749566204845905	0.010102231986820698	0.06748931109905243	0.02075626328587532	0.6921491622924805	0.0	0.0
s0_so	5	single	-1	wrong	714,952	0.0	-1	1					0.01014634594321251	0.007002431433647871	0.04919791594147682	0.044489048421382904	1.1270101070404053	0.0	0.0
s0_so	5	single	-1	wrong	247,136	0.0	-1	1					0.03853083774447441	0.038628362119197845	0.042479950934648514	0.018662188202142715	1.4169014692306519	0.0	0.0
s0_so	5	single	-1	wrong	871,6	0.0	-1	1					0.017591960728168488	0.022916151210665703	0.020562052726745605	0.01840401068329811	1.0441285371780396	0.0	0.0
s0_so	5	single	-1	wrong	66,336	0.0	-1	1					0.0025725169107317924	0.0011132863583043218	0.006242884788662195	0.015389984473586082	0.5012018084526062	0.0	0.0
s0_so	5	single	-1	wrong	951,906	0.0	-1	1					0.03245643526315689	0.026214659214019775	0.03522387892007828	0.015188653953373432	1.5906898975372314	0.0	0.0
s0_so	5	single	-1	wrong	634,731	0.0	-1	1					0.006653273478150368	0.004742140881717205	0.01261836476624012	0.01616774871945381	0.7731543183326721	0.0	0.0
s0_so	5	single	-1	wrong	481,44	0.0	-1	1					0.015572724863886833	0.013630835339426994	0.0088628139346838	0.0189763605594635	0.17164961993694305	0.0	0.0
s0_so	5	single	-1	wrong	376,335	0.0	-1	1					0.0036996656563133	0.0011860027443617582	0.002200683346018195	0.011011287569999695	0.8220444917678833	0.0	0.0
s0_so	5	single	-1	wrong	867,239	0.0	-1	1					0.020355425775051117	0.028073519468307495	0.0280037559568882	0.03169503062963486	0.9326704144477844	0.0	0.0
s0_so	5	single	-1	wrong	1009,1018	0.0	-1	1					0.003598468378186226	0.0009395675733685493	0.00871303677558899	0.009739960543811321	0.8792628049850464	0.0	0.0
s0_so	5	single	-1	wrong	843,684	0.0	-1	1					0.008114580065011978	0.0032440158538520336	0.029780466109514236	0.04762335121631622	0.26358234882354736	0.0	0.0
s0_so	5	single	-1	wrong	255,708	0.0	-1	1					0.016937892884016037	0.011909261345863342	0.0058669522404670715	0.016073409467935562	0.23833438754081726	0.0	0.0
s0_so	5	single	-1	wrong	1019,256	0.0	-1	1					0.004272181540727615	0.0018740142695605755	0.0029000588692724705	0.006803669035434723	0.2825090289115906	0.0	0.0
s0_so	5	single	-1	wrong	175,306	0.0	-1	1					0.006284664385020733	0.001381012611091137	0.007224872708320618	0.01624402590095997	0.810663104057312	0.0	0.0
s0_so	5	single	-1	wrong	858,751	0.0	-1	1					0.006830721162259579	0.0035212929360568523	0.0335385836660862	0.031091580167412758	0.2602960467338562	0.0	0.0
s0_so	5	single	-1	wrong	854,27	0.0	-1	1					0.01252402551472187	0.014374098740518093	0.04899204522371292	0.06573133170604706	-0.04959672689437866	0.0	0.0
s0_so	5	single	-1	wrong	314,540	0.0	-1	1					0.03190409019589424	0.026552550494670868	0.0034204605035483837	0.008530385792255402	-0.5392800569534302	0.0	0.0
s0_so	5	single	-1	wrong	297,263	0.0	-1	1					0.0018139786552637815	0.0008332881843671203	0.0025783199816942215	0.004512865096330643	0.37532663345336914	0.0	0.0
s0_so	5	single	-1	wrong	553,309	0.0	-1	1					0.008945433422923088	0.0041061704978346825	0.032894574105739594	0.012721650302410126	0.17235007882118225	0.0	0.0
s0_so	5	single	-1	wrong	581,199	0.0	-1	1					0.006363722495734692	0.00250184815376997	0.01431048009544611	0.014883541502058506	1.2910218238830566	0.0	0.0
s0_so	5	single	-1	wrong	46,380	0.0	-1	1					0.008630296215415001	0.0055597275495529175	0.013353364542126656	0.022997602820396423	0.2424967885017395	0.0	0.0
s0_so	5	single	-1	wrong	664,612	0.0	-1	1					0.056043706834316254	0.056857846677303314	0.016731929033994675	0.024785490706562996	0.46604785323143005	0.0	0.0
s0_so	5	single	-1	wrong	296,575	0.0	-1	1					0.00522651756182313	0.00241833901964128	0.016156647354364395	0.01974552497267723	0.5597864389419556	0.0	0.0
s0_so	5	single	-1	wrong	175,237	0.0	-1	1					0.04614665359258652	0.03566973656415939	0.014167744666337967	0.013780302368104458	0.25385746359825134	0.0	0.0
s0_so	5	single	-1	wrong	805,656	0.0	-1	1					0.020148344337940216	0.013461949303746223	0.006955007556825876	0.01821064203977585	-0.14661775529384613	0.0	0.0
s0_so	5	single	-1	wrong	513,189	0.0	-1	1					0.005737112835049629	0.002320077270269394	0.015574341639876366	0.013681590557098389	-0.02362987771630287	0.0	0.0
s0_so	5	single	-1	wrong	560,22	0.0	-1	1					0.009495733305811882	0.005470450036227703	0.0032349431421607733	0.024147097021341324	0.6304922103881836	0.0	0.0
s0_so	5	single	-1	wrong	847,1006	0.0	-1	1					0.00556250661611557	0.003319737035781145	0.007868441753089428	0.023122534155845642	-0.6919957399368286	0.0	0.0
s0_so	5	single	-1	wrong	14,327	0.0	-1	1					0.0021867845207452774	0.0006946946959942579	0.017984949052333832	0.022870304062962532	0.297146737575531	0.0	0.0
s0_so	5	single	-1	wrong	695,152	0.0	-1	1					0.008033319376409054	0.008078699931502342	0.03125377371907234	0.0118094552308321	0.6629120111465454	0.0	0.0
s0_so	5	single	-1	wrong	26,660	0.0	-1	1					0.01109560951590538	0.01182476058602333	0.06556814908981323	0.04298749566078186	0.2666604220867157	0.0	0.0
s0_so	5	single	-1	wrong	341,601	0.0	-1	1					0.0048409728333354	0.004091162234544754	0.0019588579889386892	0.005578923970460892	-0.5095213651657104	0.0	0.0
s0_so	5	single	-1	wrong	149,187	0.0	-1	1					0.009351605549454689	0.005984335672110319	0.01434907503426075	0.0062150596641004086	0.8337719440460205	0.0	0.0
s0_so	5	single	-1	wrong	624,188	0.0	-1	1					0.004063985776156187	0.0015384828438982368	0.004449047148227692	0.013741323724389076	-0.31727707386016846	0.0	0.0
s0_so	5	single	-1	wrong	955,967	0.0	-1	1					0.007089204620569944	0.00387703999876976	0.006038926541805267	0.020275548100471497	0.43464991450309753	0.0	0.0
s0_so	5	single	-1	wrong	1000,202	0.0	-1	1					0.002269291551783681	0.0008928816532716155	0.005050949286669493	0.018491443246603012	2.102341651916504	0.0	0.0
s0_so	5	single	-1	wrong	597,255	0.0	-1	1					0.024105900898575783	0.03432847931981087	0.011357772164046764	0.011970454826951027	0.20151038467884064	0.0	0.0
s0_so	5	single	-1	wrong	521,342	0.0	-1	1					0.010731043294072151	0.008734939619898796	0.045395493507385254	0.009703293442726135	0.04399772360920906	0.0	0.0
s0_so	5	single	-1	wrong	544,517	0.0	-1	1					0.040332235395908356	0.05677768588066101	0.013947712257504463	0.02271100878715515	0.15945351123809814	0.0	0.0
s0_so	5	single	-1	wrong	576,793	0.0	-1	1					0.0015338761731982231	0.0003381837741471827	0.004275001119822264	0.0062203616835176945	-0.19129642844200134	0.0	0.0
s0_so	5	single	-1	wrong	937,900	0.0	-1	1					0.007707682438194752	0.004795188084244728	0.012624222785234451	0.016853081062436104	0.7696354985237122	0.0	0.0
s0_so	5	single	-1	wrong	405,400	0.0	-1	1					0.00966641679406166	0.011089833453297615	0.0840042382478714	0.046931978315114975	1.327884554862976	0.0	0.0
s0_so	5	single	-1	wrong	106,964	0.0	-1	1					0.006650209426879883	0.0031993361189961433	0.0035109349992126226	0.009793279692530632	0.39559945464134216	0.0	0.0
s0_so	5	single	-1	wrong	429,592	0.0	-1	1					0.0019419689197093248	0.0010115812765434384	0.009529361501336098	0.017698131501674652	0.8290417790412903	0.0	0.0
s0_so	5	single	-1	wrong	595,376	0.0	-1	1					0.008954612538218498	0.0064818295650184155	0.033891335129737854	0.03746380656957626	0.7935088276863098	0.0	0.0
s0_so	5	single	-1	wrong	625,334	0.0	-1	1					0.0026625569444149733	0.0008288022363558412	0.00046438039862550795	0.020328538492321968	1.0043100118637085	0.0	0.0
s0_so	5	single	-1	wrong	700,754	0.0	-1	1					0.006806795485317707	0.0038207105826586485	0.042010143399238586	0.022626563906669617	1.2749042510986328	0.0	0.0
s0_so	5	single	-1	wrong	540,50	0.0	-1	1					0.003061390947550535	0.0013677162351086736	0.01024787686765194	0.018278371542692184	-0.4027898609638214	0.0	0.0
s0_so	5	single	-1	wrong	998,475	0.0	-1	1					0.004208112135529518	0.002129343803972006	0.00049389130435884	0.005540621466934681	-0.4319136142730713	0.0	0.0
s0_so	5	single	-1	wrong	972,288	0.0	-1	1					0.005038610193878412	0.001783951767720282	0.004387925378978252	0.016466937959194183	-0.7031970024108887	0.0	0.0
s0_so	5	single	-1	wrong	272,590	0.0	-1	1					0.005830505862832069	0.0024573279079049826	0.002464942866936326	0.029916169121861458	0.11994892358779907	0.0	0.0
s0_so	5	single	-1	wrong	835,294	0.0	-1	1					0.002033034572377801	0.0008239135495387018	0.0034591462463140488	0.034936465322971344	0.1603098213672638	0.0	0.0
s0_so	5	single	-1	wrong	922,950	0.0	-1	1					0.004622338339686394	0.002545743715018034	0.015105612576007843	0.020571351051330566	0.5890610218048096	0.0	0.0
s0_so	5	single	-1	wrong	970,250	0.0	-1	1					0.0045232996344566345	0.002390181412920356	0.011914310976862907	0.01777508854866028	0.324863463640213	0.0	0.0
s0_so	5	single	-1	wrong	690,480	0.0	-1	1					0.05365222692489624	0.04595576226711273	0.02247656136751175	0.013798173516988754	-0.06155490130186081	0.0	0.0
s0_so	5	single	-1	wrong	766,377	0.0	-1	1					0.07210570573806763	0.08297387510538101	0.024414218962192535	0.025615982711315155	-0.10131487250328064	0.0	0.0
s0_so	5	single	-1	wrong	139,315	0.0	-1	1					0.02050803229212761	0.025590237230062485	0.15142738819122314	0.028889456763863564	0.6725422739982605	0.0	0.0
s0_so	5	single	-1	wrong	101,287	0.0	-1	1					0.011476406827569008	0.004383497405797243	0.002033425262197852	0.005954090040177107	0.6355836391448975	0.0	0.0
s0_so	5	single	-1	wrong	252,990	0.0	-1	1					0.0038700727745890617	0.002322168555110693	0.0027420190162956715	0.023606903851032257	-0.23271110653877258	0.0	0.0
s0_so	5	single	-1	wrong	475,111	0.0	-1	1					0.04278457909822464	0.05485769361257553	0.008745301514863968	0.021529193967580795	-0.5136722326278687	0.0	0.0
s0_so	5	single	-1	wrong	612,918	0.0	-1	1					0.0030244928784668446	0.0013025335501879454	0.007127068005502224	0.025329964235424995	0.15319348871707916	0.0	0.0
s0_so	5	single	-1	wrong	530,963	0.0	-1	1					0.0015216106548905373	0.0005499848048202693	0.005394459702074528	0.005073726177215576	0.5570157766342163	0.0	0.0
s0_so	5	single	-1	wrong	524,645	0.0	-1	1					0.010397999547421932	0.006020704749971628	0.033932022750377655	0.0112215057015419	1.0935055017471313	0.0	0.0
s0_so	5	single	-1	wrong	797,139	0.0	-1	1					0.053157418966293335	0.0511561781167984	0.01514860987663269	0.015589185059070587	0.9900112152099609	0.0	0.0
s0_so	5	single	-1	wrong	1001,182	0.0	-1	1					0.002549637109041214	0.0012038000859320164	0.0028023177292197943	0.009158402681350708	0.5847344398498535	0.0	0.0
s0_so	5	single	-1	wrong	521,219	0.0	-1	1					0.017431961372494698	0.01252601109445095	0.061173319816589355	0.012005826458334923	1.0015106201171875	0.0	0.0
s0_so	5	single	-1	wrong	381,846	0.0	-1	1					0.002672184957191348	0.0009780515683814883	0.003275847528129816	0.007140252739191055	0.5596089959144592	0.0	0.0
s0_so	5	single	-1	wrong	1001,138	0.0	-1	1					0.0047539775259792805	0.0037008861545473337	0.04536012187600136	0.013013023883104324	1.833356261253357	0.0	0.0
s0_so	5	single	-1	wrong	827,48	0.0	-1	1					0.005328468047082424	0.0026392564177513123	0.0015865584136918187	0.0077200355008244514	0.1455477774143219	0.0	0.0
s0_so	5	single	-1	wrong	379,998	0.0	-1	1					0.00146991026122123	0.0005599680589511991	0.009446166455745697	0.025858307257294655	-0.3836918771266937	0.0	0.0
s0_so	5	single	-1	wrong	373,621	0.0	-1	1					0.023398589342832565	0.02194243110716343	0.03233841061592102	0.007124078460037708	0.2831532061100006	0.0	0.0
s0_so	5	single	-1	wrong	854,733	0.0	-1	1					0.01039919350296259	0.008836966007947922	0.03566572815179825	0.03831382095813751	-0.12228568643331528	0.0	0.0
s0_so	5	single	-1	wrong	43,977	0.0	-1	1					0.0018660789355635643	0.0006424696184694767	0.011464705690741539	0.007368180900812149	0.6681724786758423	0.0	0.0
s0_so	5	single	-1	wrong	340,526	0.0	-1	1					0.0038145966827869415	0.0025981301441788673	0.008967861533164978	0.011845571920275688	0.11258772760629654	0.0	0.0
s0_so	5	single	-1	wrong	399,806	0.0	-1	1					0.042522285133600235	0.062477532774209976	0.07137898355722427	0.024416767060756683	-0.6635303497314453	0.0	0.0
s0_so	5	single	-1	wrong	556,1	0.0	-1	1					0.0038467610720545053	0.0015490271616727114	0.00909129437059164	0.013210467994213104	1.0762007236480713	0.0	0.0
s0_so	5	single	-1	wrong	149,911	0.0	-1	1					0.0212736614048481	0.02275305800139904	0.032776106148958206	0.01091372687369585	1.3687849044799805	0.0	0.0
s0_so	5	single	-1	wrong	715,274	0.0	-1	1					0.007192806340754032	0.004290503915399313	0.03637482970952988	0.054736994206905365	0.6647909283638	0.0	0.0
s0_so	5	single	-1	wrong	656,344	0.0	-1	1					0.0113266222178936	0.005129114259034395	0.0058236075565218925	0.011296923272311687	1.0475924015045166	0.0	0.0
s0_so	5	single	-1	wrong	910,157	0.0	-1	1					0.01630914956331253	0.011014433577656746	0.05747540295124054	0.04165952652692795	-0.06547754257917404	0.0	0.0
s0_so	5	single	-1	wrong	466,107	0.0	-1	1					0.018207695335149765	0.020552964881062508	0.01333530806005001	0.006801121402531862	-0.22963553667068481	0.0	0.0
s0_so	5	single	-1	wrong	265,349	0.0	-1	1					0.01637084409594536	0.015323691070079803	0.02875187247991562	0.006114174146205187	-0.6562454104423523	0.0	0.0
s0_so	5	single	-1	wrong	566,603	0.0	-1	1					0.008197656832635403	0.002810215577483177	0.0011604886967688799	0.013017574325203896	-0.210673987865448	0.0	0.0
s0_so	5	single	-1	wrong	250,234	0.0	-1	1					0.01781567372381687	0.027935314923524857	0.007986273616552353	0.048177387565374374	0.8523398637771606	0.0	0.0
s0_so	5	single	-1	wrong	770,546	0.0	-1	1					0.004960955120623112	0.003049287246540189	0.038252681493759155	0.016633326187729836	1.005368709564209	0.0	0.0
s0_so	5	single	-1	wrong	534,760	0.0	-1	1					0.021090013906359673	0.016858119517564774	0.030133787542581558	0.023657910525798798	0.9400762319564819	0.0	0.0
s0_so	5	single	-1	wrong	441,120	0.0	-1	1					0.021822720766067505	0.013522679917514324	0.0022076419554650784	0.022552601993083954	-0.20637570321559906	0.0	0.0
s0_so	5	single	-1	wrong	971,892	0.0	-1	1					0.01734924502670765	0.013607604429125786	0.04950648173689842	0.01230647787451744	0.2305757999420166	0.0	0.0
s0_so	5	single	-1	wrong	627,506	0.0	-1	1					0.021853065118193626	0.01834299974143505	0.0364273339509964	0.04590211808681488	0.34089016914367676	0.0	0.0
s0_so	5	single	-1	wrong	88,743	0.0	-1	1					0.00896077137440443	0.004533435683697462	0.012348496355116367	0.03431466966867447	1.1020967960357666	0.0	0.0
s0_so	5	single	-1	wrong	904,644	0.0	-1	1					0.012318343855440617	0.0063950177282094955	0.06045350432395935	0.09088257700204849	1.2397739887237549	0.0	0.0
