arm	level	form	draw	cls	cand	world	n_moved	n_entries	read_banked	read_shaped_refit	read_frozen	read_twin	p_banked	p_shaped_refit	p_frozen	p_twin	dp_top	dp_lse	dp_marg
s0_sv	2	delta	0	true	0,7	-0.0078125	10	14	-0.003971487283706665	-0.004682555794715881	-0.0005123317241668701	-0.002444937825202942	0.29573607444763184	0.2039271742105484	0.2038310468196869	0.184776172041893	0.014108896255493164	-0.0249367356300354	0.011129289865493774
s0_sv	2	delta	0	true	1,6	-0.00390625	2	14	-0.0008509457111358643	-0.0007614493370056152	-8.134543895721436e-05	-0.0002745687961578369	0.29885661602020264	0.20784828066825867	0.20426203310489655	0.1869465410709381	0.0006053447723388672	-0.03128451108932495	-0.00025431811809539795
s0_sv	2	delta	0	true	6,1	0.0	1	14	-0.0024725794792175293	-0.0009947121143341064	5.8457255363464355e-05	0.000596955418586731	0.29723498225212097	0.20761501789093018	0.20440183579921722	0.18781806528568268	0.00022649765014648438	-0.023060381412506104	-0.024335533380508423
s0_sv	2	delta	0	wrong	1,2	0.0	0	14	0.0	0.0	0.0	0.0	0.2997075617313385	0.20860973000526428	0.20434337854385376	0.18722110986709595	0.0	-0.005264699459075928	0.0
s0_sv	2	delta	0	wrong	4,4	-0.00390625	1	14	1.71661376953125e-05	0.00043329596519470215	-0.00011104345321655273	-7.937848567962646e-05	0.2997247278690338	0.20904302597045898	0.2042323350906372	0.18714173138141632	0.00021147727966308594	-0.020520389080047607	-0.0017561018466949463
s0_sv	2	delta	0	wrong	3,5	-0.01171875	10	14	-0.009688884019851685	-0.005849957466125488	-0.00011289119720458984	0.0008361935615539551	0.2900186777114868	0.2027597725391388	0.20423048734664917	0.1880573034286499	0.004862308502197266	-0.04585319757461548	-0.021910160779953003
s0_sv	2	delta	0	wrong	2,7	-0.015625	4	14	-0.0011133253574371338	-0.0014231950044631958	-0.002011701464653015	6.438791751861572e-05	0.29859423637390137	0.2071865350008011	0.20233167707920074	0.18728549778461456	0.00447690486907959	-0.02831953763961792	-0.004741266369819641
s0_sv	2	delta	0	wrong	5,7	-0.00390625	2	14	-0.003260314464569092	-0.003210008144378662	-0.0001529008150100708	-0.0002180337905883789	0.2964472472667694	0.20539972186088562	0.2041904777288437	0.18700307607650757	0.0013527870178222656	-0.030291974544525146	-0.003802001476287842
s0_sv	2	delta	0	wrong	3,4	-0.0078125	3	14	-0.003675788640975952	-0.0013188570737838745	0.0002176910638809204	-0.0004330873489379883	0.29603177309036255	0.2072908729314804	0.20456106960773468	0.18678802251815796	0.0013728141784667969	-0.031239807605743408	-0.018934696912765503
s0_sv	2	delta	0	wrong	2,2	-0.00390625	1	14	-0.00015404820442199707	-1.583993434906006e-05	-7.459521293640137e-05	-0.00027273595333099365	0.2995535135269165	0.20859389007091522	0.20426878333091736	0.18694837391376495	0.0010350942611694336	-0.009799778461456299	0.0007183998823165894
s0_sv	2	delta	0	wrong	2,1	0.0	2	14	0.0	0.0	0.0	0.0	0.2997075617313385	0.20860973000526428	0.20434337854385376	0.18722110986709595	0.0006804466247558594	-0.023800313472747803	-0.012047499418258667
s0_sv	2	delta	0	wrong	6,0	0.0	0	14	0.0	0.0	0.0	0.0	0.2997075617313385	0.20860973000526428	0.20434337854385376	0.18722110986709595	0.0	-0.0035674571990966797	-0.0003414452075958252
s0_sv	2	delta	0	wrong	5,1	0.0	2	14	0.0007130205631256104	-9.524822235107422e-05	0.0005137026309967041	-0.00011184811592102051	0.3004205822944641	0.2085144817829132	0.20485708117485046	0.18710926175117493	0.0008757114410400391	-0.020496904850006104	-0.007176905870437622
s0_sv	2	delta	0	wrong	0,5	-0.0390625	14	14	-0.007500141859054565	-0.0065615177154541016	0.008320122957229614	-0.0018519461154937744	0.29220741987228394	0.20204821228981018	0.21266350150108337	0.18536916375160217	0.008237123489379883	-0.02645939588546753	-0.005204141139984131
s0_sv	2	delta	0	wrong	1,4	-0.00390625	1	14	-7.703900337219238e-05	-0.0001011192798614502	-9.676814079284668e-05	-0.00025451183319091797	0.2996305227279663	0.20850861072540283	0.2042466104030609	0.18696659803390503	2.86102294921875e-05	-0.017362654209136963	-0.0022931843996047974
s0_sv	2	delta	0	wrong	6,7	0.0	0	14	0.0	0.0	0.0	0.0	0.2997075617313385	0.20860973000526428	0.20434337854385376	0.18722110986709595	0.0	-0.009777963161468506	-0.00024586915969848633
s0_sv	2	delta	0	wrong	3,7	0.0	3	14	0.0007256567478179932	0.0001348257064819336	-0.0012471973896026611	0.00023919343948364258	0.3004332184791565	0.20874455571174622	0.2030961811542511	0.1874603033065796	0.0011860132217407227	-0.04678553342819214	-0.01769709587097168
s0_sv	2	delta	0	wrong	5,6	-0.00390625	2	14	6.428360939025879e-05	8.285045623779297e-06	-0.0017038434743881226	0.00016042590141296387	0.29977184534072876	0.20861801505088806	0.20263953506946564	0.1873815357685089	0.0013909339904785156	-0.02592259645462036	0.001222461462020874
s0_sv	2	delta	0	wrong	4,5	-0.0078125	3	14	-0.0010187923908233643	-0.0004692673683166504	0.0009002089500427246	0.0014096200466156006	0.29868876934051514	0.20814046263694763	0.20524358749389648	0.18863072991371155	0.001883387565612793	-0.015065133571624756	-0.0012946724891662598
s0_sv	2	delta	0	wrong	7,5	-0.0078125	26	14	0.007413148880004883	0.007602483034133911	0.003212541341781616	0.0026813745498657227	0.3071207106113434	0.2162122130393982	0.20755591988563538	0.18990248441696167	0.02653968334197998	-0.029231607913970947	-0.0001779496669769287
s0_sv	2	delta	0	wrong	2,4	-0.00390625	1	14	-0.0006896257400512695	-0.001069486141204834	-7.444620132446289e-05	-0.00036013126373291016	0.29901793599128723	0.20754024386405945	0.2042689323425293	0.18686097860336304	0.00011277198791503906	-0.014249861240386963	-0.0021677762269973755
s0_sv	2	delta	0	wrong	7,3	0.0	5	14	-0.0035944581031799316	-0.002733096480369568	0.00429379940032959	-0.0003400444984436035	0.29611310362815857	0.20587663352489471	0.20863717794418335	0.18688106536865234	0.004381418228149414	-0.037509024143218994	-0.007702842354774475
s0_sv	2	delta	0	wrong	1,5	-0.0078125	2	14	-0.00014701485633850098	-0.0001770108938217163	0.00013718008995056152	0.0006031841039657593	0.299560546875	0.20843271911144257	0.20448055863380432	0.1878242939710617	0.0015056133270263672	-0.009968340396881104	0.0014929324388504028
s0_sv	2	delta	0	wrong	4,2	0.0	0	14	0.0	0.0	0.0	0.0	0.2997075617313385	0.20860973000526428	0.20434337854385376	0.18722110986709595	0.0	-0.007237851619720459	0.0
s0_sv	2	delta	0	wrong	6,2	0.0	0	14	0.0	0.0	0.0	0.0	0.2997075617313385	0.20860973000526428	0.20434337854385376	0.18722110986709595	0.0	-0.0026986002922058105	0.0
s0_sv	2	delta	0	wrong	0,1	-0.01171875	5	14	-0.0017234981060028076	-0.0016795247793197632	0.0024817436933517456	-0.0018232613801956177	0.2979840636253357	0.20693020522594452	0.2068251222372055	0.18539784848690033	0.002801656723022461	-0.0280035138130188	-0.0049425214529037476
s0_sv	2	delta	0	wrong	0,3	-0.01953125	6	14	-0.0034911036491394043	-0.0034814924001693726	0.007919937372207642	-0.0022713392972946167	0.2962164580821991	0.2051282376050949	0.2122633159160614	0.18494977056980133	0.00199127197265625	-0.02223306894302368	0.0012569725513458252
s0_sv	2	delta	0	wrong	3,1	-0.03515625	11	14	-0.01112818717956543	-0.005545064806938171	0.0008934289216995239	0.002695232629776001	0.28857937455177307	0.2030646651983261	0.20523680746555328	0.18991634249687195	0.010031580924987793	-0.04567593336105347	-0.04938402771949768
s0_sv	2	delta	0	wrong	4,0	-0.00390625	2	14	0.001253366470336914	0.0031557828187942505	-0.00044924020767211914	-0.0008851587772369385	0.3009609282016754	0.21176551282405853	0.20389413833618164	0.186335951089859	0.0035581588745117188	-0.021054089069366455	0.0026820749044418335
s0_sv	2	delta	0	wrong	6,6	0.0	0	14	0.0	0.0	0.0	0.0	0.2997075617313385	0.20860973000526428	0.20434337854385376	0.18722110986709595	0.0	-0.007600009441375732	0.0
s0_sv	2	delta	0	wrong	4,1	-0.00390625	1	14	0.0003013312816619873	0.000865250825881958	-9.968876838684082e-05	0.00018146634101867676	0.3000088930130005	0.20947498083114624	0.20424368977546692	0.18740257620811462	0.00018286705017089844	-0.033074915409088135	-0.008381396532058716
s0_sv	2	delta	0	wrong	7,0	-0.04296875	26	14	0.026098400354385376	0.03239031136035919	-0.002506628632545471	-0.0025844722986221313	0.3258059620857239	0.24100004136562347	0.2018367499113083	0.18463663756847382	0.03440749645233154	-0.041245996952056885	0.013037711381912231
s0_sv	2	delta	0	wrong	5,4	0.0	0	14	0.0	0.0	0.0	0.0	0.2997075617313385	0.20860973000526428	0.20434337854385376	0.18722110986709595	0.0	-0.013664305210113525	-0.002130180597305298
s0_sv	2	delta	0	wrong	1,0	-0.00390625	2	14	0.0004005134105682373	0.0013296902179718018	-0.00039283931255340576	-0.0009452998638153076	0.30010807514190674	0.20993942022323608	0.20395053923130035	0.18627581000328064	0.0034592151641845703	-0.013871729373931885	0.0029444992542266846
s0_sv	2	delta	0	wrong	6,5	0.0	0	14	0.0	0.0	0.0	0.0	0.2997075617313385	0.20860973000526428	0.20434337854385376	0.18722110986709595	0.0	-0.003011465072631836	-0.0002048015594482422
s0_sv	2	delta	0	wrong	3,6	-0.00390625	5	14	-0.003971874713897705	-0.0028472691774368286	0.003910556435585022	0.00044676661491394043	0.2957356870174408	0.20576246082782745	0.20825393497943878	0.1876678764820099	0.0018706321716308594	-0.04087311029434204	-0.007580280303955078
s0_sv	2	delta	0	wrong	3,3	0.0	0	14	0.0	0.0	0.0	0.0	0.2997075617313385	0.20860973000526428	0.20434337854385376	0.18722110986709595	0.0	-0.01940709352493286	-0.0019100755453109741
s0_sv	2	delta	0	wrong	0,6	-0.1171875	33	14	-0.026648491621017456	-0.021824121475219727	0.004455447196960449	-0.006374865770339966	0.27305907011032104	0.18678560853004456	0.2087988257408142	0.18084624409675598	0.036173105239868164	-0.011774599552154541	0.0352742075920105
s0_sv	2	delta	0	wrong	0,4	-0.0078125	2	14	-0.0008361935615539551	-0.0014095902442932129	-0.0007515996694564819	-0.0008846819400787354	0.29887136816978455	0.20720013976097107	0.20359177887439728	0.1863364279270172	0.0011845827102661133	-0.02054804563522339	-1.2248754501342773e-05
s0_sv	2	delta	0	wrong	0,0	-0.03515625	17	14	0.0113392174243927	0.011255413293838501	0.004129126667976379	-0.004466578364372253	0.3110467791557312	0.21986514329910278	0.20847250521183014	0.1827545315027237	0.025665283203125	-0.012387454509735107	0.022279709577560425
s0_sv	2	delta	0	wrong	7,4	0.0	1	14	6.794929504394531e-05	0.00035068392753601074	4.079937934875488e-05	-0.0005662739276885986	0.29977551102638245	0.2089604139328003	0.20438417792320251	0.18665483593940735	0.00013709068298339844	-0.06969672441482544	-0.03540158271789551
s0_sv	2	delta	0	wrong	7,2	-0.00390625	1	14	-0.00015404820442199707	-1.583993434906006e-05	-7.459521293640137e-05	-0.00027273595333099365	0.2995535135269165	0.20859389007091522	0.20426878333091736	0.18694837391376495	0.0017396211624145508	-0.028186380863189697	-0.00037044286727905273
s0_sv	2	delta	0	wrong	6,3	0.0	0	14	0.0	0.0	0.0	0.0	0.2997075617313385	0.20860973000526428	0.20434337854385376	0.18722110986709595	0.0	-0.002383291721343994	0.0
s0_sv	2	delta	0	wrong	5,3	0.0	0	14	0.0	0.0	0.0	0.0	0.2997075617313385	0.20860973000526428	0.20434337854385376	0.18722110986709595	0.0	-0.016548216342926025	-0.00170212984085083
s0_sv	2	delta	0	wrong	0,2	-0.00390625	2	14	8.493661880493164e-06	-0.0006705820560455322	-0.0008488297462463379	-0.0009560585021972656	0.299716055393219	0.20793914794921875	0.20349454879760742	0.18626505136489868	0.0014357566833496094	-0.011238038539886475	0.000652700662612915
s0_sv	2	delta	0	wrong	5,5	-0.0234375	13	14	-0.02273198962211609	-0.015340909361839294	-0.0035550445318222046	0.0011688470840454102	0.2769755721092224	0.193268820643425	0.20078833401203156	0.18838995695114136	0.00817418098449707	-0.03570610284805298	-0.00974111258983612
s0_sv	2	delta	0	wrong	4,3	0.0	0	14	0.0	0.0	0.0	0.0	0.2997075617313385	0.20860973000526428	0.20434337854385376	0.18722110986709595	0.0	-0.011659204959869385	-0.00011722743511199951
s0_sv	2	delta	0	wrong	2,3	0.0	0	14	0.0	0.0	0.0	0.0	0.2997075617313385	0.20860973000526428	0.20434337854385376	0.18722110986709595	0.0	-0.017252981662750244	-0.00469556450843811
s0_sv	2	delta	0	wrong	6,4	0.0	0	14	0.0	0.0	0.0	0.0	0.2997075617313385	0.20860973000526428	0.20434337854385376	0.18722110986709595	0.0	-0.00958949327468872	-0.0029772967100143433
s0_sv	2	delta	0	wrong	2,0	-0.0234375	13	14	0.01749873161315918	0.02130208909511566	-0.006467118859291077	-0.0016923397779464722	0.3172062933444977	0.22991181910037994	0.19787625968456268	0.18552877008914948	0.011778116226196289	-0.027500450611114502	0.005521982908248901
s0_sv	2	delta	0	wrong	7,7	-0.03515625	19	14	-0.007494062185287476	-0.0058854371309280396	0.0025093406438827515	0.00031495094299316406	0.292213499546051	0.20272429287433624	0.2068527191877365	0.1875360608100891	0.014901161193847656	-0.08032649755477905	-0.02842921018600464
s0_sv	2	delta	1	true	1,3	0.0	0	14	0.0	0.0	0.0	0.0	0.28982776403427124	0.20081818103790283	0.20364338159561157	0.18548287451267242	0.0	-0.009925246238708496	0.0
s0_sv	2	delta	1	true	7,6	0.0	0	14	0.0	0.0	0.0	0.0	0.28982776403427124	0.20081818103790283	0.20364338159561157	0.18548287451267242	0.0	-0.19964802265167236	-0.18255406618118286
s0_sv	2	delta	1	true	1,1	0.0078125	2	14	0.0025847554206848145	0.0013528317213058472	0.00016477704048156738	-0.0003843158483505249	0.29241251945495605	0.20217101275920868	0.20380815863609314	0.1850985586643219	0.0021005868911743164	-0.027153491973876953	-0.0032133758068084717
s0_sv	2	delta	1	wrong	1,2	0.0	0	14	0.0	0.0	0.0	0.0	0.28982776403427124	0.20081818103790283	0.20364338159561157	0.18548287451267242	0.0	-0.005887210369110107	0.0
s0_sv	2	delta	1	wrong	4,4	0.0	2	14	0.0006725192070007324	0.001452118158340454	0.000311240553855896	0.00036601722240448	0.290500283241272	0.2022702991962433	0.20395462214946747	0.1858488917350769	0.001947164535522461	-0.020994126796722412	-0.001443028450012207
s0_sv	2	delta	1	wrong	3,5	-0.01171875	10	14	-0.009688854217529297	-0.005849942564964294	-0.00011289119720458984	0.0008362084627151489	0.28013890981674194	0.19496823847293854	0.20353049039840698	0.18631908297538757	0.004862189292907715	-0.046646714210510254	-0.022282421588897705
s0_sv	2	delta	1	wrong	2,7	0.0	1	14	4.5359134674072266e-05	0.0006824731826782227	-9.068846702575684e-05	0.00028468668460845947	0.2898731231689453	0.20150065422058105	0.20355269312858582	0.18576756119728088	8.916854858398438e-05	-0.037484049797058105	-0.01129823923110962
s0_sv	2	delta	1	wrong	5,7	0.0	0	14	0.0	0.0	0.0	0.0	0.28982776403427124	0.20081818103790283	0.20364338159561157	0.18548287451267242	0.0	-0.03354489803314209	-0.0055730342864990234
s0_sv	2	delta	1	wrong	3,4	-0.0078125	3	14	-0.0012032389640808105	-0.0003241300582885742	0.00015923380851745605	-0.0010300278663635254	0.28862452507019043	0.20049405097961426	0.20380261540412903	0.1844528466463089	0.0011461973190307617	-0.03260529041290283	-0.0071974992752075195
s0_sv	2	delta	1	wrong	2,2	0.0	0	14	0.0	0.0	0.0	0.0	0.28982776403427124	0.20081818103790283	0.20364338159561157	0.18548287451267242	0.0	-0.011332988739013672	-0.0010350346565246582
s0_sv	2	delta	1	wrong	2,1	0.0	2	14	0.0	0.0	0.0	0.0	0.28982776403427124	0.20081818103790283	0.20364338159561157	0.18548287451267242	0.0006803274154663086	-0.02515995502471924	-0.010743916034698486
s0_sv	2	delta	1	wrong	6,0	0.0	0	14	0.0	0.0	0.0	0.0	0.28982776403427124	0.20081818103790283	0.20364338159561157	0.18548287451267242	0.0	-0.0036463141441345215	-0.0003414750099182129
s0_sv	2	delta	1	wrong	5,1	0.0	2	14	0.0007129907608032227	-9.524822235107422e-05	0.0005137026309967041	-0.00011183321475982666	0.29054075479507446	0.20072293281555176	0.20415708422660828	0.1853710412979126	0.0008754730224609375	-0.02164614200592041	-0.006686568260192871
s0_sv	2	delta	1	wrong	0,5	-0.01953125	8	14	-0.005328625440597534	-0.004641726613044739	0.005100429058074951	-0.0008671432733535767	0.2844991385936737	0.1961764544248581	0.20874381065368652	0.18461573123931885	0.0038826465606689453	-0.03466928005218506	-0.01447489857673645
s0_sv	2	delta	1	wrong	1,4	0.0	2	14	0.000754237174987793	0.0004230886697769165	-0.00018164515495300293	-0.0007214397192001343	0.29058200120925903	0.20124126970767975	0.20346173644065857	0.1847614347934723	0.0021184682846069336	-0.01680976152420044	-0.0008828938007354736
s0_sv	2	delta	1	wrong	6,7	0.0	0	14	0.0	0.0	0.0	0.0	0.28982776403427124	0.20081818103790283	0.20364338159561157	0.18548287451267242	0.0	-0.009750723838806152	-0.0005674958229064941
s0_sv	2	delta	1	wrong	3,7	0.0	3	14	0.0031982064247131348	0.0011295527219772339	-0.0013056397438049316	-0.0003577321767807007	0.2930259704589844	0.20194773375988007	0.20233774185180664	0.18512514233589172	0.0009593963623046875	-0.04852229356765747	-0.009245216846466064
s0_sv	2	delta	1	wrong	5,6	0.0	1	14	-2.384185791015625e-07	-1.2814998626708984e-06	0.00012396275997161865	-0.0001013725996017456	0.28982752561569214	0.20081689953804016	0.2037673443555832	0.18538150191307068	0.0013689994812011719	-0.029190421104431152	-0.005789577960968018
s0_sv	2	delta	1	wrong	4,5	-0.0078125	3	14	-0.001018822193145752	-0.0004692673683166504	0.0009002238512039185	0.0014096200466156006	0.2888089418411255	0.20034891366958618	0.2045436054468155	0.18689249455928802	0.0018832683563232422	-0.01669919490814209	-0.0020573437213897705
s0_sv	2	delta	1	wrong	7,5	0.0	22	14	0.004455059766769409	0.004239588975906372	0.0010272860527038574	0.0016956478357315063	0.29428282380104065	0.2050577700138092	0.20467066764831543	0.18717852234840393	0.02427041530609131	-0.03775966167449951	-0.01338505744934082
s0_sv	2	delta	1	wrong	2,4	0.0	0	14	0.0	0.0	0.0	0.0	0.28982776403427124	0.20081818103790283	0.20364338159561157	0.18548287451267242	0.0	-0.015341222286224365	-0.0011673569679260254
s0_sv	2	delta	1	wrong	7,3	0.0	5	14	-0.0035944879055023193	-0.002733096480369568	0.004293814301490784	-0.00034002959728240967	0.2862332761287689	0.19808508455753326	0.20793719589710236	0.18514284491539001	0.0043811798095703125	-0.043156564235687256	-0.01477360725402832
s0_sv	2	delta	1	wrong	1,5	-0.0078125	2	14	-0.00014704465866088867	-0.00017699599266052246	0.00013720989227294922	0.0006031841039657593	0.28968071937561035	0.2006411850452423	0.20378059148788452	0.18608605861663818	0.0015056133270263672	-0.01142585277557373	0.0009543895721435547
s0_sv	2	delta	1	wrong	4,2	0.0	0	14	0.0	0.0	0.0	0.0	0.28982776403427124	0.20081818103790283	0.20364338159561157	0.18548287451267242	0.0	-0.007860183715820312	0.0
s0_sv	2	delta	1	wrong	6,2	0.0	0	14	0.0	0.0	0.0	0.0	0.28982776403427124	0.20081818103790283	0.20364338159561157	0.18548287451267242	0.0	-0.0026808977127075195	0.0
s0_sv	2	delta	1	wrong	0,1	-0.00390625	3	14	-0.0009232759475708008	-0.00025898218154907227	0.0029078125953674316	-0.000997111201286316	0.28890448808670044	0.20055919885635376	0.206551194190979	0.1844857633113861	0.0011764764785766602	-0.03367805480957031	-0.009169459342956543
s0_sv	2	delta	1	wrong	0,3	-0.00390625	2	14	-8.875131607055664e-05	-7.545948028564453e-05	0.005093082785606384	3.096461296081543e-05	0.2897390127182007	0.2007427215576172	0.20873646438121796	0.18551383912563324	0.00022530555725097656	-0.027427375316619873	-0.005500316619873047
s0_sv	2	delta	1	wrong	3,1	-0.03515625	11	14	-0.0086556077003479	-0.004550337791442871	0.0008349716663360596	0.00209827721118927	0.28117215633392334	0.19626784324645996	0.20447835326194763	0.1875811517238617	0.009804964065551758	-0.04732030630111694	-0.026837587356567383
s0_sv	2	delta	1	wrong	4,0	-0.00390625	2	14	0.001253366470336914	0.0031557977199554443	-0.00044924020767211914	-0.0008851438760757446	0.29108113050460815	0.20397397875785828	0.20319414138793945	0.18459773063659668	0.003557920455932617	-0.024055957794189453	-0.00026726722717285156
s0_sv	2	delta	1	wrong	6,6	0.0	0	14	0.0	0.0	0.0	0.0	0.28982776403427124	0.20081818103790283	0.20364338159561157	0.18548287451267242	0.0	-0.008351147174835205	0.0
s0_sv	2	delta	1	wrong	4,1	0.0	2	14	0.002833068370819092	0.0031356215476989746	0.0015236437320709229	0.0006751716136932373	0.29266083240509033	0.2039538025856018	0.2051670253276825	0.18615804612636566	0.0019292831420898438	-0.034317970275878906	-0.00637286901473999
s0_sv	2	delta	1	wrong	7,0	-0.03125	24	14	0.02299553155899048	0.027988165616989136	-0.00265619158744812	-0.0022123903036117554	0.3128232955932617	0.22880634665489197	0.20098719000816345	0.18327048420906067	0.02924370765686035	-0.05827409029006958	-0.009497344493865967
s0_sv	2	delta	1	wrong	5,4	0.0	0	14	0.0	0.0	0.0	0.0	0.28982776403427124	0.20081818103790283	0.20364338159561157	0.18548287451267242	0.0	-0.014409899711608887	-0.0010391771793365479
s0_sv	2	delta	1	wrong	1,0	-0.00390625	2	14	0.0004005134105682373	0.0013296902179718018	-0.0003928244113922119	-0.0009452998638153076	0.2902282774448395	0.20214787125587463	0.20325055718421936	0.18453757464885712	0.0034589767456054688	-0.016703009605407715	0.0002193450927734375
s0_sv	2	delta	1	wrong	6,5	0.0	0	14	0.0	0.0	0.0	0.0	0.28982776403427124	0.20081818103790283	0.20364338159561157	0.18548287451267242	0.0	-0.0029325485229492188	-0.00011298060417175293
s0_sv	2	delta	1	wrong	3,6	-0.00390625	5	14	-0.003971904516220093	-0.0028472691774368286	0.003910571336746216	0.0004467964172363281	0.28585585951805115	0.197970911860466	0.2075539529323578	0.18592967092990875	0.0018705129623413086	-0.046090126037597656	-0.01450282335281372
s0_sv	2	delta	1	wrong	3,3	0.0	0	14	0.0	0.0	0.0	0.0	0.28982776403427124	0.20081818103790283	0.20364338159561157	0.18548287451267242	0.0	-0.020289957523345947	-0.002271592617034912
s0_sv	2	delta	1	wrong	0,6	-0.10546875	30	14	-0.02336806058883667	-0.01856788992881775	0.005832791328430176	-0.0040293484926223755	0.26645970344543457	0.18225029110908508	0.20947617292404175	0.18145352602005005	0.02928018569946289	-0.036235511302948	-0.02804705500602722
s0_sv	2	delta	1	wrong	0,4	0.0	0	14	0.0	0.0	0.0	0.0	0.28982776403427124	0.20081818103790283	0.20364338159561157	0.18548287451267242	0.0	-0.024658501148223877	-0.0026859045028686523
s0_sv	2	delta	1	wrong	0,0	-0.015625	13	14	0.011862516403198242	0.010614573955535889	0.003046885132789612	-0.002363055944442749	0.3016902804374695	0.21143275499343872	0.20669026672840118	0.18311981856822968	0.018567323684692383	-0.025170445442199707	0.0073340535163879395
s0_sv	2	delta	1	wrong	7,4	0.0	2	14	0.000565946102142334	0.0014985501766204834	-6.318092346191406e-06	-0.0007548332214355469	0.2903937101364136	0.20231673121452332	0.20363706350326538	0.18472804129123688	0.00016546249389648438	-0.08002626895904541	-0.026461899280548096
s0_sv	2	delta	1	wrong	7,2	0.0	0	14	0.0	0.0	0.0	0.0	0.28982776403427124	0.20081818103790283	0.20364338159561157	0.18548287451267242	0.0	-0.03345400094985962	-0.0035329461097717285
s0_sv	2	delta	1	wrong	6,3	0.0	0	14	0.0	0.0	0.0	0.0	0.28982776403427124	0.20081818103790283	0.20364338159561157	0.18548287451267242	0.0	-0.0023253560066223145	0.0
s0_sv	2	delta	1	wrong	5,3	0.0	0	14	0.0	0.0	0.0	0.0	0.28982776403427124	0.20081818103790283	0.20364338159561157	0.18548287451267242	0.0	-0.017357468605041504	-0.001740783452987671
s0_sv	2	delta	1	wrong	0,2	0.0	0	14	0.0	0.0	0.0	0.0	0.28982776403427124	0.20081818103790283	0.20364338159561157	0.18548287451267242	0.0	-0.013318061828613281	-0.0014357268810272217
s0_sv	2	delta	1	wrong	5,5	-0.0234375	13	14	-0.022732019424438477	-0.0153408944606781	-0.0035550445318222046	0.001168861985206604	0.26709574460983276	0.18547728657722473	0.20008833706378937	0.18665173649787903	0.00817406177520752	-0.03637373447418213	-0.01164853572845459
s0_sv	2	delta	1	wrong	4,3	0.0	0	14	0.0	0.0	0.0	0.0	0.28982776403427124	0.20081818103790283	0.20364338159561157	0.18548287451267242	0.0	-0.01341390609741211	-0.00011724233627319336
s0_sv	2	delta	1	wrong	2,3	0.0	0	14	0.0	0.0	0.0	0.0	0.28982776403427124	0.20081818103790283	0.20364338159561157	0.18548287451267242	0.0	-0.018193483352661133	-0.00469556450843811
s0_sv	2	delta	1	wrong	6,4	0.0	0	14	0.0	0.0	0.0	0.0	0.28982776403427124	0.20081818103790283	0.20364338159561157	0.18548287451267242	0.0	-0.009307324886322021	0.0
s0_sv	2	delta	1	wrong	2,0	-0.01171875	10	14	0.00985497236251831	0.012378528714179993	-0.004932090640068054	-0.0021113604307174683	0.29968273639678955	0.21319670975208282	0.19871129095554352	0.18337151408195496	0.009580135345458984	-0.03087562322616577	0.002327263355255127
s0_sv	2	delta	1	wrong	7,7	-0.015625	16	14	-0.004542022943496704	-0.001691579818725586	0.0027664899826049805	0.00047798454761505127	0.28528574109077454	0.19912660121917725	0.20640987157821655	0.18596085906028748	0.008341670036315918	-0.10532522201538086	-0.05210453271865845
s0_sv	2	delta	2	true	3,0	0.00390625	47	14	0.006162047386169434	0.003101453185081482	0.005627229809761047	0.0016106069087982178	0.29230034351348877	0.20181290805339813	0.2035849392414093	0.1848859190940857	0.08300840854644775	0.010327816009521484	0.07469187676906586
s0_sv	2	delta	2	true	1,1	0.0078125	2	14	0.00258481502532959	0.0013528317213058472	0.00016476213932037354	-0.00038430094718933105	0.2887231111526489	0.2000642865896225	0.19812247157096863	0.18289101123809814	0.002100706100463867	-0.025162458419799805	-0.010930627584457397
s0_sv	2	delta	2	true	6,1	0.0	1	14	-0.0024725794792175293	-0.0009947121143341064	5.8457255363464355e-05	0.000596955418586731	0.2836657166481018	0.19771674275398254	0.19801616668701172	0.1838722676038742	0.0002263784408569336	-0.026011228561401367	-0.032790184020996094
s0_sv	2	delta	2	wrong	1,2	0.0	0	14	0.0	0.0	0.0	0.0	0.28613829612731934	0.19871145486831665	0.19795770943164825	0.18327531218528748	0.0	-0.005845427513122559	-0.0003993809223175049
s0_sv	2	delta	2	wrong	4,4	0.0	2	14	0.0006725192070007324	0.001452118158340454	0.000311240553855896	0.00036603212356567383	0.28681081533432007	0.2001635730266571	0.19826894998550415	0.18364134430885315	0.0019472837448120117	-0.0181959867477417	-0.0018067806959152222
s0_sv	2	delta	2	wrong	3,5	-0.05078125	27	14	-0.03347232937812805	-0.02410838007926941	0.00972546637058258	0.004500657320022583	0.2526659667491913	0.17460307478904724	0.20768317580223083	0.18777596950531006	0.027603983879089355	-0.027352333068847656	0.018567517399787903
s0_sv	2	delta	2	wrong	2,7	0.0	1	14	4.538893699645996e-05	0.0006824731826782227	-9.068846702575684e-05	0.00028468668460845947	0.2861836850643158	0.19939392805099487	0.1978670209646225	0.18355999886989594	8.928775787353516e-05	-0.033930063247680664	-0.011298254132270813
s0_sv	2	delta	2	wrong	5,7	0.0	0	14	0.0	0.0	0.0	0.0	0.28613829612731934	0.19871145486831665	0.19795770943164825	0.18327531218528748	0.0	-0.03644144535064697	-0.004965156316757202
s0_sv	2	delta	2	wrong	3,4	-0.01171875	5	14	-0.004083007574081421	-0.0015646964311599731	0.0002775639295578003	-0.0006311237812042236	0.2820552885532379	0.19714675843715668	0.19823527336120605	0.18264418840408325	0.005678534507751465	-0.03205835819244385	-0.0204755961894989
s0_sv	2	delta	2	wrong	2,2	0.0	0	14	0.0	0.0	0.0	0.0	0.28613829612731934	0.19871145486831665	0.19795770943164825	0.18327531218528748	0.0	-0.011174917221069336	-0.0010350346565246582
s0_sv	2	delta	2	wrong	2,1	0.0	2	14	0.0	0.0	0.0	0.0	0.28613829612731934	0.19871145486831665	0.19795770943164825	0.18327531218528748	0.0006803274154663086	-0.022661209106445312	-0.010743916034698486
s0_sv	2	delta	2	wrong	6,0	0.0	1	14	0.0010041296482086182	0.0005975961685180664	-0.00042831897735595703	0.0013271719217300415	0.28714242577552795	0.19930905103683472	0.1975293904542923	0.18460248410701752	0.0003415346145629883	-0.003947257995605469	0.00010000169277191162
s0_sv	2	delta	2	wrong	5,1	0.0	2	14	0.000713050365447998	-9.524822235107422e-05	0.0005137026309967041	-0.00011183321475982666	0.28685134649276733	0.19861620664596558	0.19847141206264496	0.18316347897052765	0.0008755922317504883	-0.022927403450012207	-0.006990551948547363
s0_sv	2	delta	2	wrong	0,5	-0.01953125	8	14	-0.005379736423492432	-0.004640176892280579	0.0052308738231658936	-0.000858992338180542	0.2807585597038269	0.19407127797603607	0.20318858325481415	0.18241631984710693	0.004415750503540039	-0.032989501953125	-0.01195293664932251
s0_sv	2	delta	2	wrong	1,4	0.0	2	14	0.0007542669773101807	0.0004230886697769165	-0.00018166005611419678	-0.0007214248180389404	0.2868925631046295	0.19913454353809357	0.19777604937553406	0.18255388736724854	0.0021185874938964844	-0.014310479164123535	-0.0008828938007354736
s0_sv	2	delta	2	wrong	6,7	0.0	0	14	0.0	0.0	0.0	0.0	0.28613829612731934	0.19871145486831665	0.19795770943164825	0.18327531218528748	0.0	-0.011431694030761719	-0.004987865686416626
s0_sv	2	delta	2	wrong	3,7	-0.0078125	9	14	0.0004429817199707031	0.00012227892875671387	-0.0009049028158187866	0.0011964738368988037	0.28658127784729004	0.19883373379707336	0.19705280661582947	0.18447178602218628	0.007246136665344238	-0.05119633674621582	-0.021131321787834167
s0_sv	2	delta	2	wrong	5,6	-0.00390625	2	14	-0.002705514430999756	-0.0019814521074295044	0.0002625584602355957	3.553926944732666e-05	0.2834327816963196	0.19673000276088715	0.19822026789188385	0.1833108514547348	0.0015293359756469727	-0.027478933334350586	0.0015074610710144043
s0_sv	2	delta	2	wrong	4,5	-0.0078125	3	14	-0.0010187625885009766	-0.0004692673683166504	0.0009002089500427246	0.0014096349477767944	0.28511953353881836	0.1982421875	0.19885791838169098	0.18468494713306427	0.001883387565612793	-0.016721248626708984	-0.002344563603401184
s0_sv	2	delta	2	wrong	7,5	0.00390625	24	14	0.006991207599639893	0.005968958139419556	0.0029214322566986084	0.002070993185043335	0.29312950372695923	0.2046804130077362	0.20087914168834686	0.1853463053703308	0.025172710418701172	-0.03567767143249512	-0.005648165941238403
s0_sv	2	delta	2	wrong	2,4	0.0	0	14	0.0	0.0	0.0	0.0	0.28613829612731934	0.19871145486831665	0.19795770943164825	0.18327531218528748	0.0	-0.013657331466674805	-0.0011673569679260254
s0_sv	2	delta	2	wrong	7,3	0.0	5	14	-0.0035944581031799316	-0.002733096480369568	0.00429379940032959	-0.0003400146961212158	0.2825438380241394	0.19597835838794708	0.20225150883197784	0.18293529748916626	0.004381299018859863	-0.03677678108215332	-0.007817432284355164
s0_sv	2	delta	2	wrong	1,5	-0.0078125	2	14	-0.00014698505401611328	-0.00017699599266052246	0.00013719499111175537	0.0006031841039657593	0.2859913110733032	0.19853445887565613	0.19809490442276	0.18387849628925323	0.0015056133270263672	-0.011270880699157715	0.001184508204460144
s0_sv	2	delta	2	wrong	4,2	0.0	0	14	0.0	0.0	0.0	0.0	0.28613829612731934	0.19871145486831665	0.19795770943164825	0.18327531218528748	0.0	-0.007843613624572754	-4.3272972106933594e-05
s0_sv	2	delta	2	wrong	6,2	0.0	0	14	0.0	0.0	0.0	0.0	0.28613829612731934	0.19871145486831665	0.19795770943164825	0.18327531218528748	0.0	-0.0032383203506469727	0.0
s0_sv	2	delta	2	wrong	0,1	-0.00390625	3	14	-0.0009232461452484131	-0.00025898218154907227	0.002907797694206238	-0.000997096300125122	0.2852150499820709	0.19845247268676758	0.2008655071258545	0.18227821588516235	0.001176595687866211	-0.02814793586730957	-0.006262302398681641
s0_sv	2	delta	2	wrong	0,3	-0.00390625	2	14	-8.872151374816895e-05	-7.545948028564453e-05	0.005093052983283997	3.097951412200928e-05	0.28604957461357117	0.198635995388031	0.20305076241493225	0.18330629169940948	0.00022542476654052734	-0.022931575775146484	-0.0021514594554901123
s0_sv	2	delta	2	wrong	3,1	-0.03515625	13	14	-0.011086374521255493	-0.00577448308467865	0.00323331356048584	0.003391474485397339	0.27505192160606384	0.192936971783638	0.2011910229921341	0.18666678667068481	0.015812277793884277	-0.04817962646484375	-0.05238918215036392
s0_sv	2	delta	2	wrong	4,0	-0.00390625	3	14	0.0019404292106628418	0.003493785858154297	-0.001013234257698059	-0.00012762844562530518	0.2880787253379822	0.20220524072647095	0.1969444751739502	0.18314768373966217	0.0038400888442993164	-0.02392888069152832	0.0002993941307067871
s0_sv	2	delta	2	wrong	6,6	0.0	0	14	0.0	0.0	0.0	0.0	0.28613829612731934	0.19871145486831665	0.19795770943164825	0.18327531218528748	0.0	-0.00832223892211914	0.0
s0_sv	2	delta	2	wrong	4,1	0.0	2	14	0.002833068370819092	0.0031356215476989746	0.0015236437320709229	0.0006751865148544312	0.2889713644981384	0.20184707641601562	0.19948135316371918	0.1839504987001419	0.0019294023513793945	-0.03198063373565674	-0.017521291971206665
s0_sv	2	delta	2	wrong	7,0	-0.0546875	33	14	0.02295982837677002	0.03150060772895813	-0.004123091697692871	-0.003970324993133545	0.30909812450408936	0.23021206259727478	0.19383461773395538	0.17930498719215393	0.03672301769256592	-0.04780864715576172	0.013229846954345703
s0_sv	2	delta	2	wrong	5,4	0.0	0	14	0.0	0.0	0.0	0.0	0.28613829612731934	0.19871145486831665	0.19795770943164825	0.18327531218528748	0.0	-0.015322208404541016	-0.0010196417570114136
s0_sv	2	delta	2	wrong	1,0	-0.00390625	2	14	0.000400543212890625	0.0013296902179718018	-0.00039283931255340576	-0.0009452998638153076	0.28653883934020996	0.20004114508628845	0.19756487011909485	0.18233001232147217	0.0034590959548950195	-0.016427278518676758	0.0008919239044189453
s0_sv	2	delta	2	wrong	6,5	0.0	0	14	0.0	0.0	0.0	0.0	0.28613829612731934	0.19871145486831665	0.19795770943164825	0.18327531218528748	0.0	-0.0035952329635620117	-0.000942230224609375
s0_sv	2	delta	2	wrong	3,6	-0.01171875	10	14	-0.0066706836223602295	-0.004401892423629761	0.007914334535598755	0.0003928840160369873	0.2794676125049591	0.1943095624446869	0.205872043967247	0.18366819620132446	0.008186101913452148	-0.039574265480041504	-0.0004826784133911133
s0_sv	2	delta	2	wrong	3,3	0.0	1	14	-0.0001639723777770996	-0.00018906593322753906	0.0016181915998458862	-0.00010879337787628174	0.28597432374954224	0.1985223889350891	0.19957590103149414	0.1831665188074112	0.001080155372619629	-0.02399599552154541	-0.0031417161226272583
s0_sv	2	delta	2	wrong	0,6	-0.10546875	30	14	-0.023368000984191895	-0.018567904829978943	0.005832776427268982	-0.004029333591461182	0.26277029514312744	0.1801435500383377	0.20379048585891724	0.1792459785938263	0.02928030490875244	-0.016162991523742676	0.02224944531917572
s0_sv	2	delta	2	wrong	0,4	0.0	0	14	0.0	0.0	0.0	0.0	0.28613829612731934	0.19871145486831665	0.19795770943164825	0.18327531218528748	0.0	-0.0205385684967041	-0.0015178173780441284
s0_sv	2	delta	2	wrong	0,0	-0.02734375	16	14	0.012082487344741821	0.009680718183517456	0.001118883490562439	-0.0035948455333709717	0.29822078347206116	0.2083921730518341	0.1990765929222107	0.1796804666519165	0.018957018852233887	-0.02642965316772461	0.009867221117019653
s0_sv	2	delta	2	wrong	7,4	0.0	2	14	0.0005660057067871094	0.0014985501766204834	-6.332993507385254e-06	-0.0007548332214355469	0.28670430183410645	0.20021000504493713	0.19795137643814087	0.18252047896385193	0.00016558170318603516	-0.07146906852722168	-0.046080462634563446
s0_sv	2	delta	2	wrong	7,2	0.0	0	14	0.0	0.0	0.0	0.0	0.28613829612731934	0.19871145486831665	0.19795770943164825	0.18327531218528748	0.0	-0.03253936767578125	-0.0050598978996276855
s0_sv	2	delta	2	wrong	6,3	0.0	0	14	0.0	0.0	0.0	0.0	0.28613829612731934	0.19871145486831665	0.19795770943164825	0.18327531218528748	0.0	-0.0027370452880859375	0.0
s0_sv	2	delta	2	wrong	5,3	0.0	0	14	0.0	0.0	0.0	0.0	0.28613829612731934	0.19871145486831665	0.19795770943164825	0.18327531218528748	0.0	-0.01822519302368164	-0.00170212984085083
s0_sv	2	delta	2	wrong	0,2	0.0	0	14	0.0	0.0	0.0	0.0	0.28613829612731934	0.19871145486831665	0.19795770943164825	0.18327531218528748	0.0	-0.012616634368896484	-0.0014357268810272217
s0_sv	2	delta	2	wrong	5,5	-0.03125	17	14	-0.02278769016265869	-0.015216842293739319	-0.0032045841217041016	0.0018293708562850952	0.26335060596466064	0.18349461257457733	0.19475312530994415	0.18510468304157257	0.01041257381439209	-0.04209089279174805	-0.005887210369110107
s0_sv	2	delta	2	wrong	4,3	0.0	0	14	0.0	0.0	0.0	0.0	0.28613829612731934	0.19871145486831665	0.19795770943164825	0.18327531218528748	0.0	-0.011745452880859375	-0.00011722743511199951
s0_sv	2	delta	2	wrong	2,3	0.0	0	14	0.0	0.0	0.0	0.0	0.28613829612731934	0.19871145486831665	0.19795770943164825	0.18327531218528748	0.0	-0.01621556282043457	-0.00469556450843811
s0_sv	2	delta	2	wrong	6,4	0.0	0	14	0.0	0.0	0.0	0.0	0.28613829612731934	0.19871145486831665	0.19795770943164825	0.18327531218528748	0.0	-0.010898828506469727	-0.006367117166519165
s0_sv	2	delta	2	wrong	2,0	-0.01171875	10	14	0.009855002164840698	0.012378528714179993	-0.004932120442390442	-0.0021113455295562744	0.29599329829216003	0.21108998358249664	0.1930255889892578	0.1811639666557312	0.009580254554748535	-0.03498375415802002	0.0021304041147232056
s0_sv	2	delta	2	wrong	7,7	-0.01953125	17	14	-0.004715174436569214	-0.0016736984252929688	0.001945391297340393	0.00045214593410491943	0.2814231216907501	0.19703775644302368	0.19990310072898865	0.1837274581193924	0.009755730628967285	-0.08997082710266113	-0.04781930893659592
s0_sv	2	single	-1	true	5,0	0.18359375	-1	1					0.2087307572364807	0.13297215104103088	0.17493736743927002	0.18328914046287537	-0.20004907250404358	0.0	0.0
s0_sv	2	single	-1	true	3,0	0.18359375	-1	1					0.2648756504058838	0.16112837195396423	0.20481589436531067	0.21394802629947662	0.08600261807441711	0.0	0.0
s0_sv	2	single	-1	true	4,6	0.0234375	-1	1					0.07785196602344513	0.043415509164333344	0.07842886447906494	0.3174649477005005	0.07792557775974274	0.0	0.0
s0_sv	2	single	-1	true	1,3	0.0234375	-1	1					0.05681938678026199	0.03899187594652176	0.12986300885677338	0.20616689324378967	-0.8292056322097778	0.0	0.0
s0_sv	2	single	-1	true	3,2	0.1640625	-1	1					0.16481918096542358	0.09217801690101624	0.150398850440979	0.21377120912075043	-0.548216700553894	0.0	0.0
s0_sv	2	single	-1	true	7,1	0.1640625	-1	1					0.10261313617229462	0.06024415045976639	0.1644531488418579	0.1155683845281601	0.7000240087509155	0.0	0.0
s0_sv	2	single	-1	true	5,0	0.18359375	-1	1					0.2087307572364807	0.13297215104103088	0.17493736743927002	0.18328914046287537	-0.20004907250404358	0.0	0.0
s0_sv	2	single	-1	true	7,6	0.4296875	-1	1					0.145023912191391	0.10560931265354156	0.16607673466205597	0.17637896537780762	0.9851574897766113	0.0	0.0
s0_sv	2	single	-1	true	2,5	0.21484375	-1	1					0.23396998643875122	0.17379897832870483	0.26083752512931824	0.18724991381168365	-0.5853769779205322	0.0	0.0
s0_sv	2	single	-1	true	5,2	0.21484375	-1	1					0.14640220999717712	0.0803709328174591	0.1367586851119995	0.17608186602592468	-0.8342683911323547	0.0	0.0
s0_sv	2	single	-1	true	7,6	0.4296875	-1	1					0.145023912191391	0.10560931265354156	0.16607673466205597	0.17637896537780762	0.9851574897766113	0.0	0.0
s0_sv	2	single	-1	true	1,1	0.21484375	-1	1					0.16628043353557587	0.1280965805053711	0.10412248224020004	0.1711830496788025	-0.43038874864578247	0.0	0.0
s0_sv	2	single	-1	true	0,7	0.21484375	-1	1					0.06710211932659149	0.03873227536678314	0.21882380545139313	0.1079367995262146	-0.1555975377559662	0.0	0.0
s0_sv	2	single	-1	true	2,6	0.4296875	-1	1					0.145023912191391	0.10560931265354156	0.16607673466205597	0.17637896537780762	-0.030106525868177414	0.0	0.0
s0_sv	2	single	-1	true	1,6	0.1640625	-1	1					0.10826615989208221	0.06536839157342911	0.08716486394405365	0.2420194149017334	-0.1452551782131195	0.0	0.0
s0_sv	2	single	-1	true	6,1	0.1640625	-1	1					0.15197870135307312	0.110337033867836	0.09394136071205139	0.24954639375209808	-1.7941551208496094	0.0	0.0
s0_sv	2	single	-1	wrong	1,2	0.0	-1	1					0.052021950483322144	0.03543652966618538	0.09025956690311432	0.2198811173439026	-0.9357436895370483	0.0	0.0
s0_sv	2	single	-1	wrong	4,4	0.0	-1	1					0.04635883495211601	0.046385426074266434	0.05846057087182999	0.20081663131713867	-0.40638136863708496	0.0	0.0
s0_sv	2	single	-1	wrong	3,5	0.0	-1	1					0.036320850253105164	0.013777918182313442	0.24394330382347107	0.23836416006088257	-0.3129986524581909	0.0	0.0
s0_sv	2	single	-1	wrong	2,7	0.0	-1	1					0.13792496919631958	0.10996141284704208	0.14373180270195007	0.15708929300308228	-0.09003753215074539	0.0	0.0
s0_sv	2	single	-1	wrong	5,7	0.21484375	-1	1					0.14640220999717712	0.0803709328174591	0.1367586851119995	0.17608186602592468	-0.10371093451976776	0.0	0.0
s0_sv	2	single	-1	wrong	3,4	0.0	-1	1					0.020278949290513992	0.0101464306935668	0.1502140611410141	0.13814769685268402	-0.2420351803302765	0.0	0.0
s0_sv	2	single	-1	wrong	2,2	0.0	-1	1					0.13792496919631958	0.10996141284704208	0.14373180270195007	0.15708929300308228	-0.8205950260162354	0.0	0.0
s0_sv	2	single	-1	wrong	2,1	0.1640625	-1	1					0.10261313617229462	0.06024415045976639	0.1644531488418579	0.1155683845281601	-0.3152400851249695	0.0	0.0
s0_sv	2	single	-1	wrong	6,0	0.0	-1	1					0.18195544183254242	0.11856567859649658	0.1359015703201294	0.32589924335479736	-1.6652905941009521	0.0	0.0
s0_sv	2	single	-1	wrong	5,1	0.0	-1	1					0.06831997632980347	0.028204381465911865	0.17567577958106995	0.12928807735443115	-0.32891345024108887	0.0	0.0
s0_sv	2	single	-1	wrong	0,5	0.0	-1	1					0.11621296405792236	0.07437130063772202	0.3415762186050415	0.13889530301094055	-0.6509369015693665	0.0	0.0
s0_sv	2	single	-1	wrong	1,4	0.0	-1	1					0.06461711972951889	0.05563270300626755	0.06454784423112869	0.1392952799797058	-0.6295621395111084	0.0	0.0
s0_sv	2	single	-1	wrong	6,7	0.0	-1	1					0.049385666847229004	0.03010185807943344	0.10453656315803528	0.30426815152168274	-1.5689524412155151	0.0	0.0
s0_sv	2	single	-1	wrong	3,7	0.1640625	-1	1					0.16481918096542358	0.09217801690101624	0.150398850440979	0.21377120912075043	0.18234075605869293	0.0	0.0
s0_sv	2	single	-1	wrong	5,6	0.0	-1	1					0.08076731860637665	0.038737013936042786	0.15513350069522858	0.20235294103622437	-0.04377991333603859	0.0	0.0
s0_sv	2	single	-1	wrong	4,5	0.0	-1	1					0.11022932082414627	0.08262574672698975	0.15018677711486816	0.32871294021606445	-0.4773448407649994	0.0	0.0
s0_sv	2	single	-1	wrong	7,5	0.21484375	-1	1					0.23396998643875122	0.17379897832870483	0.26083752512931824	0.18724991381168365	0.4298871159553528	0.0	0.0
s0_sv	2	single	-1	wrong	2,4	0.0	-1	1					0.13463357090950012	0.12375763803720474	0.13037686049938202	0.09059509634971619	-0.5144134759902954	0.0	0.0
s0_sv	2	single	-1	wrong	7,3	0.0	-1	1					0.1400248110294342	0.09439711272716522	0.269662469625473	0.14280739426612854	0.30120712518692017	0.0	0.0
s0_sv	2	single	-1	wrong	1,5	0.0	-1	1					0.13413502275943756	0.09409181773662567	0.12692105770111084	0.25296950340270996	-0.7005255818367004	0.0	0.0
s0_sv	2	single	-1	wrong	4,2	0.0	-1	1					0.06697025895118713	0.03858047351241112	0.06456995010375977	0.28684234619140625	-0.7125629186630249	0.0	0.0
s0_sv	2	single	-1	wrong	6,2	0.0	-1	1					0.049385666847229004	0.03010185807943344	0.10453656315803528	0.30426815152168274	-2.2995100021362305	0.0	0.0
s0_sv	2	single	-1	wrong	0,1	0.0	-1	1					0.052231770008802414	0.02208087220788002	0.2950730323791504	0.0855516791343689	-0.3808000683784485	0.0	0.0
s0_sv	2	single	-1	wrong	0,3	0.0	-1	1					0.02081705816090107	0.008232731372117996	0.334072470664978	0.09950590878725052	-0.7796169519424438	0.0	0.0
s0_sv	2	single	-1	wrong	3,1	0.0	-1	1					0.0723046362400055	0.03647162765264511	0.18855170905590057	0.16960984468460083	-0.04286179319024086	0.0	0.0
s0_sv	2	single	-1	wrong	4,0	0.0	-1	1					0.25968053936958313	0.19053715467453003	0.10712902247905731	0.3016134202480316	-0.07834357023239136	0.0	0.0
s0_sv	2	single	-1	wrong	6,6	0.0	-1	1					0.06601354479789734	0.03596114739775658	0.08752602338790894	0.3417523503303528	-1.509021520614624	0.0	0.0
s0_sv	2	single	-1	wrong	4,1	0.0	-1	1					0.11847604066133499	0.0905306488275528	0.07057464122772217	0.22508768737316132	-0.20720797777175903	0.0	0.0
s0_sv	2	single	-1	wrong	7,0	0.0	-1	1					0.35192716121673584	0.28523164987564087	0.20442911982536316	0.16650018095970154	0.8288883566856384	0.0	0.0
s0_sv	2	single	-1	wrong	5,4	0.0	-1	1					0.051983144134283066	0.02873239852488041	0.16112440824508667	0.11474194377660751	-0.5280868411064148	0.0	0.0
s0_sv	2	single	-1	wrong	1,0	0.0	-1	1					0.1747303605079651	0.12402061372995377	0.1126684620976448	0.23035553097724915	-0.3015243411064148	0.0	0.0
s0_sv	2	single	-1	wrong	6,5	0.0	-1	1					0.08391451090574265	0.05331021174788475	0.1340111792087555	0.3428243398666382	-2.0642919540405273	0.0	0.0
s0_sv	2	single	-1	wrong	3,6	0.0	-1	1					0.029095444828271866	0.011264599859714508	0.18217551708221436	0.238979309797287	0.2422717660665512	0.0	0.0
s0_sv	2	single	-1	wrong	3,3	0.0	-1	1					0.005828352645039558	0.0015934568364173174	0.2698119282722473	0.20688244700431824	-0.44167864322662354	0.0	0.0
s0_sv	2	single	-1	wrong	0,6	0.0	-1	1					0.0268128402531147	0.014339842833578587	0.23973439633846283	0.12512895464897156	-0.09566650539636612	0.0	0.0
s0_sv	2	single	-1	wrong	0,4	0.0	-1	1					0.027171609923243523	0.017583584412932396	0.2190389335155487	0.05823791027069092	-0.5799734592437744	0.0	0.0
s0_sv	2	single	-1	wrong	0,0	0.0	-1	1					0.2823876440525055	0.20745053887367249	0.30405133962631226	0.12353897094726562	-0.2519356608390808	0.0	0.0
s0_sv	2	single	-1	wrong	7,4	0.0	-1	1					0.13463357090950012	0.12375763803720474	0.13037686049938202	0.09059509634971619	0.5008505582809448	0.0	0.0
s0_sv	2	single	-1	wrong	7,2	0.0	-1	1					0.13792496919631958	0.10996141284704208	0.14373180270195007	0.15708929300308228	0.19466905295848846	0.0	0.0
s0_sv	2	single	-1	wrong	6,3	0.0	-1	1					0.02249511331319809	0.012204386293888092	0.15851682424545288	0.2884020209312439	-2.19297194480896	0.0	0.0
s0_sv	2	single	-1	wrong	5,3	0.0	-1	1					0.04148109257221222	0.01764390990138054	0.22375813126564026	0.17601457238197327	-0.7277303338050842	0.0	0.0
s0_sv	2	single	-1	wrong	0,2	0.21484375	-1	1					0.06710211932659149	0.03873227536678314	0.21882380545139313	0.1079367995262146	-0.8861550092697144	0.0	0.0
s0_sv	2	single	-1	wrong	5,5	0.0	-1	1					0.07789091765880585	0.03802190721035004	0.2109893411397934	0.2179979681968689	-0.5990503430366516	0.0	0.0
s0_sv	2	single	-1	wrong	4,3	0.0	-1	1					0.02830212190747261	0.018000232055783272	0.14955170452594757	0.2772945165634155	-0.6060248613357544	0.0	0.0
s0_sv	2	single	-1	wrong	2,3	0.0	-1	1					0.1400248110294342	0.09439711272716522	0.269662469625473	0.14280739426612854	-0.7140569686889648	0.0	0.0
s0_sv	2	single	-1	wrong	6,4	0.0	-1	1					0.05616932734847069	0.04732014238834381	0.05681049823760986	0.1983574628829956	-1.993328332901001	0.0	0.0
s0_sv	2	single	-1	wrong	2,0	0.0	-1	1					0.35192716121673584	0.28523164987564087	0.20442911982536316	0.16650018095970154	-0.1863756775856018	0.0	0.0
s0_sv	2	single	-1	wrong	7,7	0.0	-1	1					0.13792496919631958	0.10996141284704208	0.14373180270195007	0.15708929300308228	0.9252265095710754	0.0	0.0
s0_sv	2	single	-1	wrong	1,7	0.0	-1	1					0.052021950483322144	0.03543652966618538	0.09025956690311432	0.2198811173439026	-0.20518620312213898	0.0	0.0
s0_sv	2	single	-1	wrong	4,7	0.0	-1	1					0.06697025895118713	0.03858047351241112	0.06456995010375977	0.28684234619140625	0.01799456775188446	0.0	0.0
s0_sv	3	delta	0	true	14,7	0.0	0	60	0.0	0.0	0.0	0.0	0.4250430762767792	0.2976982593536377	0.29651206731796265	0.24906638264656067	0.0	-0.02422308921813965	0.0
s0_sv	3	delta	0	true	15,7	0.0	0	60	0.0	0.0	0.0	0.0	0.4250430762767792	0.2976982593536377	0.29651206731796265	0.24906638264656067	0.0	-0.01259756088256836	-0.00019384920597076416
s0_sv	3	delta	0	true	0,4	0.0	0	60	0.0	0.0	0.0	0.0	0.4250430762767792	0.2976982593536377	0.29651206731796265	0.24906638264656067	0.0	-0.010930299758911133	0.0
s0_sv	3	delta	0	true	1,5	0.0	62	60	0.030338644981384277	0.021893858909606934	0.0020123422145843506	0.011510998010635376	0.45538172125816345	0.31959211826324463	0.298524409532547	0.26057738065719604	0.04241478443145752	0.02366948127746582	-0.014682285487651825
s0_sv	3	delta	0	true	0,14	0.0	0	60	0.0	0.0	0.0	0.0	0.4250430762767792	0.2976982593536377	0.29651206731796265	0.24906638264656067	0.0	-0.0022115707397460938	0.0
s0_sv	3	delta	0	wrong	0,7	-0.0078125	12	60	-0.01807895302772522	-0.010709762573242188	0.002160012722015381	0.00325813889503479	0.40696412324905396	0.2869884967803955	0.298672080039978	0.25232452154159546	0.006090998649597168	-0.0235060453414917	-0.011352650821208954
s0_sv	3	delta	0	wrong	3,2	0.0	0	60	0.0	0.0	0.0	0.0	0.4250430762767792	0.2976982593536377	0.29651206731796265	0.24906638264656067	0.0	-0.000531315803527832	0.0
s0_sv	3	delta	0	wrong	12,13	0.0	0	60	0.0	0.0	0.0	0.0	0.4250430762767792	0.2976982593536377	0.29651206731796265	0.24906638264656067	0.0	-0.0014116764068603516	0.0
s0_sv	3	delta	0	wrong	11,8	0.0	0	60	0.0	0.0	0.0	0.0	0.4250430762767792	0.2976982593536377	0.29651206731796265	0.24906638264656067	0.0	-0.0008044242858886719	0.0
s0_sv	3	delta	0	wrong	13,0	0.0	0	60	0.0	0.0	0.0	0.0	0.4250430762767792	0.2976982593536377	0.29651206731796265	0.24906638264656067	0.0	-0.0012934207916259766	0.0
s0_sv	3	delta	0	wrong	0,1	0.0	0	60	0.0	0.0	0.0	0.0	0.4250430762767792	0.2976982593536377	0.29651206731796265	0.24906638264656067	0.0	-0.0021888017654418945	0.0
s0_sv	3	delta	0	wrong	12,10	0.0	0	60	0.0	0.0	0.0	0.0	0.4250430762767792	0.2976982593536377	0.29651206731796265	0.24906638264656067	0.0	-0.018609046936035156	0.0
s0_sv	3	delta	0	wrong	3,5	0.0	0	60	0.0	0.0	0.0	0.0	0.4250430762767792	0.2976982593536377	0.29651206731796265	0.24906638264656067	0.0	-0.0023543834686279297	0.0
s0_sv	3	delta	0	wrong	6,6	0.0	0	60	0.0	0.0	0.0	0.0	0.4250430762767792	0.2976982593536377	0.29651206731796265	0.24906638264656067	0.0	-0.0037424564361572266	0.0
s0_sv	3	delta	0	wrong	10,13	0.0	0	60	0.0	0.0	0.0	0.0	0.4250430762767792	0.2976982593536377	0.29651206731796265	0.24906638264656067	0.0	-0.014111638069152832	0.0
s0_sv	3	delta	0	wrong	4,11	0.0	0	60	0.0	0.0	0.0	0.0	0.4250430762767792	0.2976982593536377	0.29651206731796265	0.24906638264656067	0.0	-0.0005404949188232422	0.0
s0_sv	3	delta	0	wrong	8,15	0.0	0	60	0.0	0.0	0.0	0.0	0.4250430762767792	0.2976982593536377	0.29651206731796265	0.24906638264656067	0.0	-0.00027751922607421875	0.0
s0_sv	3	delta	0	wrong	12,11	0.0	0	60	0.0	0.0	0.0	0.0	0.4250430762767792	0.2976982593536377	0.29651206731796265	0.24906638264656067	0.0	-0.0004698038101196289	0.0
s0_sv	3	delta	0	wrong	4,15	0.0	0	60	0.0	0.0	0.0	0.0	0.4250430762767792	0.2976982593536377	0.29651206731796265	0.24906638264656067	0.0	-0.0006123781204223633	0.0
s0_sv	3	delta	0	wrong	15,13	0.0	0	60	0.0	0.0	0.0	0.0	0.4250430762767792	0.2976982593536377	0.29651206731796265	0.24906638264656067	0.0	-0.0008372068405151367	0.0
s0_sv	3	delta	0	wrong	15,2	0.0	0	60	0.0	0.0	0.0	0.0	0.4250430762767792	0.2976982593536377	0.29651206731796265	0.24906638264656067	0.0	-0.0008575916290283203	0.0
s0_sv	3	delta	0	wrong	14,13	0.0	0	60	0.0	0.0	0.0	0.0	0.4250430762767792	0.2976982593536377	0.29651206731796265	0.24906638264656067	0.0	-0.0016570091247558594	0.0
s0_sv	3	delta	0	wrong	3,14	0.0	0	60	0.0	0.0	0.0	0.0	0.4250430762767792	0.2976982593536377	0.29651206731796265	0.24906638264656067	0.0	-0.000331878662109375	0.0
s0_sv	3	delta	0	wrong	12,15	0.0	0	60	0.0	0.0	0.0	0.0	0.4250430762767792	0.2976982593536377	0.29651206731796265	0.24906638264656067	0.0	-0.00022971630096435547	0.0
s0_sv	3	delta	0	wrong	4,13	0.0	0	60	0.0	0.0	0.0	0.0	0.4250430762767792	0.2976982593536377	0.29651206731796265	0.24906638264656067	0.0	-0.0017557144165039062	0.0
s0_sv	3	delta	0	wrong	1,0	-0.00390625	2	60	0.0017879307270050049	0.00047212839126586914	-0.0011472105979919434	8.83638858795166e-06	0.4268310070037842	0.29817038774490356	0.2953648567199707	0.24907521903514862	0.0016990900039672852	-0.004745006561279297	0.000173911452293396
s0_sv	3	delta	0	wrong	10,6	0.0	0	60	0.0	0.0	0.0	0.0	0.4250430762767792	0.2976982593536377	0.29651206731796265	0.24906638264656067	0.0	-0.008303165435791016	0.0
s0_sv	3	delta	0	wrong	15,12	0.0	0	60	0.0	0.0	0.0	0.0	0.4250430762767792	0.2976982593536377	0.29651206731796265	0.24906638264656067	0.0	-0.00020420551300048828	0.0
s0_sv	3	delta	0	wrong	15,5	0.0	0	60	0.0	0.0	0.0	0.0	0.4250430762767792	0.2976982593536377	0.29651206731796265	0.24906638264656067	0.0	-0.0023795366287231445	0.0
s0_sv	3	delta	0	wrong	2,0	0.0	0	60	0.0	0.0	0.0	0.0	0.4250430762767792	0.2976982593536377	0.29651206731796265	0.24906638264656067	0.0	-0.0016428232192993164	0.0
s0_sv	3	delta	0	wrong	2,7	0.0	0	60	0.0	0.0	0.0	0.0	0.4250430762767792	0.2976982593536377	0.29651206731796265	0.24906638264656067	0.0	-0.028295516967773438	0.0
s0_sv	3	delta	0	wrong	8,12	0.0	0	60	0.0	0.0	0.0	0.0	0.4250430762767792	0.2976982593536377	0.29651206731796265	0.24906638264656067	0.0	-0.00024497509002685547	0.0
s0_sv	3	delta	0	wrong	12,0	0.0	0	60	0.0	0.0	0.0	0.0	0.4250430762767792	0.2976982593536377	0.29651206731796265	0.24906638264656067	0.0	-0.00127410888671875	0.0
s0_sv	3	delta	0	wrong	2,5	0.0	0	60	0.0	0.0	0.0	0.0	0.4250430762767792	0.2976982593536377	0.29651206731796265	0.24906638264656067	0.0	-0.009026765823364258	0.0
s0_sv	3	delta	0	wrong	3,15	0.0	0	60	0.0	0.0	0.0	0.0	0.4250430762767792	0.2976982593536377	0.29651206731796265	0.24906638264656067	0.0	-5.340576171875e-05	0.0
s0_sv	3	delta	0	wrong	15,11	0.0	0	60	0.0	0.0	0.0	0.0	0.4250430762767792	0.2976982593536377	0.29651206731796265	0.24906638264656067	0.0	-8.809566497802734e-05	0.0
s0_sv	3	delta	0	wrong	10,15	0.0	0	60	0.0	0.0	0.0	0.0	0.4250430762767792	0.2976982593536377	0.29651206731796265	0.24906638264656067	0.0	-0.0020291805267333984	0.0
s0_sv	3	delta	0	wrong	15,1	0.0	0	60	0.0	0.0	0.0	0.0	0.4250430762767792	0.2976982593536377	0.29651206731796265	0.24906638264656067	0.0	-0.0006246566772460938	0.0
s0_sv	3	delta	0	wrong	1,1	-0.00390625	2	60	-0.0005582869052886963	-0.0003127157688140869	0.0010315775871276855	-0.00013113021850585938	0.4244847893714905	0.2973855435848236	0.29754364490509033	0.2489352524280548	0.0011729001998901367	-0.0023659467697143555	-5.239248275756836e-05
s0_sv	3	delta	0	wrong	0,11	0.0	0	60	0.0	0.0	0.0	0.0	0.4250430762767792	0.2976982593536377	0.29651206731796265	0.24906638264656067	0.0	-0.003007650375366211	0.0
s0_sv	3	delta	0	wrong	11,14	0.0	0	60	0.0	0.0	0.0	0.0	0.4250430762767792	0.2976982593536377	0.29651206731796265	0.24906638264656067	0.0	-0.001099228858947754	0.0
s0_sv	3	delta	0	wrong	8,7	0.0	0	60	0.0	0.0	0.0	0.0	0.4250430762767792	0.2976982593536377	0.29651206731796265	0.24906638264656067	0.0	-0.009360313415527344	-4.793703556060791e-05
s0_sv	3	delta	0	wrong	4,14	0.0	0	60	0.0	0.0	0.0	0.0	0.4250430762767792	0.2976982593536377	0.29651206731796265	0.24906638264656067	0.0	-0.0006208419799804688	0.0
s0_sv	3	delta	0	wrong	7,14	0.0	0	60	0.0	0.0	0.0	0.0	0.4250430762767792	0.2976982593536377	0.29651206731796265	0.24906638264656067	0.0	-0.01728510856628418	0.0
s0_sv	3	delta	0	wrong	14,14	0.0	0	60	0.0	0.0	0.0	0.0	0.4250430762767792	0.2976982593536377	0.29651206731796265	0.24906638264656067	0.0	-0.0019614696502685547	0.0
s0_sv	3	delta	0	wrong	10,8	0.0	0	60	0.0	0.0	0.0	0.0	0.4250430762767792	0.2976982593536377	0.29651206731796265	0.24906638264656067	0.0	-0.008513212203979492	0.0
s0_sv	3	delta	0	wrong	10,3	0.0	0	60	0.0	0.0	0.0	0.0	0.4250430762767792	0.2976982593536377	0.29651206731796265	0.24906638264656067	0.0	-0.0010619163513183594	0.0
s0_sv	3	delta	0	wrong	4,4	0.0	0	60	0.0	0.0	0.0	0.0	0.4250430762767792	0.2976982593536377	0.29651206731796265	0.24906638264656067	0.0	-0.0030487775802612305	0.0
s0_sv	3	delta	0	wrong	2,4	0.0	0	60	0.0	0.0	0.0	0.0	0.4250430762767792	0.2976982593536377	0.29651206731796265	0.24906638264656067	0.0	-0.0007221698760986328	0.0
s0_sv	3	delta	0	wrong	11,9	0.0	0	60	0.0	0.0	0.0	0.0	0.4250430762767792	0.2976982593536377	0.29651206731796265	0.24906638264656067	0.0	-0.0018236637115478516	0.0
s0_sv	3	delta	0	wrong	4,12	0.0	0	60	0.0	0.0	0.0	0.0	0.4250430762767792	0.2976982593536377	0.29651206731796265	0.24906638264656067	0.0	-0.0008587837219238281	0.0
s0_sv	3	delta	0	wrong	7,1	0.0	0	60	0.0	0.0	0.0	0.0	0.4250430762767792	0.2976982593536377	0.29651206731796265	0.24906638264656067	0.0	-0.00232088565826416	0.0
s0_sv	3	delta	0	wrong	1,7	-0.02734375	33	60	-0.033796459436416626	-0.019724935293197632	0.017088264226913452	0.012094885110855103	0.39124661684036255	0.27797332406044006	0.3136003315448761	0.26116126775741577	0.022437453269958496	-0.005329251289367676	-0.012215010821819305
s0_sv	3	delta	1	true	14,7	0.0	0	60	0.0	0.0	0.0	0.0	0.45538172125816345	0.31959211826324463	0.298524409532547	0.26057738065719604	0.0	-0.023941397666931152	0.0
s0_sv	3	delta	1	true	9,0	0.0	0	60	0.0	0.0	0.0	0.0	0.45538172125816345	0.31959211826324463	0.298524409532547	0.26057738065719604	0.0	-0.0008854866027832031	0.0
s0_sv	3	delta	1	true	3,9	0.0	0	60	0.0	0.0	0.0	0.0	0.45538172125816345	0.31959211826324463	0.298524409532547	0.26057738065719604	0.0	-0.0005387067794799805	0.0
s0_sv	3	delta	1	true	10,4	0.0	0	60	0.0	0.0	0.0	0.0	0.45538172125816345	0.31959211826324463	0.298524409532547	0.26057738065719604	0.0	-0.003988862037658691	0.0
s0_sv	3	delta	1	true	11,10	0.0	0	60	0.0	0.0	0.0	0.0	0.45538172125816345	0.31959211826324463	0.298524409532547	0.26057738065719604	0.0	-0.019869565963745117	0.0
s0_sv	3	delta	1	wrong	0,7	0.0	6	60	-0.010822296142578125	-0.006356239318847656	0.00089263916015625	0.0014497637748718262	0.4445594251155853	0.313235878944397	0.29941704869270325	0.26202714443206787	0.0039484500885009766	-0.019098758697509766	0.001436665654182434
s0_sv	3	delta	1	wrong	3,2	0.0	0	60	0.0	0.0	0.0	0.0	0.45538172125816345	0.31959211826324463	0.298524409532547	0.26057738065719604	0.0	-0.0005171298980712891	0.0
s0_sv	3	delta	1	wrong	12,13	0.0	0	60	0.0	0.0	0.0	0.0	0.45538172125816345	0.31959211826324463	0.298524409532547	0.26057738065719604	0.0	-0.001344442367553711	0.0
s0_sv	3	delta	1	wrong	11,8	0.0	0	60	0.0	0.0	0.0	0.0	0.45538172125816345	0.31959211826324463	0.298524409532547	0.26057738065719604	0.0	-0.0007581710815429688	0.0
s0_sv	3	delta	1	wrong	13,0	0.0	0	60	0.0	0.0	0.0	0.0	0.45538172125816345	0.31959211826324463	0.298524409532547	0.26057738065719604	0.0	-0.0012630224227905273	0.0
s0_sv	3	delta	1	wrong	0,1	0.0	0	60	0.0	0.0	0.0	0.0	0.45538172125816345	0.31959211826324463	0.298524409532547	0.26057738065719604	0.0	-0.0016186237335205078	0.0
s0_sv	3	delta	1	wrong	12,10	0.0	0	60	0.0	0.0	0.0	0.0	0.45538172125816345	0.31959211826324463	0.298524409532547	0.26057738065719604	0.0	-0.017981290817260742	0.0
s0_sv	3	delta	1	wrong	3,5	0.0	0	60	0.0	0.0	0.0	0.0	0.45538172125816345	0.31959211826324463	0.298524409532547	0.26057738065719604	0.0	-0.0019898414611816406	0.0
s0_sv	3	delta	1	wrong	6,6	0.0	0	60	0.0	0.0	0.0	0.0	0.45538172125816345	0.31959211826324463	0.298524409532547	0.26057738065719604	0.0	-0.0030112266540527344	0.0
s0_sv	3	delta	1	wrong	10,13	0.0	0	60	0.0	0.0	0.0	0.0	0.45538172125816345	0.31959211826324463	0.298524409532547	0.26057738065719604	0.0	-0.013862967491149902	0.0
s0_sv	3	delta	1	wrong	4,11	0.0	0	60	0.0	0.0	0.0	0.0	0.45538172125816345	0.31959211826324463	0.298524409532547	0.26057738065719604	0.0	-0.0003590583801269531	0.0
s0_sv	3	delta	1	wrong	8,15	0.0	0	60	0.0	0.0	0.0	0.0	0.45538172125816345	0.31959211826324463	0.298524409532547	0.26057738065719604	0.0	-0.0001819133758544922	0.0
s0_sv	3	delta	1	wrong	12,11	0.0	0	60	0.0	0.0	0.0	0.0	0.45538172125816345	0.31959211826324463	0.298524409532547	0.26057738065719604	0.0	-0.0004208087921142578	0.0
s0_sv	3	delta	1	wrong	4,15	0.0	0	60	0.0	0.0	0.0	0.0	0.45538172125816345	0.31959211826324463	0.298524409532547	0.26057738065719604	0.0	-0.00034046173095703125	0.0
s0_sv	3	delta	1	wrong	15,13	0.0	0	60	0.0	0.0	0.0	0.0	0.45538172125816345	0.31959211826324463	0.298524409532547	0.26057738065719604	0.0	-0.000822901725769043	0.0
s0_sv	3	delta	1	wrong	15,2	0.0	0	60	0.0	0.0	0.0	0.0	0.45538172125816345	0.31959211826324463	0.298524409532547	0.26057738065719604	0.0	-0.0008664131164550781	0.0
s0_sv	3	delta	1	wrong	14,13	0.0	0	60	0.0	0.0	0.0	0.0	0.45538172125816345	0.31959211826324463	0.298524409532547	0.26057738065719604	0.0	-0.0016238689422607422	0.0
s0_sv	3	delta	1	wrong	3,14	0.0	0	60	0.0	0.0	0.0	0.0	0.45538172125816345	0.31959211826324463	0.298524409532547	0.26057738065719604	0.0	-0.00032258033752441406	0.0
s0_sv	3	delta	1	wrong	12,15	0.0	0	60	0.0	0.0	0.0	0.0	0.45538172125816345	0.31959211826324463	0.298524409532547	0.26057738065719604	0.0	-0.0001876354217529297	0.0
s0_sv	3	delta	1	wrong	4,13	0.0	0	60	0.0	0.0	0.0	0.0	0.45538172125816345	0.31959211826324463	0.298524409532547	0.26057738065719604	0.0	-0.0014165639877319336	0.0
s0_sv	3	delta	1	wrong	1,0	-0.00390625	2	60	0.0010463893413543701	-7.480382919311523e-05	0.0007489025592803955	-7.414817810058594e-05	0.4564281105995178	0.3195173144340515	0.2992733120918274	0.26050323247909546	0.0012007951736450195	-0.004767060279846191	-0.00014076381921768188
s0_sv	3	delta	1	wrong	10,6	0.0	0	60	0.0	0.0	0.0	0.0	0.45538172125816345	0.31959211826324463	0.298524409532547	0.26057738065719604	0.0	-0.008177757263183594	0.0
s0_sv	3	delta	1	wrong	15,12	0.0	0	60	0.0	0.0	0.0	0.0	0.45538172125816345	0.31959211826324463	0.298524409532547	0.26057738065719604	0.0	-0.00018894672393798828	0.0
s0_sv	3	delta	1	wrong	15,5	0.0	0	60	0.0	0.0	0.0	0.0	0.45538172125816345	0.31959211826324463	0.298524409532547	0.26057738065719604	0.0	-0.0022056102752685547	0.0
s0_sv	3	delta	1	wrong	2,0	0.0	0	60	0.0	0.0	0.0	0.0	0.45538172125816345	0.31959211826324463	0.298524409532547	0.26057738065719604	0.0	-0.0016230344772338867	0.0
s0_sv	3	delta	1	wrong	2,7	0.0	0	60	0.0	0.0	0.0	0.0	0.45538172125816345	0.31959211826324463	0.298524409532547	0.26057738065719604	0.0	-0.028006553649902344	0.0
s0_sv	3	delta	1	wrong	8,12	0.0	0	60	0.0	0.0	0.0	0.0	0.45538172125816345	0.31959211826324463	0.298524409532547	0.26057738065719604	0.0	-0.00018107891082763672	0.0
s0_sv	3	delta	1	wrong	12,0	0.0	0	60	0.0	0.0	0.0	0.0	0.45538172125816345	0.31959211826324463	0.298524409532547	0.26057738065719604	0.0	-0.0012447834014892578	0.0
s0_sv	3	delta	1	wrong	2,5	0.0	0	60	0.0	0.0	0.0	0.0	0.45538172125816345	0.31959211826324463	0.298524409532547	0.26057738065719604	0.0	-0.008336782455444336	0.0
s0_sv	3	delta	1	wrong	3,15	0.0	0	60	0.0	0.0	0.0	0.0	0.45538172125816345	0.31959211826324463	0.298524409532547	0.26057738065719604	0.0	-4.3392181396484375e-05	0.0
s0_sv	3	delta	1	wrong	15,11	0.0	0	60	0.0	0.0	0.0	0.0	0.45538172125816345	0.31959211826324463	0.298524409532547	0.26057738065719604	0.0	-8.487701416015625e-05	0.0
s0_sv	3	delta	1	wrong	10,15	0.0	0	60	0.0	0.0	0.0	0.0	0.45538172125816345	0.31959211826324463	0.298524409532547	0.26057738065719604	0.0	-0.001833796501159668	0.0
s0_sv	3	delta	1	wrong	15,1	0.0	0	60	0.0	0.0	0.0	0.0	0.45538172125816345	0.31959211826324463	0.298524409532547	0.26057738065719604	0.0	-0.0006084442138671875	0.0
s0_sv	3	delta	1	wrong	1,1	-0.00390625	2	60	-0.001299828290939331	-0.0008596479892730713	0.0029276907444000244	-0.00021409988403320312	0.4540818929672241	0.31873247027397156	0.301452100276947	0.26036328077316284	0.0006746053695678711	-0.002675294876098633	-0.0003321543335914612
s0_sv	3	delta	1	wrong	0,11	0.0	0	60	0.0	0.0	0.0	0.0	0.45538172125816345	0.31959211826324463	0.298524409532547	0.26057738065719604	0.0	-0.0018584728240966797	0.0
s0_sv	3	delta	1	wrong	11,14	0.0	0	60	0.0	0.0	0.0	0.0	0.45538172125816345	0.31959211826324463	0.298524409532547	0.26057738065719604	0.0	-0.0011061429977416992	0.0
s0_sv	3	delta	1	wrong	8,7	0.0	0	60	0.0	0.0	0.0	0.0	0.45538172125816345	0.31959211826324463	0.298524409532547	0.26057738065719604	0.0	-0.007998466491699219	0.0
s0_sv	3	delta	1	wrong	4,14	0.0	0	60	0.0	0.0	0.0	0.0	0.45538172125816345	0.31959211826324463	0.298524409532547	0.26057738065719604	0.0	-0.0005388259887695312	0.0
s0_sv	3	delta	1	wrong	7,14	0.0	0	60	0.0	0.0	0.0	0.0	0.45538172125816345	0.31959211826324463	0.298524409532547	0.26057738065719604	0.0	-0.017223358154296875	0.0
s0_sv	3	delta	1	wrong	14,14	0.0	0	60	0.0	0.0	0.0	0.0	0.45538172125816345	0.31959211826324463	0.298524409532547	0.26057738065719604	0.0	-0.001956462860107422	0.0
s0_sv	3	delta	1	wrong	10,8	0.0	0	60	0.0	0.0	0.0	0.0	0.45538172125816345	0.31959211826324463	0.298524409532547	0.26057738065719604	0.0	-0.008055448532104492	0.0
s0_sv	3	delta	1	wrong	10,3	0.0	0	60	0.0	0.0	0.0	0.0	0.45538172125816345	0.31959211826324463	0.298524409532547	0.26057738065719604	0.0	-0.0010573863983154297	0.0
s0_sv	3	delta	1	wrong	4,4	0.0	0	60	0.0	0.0	0.0	0.0	0.45538172125816345	0.31959211826324463	0.298524409532547	0.26057738065719604	0.0	-0.0020040273666381836	0.0
s0_sv	3	delta	1	wrong	2,4	0.0	0	60	0.0	0.0	0.0	0.0	0.45538172125816345	0.31959211826324463	0.298524409532547	0.26057738065719604	0.0	-0.0006406307220458984	0.0
s0_sv	3	delta	1	wrong	11,9	0.0	0	60	0.0	0.0	0.0	0.0	0.45538172125816345	0.31959211826324463	0.298524409532547	0.26057738065719604	0.0	-0.0017483234405517578	0.0
s0_sv	3	delta	1	wrong	4,12	0.0	0	60	0.0	0.0	0.0	0.0	0.45538172125816345	0.31959211826324463	0.298524409532547	0.26057738065719604	0.0	-0.0006396770477294922	0.0
s0_sv	3	delta	1	wrong	7,1	0.0	0	60	0.0	0.0	0.0	0.0	0.45538172125816345	0.31959211826324463	0.298524409532547	0.26057738065719604	0.0	-0.002216815948486328	0.0
s0_sv	3	delta	1	wrong	1,7	0.0	18	60	-0.02614426612854004	-0.016676783561706543	0.008619576692581177	0.00522536039352417	0.4292374551296234	0.3029153347015381	0.3071439862251282	0.2658027410507202	0.009225964546203613	-0.031946659088134766	-0.007344648241996765
s0_sv	3	delta	2	true	9,0	0.0	0	60	0.0	0.0	0.0	0.0	0.45538172125816345	0.31959211826324463	0.298524409532547	0.26057738065719604	0.0	-0.0008673667907714844	0.0
s0_sv	3	delta	2	true	12,8	0.0	0	60	0.0	0.0	0.0	0.0	0.45538172125816345	0.31959211826324463	0.298524409532547	0.26057738065719604	0.0	-0.0009226799011230469	0.0
s0_sv	3	delta	2	true	12,2	0.0	0	60	0.0	0.0	0.0	0.0	0.45538172125816345	0.31959211826324463	0.298524409532547	0.26057738065719604	0.0	-0.0023366212844848633	0.0
s0_sv	3	delta	2	true	10,11	0.0	0	60	0.0	0.0	0.0	0.0	0.45538172125816345	0.31959211826324463	0.298524409532547	0.26057738065719604	0.0	-0.004733681678771973	0.0
s0_sv	3	delta	2	true	11,10	0.0	0	60	0.0	0.0	0.0	0.0	0.45538172125816345	0.31959211826324463	0.298524409532547	0.26057738065719604	0.0	-0.01935863494873047	0.0
s0_sv	3	delta	2	wrong	0,7	0.0	6	60	-0.010822296142578125	-0.006356239318847656	0.00089263916015625	0.0014497637748718262	0.4445594251155853	0.313235878944397	0.29941704869270325	0.26202714443206787	0.0039484500885009766	-0.018685102462768555	0.001436665654182434
s0_sv	3	delta	2	wrong	3,2	0.0	0	60	0.0	0.0	0.0	0.0	0.45538172125816345	0.31959211826324463	0.298524409532547	0.26057738065719604	0.0	-0.0005034208297729492	0.0
s0_sv	3	delta	2	wrong	12,13	0.0	0	60	0.0	0.0	0.0	0.0	0.45538172125816345	0.31959211826324463	0.298524409532547	0.26057738065719604	0.0	-0.0013141632080078125	0.0
s0_sv	3	delta	2	wrong	11,8	0.0	0	60	0.0	0.0	0.0	0.0	0.45538172125816345	0.31959211826324463	0.298524409532547	0.26057738065719604	0.0	-0.0007318258285522461	0.0
s0_sv	3	delta	2	wrong	13,0	0.0	0	60	0.0	0.0	0.0	0.0	0.45538172125816345	0.31959211826324463	0.298524409532547	0.26057738065719604	0.0	-0.001225590705871582	0.0
s0_sv	3	delta	2	wrong	0,1	0.0	0	60	0.0	0.0	0.0	0.0	0.45538172125816345	0.31959211826324463	0.298524409532547	0.26057738065719604	0.0	-0.001593470573425293	0.0
s0_sv	3	delta	2	wrong	12,10	0.0	0	60	0.0	0.0	0.0	0.0	0.45538172125816345	0.31959211826324463	0.298524409532547	0.26057738065719604	0.0	-0.017542123794555664	0.0
s0_sv	3	delta	2	wrong	3,5	0.0	0	60	0.0	0.0	0.0	0.0	0.45538172125816345	0.31959211826324463	0.298524409532547	0.26057738065719604	0.0	-0.0019466876983642578	0.0
s0_sv	3	delta	2	wrong	6,6	0.0	0	60	0.0	0.0	0.0	0.0	0.45538172125816345	0.31959211826324463	0.298524409532547	0.26057738065719604	0.0	-0.0029609203338623047	0.0
s0_sv	3	delta	2	wrong	10,13	0.0	0	60	0.0	0.0	0.0	0.0	0.45538172125816345	0.31959211826324463	0.298524409532547	0.26057738065719604	0.0	-0.0135345458984375	0.0
s0_sv	3	delta	2	wrong	4,11	0.0	0	60	0.0	0.0	0.0	0.0	0.45538172125816345	0.31959211826324463	0.298524409532547	0.26057738065719604	0.0	-0.0003554821014404297	0.0
s0_sv	3	delta	2	wrong	8,15	0.0	0	60	0.0	0.0	0.0	0.0	0.45538172125816345	0.31959211826324463	0.298524409532547	0.26057738065719604	0.0	-0.00018012523651123047	0.0
s0_sv	3	delta	2	wrong	12,11	0.0	0	60	0.0	0.0	0.0	0.0	0.45538172125816345	0.31959211826324463	0.298524409532547	0.26057738065719604	0.0	-0.0004140138626098633	0.0
s0_sv	3	delta	2	wrong	4,15	0.0	0	60	0.0	0.0	0.0	0.0	0.45538172125816345	0.31959211826324463	0.298524409532547	0.26057738065719604	0.0	-0.00033736228942871094	0.0
s0_sv	3	delta	2	wrong	15,13	0.0	0	60	0.0	0.0	0.0	0.0	0.45538172125816345	0.31959211826324463	0.298524409532547	0.26057738065719604	0.0	-0.0008025169372558594	0.0
s0_sv	3	delta	2	wrong	15,2	0.0	0	60	0.0	0.0	0.0	0.0	0.45538172125816345	0.31959211826324463	0.298524409532547	0.26057738065719604	0.0	-0.0008418560028076172	0.0
s0_sv	3	delta	2	wrong	14,13	0.0	0	60	0.0	0.0	0.0	0.0	0.45538172125816345	0.31959211826324463	0.298524409532547	0.26057738065719604	0.0	-0.0015766620635986328	0.0
s0_sv	3	delta	2	wrong	3,14	0.0	0	60	0.0	0.0	0.0	0.0	0.45538172125816345	0.31959211826324463	0.298524409532547	0.26057738065719604	0.0	-0.0003139972686767578	0.0
s0_sv	3	delta	2	wrong	12,15	0.0	0	60	0.0	0.0	0.0	0.0	0.45538172125816345	0.31959211826324463	0.298524409532547	0.26057738065719604	0.0	-0.00018525123596191406	0.0
s0_sv	3	delta	2	wrong	4,13	0.0	0	60	0.0	0.0	0.0	0.0	0.45538172125816345	0.31959211826324463	0.298524409532547	0.26057738065719604	0.0	-0.001390218734741211	0.0
s0_sv	3	delta	2	wrong	1,0	-0.00390625	2	60	0.0010463893413543701	-7.480382919311523e-05	0.0007489025592803955	-7.414817810058594e-05	0.4564281105995178	0.3195173144340515	0.2992733120918274	0.26050323247909546	0.0012007951736450195	-0.004608631134033203	-0.00014076381921768188
s0_sv	3	delta	2	wrong	10,6	0.0	0	60	0.0	0.0	0.0	0.0	0.45538172125816345	0.31959211826324463	0.298524409532547	0.26057738065719604	0.0	-0.007959842681884766	0.0
s0_sv	3	delta	2	wrong	15,12	0.0	0	60	0.0	0.0	0.0	0.0	0.45538172125816345	0.31959211826324463	0.298524409532547	0.26057738065719604	0.0	-0.0001825094223022461	0.0
s0_sv	3	delta	2	wrong	15,5	0.0	0	60	0.0	0.0	0.0	0.0	0.45538172125816345	0.31959211826324463	0.298524409532547	0.26057738065719604	0.0	-0.0021501779556274414	0.0
s0_sv	3	delta	2	wrong	2,0	0.0	0	60	0.0	0.0	0.0	0.0	0.45538172125816345	0.31959211826324463	0.298524409532547	0.26057738065719604	0.0	-0.0015741586685180664	0.0
s0_sv	3	delta	2	wrong	2,7	0.0	0	60	0.0	0.0	0.0	0.0	0.45538172125816345	0.31959211826324463	0.298524409532547	0.26057738065719604	0.0	-0.02719128131866455	0.0
s0_sv	3	delta	2	wrong	8,12	0.0	0	60	0.0	0.0	0.0	0.0	0.45538172125816345	0.31959211826324463	0.298524409532547	0.26057738065719604	0.0	-0.0001773834228515625	0.0
s0_sv	3	delta	2	wrong	12,0	0.0	0	60	0.0	0.0	0.0	0.0	0.45538172125816345	0.31959211826324463	0.298524409532547	0.26057738065719604	0.0	-0.001211404800415039	0.0
s0_sv	3	delta	2	wrong	2,5	0.0	0	60	0.0	0.0	0.0	0.0	0.45538172125816345	0.31959211826324463	0.298524409532547	0.26057738065719604	0.0	-0.00815129280090332	0.0
s0_sv	3	delta	2	wrong	3,15	0.0	0	60	0.0	0.0	0.0	0.0	0.45538172125816345	0.31959211826324463	0.298524409532547	0.26057738065719604	0.0	-4.2557716369628906e-05	0.0
s0_sv	3	delta	2	wrong	15,11	0.0	0	60	0.0	0.0	0.0	0.0	0.45538172125816345	0.31959211826324463	0.298524409532547	0.26057738065719604	0.0	-8.296966552734375e-05	0.0
s0_sv	3	delta	2	wrong	10,15	0.0	0	60	0.0	0.0	0.0	0.0	0.45538172125816345	0.31959211826324463	0.298524409532547	0.26057738065719604	0.0	-0.0018017292022705078	0.0
s0_sv	3	delta	2	wrong	15,1	0.0	0	60	0.0	0.0	0.0	0.0	0.45538172125816345	0.31959211826324463	0.298524409532547	0.26057738065719604	0.0	-0.0005952119827270508	0.0
s0_sv	3	delta	2	wrong	1,1	-0.00390625	2	60	-0.001299828290939331	-0.0008596479892730713	0.0029276907444000244	-0.00021409988403320312	0.4540818929672241	0.31873247027397156	0.301452100276947	0.26036328077316284	0.0006746053695678711	-0.0025911331176757812	-0.0003321543335914612
s0_sv	3	delta	2	wrong	0,11	0.0	0	60	0.0	0.0	0.0	0.0	0.45538172125816345	0.31959211826324463	0.298524409532547	0.26057738065719604	0.0	-0.001847386360168457	0.0
s0_sv	3	delta	2	wrong	11,14	0.0	0	60	0.0	0.0	0.0	0.0	0.45538172125816345	0.31959211826324463	0.298524409532547	0.26057738065719604	0.0	-0.0010752677917480469	0.0
s0_sv	3	delta	2	wrong	8,7	0.0	0	60	0.0	0.0	0.0	0.0	0.45538172125816345	0.31959211826324463	0.298524409532547	0.26057738065719604	0.0	-0.007848978042602539	0.0
s0_sv	3	delta	2	wrong	4,14	0.0	0	60	0.0	0.0	0.0	0.0	0.45538172125816345	0.31959211826324463	0.298524409532547	0.26057738065719604	0.0	-0.0005280971527099609	0.0
s0_sv	3	delta	2	wrong	7,14	0.0	0	60	0.0	0.0	0.0	0.0	0.45538172125816345	0.31959211826324463	0.298524409532547	0.26057738065719604	0.0	-0.016776084899902344	0.0
s0_sv	3	delta	2	wrong	14,14	0.0	0	60	0.0	0.0	0.0	0.0	0.45538172125816345	0.31959211826324463	0.298524409532547	0.26057738065719604	0.0	-0.0018968582153320312	0.0
s0_sv	3	delta	2	wrong	10,8	0.0	0	60	0.0	0.0	0.0	0.0	0.45538172125816345	0.31959211826324463	0.298524409532547	0.26057738065719604	0.0	-0.007896184921264648	0.0
s0_sv	3	delta	2	wrong	10,3	0.0	0	60	0.0	0.0	0.0	0.0	0.45538172125816345	0.31959211826324463	0.298524409532547	0.26057738065719604	0.0	-0.0010302066802978516	0.0
s0_sv	3	delta	2	wrong	4,4	0.0	0	60	0.0	0.0	0.0	0.0	0.45538172125816345	0.31959211826324463	0.298524409532547	0.26057738065719604	0.0	-0.0019676685333251953	0.0
s0_sv	3	delta	2	wrong	2,4	0.0	0	60	0.0	0.0	0.0	0.0	0.45538172125816345	0.31959211826324463	0.298524409532547	0.26057738065719604	0.0	-0.0006170272827148438	0.0
s0_sv	3	delta	2	wrong	11,9	0.0	0	60	0.0	0.0	0.0	0.0	0.45538172125816345	0.31959211826324463	0.298524409532547	0.26057738065719604	0.0	-0.001689314842224121	0.0
s0_sv	3	delta	2	wrong	4,12	0.0	0	60	0.0	0.0	0.0	0.0	0.45538172125816345	0.31959211826324463	0.298524409532547	0.26057738065719604	0.0	-0.0006253719329833984	0.0
s0_sv	3	delta	2	wrong	7,1	0.0	0	60	0.0	0.0	0.0	0.0	0.45538172125816345	0.31959211826324463	0.298524409532547	0.26057738065719604	0.0	-0.0021517276763916016	0.0
s0_sv	3	delta	2	wrong	1,7	0.0	18	60	-0.02614426612854004	-0.016676783561706543	0.008619576692581177	0.00522536039352417	0.4292374551296234	0.3029153347015381	0.3071439862251282	0.2658027410507202	0.009225964546203613	-0.03109157085418701	-0.007344648241996765
s0_sv	3	single	-1	true	4,6	0.28125	-1	1					0.21874095499515533	0.1302017867565155	0.20166271924972534	0.17658968269824982	-0.46201854944229126	0.0	0.0
s0_sv	3	single	-1	true	4,7	0.28125	-1	1					0.2148054987192154	0.14922770857810974	0.3175612688064575	0.27370184659957886	0.5841787457466125	0.0	0.0
s0_sv	3	single	-1	true	5,6	0.28125	-1	1					0.2490723431110382	0.17427392303943634	0.23005425930023193	0.16480614244937897	0.13307414948940277	0.0	0.0
s0_sv	3	single	-1	true	5,7	0.28125	-1	1					0.2938636839389801	0.19767513871192932	0.29952162504196167	0.25088709592819214	1.1792714595794678	0.0	0.0
s0_sv	3	single	-1	true	14,6	0.28125	-1	1					0.06018925830721855	0.03440053388476372	0.1239297091960907	0.19026650488376617	-0.2107653021812439	0.0	0.0
s0_sv	3	single	-1	true	14,7	0.28125	-1	1					0.29134005308151245	0.21792945265769958	0.2080698013305664	0.3094903230667114	0.8354319334030151	0.0	0.0
s0_sv	3	single	-1	true	15,6	0.28125	-1	1					0.2298620641231537	0.14360938966274261	0.1528555303812027	0.20546303689479828	-0.7617505788803101	0.0	0.0
s0_sv	3	single	-1	true	15,7	0.28125	-1	1					0.17130601406097412	0.11501753330230713	0.20651356875896454	0.29900211095809937	0.28444671630859375	0.0	0.0
s0_sv	3	single	-1	true	0,14	0.12109375	-1	1					0.00404294952750206	0.001513578579761088	0.05715826898813248	0.11468794196844101	-0.05015886574983597	0.0	0.0
s0_sv	3	single	-1	true	0,15	0.12109375	-1	1					0.10401137173175812	0.048323363065719604	0.10606802999973297	0.18770727515220642	-0.5966929197311401	0.0	0.0
s0_sv	3	single	-1	true	1,14	0.12109375	-1	1					0.015229187905788422	0.005902750883251429	0.12619945406913757	0.14979282021522522	0.18780869245529175	0.0	0.0
s0_sv	3	single	-1	true	1,15	0.12109375	-1	1					0.18437963724136353	0.09565314650535583	0.13719888031482697	0.23488719761371613	-0.35872530937194824	0.0	0.0
s0_sv	3	single	-1	true	8,0	0.0	-1	1					0.10593286901712418	0.0561939999461174	0.19497562944889069	0.17491993308067322	-0.5518643260002136	0.0	0.0
s0_sv	3	single	-1	true	8,1	0.0	-1	1					0.03292815014719963	0.011343780905008316	0.25741711258888245	0.18821966648101807	-0.8843410611152649	0.0	0.0
s0_sv	3	single	-1	true	9,0	0.0	-1	1					0.11061500012874603	0.05240344628691673	0.11187809705734253	0.1310299038887024	-0.6999861001968384	0.0	0.0
s0_sv	3	single	-1	true	9,1	0.0	-1	1					0.028063837438821793	0.011983098462224007	0.1331847906112671	0.14858993887901306	-1.0324628353118896	0.0	0.0
s0_sv	3	single	-1	true	2,8	0.03125	-1	1					0.1492292881011963	0.0956355407834053	0.12910790741443634	0.3045806884765625	-0.0005973284132778645	0.0	0.0
s0_sv	3	single	-1	true	2,9	0.03125	-1	1					0.06378385424613953	0.03951668739318848	0.06393498182296753	0.18143075704574585	0.13153906166553497	0.0	0.0
s0_sv	3	single	-1	true	3,8	0.03125	-1	1					0.11468212306499481	0.07420489192008972	0.1650945544242859	0.2341075837612152	-0.491122305393219	0.0	0.0
s0_sv	3	single	-1	true	3,9	0.03125	-1	1					0.12243477255105972	0.09133593738079071	0.12185744941234589	0.12798267602920532	-0.35898587107658386	0.0	0.0
s0_sv	3	single	-1	true	12,4	0.03125	-1	1					0.033767908811569214	0.021462004631757736	0.1854376345872879	0.11513273417949677	-0.29436802864074707	0.0	0.0
s0_sv	3	single	-1	true	12,5	0.03125	-1	1					0.16273149847984314	0.10226134955883026	0.23386980593204498	0.15051299333572388	0.5400851964950562	0.0	0.0
s0_sv	3	single	-1	true	13,4	0.09765625	-1	1					0.061881955713033676	0.04096612706780434	0.18525496125221252	0.1607990860939026	-0.17809802293777466	0.0	0.0
s0_sv	3	single	-1	true	13,5	0.09765625	-1	1					0.19737190008163452	0.13170552253723145	0.20113393664360046	0.20433562994003296	0.6563551425933838	0.0	0.0
s0_sv	3	single	-1	true	0,4	0.1640625	-1	1					0.06444460153579712	0.028751488775014877	0.14205987751483917	0.1256079375743866	-0.33216387033462524	0.0	0.0
s0_sv	3	single	-1	true	0,5	0.1640625	-1	1					0.2732051610946655	0.15369001030921936	0.17505593597888947	0.1646454930305481	0.502289354801178	0.0	0.0
s0_sv	3	single	-1	true	1,4	0.1640625	-1	1					0.15782997012138367	0.07400476932525635	0.19011089205741882	0.1698201596736908	-0.09419629722833633	0.0	0.0
s0_sv	3	single	-1	true	1,5	0.1640625	-1	1					0.3348316550254822	0.19751177728176117	0.2359294295310974	0.21301709115505219	0.7402569055557251	0.0	0.0
s0_sv	3	single	-1	true	8,8	0.1640625	-1	1					0.3782854676246643	0.26560646295547485	0.2647862136363983	0.2367568016052246	-0.37895017862319946	0.0	0.0
s0_sv	3	single	-1	true	8,9	0.1640625	-1	1					0.16859844326972961	0.11077073216438293	0.15094991028308868	0.14006754755973816	-0.2468138039112091	0.0	0.0
s0_sv	3	single	-1	true	9,8	0.1640625	-1	1					0.25921258330345154	0.1529383361339569	0.16929307579994202	0.1948443055152893	-0.527072012424469	0.0	0.0
s0_sv	3	single	-1	true	9,9	0.1640625	-1	1					0.14353729784488678	0.08658812940120697	0.11438766866922379	0.10734246671199799	-0.39493560791015625	0.0	0.0
s0_sv	3	single	-1	true	10,10	0.421875	-1	1					0.30960404872894287	0.21817132830619812	0.29184186458587646	0.2760751247406006	1.3878955841064453	0.0	0.0
s0_sv	3	single	-1	true	10,11	0.421875	-1	1					0.1109360009431839	0.07039278745651245	0.09100645780563354	0.10798364877700806	0.35710662603378296	0.0	0.0
s0_sv	3	single	-1	true	11,10	0.421875	-1	1					0.3812943696975708	0.3095186948776245	0.20511367917060852	0.2822432219982147	0.6268080472946167	0.0	0.0
s0_sv	3	single	-1	true	11,11	0.421875	-1	1					0.1468401700258255	0.10101792216300964	0.08952536433935165	0.11083713173866272	-0.4039807915687561	0.0	0.0
s0_sv	3	single	-1	true	12,8	0.3203125	-1	1					0.16736555099487305	0.1127118468284607	0.2576351463794708	0.17828591167926788	-0.09402770549058914	0.0	0.0
s0_sv	3	single	-1	true	12,9	0.3203125	-1	1					0.1122102290391922	0.08290845155715942	0.1482727825641632	0.0995197743177414	0.0381086990237236	0.0	0.0
s0_sv	3	single	-1	true	13,8	0.3203125	-1	1					0.2353651076555252	0.17241203784942627	0.24187228083610535	0.24611534178256989	0.022242290899157524	0.0	0.0
s0_sv	3	single	-1	true	13,9	0.3203125	-1	1					0.15245674550533295	0.1127641499042511	0.1316862404346466	0.1420738399028778	0.15437868237495422	0.0	0.0
s0_sv	3	single	-1	true	0,12	0.06640625	-1	1					0.15738719701766968	0.08737068623304367	0.2519976496696472	0.15995097160339355	-0.7888681888580322	0.0	0.0
s0_sv	3	single	-1	true	0,13	0.06640625	-1	1					0.0071048135869205	0.002553605940192938	0.22233569622039795	0.22380182147026062	0.06456360220909119	0.0	0.0
s0_sv	3	single	-1	true	1,12	0.06640625	-1	1					0.23951886594295502	0.14524799585342407	0.2538473308086395	0.2087005376815796	-0.5509005784988403	0.0	0.0
s0_sv	3	single	-1	true	1,13	0.06640625	-1	1					0.02360055409371853	0.009028462693095207	0.3007256090641022	0.27591022849082947	0.3025311827659607	0.0	0.0
s0_sv	3	single	-1	true	10,4	0.09765625	-1	1					0.061881955713033676	0.04096612706780434	0.18525496125221252	0.1607990860939026	0.3142719268798828	0.0	0.0
s0_sv	3	single	-1	true	10,5	0.09765625	-1	1					0.19737190008163452	0.13170552253723145	0.20113393664360046	0.20433562994003296	1.1487250328063965	0.0	0.0
s0_sv	3	single	-1	true	11,4	0.06640625	-1	1					0.20578092336654663	0.13496240973472595	0.07174776494503021	0.17208832502365112	-0.44681549072265625	0.0	0.0
s0_sv	3	single	-1	true	11,5	0.06640625	-1	1					0.19138917326927185	0.12876498699188232	0.12240224331617355	0.21014681458473206	0.387637734413147	0.0	0.0
s0_sv	3	single	-1	true	0,14	0.12109375	-1	1					0.00404294952750206	0.001513578579761088	0.05715826898813248	0.11468794196844101	-0.05015886574983597	0.0	0.0
s0_sv	3	single	-1	true	0,15	0.12109375	-1	1					0.10401137173175812	0.048323363065719604	0.10606802999973297	0.18770727515220642	-0.5966929197311401	0.0	0.0
s0_sv	3	single	-1	true	1,14	0.12109375	-1	1					0.015229187905788422	0.005902750883251429	0.12619945406913757	0.14979282021522522	0.18780869245529175	0.0	0.0
s0_sv	3	single	-1	true	1,15	0.12109375	-1	1					0.18437963724136353	0.09565314650535583	0.13719888031482697	0.23488719761371613	-0.35872530937194824	0.0	0.0
s0_sv	3	single	-1	true	8,4	0.12109375	-1	1					0.09178337454795837	0.052565522491931915	0.20332655310630798	0.15386775135993958	-0.579290509223938	0.0	0.0
s0_sv	3	single	-1	true	8,5	0.12109375	-1	1					0.2004140019416809	0.11900216341018677	0.18452449142932892	0.19444593787193298	0.25516268610954285	0.0	0.0
s0_sv	3	single	-1	true	9,4	0.12109375	-1	1					0.05208422988653183	0.027500025928020477	0.12465214729309082	0.12476907670497894	-0.7274122834205627	0.0	0.0
s0_sv	3	single	-1	true	9,5	0.12109375	-1	1					0.28911182284355164	0.1831035017967224	0.18806540966033936	0.1629953384399414	0.1070408746600151	0.0	0.0
s0_sv	3	single	-1	true	12,2	0.10546875	-1	1					0.0035297744907438755	0.002395511604845524	0.04368063062429428	0.08964933454990387	0.09940607845783234	0.0	0.0
s0_sv	3	single	-1	true	12,3	0.10546875	-1	1					0.007739891763776541	0.0037045173812657595	0.10488888621330261	0.06863205134868622	-0.7573192119598389	0.0	0.0
s0_sv	3	single	-1	true	13,2	0.10546875	-1	1					0.03346732258796692	0.02036491595208645	0.06583909690380096	0.13306787610054016	0.21567608416080475	0.0	0.0
s0_sv	3	single	-1	true	13,3	0.10546875	-1	1					0.16956326365470886	0.0981113612651825	0.106006920337677	0.09954671561717987	-0.6410492658615112	0.0	0.0
s0_sv	3	single	-1	true	10,10	0.421875	-1	1					0.30960404872894287	0.21817132830619812	0.29184186458587646	0.2760751247406006	1.3878955841064453	0.0	0.0
s0_sv	3	single	-1	true	10,11	0.421875	-1	1					0.1109360009431839	0.07039278745651245	0.09100645780563354	0.10798364877700806	0.35710662603378296	0.0	0.0
s0_sv	3	single	-1	true	11,10	0.421875	-1	1					0.3812943696975708	0.3095186948776245	0.20511367917060852	0.2822432219982147	0.6268080472946167	0.0	0.0
s0_sv	3	single	-1	true	11,11	0.421875	-1	1					0.1468401700258255	0.10101792216300964	0.08952536433935165	0.11083713173866272	-0.4039807915687561	0.0	0.0
s0_sv	3	single	-1	wrong	0,7	0.06640625	-1	1					0.0071048135869205	0.002553605940192938	0.22233569622039795	0.22380182147026062	0.7414596080780029	0.0	0.0
s0_sv	3	single	-1	wrong	3,2	0.0	-1	1					0.015795260667800903	0.008478838950395584	0.0827721506357193	0.12557192146778107	-0.29768845438957214	0.0	0.0
s0_sv	3	single	-1	wrong	12,13	0.0	-1	1					0.016692981123924255	0.011148964986205101	0.25122684240341187	0.2040518969297409	0.10235944390296936	0.0	0.0
s0_sv	3	single	-1	wrong	11,8	0.0	-1	1					0.19446223974227905	0.12903401255607605	0.15596823394298553	0.249810129404068	-0.24647516012191772	0.0	0.0
s0_sv	3	single	-1	wrong	13,0	0.0	-1	1					0.05634097009897232	0.03356041759252548	0.16693919897079468	0.1767818033695221	-0.1506718099117279	0.0	0.0
s0_sv	3	single	-1	wrong	0,1	0.0	-1	1					0.025275317952036858	0.009218111634254456	0.1682865023612976	0.1478917896747589	-0.6372143626213074	0.0	0.0
s0_sv	3	single	-1	wrong	12,10	0.0	-1	1					0.016692981123924255	0.011148964986205101	0.25122684240341187	0.2040518969297409	0.7792555093765259	0.0	0.0
s0_sv	3	single	-1	wrong	3,5	0.0	-1	1					0.07231217622756958	0.0415218323469162	0.12414831668138504	0.19781552255153656	0.1429906189441681	0.0	0.0
s0_sv	3	single	-1	wrong	6,6	0.0	-1	1					0.10325347632169724	0.04105902463197708	0.12984198331832886	0.13427148759365082	-0.3047376871109009	0.0	0.0
s0_sv	3	single	-1	wrong	10,13	0.421875	-1	1					0.30960404872894287	0.21817132830619812	0.29184186458587646	0.2760751247406006	0.7109993696212769	0.0	0.0
s0_sv	3	single	-1	wrong	4,11	0.0	-1	1					0.04259921610355377	0.029041413217782974	0.19515734910964966	0.1158771887421608	-0.4466100335121155	0.0	0.0
s0_sv	3	single	-1	wrong	8,15	0.0	-1	1					0.07354968786239624	0.03887300193309784	0.10347972810268402	0.22412872314453125	-0.8438194990158081	0.0	0.0
s0_sv	3	single	-1	wrong	12,11	0.0	-1	1					0.01754901185631752	0.011728263460099697	0.11881063878536224	0.07668408751487732	-0.2515333294868469	0.0	0.0
s0_sv	3	single	-1	wrong	4,15	0.0	-1	1					0.11901594698429108	0.06326185166835785	0.13012757897377014	0.23133230209350586	-0.7539737820625305	0.0	0.0
s0_sv	3	single	-1	wrong	15,13	0.28125	-1	1					0.17130601406097412	0.11501753330230713	0.20651356875896454	0.29900211095809937	-0.3924493193626404	0.0	0.0
s0_sv	3	single	-1	wrong	15,2	0.0	-1	1					0.02676338702440262	0.013049744069576263	0.07788398116827011	0.13679645955562592	-0.3954026699066162	0.0	0.0
s0_sv	3	single	-1	wrong	14,13	0.28125	-1	1					0.29134005308151245	0.21792945265769958	0.2080698013305664	0.3094903230667114	0.15853595733642578	0.0	0.0
s0_sv	3	single	-1	wrong	3,14	0.0	-1	1					0.013361191377043724	0.007734542712569237	0.10756176710128784	0.13898888230323792	-0.40945756435394287	0.0	0.0
s0_sv	3	single	-1	wrong	12,15	0.0	-1	1					0.1443936973810196	0.08802883327007294	0.13289612531661987	0.16896981000900269	-0.5588970184326172	0.0	0.0
s0_sv	3	single	-1	wrong	4,13	0.28125	-1	1					0.2148054987192154	0.14922770857810974	0.3175612688064575	0.27370184659957886	-0.09271729737520218	0.0	0.0
s0_sv	3	single	-1	wrong	1,0	0.0	-1	1					0.20095521211624146	0.09699342399835587	0.17383435368537903	0.17701373994350433	-0.06677009910345078	0.0	0.0
s0_sv	3	single	-1	wrong	10,6	0.0	-1	1					0.05634097009897232	0.03356041759252548	0.16693919897079468	0.1767818033695221	0.3416981101036072	0.0	0.0
s0_sv	3	single	-1	wrong	15,12	0.0	-1	1					0.27107512950897217	0.195184588432312	0.17799732089042664	0.2328977733850479	-1.2458810806274414	0.0	0.0
s0_sv	3	single	-1	wrong	15,5	0.0	-1	1					0.12156140059232712	0.07562462985515594	0.10961917787790298	0.2290460765361786	0.045276425778865814	0.0	0.0
s0_sv	3	single	-1	wrong	2,0	0.0	-1	1					0.044591471552848816	0.018459873273968697	0.09147384762763977	0.21891289949417114	-0.17351144552230835	0.0	0.0
s0_sv	3	single	-1	wrong	2,7	0.0	-1	1					0.26332563161849976	0.2137095034122467	0.15669623017311096	0.3355981409549713	0.8726858496665955	0.0	0.0
s0_sv	3	single	-1	wrong	8,12	0.0	-1	1					0.2570391893386841	0.1653006374835968	0.24675340950489044	0.19371873140335083	-1.0359947681427002	0.0	0.0
s0_sv	3	single	-1	wrong	12,0	0.0	-1	1					0.11841949820518494	0.08254898339509964	0.1584223210811615	0.12349395453929901	-0.2669418156147003	0.0	0.0
s0_sv	3	single	-1	wrong	2,5	0.0	-1	1					0.08863011002540588	0.05893998593091965	0.09358818829059601	0.25759977102279663	0.6335155367851257	0.0	0.0
s0_sv	3	single	-1	wrong	3,15	0.0	-1	1					0.044423118233680725	0.020935719832777977	0.09425290673971176	0.22093017399311066	-0.9559915661811829	0.0	0.0
s0_sv	3	single	-1	wrong	15,11	0.0	-1	1					0.11369884014129639	0.08390350639820099	0.10478692501783371	0.12079079449176788	-0.7463420629501343	0.0	0.0
s0_sv	3	single	-1	wrong	10,15	0.0	-1	1					0.12701532244682312	0.06942874193191528	0.11110393702983856	0.22729350626468658	0.049742911010980606	0.0	0.0
s0_sv	3	single	-1	wrong	15,1	0.0	-1	1					0.15518736839294434	0.07920379936695099	0.15083318948745728	0.22354885935783386	-1.0942273139953613	0.0	0.0
s0_sv	3	single	-1	wrong	1,1	0.0	-1	1					0.08819657564163208	0.03331020846962929	0.22083288431167603	0.19834855198860168	-0.39924681186676025	0.0	0.0
s0_sv	3	single	-1	wrong	0,11	0.0	-1	1					0.026787593960762024	0.011141732335090637	0.1030837893486023	0.08070971071720123	-0.2893291711807251	0.0	0.0
s0_sv	3	single	-1	wrong	11,14	0.0	-1	1					0.058949004858732224	0.03726518899202347	0.0806991308927536	0.1561175137758255	-0.16481047868728638	0.0	0.0
s0_sv	3	single	-1	wrong	8,7	0.0	-1	1					0.07090349495410919	0.04120288044214249	0.311010479927063	0.26704394817352295	0.4943329691886902	0.0	0.0
s0_sv	3	single	-1	wrong	4,14	0.0	-1	1					0.02768619917333126	0.01664244756102562	0.16065362095832825	0.15212270617485046	-0.20743975043296814	0.0	0.0
s0_sv	3	single	-1	wrong	7,14	0.0	-1	1					0.038360729813575745	0.02162480354309082	0.08158319443464279	0.15107670426368713	0.5962768793106079	0.0	0.0
s0_sv	3	single	-1	wrong	14,14	0.0	-1	1					0.035279739648103714	0.020662005990743637	0.05677483230829239	0.16830413043498993	0.043813496828079224	0.0	0.0
s0_sv	3	single	-1	wrong	10,8	0.3203125	-1	1					0.2353651076555252	0.17241203784942627	0.24187228083610535	0.24611534178256989	0.5146122574806213	0.0	0.0
s0_sv	3	single	-1	wrong	10,3	0.10546875	-1	1					0.16956326365470886	0.0981113612651825	0.106006920337677	0.09954671561717987	-0.14867925643920898	0.0	0.0
s0_sv	3	single	-1	wrong	4,4	0.0	-1	1					0.12812189757823944	0.07888281345367432	0.18183255195617676	0.17276743054389954	-0.4894447326660156	0.0	0.0
s0_sv	3	single	-1	wrong	2,4	0.0	-1	1					0.02398054674267769	0.013497961685061455	0.06844744086265564	0.20437009632587433	-0.2009376436471939	0.0	0.0
s0_sv	3	single	-1	wrong	11,9	0.0	-1	1					0.24117016792297363	0.17747288942337036	0.1036699116230011	0.1444450169801712	-0.11433875560760498	0.0	0.0
s0_sv	3	single	-1	wrong	4,12	0.0	-1	1					0.269869327545166	0.18974968791007996	0.2852048873901367	0.20708243548870087	-0.9461489915847778	0.0	0.0
s0_sv	3	single	-1	wrong	7,1	0.0	-1	1					0.020908253267407417	0.010084237903356552	0.2169475257396698	0.19487062096595764	0.009221425279974937	0.0	0.0
s0_sv	3	single	-1	wrong	1,7	0.06640625	-1	1					0.02360055409371853	0.009028462693095207	0.3007256090641022	0.27591022849082947	0.9794272184371948	0.0	0.0
s0_sv	3	single	-1	wrong	3,4	0.0	-1	1					0.06843939423561096	0.04379000887274742	0.10118608921766281	0.15426847338676453	-0.6914625763893127	0.0	0.0
s0_sv	3	single	-1	wrong	4,9	0.0	-1	1					0.19666774570941925	0.1310947686433792	0.1993398517370224	0.14596113562583923	-0.15696804225444794	0.0	0.0
s0_sv	3	single	-1	wrong	14,12	0.0	-1	1					0.15495580434799194	0.10450153052806854	0.1491115689277649	0.21868257224559784	-0.6948958039283752	0.0	0.0
s0_sv	3	single	-1	wrong	9,2	0.0	-1	1					0.0036028162576258183	0.00159981450997293	0.0448237843811512	0.10251326858997345	-0.3336382210254669	0.0	0.0
s0_sv	3	single	-1	wrong	4,8	0.0	-1	1					0.3379039466381073	0.23699888586997986	0.27896827459335327	0.24954700469970703	-0.2891044616699219	0.0	0.0
s0_sv	3	single	-1	wrong	8,2	0.0	-1	1					0.013465102761983871	0.007434464525431395	0.07801400125026703	0.13437679409980774	-0.18551640212535858	0.0	0.0
s0_sv	3	single	-1	wrong	11,2	0.0	-1	1					0.046805985271930695	0.02686017006635666	0.05531363561749458	0.13255757093429565	-0.05304136872291565	0.0	0.0
s0_sv	3	single	-1	wrong	2,3	0.0	-1	1					0.02000194415450096	0.008758081123232841	0.05982005596160889	0.1320621222257614	-0.6638888120651245	0.0	0.0
s0_sv	3	single	-1	wrong	13,10	0.421875	-1	1					0.30960404872894287	0.21817132830619812	0.29184186458587646	0.2760751247406006	0.8955254554748535	0.0	0.0
s0_sv	3	single	-1	wrong	9,15	0.0	-1	1					0.05498389154672623	0.024279462173581123	0.09910974651575089	0.18210022151470184	-0.9919413328170776	0.0	0.0
s0_sv	3	single	-1	wrong	0,2	0.0	-1	1					0.00532893929630518	0.0017852385062724352	0.051550835371017456	0.10365837067365646	0.06161024421453476	0.0	0.0
s0_sv	3	single	-1	wrong	4,2	0.0	-1	1					0.02362210303544998	0.014527807012200356	0.11945616453886032	0.13188409805297852	-0.0956706553697586	0.0	0.0
s0_sv	3	single	-1	wrong	4,5	0.0	-1	1					0.3195188343524933	0.22769390046596527	0.25633880496025085	0.21366214752197266	0.3450084328651428	0.0	0.0
s0_sv	3	single	-1	wrong	14,15	0.0	-1	1					0.043937936425209045	0.02071087434887886	0.061501018702983856	0.25194305181503296	-0.5027205348014832	0.0	0.0
s0_sv	3	single	-1	wrong	12,12	0.0	-1	1					0.19122794270515442	0.1443231850862503	0.2811315059661865	0.14838431775569916	-0.7510722875595093	0.0	0.0
s0_sv	3	single	-1	wrong	10,2	0.10546875	-1	1					0.03346732258796692	0.02036491595208645	0.06583909690380096	0.13306787610054016	0.708046019077301	0.0	0.0
s0_sv	3	single	-1	wrong	14,1	0.0	-1	1					0.03240490332245827	0.01819576323032379	0.1308826208114624	0.2183716744184494	-0.5432419776916504	0.0	0.0
s0_sv	3	single	-1	wrong	2,1	0.0	-1	1					0.01777457818388939	0.007542106322944164	0.10245934873819351	0.24092909693717957	-0.5059881806373596	0.0	0.0
s0_sv	3	single	-1	wrong	14,11	0.0	-1	1					0.06648242473602295	0.04291063919663429	0.07078993320465088	0.12249428033828735	-0.19535678625106812	0.0	0.0
s0_sv	3	single	-1	wrong	5,3	0.0	-1	1					0.0758269801735878	0.037510499358177185	0.14133739471435547	0.0904083177447319	-0.3573032319545746	0.0	0.0
s0_sv	3	single	-1	wrong	11,6	0.0	-1	1					0.17758819460868835	0.11631995439529419	0.17156603932380676	0.17719179391860962	-0.4193892776966095	0.0	0.0
s0_sv	3	single	-1	wrong	15,4	0.0	-1	1					0.15715917944908142	0.09572280198335648	0.08952607214450836	0.18970252573490143	-0.7891767621040344	0.0	0.0
s0_sv	3	single	-1	wrong	1,3	0.0	-1	1					0.009439441375434399	0.003017677227035165	0.18184944987297058	0.10255401581525803	-0.5571475028991699	0.0	0.0
s0_sv	3	single	-1	wrong	9,14	0.0	-1	1					0.004526054952293634	0.0021336665377020836	0.05579613894224167	0.11451982706785202	-0.44540733098983765	0.0	0.0
s0_sv	3	single	-1	wrong	5,14	0.0	-1	1					0.025974497199058533	0.014011245220899582	0.13055138289928436	0.14057162404060364	0.3876529335975647	0.0	0.0
s0_sv	3	single	-1	wrong	14,8	0.0	-1	1					0.13138052821159363	0.08291543275117874	0.1612665355205536	0.2752271294593811	-0.03785117715597153	0.0	0.0
s0_sv	3	single	-1	wrong	0,3	0.0	-1	1					0.002779348287731409	0.0007976689375936985	0.10492689907550812	0.07545201480388641	-0.795115053653717	0.0	0.0
s0_sv	3	single	-1	wrong	1,11	0.0	-1	1					0.05075375735759735	0.02607867121696472	0.18391215801239014	0.11076803505420685	-0.05136159434914589	0.0	0.0
s0_sv	3	single	-1	wrong	0,8	0.0	-1	1					0.061956923454999924	0.023208215832710266	0.1976054608821869	0.19598527252674103	-0.13182353973388672	0.0	0.0
s0_sv	3	single	-1	wrong	11,1	0.0	-1	1					0.0949953943490982	0.0532841682434082	0.1201874241232872	0.20655947923660278	-0.7518659830093384	0.0	0.0
s0_sv	3	single	-1	wrong	5,8	0.0	-1	1					0.11264350265264511	0.06927331537008286	0.22560951113700867	0.22155392169952393	0.30598828196525574	0.0	0.0
s0_sv	3	single	-1	wrong	13,15	0.0	-1	1					0.12701532244682312	0.06942874193191528	0.11110393702983856	0.22729350626468658	-0.4426270127296448	0.0	0.0
s0_sv	3	single	-1	wrong	14,2	0.0	-1	1					0.015986882150173187	0.008658102713525295	0.04178065061569214	0.15238747000694275	0.15558260679244995	0.0	0.0
s0_sv	3	single	-1	wrong	13,13	0.421875	-1	1					0.30960404872894287	0.21817132830619812	0.29184186458587646	0.2760751247406006	0.21862941980361938	0.0	0.0
s0_sv	3	single	-1	wrong	2,15	0.0	-1	1					0.030924348160624504	0.016728322952985764	0.05143716186285019	0.27833694219589233	-0.4654666781425476	0.0	0.0
s0_sv	3	single	-1	wrong	2,12	0.0	-1	1					0.11250762641429901	0.07146914303302765	0.1194031685590744	0.24226005375385284	-0.6576418876647949	0.0	0.0
s0_sv	3	single	-1	wrong	15,8	0.0	-1	1					0.19205442070960999	0.12798528373241425	0.12739278376102448	0.27074915170669556	-0.5888364315032959	0.0	0.0
s0_sv	3	single	-1	wrong	13,11	0.421875	-1	1					0.1109360009431839	0.07039278745651245	0.09100645780563354	0.10798364877700806	-0.1352633237838745	0.0	0.0
s0_sv	3	single	-1	wrong	13,12	0.0	-1	1					0.2485402375459671	0.1745397448539734	0.24210108816623688	0.19670133292675018	-0.6348023414611816	0.0	0.0
s0_sv	3	single	-1	wrong	5,12	0.0	-1	1					0.21210049092769623	0.1394953727722168	0.271942675113678	0.1884724199771881	-0.3510563373565674	0.0	0.0
s0_sv	3	single	-1	wrong	15,14	0.0	-1	1					0.05322869122028351	0.03176358714699745	0.09414026886224747	0.16732804477214813	-0.5071718096733093	0.0	0.0
s0_sv	3	single	-1	wrong	9,11	0.0	-1	1					0.02144695818424225	0.011113326996564865	0.1167595386505127	0.08358897268772125	-0.6845775842666626	0.0	0.0
s0_sv	3	single	-1	wrong	8,11	0.0	-1	1					0.026373878121376038	0.016073094680905342	0.10602445155382156	0.10562346875667572	-0.5364557504653931	0.0	0.0
s0_sv	3	single	-1	wrong	8,13	0.0	-1	1					0.07090349495410919	0.04120288044214249	0.311010479927063	0.26704394817352295	-0.18256305158138275	0.0	0.0
s0_sv	3	single	-1	wrong	3,0	0.0	-1	1					0.08720870316028595	0.05697274208068848	0.18427804112434387	0.15808391571044922	-0.6640363931655884	0.0	0.0
s0_sv	3	single	-1	wrong	2,14	0.0	-1	1					0.025810865685343742	0.01643766462802887	0.04270089045166969	0.18569879233837128	0.08106736838817596	0.0	0.0
s0_sv	3	single	-1	wrong	5,15	0.0	-1	1					0.07870859652757645	0.03868323564529419	0.10818333923816681	0.20512452721595764	-0.1588810682296753	0.0	0.0
s0_sv	3	single	-1	wrong	1,9	0.0	-1	1					0.2136557698249817	0.11956748366355896	0.16890732944011688	0.1477484107017517	0.23828041553497314	0.0	0.0
s0_sv	4	delta	0	true	2,16	0.0	0	89	0.0	0.0	0.0	0.0	0.36707109212875366	0.23684045672416687	0.17382079362869263	0.25913071632385254	0.0	-0.0002923011779785156	0.0
s0_sv	4	delta	0	true	2,19	0.0	0	89	0.0	0.0	0.0	0.0	0.36707109212875366	0.23684045672416687	0.17382079362869263	0.25913071632385254	0.0	-1.3828277587890625e-05	0.0
s0_sv	4	delta	0	true	5,21	0.0	0	89	0.0	0.0	0.0	0.0	0.36707109212875366	0.23684045672416687	0.17382079362869263	0.25913071632385254	0.0	-0.02093195915222168	0.0
s0_sv	4	delta	0	true	6,18	0.0	0	89	0.0	0.0	0.0	0.0	0.36707109212875366	0.23684045672416687	0.17382079362869263	0.25913071632385254	0.0	-4.76837158203125e-07	0.0
s0_sv	4	delta	0	true	6,20	0.0	0	89	0.0	0.0	0.0	0.0	0.36707109212875366	0.23684045672416687	0.17382079362869263	0.25913071632385254	0.0	-2.9802322387695312e-06	0.0
s0_sv	4	delta	0	true	7,20	0.0	0	89	0.0	0.0	0.0	0.0	0.36707109212875366	0.23684045672416687	0.17382079362869263	0.25913071632385254	0.0	-0.00011968612670898438	0.0
s0_sv	4	delta	0	true	62,35	0.0	0	89	0.0	0.0	0.0	0.0	0.36707109212875366	0.23684045672416687	0.17382079362869263	0.25913071632385254	0.0	-6.0439109802246094e-05	0.0
s0_sv	4	delta	0	true	63,36	0.0	0	89	0.0	0.0	0.0	0.0	0.36707109212875366	0.23684045672416687	0.17382079362869263	0.25913071632385254	0.0	-7.748603820800781e-06	0.0
s0_sv	4	delta	0	true	0,29	0.0	0	89	0.0	0.0	0.0	0.0	0.36707109212875366	0.23684045672416687	0.17382079362869263	0.25913071632385254	0.0	-4.76837158203125e-07	0.0
s0_sv	4	delta	0	true	1,25	0.0	0	89	0.0	0.0	0.0	0.0	0.36707109212875366	0.23684045672416687	0.17382079362869263	0.25913071632385254	0.0	-0.004303336143493652	0.0
s0_sv	4	delta	0	true	4,27	0.0	0	89	0.0	0.0	0.0	0.0	0.36707109212875366	0.23684045672416687	0.17382079362869263	0.25913071632385254	0.0	-0.00017690658569335938	0.0
s0_sv	4	delta	0	true	6,30	0.0	0	89	0.0	0.0	0.0	0.0	0.36707109212875366	0.23684045672416687	0.17382079362869263	0.25913071632385254	0.0	-2.384185791015625e-07	0.0
s0_sv	4	delta	0	true	7,31	0.0	0	89	0.0	0.0	0.0	0.0	0.36707109212875366	0.23684045672416687	0.17382079362869263	0.25913071632385254	0.0	-6.4373016357421875e-06	0.0
s0_sv	4	delta	0	true	40,25	0.0	0	89	0.0	0.0	0.0	0.0	0.36707109212875366	0.23684045672416687	0.17382079362869263	0.25913071632385254	0.0	-0.00010728836059570312	0.0
s0_sv	4	delta	0	true	44,26	0.0	0	89	0.0	0.0	0.0	0.0	0.36707109212875366	0.23684045672416687	0.17382079362869263	0.25913071632385254	0.0	-7.402896881103516e-05	0.0
s0_sv	4	delta	0	true	47,26	0.0	0	89	0.0	0.0	0.0	0.0	0.36707109212875366	0.23684045672416687	0.17382079362869263	0.25913071632385254	0.0	-4.565715789794922e-05	0.0
s0_sv	4	delta	0	true	48,57	0.0	0	89	0.0	0.0	0.0	0.0	0.36707109212875366	0.23684045672416687	0.17382079362869263	0.25913071632385254	0.0	-3.6716461181640625e-05	0.0
s0_sv	4	delta	0	true	50,57	0.0	0	89	0.0	0.0	0.0	0.0	0.36707109212875366	0.23684045672416687	0.17382079362869263	0.25913071632385254	0.0	-6.890296936035156e-05	0.0
s0_sv	4	delta	0	true	52,61	0.0	0	89	0.0	0.0	0.0	0.0	0.36707109212875366	0.23684045672416687	0.17382079362869263	0.25913071632385254	0.0	-1.4424324035644531e-05	0.0
s0_sv	4	delta	0	true	52,63	0.0	0	89	0.0	0.0	0.0	0.0	0.36707109212875366	0.23684045672416687	0.17382079362869263	0.25913071632385254	0.0	-3.5762786865234375e-07	0.0
s0_sv	4	delta	0	true	53,56	0.0	0	89	0.0	0.0	0.0	0.0	0.36707109212875366	0.23684045672416687	0.17382079362869263	0.25913071632385254	0.0	-0.00033843517303466797	0.0
s0_sv	4	delta	0	true	25,42	0.0	0	89	0.0	0.0	0.0	0.0	0.36707109212875366	0.23684045672416687	0.17382079362869263	0.25913071632385254	0.0	-0.001374959945678711	-2.7235597372055054e-05
s0_sv	4	delta	0	true	26,47	0.0	0	89	0.0	0.0	0.0	0.0	0.36707109212875366	0.23684045672416687	0.17382079362869263	0.25913071632385254	0.0	-6.246566772460938e-05	0.0
s0_sv	4	delta	0	true	29,42	0.0	0	89	0.0	0.0	0.0	0.0	0.36707109212875366	0.23684045672416687	0.17382079362869263	0.25913071632385254	0.0	-1.3113021850585938e-05	0.0
s0_sv	4	delta	0	true	29,43	0.0	0	89	0.0	0.0	0.0	0.0	0.36707109212875366	0.23684045672416687	0.17382079362869263	0.25913071632385254	0.0	-3.075599670410156e-05	0.0
s0_sv	4	delta	0	true	35,57	0.0	0	89	0.0	0.0	0.0	0.0	0.36707109212875366	0.23684045672416687	0.17382079362869263	0.25913071632385254	0.0	-3.0994415283203125e-06	0.0
s0_sv	4	delta	0	true	39,59	0.0	0	89	0.0	0.0	0.0	0.0	0.36707109212875366	0.23684045672416687	0.17382079362869263	0.25913071632385254	0.0	-3.0994415283203125e-05	0.0
s0_sv	4	delta	0	true	32,48	-0.01171875	6	89	-0.0035881400108337402	-0.0019522756338119507	0.00366780161857605	-0.0025104880332946777	0.3634829521179199	0.23488818109035492	0.17748859524726868	0.25662022829055786	0.0005116462707519531	-0.05894160270690918	-0.004480103030800819
s0_sv	4	delta	0	true	34,55	0.0	0	89	0.0	0.0	0.0	0.0	0.36707109212875366	0.23684045672416687	0.17382079362869263	0.25913071632385254	0.0	-0.00014066696166992188	0.0
s0_sv	4	delta	0	true	38,55	0.0	0	89	0.0	0.0	0.0	0.0	0.36707109212875366	0.23684045672416687	0.17382079362869263	0.25913071632385254	0.0	-1.7881393432617188e-05	0.0
s0_sv	4	delta	0	true	2,63	0.0	0	89	0.0	0.0	0.0	0.0	0.36707109212875366	0.23684045672416687	0.17382079362869263	0.25913071632385254	0.0	-1.2159347534179688e-05	0.0
s0_sv	4	delta	0	true	7,61	0.0	0	89	0.0	0.0	0.0	0.0	0.36707109212875366	0.23684045672416687	0.17382079362869263	0.25913071632385254	0.0	-0.0013203620910644531	0.0
s0_sv	4	delta	0	true	7,62	0.0	0	89	0.0	0.0	0.0	0.0	0.36707109212875366	0.23684045672416687	0.17382079362869263	0.25913071632385254	0.0	-0.0013391971588134766	0.0
s0_sv	4	delta	0	true	0,31	0.0	0	89	0.0	0.0	0.0	0.0	0.36707109212875366	0.23684045672416687	0.17382079362869263	0.25913071632385254	0.0	-3.5762786865234375e-07	0.0
s0_sv	4	delta	0	true	1,24	0.0	0	89	0.0	0.0	0.0	0.0	0.36707109212875366	0.23684045672416687	0.17382079362869263	0.25913071632385254	0.0	-0.00025975704193115234	0.0
s0_sv	4	delta	0	true	2,29	0.0	0	89	0.0	0.0	0.0	0.0	0.36707109212875366	0.23684045672416687	0.17382079362869263	0.25913071632385254	0.0	-5.602836608886719e-06	0.0
s0_sv	4	delta	0	true	4,31	0.0	0	89	0.0	0.0	0.0	0.0	0.36707109212875366	0.23684045672416687	0.17382079362869263	0.25913071632385254	0.0	-1.6689300537109375e-06	0.0
s0_sv	4	delta	0	true	36,32	0.0	0	89	0.0	0.0	0.0	0.0	0.36707109212875366	0.23684045672416687	0.17382079362869263	0.25913071632385254	0.0	-0.006386756896972656	0.0
s0_sv	4	delta	0	true	49,42	0.0	0	89	0.0	0.0	0.0	0.0	0.36707109212875366	0.23684045672416687	0.17382079362869263	0.25913071632385254	0.0	-3.0517578125e-05	0.0
s0_sv	4	delta	0	true	54,46	0.0	0	89	0.0	0.0	0.0	0.0	0.36707109212875366	0.23684045672416687	0.17382079362869263	0.25913071632385254	0.0	-2.384185791015625e-07	0.0
s0_sv	4	delta	0	true	55,40	0.0	0	89	0.0	0.0	0.0	0.0	0.36707109212875366	0.23684045672416687	0.17382079362869263	0.25913071632385254	0.0	-0.0003298521041870117	0.0
s0_sv	4	delta	0	true	0,28	0.0	0	89	0.0	0.0	0.0	0.0	0.36707109212875366	0.23684045672416687	0.17382079362869263	0.25913071632385254	0.0	-4.76837158203125e-07	0.0
s0_sv	4	delta	0	true	0,29	0.0	0	89	0.0	0.0	0.0	0.0	0.36707109212875366	0.23684045672416687	0.17382079362869263	0.25913071632385254	0.0	-4.76837158203125e-07	0.0
s0_sv	4	delta	0	true	1,27	0.0	0	89	0.0	0.0	0.0	0.0	0.36707109212875366	0.23684045672416687	0.17382079362869263	0.25913071632385254	0.0	-0.001953601837158203	0.0
s0_sv	4	delta	0	true	4,29	0.0	0	89	0.0	0.0	0.0	0.0	0.36707109212875366	0.23684045672416687	0.17382079362869263	0.25913071632385254	0.0	-2.5033950805664062e-06	0.0
s0_sv	4	delta	0	true	11,35	0.0	0	89	0.0	0.0	0.0	0.0	0.36707109212875366	0.23684045672416687	0.17382079362869263	0.25913071632385254	0.0	-2.9802322387695312e-06	0.0
s0_sv	4	delta	0	true	12,33	0.0	0	89	0.0	0.0	0.0	0.0	0.36707109212875366	0.23684045672416687	0.17382079362869263	0.25913071632385254	0.0	-3.325939178466797e-05	0.0
s0_sv	4	delta	0	true	15,39	0.0	0	89	0.0	0.0	0.0	0.0	0.36707109212875366	0.23684045672416687	0.17382079362869263	0.25913071632385254	0.0	-1.9073486328125e-06	0.0
s0_sv	4	delta	0	wrong	13,22	0.0	0	89	0.0	0.0	0.0	0.0	0.36707109212875366	0.23684045672416687	0.17382079362869263	0.25913071632385254	0.0	-1.430511474609375e-06	0.0
s0_sv	4	delta	0	wrong	24,22	0.0	0	89	0.0	0.0	0.0	0.0	0.36707109212875366	0.23684045672416687	0.17382079362869263	0.25913071632385254	0.0	-1.3589859008789062e-05	0.0
s0_sv	4	delta	0	wrong	25,20	0.0	0	89	0.0	0.0	0.0	0.0	0.36707109212875366	0.23684045672416687	0.17382079362869263	0.25913071632385254	0.0	-0.00028061866760253906	0.0
s0_sv	4	delta	0	wrong	10,25	0.0	0	89	0.0	0.0	0.0	0.0	0.36707109212875366	0.23684045672416687	0.17382079362869263	0.25913071632385254	0.0	-0.002474069595336914	0.0
s0_sv	4	delta	0	wrong	30,51	0.0	0	89	0.0	0.0	0.0	0.0	0.36707109212875366	0.23684045672416687	0.17382079362869263	0.25913071632385254	0.0	-4.76837158203125e-07	0.0
s0_sv	4	delta	0	wrong	23,46	0.0	0	89	0.0	0.0	0.0	0.0	0.36707109212875366	0.23684045672416687	0.17382079362869263	0.25913071632385254	0.0	-9.250640869140625e-05	0.0
s0_sv	4	delta	0	wrong	21,63	0.0	0	89	0.0	0.0	0.0	0.0	0.36707109212875366	0.23684045672416687	0.17382079362869263	0.25913071632385254	0.0	-3.7789344787597656e-05	0.0
s0_sv	4	delta	0	wrong	25,7	0.0	0	89	0.0	0.0	0.0	0.0	0.36707109212875366	0.23684045672416687	0.17382079362869263	0.25913071632385254	0.0	-1.811981201171875e-05	0.0
s0_sv	4	delta	0	wrong	43,57	0.0	0	89	0.0	0.0	0.0	0.0	0.36707109212875366	0.23684045672416687	0.17382079362869263	0.25913071632385254	0.0	-6.008148193359375e-05	0.0
s0_sv	4	delta	0	wrong	21,39	0.0	0	89	0.0	0.0	0.0	0.0	0.36707109212875366	0.23684045672416687	0.17382079362869263	0.25913071632385254	0.0	-0.0004227161407470703	0.0
s0_sv	4	delta	0	wrong	53,0	0.0	0	89	0.0	0.0	0.0	0.0	0.36707109212875366	0.23684045672416687	0.17382079362869263	0.25913071632385254	0.0	0.0	0.0
s0_sv	4	delta	0	wrong	23,59	0.0	0	89	0.0	0.0	0.0	0.0	0.36707109212875366	0.23684045672416687	0.17382079362869263	0.25913071632385254	0.0	-0.0003781318664550781	0.0
s0_sv	4	delta	0	wrong	23,38	0.0	0	89	0.0	0.0	0.0	0.0	0.36707109212875366	0.23684045672416687	0.17382079362869263	0.25913071632385254	0.0	-0.0009200572967529297	0.0
s0_sv	4	delta	0	wrong	4,44	0.0	0	89	0.0	0.0	0.0	0.0	0.36707109212875366	0.23684045672416687	0.17382079362869263	0.25913071632385254	0.0	-0.0003064870834350586	0.0
s0_sv	4	delta	0	wrong	42,58	0.0	0	89	0.0	0.0	0.0	0.0	0.36707109212875366	0.23684045672416687	0.17382079362869263	0.25913071632385254	0.0	-3.910064697265625e-05	0.0
s0_sv	4	delta	0	wrong	12,41	0.0	0	89	0.0	0.0	0.0	0.0	0.36707109212875366	0.23684045672416687	0.17382079362869263	0.25913071632385254	0.0	-3.3855438232421875e-05	0.0
s0_sv	4	delta	0	wrong	54,54	0.0	0	89	0.0	0.0	0.0	0.0	0.36707109212875366	0.23684045672416687	0.17382079362869263	0.25913071632385254	0.0	-1.1920928955078125e-07	0.0
s0_sv	4	delta	0	wrong	59,42	0.0	0	89	0.0	0.0	0.0	0.0	0.36707109212875366	0.23684045672416687	0.17382079362869263	0.25913071632385254	0.0	-5.7220458984375e-06	0.0
s0_sv	4	delta	0	wrong	44,61	0.0	0	89	0.0	0.0	0.0	0.0	0.36707109212875366	0.23684045672416687	0.17382079362869263	0.25913071632385254	0.0	-0.0011043548583984375	0.0
s0_sv	4	delta	0	wrong	17,1	0.0	0	89	0.0	0.0	0.0	0.0	0.36707109212875366	0.23684045672416687	0.17382079362869263	0.25913071632385254	0.0	-5.2094459533691406e-05	0.0
s0_sv	4	delta	0	wrong	54,30	0.0	0	89	0.0	0.0	0.0	0.0	0.36707109212875366	0.23684045672416687	0.17382079362869263	0.25913071632385254	0.0	-2.384185791015625e-07	0.0
s0_sv	4	delta	0	wrong	36,1	0.0	0	89	0.0	0.0	0.0	0.0	0.36707109212875366	0.23684045672416687	0.17382079362869263	0.25913071632385254	0.0	-1.3589859008789062e-05	0.0
s0_sv	4	delta	0	wrong	55,52	0.0	0	89	0.0	0.0	0.0	0.0	0.36707109212875366	0.23684045672416687	0.17382079362869263	0.25913071632385254	0.0	-2.384185791015625e-06	0.0
s0_sv	4	delta	0	wrong	28,34	0.0	0	89	0.0	0.0	0.0	0.0	0.36707109212875366	0.23684045672416687	0.17382079362869263	0.25913071632385254	0.0	-3.337860107421875e-05	0.0
s0_sv	4	delta	0	wrong	47,2	0.0	0	89	0.0	0.0	0.0	0.0	0.36707109212875366	0.23684045672416687	0.17382079362869263	0.25913071632385254	0.0	-9.5367431640625e-07	0.0
s0_sv	4	delta	0	wrong	21,18	0.0	0	89	0.0	0.0	0.0	0.0	0.36707109212875366	0.23684045672416687	0.17382079362869263	0.25913071632385254	0.0	-2.2411346435546875e-05	0.0
s0_sv	4	delta	0	wrong	46,34	0.0	0	89	0.0	0.0	0.0	0.0	0.36707109212875366	0.23684045672416687	0.17382079362869263	0.25913071632385254	0.0	-2.9087066650390625e-05	0.0
s0_sv	4	delta	0	wrong	8,3	0.0	0	89	0.0	0.0	0.0	0.0	0.36707109212875366	0.23684045672416687	0.17382079362869263	0.25913071632385254	0.0	-0.004358887672424316	0.0
s0_sv	4	delta	0	wrong	63,21	0.0	0	89	0.0	0.0	0.0	0.0	0.36707109212875366	0.23684045672416687	0.17382079362869263	0.25913071632385254	0.0	-7.009506225585938e-05	0.0
s0_sv	4	delta	0	wrong	41,36	0.0	0	89	0.0	0.0	0.0	0.0	0.36707109212875366	0.23684045672416687	0.17382079362869263	0.25913071632385254	0.0	-8.0108642578125e-05	0.0
s0_sv	4	delta	0	wrong	10,2	0.0	0	89	0.0	0.0	0.0	0.0	0.36707109212875366	0.23684045672416687	0.17382079362869263	0.25913071632385254	0.0	-1.1920928955078125e-06	0.0
s0_sv	4	delta	0	wrong	14,13	0.0	0	89	0.0	0.0	0.0	0.0	0.36707109212875366	0.23684045672416687	0.17382079362869263	0.25913071632385254	0.0	0.0	0.0
s0_sv	4	delta	0	wrong	5,14	0.0	0	89	0.0	0.0	0.0	0.0	0.36707109212875366	0.23684045672416687	0.17382079362869263	0.25913071632385254	0.0	-4.76837158203125e-07	0.0
s0_sv	4	delta	0	wrong	3,48	0.0	0	89	0.0	0.0	0.0	0.0	0.36707109212875366	0.23684045672416687	0.17382079362869263	0.25913071632385254	0.0	-0.013435006141662598	0.0
s0_sv	4	delta	0	wrong	22,1	0.0	0	89	0.0	0.0	0.0	0.0	0.36707109212875366	0.23684045672416687	0.17382079362869263	0.25913071632385254	0.0	-2.4557113647460938e-05	0.0
s0_sv	4	delta	0	wrong	23,60	-0.5234375	162	89	0.03683510422706604	0.028814077377319336	0.05461743474006653	0.014515131711959839	0.4039061963558197	0.2656545341014862	0.22843822836875916	0.2736458480358124	0.03329277038574219	-0.015503406524658203	0.011378861963748932
s0_sv	4	delta	0	wrong	13,15	0.0	0	89	0.0	0.0	0.0	0.0	0.36707109212875366	0.23684045672416687	0.17382079362869263	0.25913071632385254	0.0	0.0	0.0
s0_sv	4	delta	0	wrong	8,6	0.0	0	89	0.0	0.0	0.0	0.0	0.36707109212875366	0.23684045672416687	0.17382079362869263	0.25913071632385254	0.0	0.0	0.0
s0_sv	4	delta	0	wrong	12,8	0.0	0	89	0.0	0.0	0.0	0.0	0.36707109212875366	0.23684045672416687	0.17382079362869263	0.25913071632385254	0.0	-2.1457672119140625e-05	0.0
s0_sv	4	delta	0	wrong	30,54	0.0	0	89	0.0	0.0	0.0	0.0	0.36707109212875366	0.23684045672416687	0.17382079362869263	0.25913071632385254	0.0	-1.1920928955078125e-07	0.0
s0_sv	4	delta	0	wrong	14,43	0.0	0	89	0.0	0.0	0.0	0.0	0.36707109212875366	0.23684045672416687	0.17382079362869263	0.25913071632385254	0.0	-1.2993812561035156e-05	0.0
s0_sv	4	delta	0	wrong	21,0	0.0	0	89	0.0	0.0	0.0	0.0	0.36707109212875366	0.23684045672416687	0.17382079362869263	0.25913071632385254	0.0	-1.1920928955078125e-07	0.0
s0_sv	4	delta	0	wrong	43,44	0.0	0	89	0.0	0.0	0.0	0.0	0.36707109212875366	0.23684045672416687	0.17382079362869263	0.25913071632385254	0.0	-0.0011055469512939453	0.0
s0_sv	4	delta	0	wrong	59,30	0.0	0	89	0.0	0.0	0.0	0.0	0.36707109212875366	0.23684045672416687	0.17382079362869263	0.25913071632385254	0.0	-2.384185791015625e-07	0.0
s0_sv	4	delta	0	wrong	16,42	0.0	0	89	0.0	0.0	0.0	0.0	0.36707109212875366	0.23684045672416687	0.17382079362869263	0.25913071632385254	0.0	-4.673004150390625e-05	0.0
s0_sv	4	delta	0	wrong	1,51	0.0	0	89	0.0	0.0	0.0	0.0	0.36707109212875366	0.23684045672416687	0.17382079362869263	0.25913071632385254	0.0	-2.753734588623047e-05	0.0
s0_sv	4	delta	0	wrong	1,39	0.0	0	89	0.0	0.0	0.0	0.0	0.36707109212875366	0.23684045672416687	0.17382079362869263	0.25913071632385254	0.0	-0.0004950761795043945	0.0
s0_sv	4	delta	0	wrong	51,2	0.0	0	89	0.0	0.0	0.0	0.0	0.36707109212875366	0.23684045672416687	0.17382079362869263	0.25913071632385254	0.0	-1.1920928955078125e-07	0.0
s0_sv	4	delta	1	true	3,21	0.14453125	85	89	0.05370858311653137	0.049495309591293335	-0.00272563099861145	0.023532256484031677	0.23567083477973938	0.13316413760185242	0.22762149572372437	0.21737010776996613	0.018589019775390625	-0.0850609540939331	-0.018469810485839844
s0_sv	4	delta	1	true	4,20	0.0	0	89	0.0	0.0	0.0	0.0	0.181962251663208	0.08366882801055908	0.23034712672233582	0.19383785128593445	0.0	-0.000217437744140625	0.0
s0_sv	4	delta	1	true	5,16	0.00390625	1	89	-0.00021848082542419434	4.145503044128418e-05	-0.0002189725637435913	0.0007673054933547974	0.1817437708377838	0.08371028304100037	0.23012815415859222	0.19460515677928925	6.186962127685547e-05	-0.0408627986907959	-0.0015732720494270325
s0_sv	4	delta	1	true	5,21	0.04296875	17	89	-0.001356169581413269	0.002029106020927429	-0.00864487886428833	0.005725055932998657	0.18060608208179474	0.08569793403148651	0.22170224785804749	0.1995629072189331	0.001431584358215332	-0.11884903907775879	-0.019098613411188126
s0_sv	4	delta	1	true	5,22	0.0	0	89	0.0	0.0	0.0	0.0	0.181962251663208	0.08366882801055908	0.23034712672233582	0.19383785128593445	0.0	-0.015048503875732422	-0.00011532008647918701
s0_sv	4	delta	1	true	61,36	0.0	0	89	0.0	0.0	0.0	0.0	0.181962251663208	0.08366882801055908	0.23034712672233582	0.19383785128593445	0.0	-0.002295255661010742	0.0
s0_sv	4	delta	1	true	1,27	0.0	0	89	0.0	0.0	0.0	0.0	0.181962251663208	0.08366882801055908	0.23034712672233582	0.19383785128593445	0.0	-0.007102489471435547	0.0
s0_sv	4	delta	1	true	2,31	0.0	0	89	0.0	0.0	0.0	0.0	0.181962251663208	0.08366882801055908	0.23034712672233582	0.19383785128593445	0.0	-1.6570091247558594e-05	0.0
s0_sv	4	delta	1	true	3,27	0.0	0	89	0.0	0.0	0.0	0.0	0.181962251663208	0.08366882801055908	0.23034712672233582	0.19383785128593445	0.0	-0.06699812412261963	-0.00026755034923553467
s0_sv	4	delta	1	true	3,31	0.0	0	89	0.0	0.0	0.0	0.0	0.181962251663208	0.08366882801055908	0.23034712672233582	0.19383785128593445	0.0	-0.0006558895111083984	0.0
s0_sv	4	delta	1	true	6,26	0.0	0	89	0.0	0.0	0.0	0.0	0.181962251663208	0.08366882801055908	0.23034712672233582	0.19383785128593445	0.0	-5.364418029785156e-06	0.0
s0_sv	4	delta	1	true	40,24	0.0	0	89	0.0	0.0	0.0	0.0	0.181962251663208	0.08366882801055908	0.23034712672233582	0.19383785128593445	0.0	-1.8835067749023438e-05	0.0
s0_sv	4	delta	1	true	40,31	0.0	0	89	0.0	0.0	0.0	0.0	0.181962251663208	0.08366882801055908	0.23034712672233582	0.19383785128593445	0.0	-9.5367431640625e-07	0.0
s0_sv	4	delta	1	true	43,25	0.0	0	89	0.0	0.0	0.0	0.0	0.181962251663208	0.08366882801055908	0.23034712672233582	0.19383785128593445	0.0	-0.009031295776367188	0.0
s0_sv	4	delta	1	true	44,27	0.0	0	89	0.0	0.0	0.0	0.0	0.181962251663208	0.08366882801055908	0.23034712672233582	0.19383785128593445	0.0	-0.003971576690673828	0.0
s0_sv	4	delta	1	true	45,25	-0.0390625	75	89	-0.020352482795715332	-0.008286312222480774	-0.02629980444908142	-0.02027757465839386	0.16160976886749268	0.07538251578807831	0.2040473222732544	0.1735602766275406	0.018641352653503418	-0.09067177772521973	-0.010809183120727539
s0_sv	4	delta	1	true	52,60	0.0	0	89	0.0	0.0	0.0	0.0	0.181962251663208	0.08366882801055908	0.23034712672233582	0.19383785128593445	0.0	-0.004099607467651367	0.0
s0_sv	4	delta	1	true	53,63	0.0	0	89	0.0	0.0	0.0	0.0	0.181962251663208	0.08366882801055908	0.23034712672233582	0.19383785128593445	0.0	-5.1021575927734375e-05	0.0
s0_sv	4	delta	1	true	55,58	0.0	0	89	0.0	0.0	0.0	0.0	0.181962251663208	0.08366882801055908	0.23034712672233582	0.19383785128593445	0.0	-0.0021704435348510742	0.0
s0_sv	4	delta	1	true	55,63	0.0	0	89	0.0	0.0	0.0	0.0	0.181962251663208	0.08366882801055908	0.23034712672233582	0.19383785128593445	0.0	-3.933906555175781e-05	0.0
s0_sv	4	delta	1	true	16,50	0.0	0	89	0.0	0.0	0.0	0.0	0.181962251663208	0.08366882801055908	0.23034712672233582	0.19383785128593445	0.0	-0.00026869773864746094	0.0
s0_sv	4	delta	1	true	16,54	0.0	0	89	0.0	0.0	0.0	0.0	0.181962251663208	0.08366882801055908	0.23034712672233582	0.19383785128593445	0.0	-3.814697265625e-06	0.0
s0_sv	4	delta	1	true	18,52	0.0	0	89	0.0	0.0	0.0	0.0	0.181962251663208	0.08366882801055908	0.23034712672233582	0.19383785128593445	0.0	-4.76837158203125e-07	0.0
s0_sv	4	delta	1	true	19,52	0.0	0	89	0.0	0.0	0.0	0.0	0.181962251663208	0.08366882801055908	0.23034712672233582	0.19383785128593445	0.0	-9.5367431640625e-07	0.0
s0_sv	4	delta	1	true	19,53	0.0	0	89	0.0	0.0	0.0	0.0	0.181962251663208	0.08366882801055908	0.23034712672233582	0.19383785128593445	0.0	-1.4543533325195312e-05	0.0
s0_sv	4	delta	1	true	19,55	0.0	0	89	0.0	0.0	0.0	0.0	0.181962251663208	0.08366882801055908	0.23034712672233582	0.19383785128593445	0.0	-1.2874603271484375e-05	0.0
s0_sv	4	delta	1	true	23,48	0.0	0	89	0.0	0.0	0.0	0.0	0.181962251663208	0.08366882801055908	0.23034712672233582	0.19383785128593445	0.0	-0.01282644271850586	0.0
s0_sv	4	delta	1	true	32,59	0.0	1	89	0.0006258934736251831	0.001340225338935852	0.0001919567584991455	7.28219747543335e-05	0.1825881451368332	0.08500905334949493	0.23053908348083496	0.19391067326068878	0.00014221668243408203	-0.07988274097442627	-0.00785796344280243
s0_sv	4	delta	1	true	36,62	0.0	0	89	0.0	0.0	0.0	0.0	0.181962251663208	0.08366882801055908	0.23034712672233582	0.19383785128593445	0.0	-0.0006352663040161133	0.0
s0_sv	4	delta	1	true	38,59	0.0	0	89	0.0	0.0	0.0	0.0	0.181962251663208	0.08366882801055908	0.23034712672233582	0.19383785128593445	0.0	-0.00012063980102539062	0.0
s0_sv	4	delta	1	true	36,51	0.0	0	89	0.0	0.0	0.0	0.0	0.181962251663208	0.08366882801055908	0.23034712672233582	0.19383785128593445	0.0	-3.814697265625e-06	0.0
s0_sv	4	delta	1	true	37,48	0.0	0	89	0.0	0.0	0.0	0.0	0.181962251663208	0.08366882801055908	0.23034712672233582	0.19383785128593445	0.0	-0.0004246234893798828	0.0
s0_sv	4	delta	1	true	36,42	0.0	0	89	0.0	0.0	0.0	0.0	0.181962251663208	0.08366882801055908	0.23034712672233582	0.19383785128593445	0.0	-7.510185241699219e-05	0.0
s0_sv	4	delta	1	true	1,62	0.0	0	89	0.0	0.0	0.0	0.0	0.181962251663208	0.08366882801055908	0.23034712672233582	0.19383785128593445	0.0	-0.014940857887268066	0.0
s0_sv	4	delta	1	true	2,62	0.0	0	89	0.0	0.0	0.0	0.0	0.181962251663208	0.08366882801055908	0.23034712672233582	0.19383785128593445	0.0	-0.003986835479736328	0.0
s0_sv	4	delta	1	true	5,56	0.0	2	89	-0.000305861234664917	-0.00018724799156188965	-0.000734969973564148	0.0001691579818725586	0.1816563904285431	0.08348158001899719	0.22961215674877167	0.194007009267807	0.00015926361083984375	-0.08548212051391602	-0.009586378931999207
s0_sv	4	delta	1	true	5,62	0.0	2	89	0.0015084445476531982	0.0010561496019363403	-0.0015672147274017334	0.0008576959371566772	0.1834706962108612	0.08472497761249542	0.22877991199493408	0.19469554722309113	6.4849853515625e-05	-0.10812175273895264	-0.00769951194524765
s0_sv	4	delta	1	true	2,28	0.0	0	89	0.0	0.0	0.0	0.0	0.181962251663208	0.08366882801055908	0.23034712672233582	0.19383785128593445	0.0	-2.777576446533203e-05	0.0
s0_sv	4	delta	1	true	37,33	0.0	0	89	0.0	0.0	0.0	0.0	0.181962251663208	0.08366882801055908	0.23034712672233582	0.19383785128593445	0.0	-0.0009398460388183594	0.0
s0_sv	4	delta	1	true	38,39	0.0	0	89	0.0	0.0	0.0	0.0	0.181962251663208	0.08366882801055908	0.23034712672233582	0.19383785128593445	0.0	-0.00033164024353027344	0.0
s0_sv	4	delta	1	true	53,44	0.0	0	89	0.0	0.0	0.0	0.0	0.181962251663208	0.08366882801055908	0.23034712672233582	0.19383785128593445	0.0	-0.0025224685668945312	0.0
s0_sv	4	delta	1	true	54,44	0.0	0	89	0.0	0.0	0.0	0.0	0.181962251663208	0.08366882801055908	0.23034712672233582	0.19383785128593445	0.0	-4.76837158203125e-05	0.0
s0_sv	4	delta	1	true	1,24	0.0	0	89	0.0	0.0	0.0	0.0	0.181962251663208	0.08366882801055908	0.23034712672233582	0.19383785128593445	0.0	-0.0009744167327880859	0.0
s0_sv	4	delta	1	true	3,28	0.0	0	89	0.0	0.0	0.0	0.0	0.181962251663208	0.08366882801055908	0.23034712672233582	0.19383785128593445	0.0	-0.001146078109741211	0.0
s0_sv	4	delta	1	true	6,30	0.0	0	89	0.0	0.0	0.0	0.0	0.181962251663208	0.08366882801055908	0.23034712672233582	0.19383785128593445	0.0	-7.152557373046875e-07	0.0
s0_sv	4	delta	1	true	6,31	0.0	0	89	0.0	0.0	0.0	0.0	0.181962251663208	0.08366882801055908	0.23034712672233582	0.19383785128593445	0.0	-7.152557373046875e-07	0.0
s0_sv	4	delta	1	true	9,37	0.0	0	89	0.0	0.0	0.0	0.0	0.181962251663208	0.08366882801055908	0.23034712672233582	0.19383785128593445	0.0	-3.409385681152344e-05	0.0
s0_sv	4	delta	1	true	10,39	0.0	0	89	0.0	0.0	0.0	0.0	0.181962251663208	0.08366882801055908	0.23034712672233582	0.19383785128593445	0.0	-0.0016243457794189453	0.0
s0_sv	4	delta	1	wrong	13,22	0.0	0	89	0.0	0.0	0.0	0.0	0.181962251663208	0.08366882801055908	0.23034712672233582	0.19383785128593445	0.0	-7.748603820800781e-06	0.0
s0_sv	4	delta	1	wrong	24,22	0.0	0	89	0.0	0.0	0.0	0.0	0.181962251663208	0.08366882801055908	0.23034712672233582	0.19383785128593445	0.0	-5.424022674560547e-05	0.0
s0_sv	4	delta	1	wrong	25,20	0.0	0	89	0.0	0.0	0.0	0.0	0.181962251663208	0.08366882801055908	0.23034712672233582	0.19383785128593445	0.0	-0.0014216899871826172	0.0
s0_sv	4	delta	1	wrong	10,25	0.0	0	89	0.0	0.0	0.0	0.0	0.181962251663208	0.08366882801055908	0.23034712672233582	0.19383785128593445	0.0	-0.008959531784057617	0.0
s0_sv	4	delta	1	wrong	30,51	0.0	0	89	0.0	0.0	0.0	0.0	0.181962251663208	0.08366882801055908	0.23034712672233582	0.19383785128593445	0.0	-1.1920928955078125e-06	0.0
s0_sv	4	delta	1	wrong	23,46	0.0	0	89	0.0	0.0	0.0	0.0	0.181962251663208	0.08366882801055908	0.23034712672233582	0.19383785128593445	0.0	-0.0004978179931640625	0.0
s0_sv	4	delta	1	wrong	21,63	0.0	0	89	0.0	0.0	0.0	0.0	0.181962251663208	0.08366882801055908	0.23034712672233582	0.19383785128593445	0.0	-0.00020432472229003906	0.0
s0_sv	4	delta	1	wrong	25,7	0.0	0	89	0.0	0.0	0.0	0.0	0.181962251663208	0.08366882801055908	0.23034712672233582	0.19383785128593445	0.0	-8.559226989746094e-05	0.0
s0_sv	4	delta	1	wrong	43,57	0.0	0	89	0.0	0.0	0.0	0.0	0.181962251663208	0.08366882801055908	0.23034712672233582	0.19383785128593445	0.0	-0.0003376007080078125	0.0
s0_sv	4	delta	1	wrong	21,39	0.0	0	89	0.0	0.0	0.0	0.0	0.181962251663208	0.08366882801055908	0.23034712672233582	0.19383785128593445	0.0	-0.0024766921997070312	0.0
s0_sv	4	delta	1	wrong	53,0	0.0	0	89	0.0	0.0	0.0	0.0	0.181962251663208	0.08366882801055908	0.23034712672233582	0.19383785128593445	0.0	0.0	0.0
s0_sv	4	delta	1	wrong	23,59	0.0	0	89	0.0	0.0	0.0	0.0	0.181962251663208	0.08366882801055908	0.23034712672233582	0.19383785128593445	0.0	-0.0022238492965698242	0.0
s0_sv	4	delta	1	wrong	23,38	0.0	0	89	0.0	0.0	0.0	0.0	0.181962251663208	0.08366882801055908	0.23034712672233582	0.19383785128593445	0.0	-0.005346536636352539	0.0
s0_sv	4	delta	1	wrong	4,44	0.0	0	89	0.0	0.0	0.0	0.0	0.181962251663208	0.08366882801055908	0.23034712672233582	0.19383785128593445	0.0	-0.0018787384033203125	0.0
s0_sv	4	delta	1	wrong	42,58	0.0	0	89	0.0	0.0	0.0	0.0	0.181962251663208	0.08366882801055908	0.23034712672233582	0.19383785128593445	0.0	-0.0001766681671142578	0.0
s0_sv	4	delta	1	wrong	12,41	0.0	0	89	0.0	0.0	0.0	0.0	0.181962251663208	0.08366882801055908	0.23034712672233582	0.19383785128593445	0.0	-0.00012421607971191406	0.0
s0_sv	4	delta	1	wrong	54,54	0.0	0	89	0.0	0.0	0.0	0.0	0.181962251663208	0.08366882801055908	0.23034712672233582	0.19383785128593445	0.0	-2.384185791015625e-07	0.0
s0_sv	4	delta	1	wrong	59,42	0.0	0	89	0.0	0.0	0.0	0.0	0.181962251663208	0.08366882801055908	0.23034712672233582	0.19383785128593445	0.0	-2.3603439331054688e-05	0.0
s0_sv	4	delta	1	wrong	44,61	0.0	0	89	0.0	0.0	0.0	0.0	0.181962251663208	0.08366882801055908	0.23034712672233582	0.19383785128593445	0.0	-0.0057822465896606445	0.0
s0_sv	4	delta	1	wrong	17,1	0.0	0	89	0.0	0.0	0.0	0.0	0.181962251663208	0.08366882801055908	0.23034712672233582	0.19383785128593445	0.0	-0.0002015829086303711	0.0
s0_sv	4	delta	1	wrong	54,30	0.0	0	89	0.0	0.0	0.0	0.0	0.181962251663208	0.08366882801055908	0.23034712672233582	0.19383785128593445	0.0	-4.76837158203125e-07	0.0
s0_sv	4	delta	1	wrong	36,1	0.0	0	89	0.0	0.0	0.0	0.0	0.181962251663208	0.08366882801055908	0.23034712672233582	0.19383785128593445	0.0	-5.137920379638672e-05	0.0
s0_sv	4	delta	1	wrong	55,52	0.0	0	89	0.0	0.0	0.0	0.0	0.181962251663208	0.08366882801055908	0.23034712672233582	0.19383785128593445	0.0	-9.775161743164062e-06	0.0
s0_sv	4	delta	1	wrong	28,34	0.0	0	89	0.0	0.0	0.0	0.0	0.181962251663208	0.08366882801055908	0.23034712672233582	0.19383785128593445	0.0	-0.0001614093780517578	0.0
s0_sv	4	delta	1	wrong	47,2	0.0	0	89	0.0	0.0	0.0	0.0	0.181962251663208	0.08366882801055908	0.23034712672233582	0.19383785128593445	0.0	-4.76837158203125e-06	0.0
s0_sv	4	delta	1	wrong	21,18	0.0	0	89	0.0	0.0	0.0	0.0	0.181962251663208	0.08366882801055908	0.23034712672233582	0.19383785128593445	0.0	-0.00013768672943115234	0.0
s0_sv	4	delta	1	wrong	46,34	0.0	0	89	0.0	0.0	0.0	0.0	0.181962251663208	0.08366882801055908	0.23034712672233582	0.19383785128593445	0.0	-0.00013947486877441406	0.0
s0_sv	4	delta	1	wrong	8,3	0.0	0	89	0.0	0.0	0.0	0.0	0.181962251663208	0.08366882801055908	0.23034712672233582	0.19383785128593445	0.0	-0.023286938667297363	0.0
s0_sv	4	delta	1	wrong	63,21	0.0	0	89	0.0	0.0	0.0	0.0	0.181962251663208	0.08366882801055908	0.23034712672233582	0.19383785128593445	0.0	-0.00043785572052001953	0.0
s0_sv	4	delta	1	wrong	41,36	0.0	0	89	0.0	0.0	0.0	0.0	0.181962251663208	0.08366882801055908	0.23034712672233582	0.19383785128593445	0.0	-0.0004420280456542969	0.0
s0_sv	4	delta	1	wrong	10,2	0.0	0	89	0.0	0.0	0.0	0.0	0.181962251663208	0.08366882801055908	0.23034712672233582	0.19383785128593445	0.0	-6.67572021484375e-06	0.0
s0_sv	4	delta	1	wrong	14,13	0.0	0	89	0.0	0.0	0.0	0.0	0.181962251663208	0.08366882801055908	0.23034712672233582	0.19383785128593445	0.0	0.0	0.0
s0_sv	4	delta	1	wrong	5,14	0.0	0	89	0.0	0.0	0.0	0.0	0.181962251663208	0.08366882801055908	0.23034712672233582	0.19383785128593445	0.0	-2.1457672119140625e-06	0.0
s0_sv	4	delta	1	wrong	3,48	0.0	0	89	0.0	0.0	0.0	0.0	0.181962251663208	0.08366882801055908	0.23034712672233582	0.19383785128593445	0.0	-0.0581822395324707	-5.346536636352539e-05
s0_sv	4	delta	1	wrong	22,1	0.0	0	89	0.0	0.0	0.0	0.0	0.181962251663208	0.08366882801055908	0.23034712672233582	0.19383785128593445	0.0	-8.153915405273438e-05	0.0
s0_sv	4	delta	1	wrong	23,60	-0.1796875	251	89	0.20994865894317627	0.18164396286010742	0.011036306619644165	0.06326040625572205	0.3919109106063843	0.2653127908706665	0.24138343334197998	0.2570982575416565	0.19370484352111816	0.525419294834137	0.11728475987911224
s0_sv	4	delta	1	wrong	13,15	0.0	0	89	0.0	0.0	0.0	0.0	0.181962251663208	0.08366882801055908	0.23034712672233582	0.19383785128593445	0.0	0.0	0.0
s0_sv	4	delta	1	wrong	8,6	0.0	0	89	0.0	0.0	0.0	0.0	0.181962251663208	0.08366882801055908	0.23034712672233582	0.19383785128593445	0.0	0.0	0.0
s0_sv	4	delta	1	wrong	12,8	0.0	0	89	0.0	0.0	0.0	0.0	0.181962251663208	0.08366882801055908	0.23034712672233582	0.19383785128593445	0.0	-8.153915405273438e-05	0.0
s0_sv	4	delta	1	wrong	30,54	0.0	0	89	0.0	0.0	0.0	0.0	0.181962251663208	0.08366882801055908	0.23034712672233582	0.19383785128593445	0.0	-2.384185791015625e-07	0.0
s0_sv	4	delta	1	wrong	14,43	0.0	0	89	0.0	0.0	0.0	0.0	0.181962251663208	0.08366882801055908	0.23034712672233582	0.19383785128593445	0.0	-4.649162292480469e-05	0.0
s0_sv	4	delta	1	wrong	21,0	0.0	0	89	0.0	0.0	0.0	0.0	0.181962251663208	0.08366882801055908	0.23034712672233582	0.19383785128593445	0.0	0.0	0.0
s0_sv	4	delta	1	wrong	43,44	0.0	0	89	0.0	0.0	0.0	0.0	0.181962251663208	0.08366882801055908	0.23034712672233582	0.19383785128593445	0.0	-0.005977511405944824	0.0
s0_sv	4	delta	1	wrong	59,30	0.0	0	89	0.0	0.0	0.0	0.0	0.181962251663208	0.08366882801055908	0.23034712672233582	0.19383785128593445	0.0	-7.152557373046875e-07	0.0
s0_sv	4	delta	1	wrong	16,42	0.0	0	89	0.0	0.0	0.0	0.0	0.181962251663208	0.08366882801055908	0.23034712672233582	0.19383785128593445	0.0	-0.00017261505126953125	0.0
s0_sv	4	delta	1	wrong	1,51	0.0	0	89	0.0	0.0	0.0	0.0	0.181962251663208	0.08366882801055908	0.23034712672233582	0.19383785128593445	0.0	-9.846687316894531e-05	0.0
s0_sv	4	delta	1	wrong	1,39	0.0	0	89	0.0	0.0	0.0	0.0	0.181962251663208	0.08366882801055908	0.23034712672233582	0.19383785128593445	0.0	-0.0029494762420654297	0.0
s0_sv	4	delta	1	wrong	51,2	0.0	0	89	0.0	0.0	0.0	0.0	0.181962251663208	0.08366882801055908	0.23034712672233582	0.19383785128593445	0.0	-4.76837158203125e-07	0.0
s0_sv	4	delta	2	true	1,17	0.0	0	89	0.0	0.0	0.0	0.0	0.13959187269210815	0.07077638804912567	0.09858168661594391	0.16860489547252655	0.0	-0.0019360780715942383	0.0
s0_sv	4	delta	2	true	1,21	0.0	0	89	0.0	0.0	0.0	0.0	0.13959187269210815	0.07077638804912567	0.09858168661594391	0.16860489547252655	0.0	-0.005362033843994141	0.0
s0_sv	4	delta	2	true	6,19	0.0	0	89	0.0	0.0	0.0	0.0	0.13959187269210815	0.07077638804912567	0.09858168661594391	0.16860489547252655	0.0	-1.0728836059570312e-06	0.0
s0_sv	4	delta	2	true	57,39	0.0	0	89	0.0	0.0	0.0	0.0	0.13959187269210815	0.07077638804912567	0.09858168661594391	0.16860489547252655	0.0	-9.059906005859375e-06	0.0
s0_sv	4	delta	2	true	60,38	0.00390625	4	89	0.005468785762786865	0.0035332441329956055	0.0013544410467147827	0.0014948993921279907	0.14506065845489502	0.07430963218212128	0.09993612766265869	0.17009979486465454	0.0006339550018310547	-0.055834412574768066	-0.002112284302711487
s0_sv	4	delta	2	true	61,34	0.0	0	89	0.0	0.0	0.0	0.0	0.13959187269210815	0.07077638804912567	0.09858168661594391	0.16860489547252655	0.0	-0.006702542304992676	0.0
s0_sv	4	delta	2	true	63,39	0.0	0	89	0.0	0.0	0.0	0.0	0.13959187269210815	0.07077638804912567	0.09858168661594391	0.16860489547252655	0.0	-2.5391578674316406e-05	0.0
s0_sv	4	delta	2	true	4,30	0.0	0	89	0.0	0.0	0.0	0.0	0.13959187269210815	0.07077638804912567	0.09858168661594391	0.16860489547252655	0.0	-2.5033950805664062e-06	0.0
s0_sv	4	delta	2	true	6,24	0.0	0	89	0.0	0.0	0.0	0.0	0.13959187269210815	0.07077638804912567	0.09858168661594391	0.16860489547252655	0.0	-4.76837158203125e-06	0.0
s0_sv	4	delta	2	true	43,24	0.0	0	89	0.0	0.0	0.0	0.0	0.13959187269210815	0.07077638804912567	0.09858168661594391	0.16860489547252655	0.0	-0.00023376941680908203	0.0
s0_sv	4	delta	2	true	45,29	0.0	0	89	0.0	0.0	0.0	0.0	0.13959187269210815	0.07077638804912567	0.09858168661594391	0.16860489547252655	0.0	-0.0005828142166137695	0.0
s0_sv	4	delta	2	true	46,29	0.0	0	89	0.0	0.0	0.0	0.0	0.13959187269210815	0.07077638804912567	0.09858168661594391	0.16860489547252655	0.0	-3.5762786865234375e-07	0.0
s0_sv	4	delta	2	true	49,59	0.0	0	89	0.0	0.0	0.0	0.0	0.13959187269210815	0.07077638804912567	0.09858168661594391	0.16860489547252655	0.0	-8.940696716308594e-06	0.0
s0_sv	4	delta	2	true	51,57	0.0	0	89	0.0	0.0	0.0	0.0	0.13959187269210815	0.07077638804912567	0.09858168661594391	0.16860489547252655	0.0	-1.0132789611816406e-05	0.0
s0_sv	4	delta	2	true	55,58	0.0	0	89	0.0	0.0	0.0	0.0	0.13959187269210815	0.07077638804912567	0.09858168661594391	0.16860489547252655	0.0	-0.0007880926132202148	0.0
s0_sv	4	delta	2	true	16,49	0.0	0	89	0.0	0.0	0.0	0.0	0.13959187269210815	0.07077638804912567	0.09858168661594391	0.16860489547252655	0.0	-9.179115295410156e-06	0.0
s0_sv	4	delta	2	true	19,51	0.0	0	89	0.0	0.0	0.0	0.0	0.13959187269210815	0.07077638804912567	0.09858168661594391	0.16860489547252655	0.0	-9.5367431640625e-07	0.0
s0_sv	4	delta	2	true	21,53	0.0	0	89	0.0	0.0	0.0	0.0	0.13959187269210815	0.07077638804912567	0.09858168661594391	0.16860489547252655	0.0	-0.0002359151840209961	0.0
s0_sv	4	delta	2	true	22,55	0.0	0	89	0.0	0.0	0.0	0.0	0.13959187269210815	0.07077638804912567	0.09858168661594391	0.16860489547252655	0.0	-1.7881393432617188e-05	0.0
s0_sv	4	delta	2	true	26,43	0.0	0	89	0.0	0.0	0.0	0.0	0.13959187269210815	0.07077638804912567	0.09858168661594391	0.16860489547252655	0.0	-0.00030028820037841797	0.0
s0_sv	4	delta	2	true	27,44	0.0	0	89	0.0	0.0	0.0	0.0	0.13959187269210815	0.07077638804912567	0.09858168661594391	0.16860489547252655	0.0	-0.011134982109069824	0.0
s0_sv	4	delta	2	true	28,47	0.0	0	89	0.0	0.0	0.0	0.0	0.13959187269210815	0.07077638804912567	0.09858168661594391	0.16860489547252655	0.0	-1.2516975402832031e-05	0.0
s0_sv	4	delta	2	true	33,60	0.36328125	153	89	0.10511766374111176	0.07780379056930542	0.033330872654914856	-0.015823304653167725	0.2447095364332199	0.1485801786184311	0.13191255927085876	0.15278159081935883	0.040825605392456055	-0.002950310707092285	-0.015896230936050415
s0_sv	4	delta	2	true	37,60	0.0	0	89	0.0	0.0	0.0	0.0	0.13959187269210815	0.07077638804912567	0.09858168661594391	0.16860489547252655	0.0	-0.01921069622039795	0.0
s0_sv	4	delta	2	true	37,63	0.0	0	89	0.0	0.0	0.0	0.0	0.13959187269210815	0.07077638804912567	0.09858168661594391	0.16860489547252655	0.0	-5.841255187988281e-06	0.0
s0_sv	4	delta	2	true	38,56	0.0	0	89	0.0	0.0	0.0	0.0	0.13959187269210815	0.07077638804912567	0.09858168661594391	0.16860489547252655	0.0	-0.00037932395935058594	0.0
s0_sv	4	delta	2	true	32,48	-0.01171875	23	89	-0.00015985965728759766	-0.001643836498260498	0.013834312558174133	-0.004391878843307495	0.13943201303482056	0.06913255155086517	0.11241599917411804	0.16421301662921906	0.003279447555541992	-0.08070456981658936	-0.0050297752022743225
s0_sv	4	delta	2	true	34,50	0.0	0	89	0.0	0.0	0.0	0.0	0.13959187269210815	0.07077638804912567	0.09858168661594391	0.16860489547252655	0.0	-0.0010793209075927734	0.0
s0_sv	4	delta	2	true	32,41	-0.01953125	49	89	0.006399184465408325	0.0033076852560043335	0.02219313383102417	0.014667227864265442	0.14599105715751648	0.07408407330513	0.12077482044696808	0.183272123336792	0.008170127868652344	-0.07910287380218506	-0.011924415826797485
s0_sv	4	delta	2	true	33,43	0.0	0	89	0.0	0.0	0.0	0.0	0.13959187269210815	0.07077638804912567	0.09858168661594391	0.16860489547252655	0.0	-0.0016611814498901367	0.0
s0_sv	4	delta	2	true	35,46	0.0	0	89	0.0	0.0	0.0	0.0	0.13959187269210815	0.07077638804912567	0.09858168661594391	0.16860489547252655	0.0	-2.0265579223632812e-06	0.0
s0_sv	4	delta	2	true	1,56	0.0	0	89	0.0	0.0	0.0	0.0	0.13959187269210815	0.07077638804912567	0.09858168661594391	0.16860489547252655	0.0	-0.003384709358215332	0.0
s0_sv	4	delta	2	true	2,63	0.0	0	89	0.0	0.0	0.0	0.0	0.13959187269210815	0.07077638804912567	0.09858168661594391	0.16860489547252655	0.0	-2.288818359375e-05	0.0
s0_sv	4	delta	2	true	5,58	0.0	0	89	0.0	0.0	0.0	0.0	0.13959187269210815	0.07077638804912567	0.09858168661594391	0.16860489547252655	0.0	-0.03886449337005615	-6.256997585296631e-05
s0_sv	4	delta	2	true	6,56	0.0	0	89	0.0	0.0	0.0	0.0	0.13959187269210815	0.07077638804912567	0.09858168661594391	0.16860489547252655	0.0	-3.4689903259277344e-05	0.0
s0_sv	4	delta	2	true	7,61	0.0	0	89	0.0	0.0	0.0	0.0	0.13959187269210815	0.07077638804912567	0.09858168661594391	0.16860489547252655	0.0	-0.0027207136154174805	0.0
s0_sv	4	delta	2	true	4,24	0.0	0	89	0.0	0.0	0.0	0.0	0.13959187269210815	0.07077638804912567	0.09858168661594391	0.16860489547252655	0.0	-4.470348358154297e-05	0.0
s0_sv	4	delta	2	true	34,34	0.0	0	89	0.0	0.0	0.0	0.0	0.13959187269210815	0.07077638804912567	0.09858168661594391	0.16860489547252655	0.0	-0.0074492692947387695	0.0
s0_sv	4	delta	2	true	38,38	0.0	0	89	0.0	0.0	0.0	0.0	0.13959187269210815	0.07077638804912567	0.09858168661594391	0.16860489547252655	0.0	-9.28640365600586e-05	0.0
s0_sv	4	delta	2	true	49,47	0.0	0	89	0.0	0.0	0.0	0.0	0.13959187269210815	0.07077638804912567	0.09858168661594391	0.16860489547252655	0.0	-3.5881996154785156e-05	0.0
s0_sv	4	delta	2	true	52,43	0.0	0	89	0.0	0.0	0.0	0.0	0.13959187269210815	0.07077638804912567	0.09858168661594391	0.16860489547252655	0.0	-1.8477439880371094e-05	0.0
s0_sv	4	delta	2	true	55,40	0.0	0	89	0.0	0.0	0.0	0.0	0.13959187269210815	0.07077638804912567	0.09858168661594391	0.16860489547252655	0.0	-0.00046575069427490234	0.0
s0_sv	4	delta	2	true	55,45	0.0	0	89	0.0	0.0	0.0	0.0	0.13959187269210815	0.07077638804912567	0.09858168661594391	0.16860489547252655	0.0	-0.010770082473754883	0.0
s0_sv	4	delta	2	true	1,30	0.0	0	89	0.0	0.0	0.0	0.0	0.13959187269210815	0.07077638804912567	0.09858168661594391	0.16860489547252655	0.0	-2.2292137145996094e-05	0.0
s0_sv	4	delta	2	true	2,27	0.0	0	89	0.0	0.0	0.0	0.0	0.13959187269210815	0.07077638804912567	0.09858168661594391	0.16860489547252655	0.0	-0.0006004571914672852	0.0
s0_sv	4	delta	2	true	4,24	0.0	0	89	0.0	0.0	0.0	0.0	0.13959187269210815	0.07077638804912567	0.09858168661594391	0.16860489547252655	0.0	-4.470348358154297e-05	0.0
s0_sv	4	delta	2	true	7,26	0.0	0	89	0.0	0.0	0.0	0.0	0.13959187269210815	0.07077638804912567	0.09858168661594391	0.16860489547252655	0.0	-7.843971252441406e-05	0.0
s0_sv	4	delta	2	true	11,33	0.0	0	89	0.0	0.0	0.0	0.0	0.13959187269210815	0.07077638804912567	0.09858168661594391	0.16860489547252655	0.0	-0.00028264522552490234	0.0
s0_sv	4	delta	2	wrong	13,22	0.0	0	89	0.0	0.0	0.0	0.0	0.13959187269210815	0.07077638804912567	0.09858168661594391	0.16860489547252655	0.0	-2.6226043701171875e-06	0.0
s0_sv	4	delta	2	wrong	24,22	0.0	0	89	0.0	0.0	0.0	0.0	0.13959187269210815	0.07077638804912567	0.09858168661594391	0.16860489547252655	0.0	-2.2292137145996094e-05	0.0
s0_sv	4	delta	2	wrong	25,20	0.0	0	89	0.0	0.0	0.0	0.0	0.13959187269210815	0.07077638804912567	0.09858168661594391	0.16860489547252655	0.0	-0.0005148649215698242	0.0
s0_sv	4	delta	2	wrong	10,25	0.0	0	89	0.0	0.0	0.0	0.0	0.13959187269210815	0.07077638804912567	0.09858168661594391	0.16860489547252655	0.0	-0.0037355422973632812	0.0
s0_sv	4	delta	2	wrong	30,51	0.0	0	89	0.0	0.0	0.0	0.0	0.13959187269210815	0.07077638804912567	0.09858168661594391	0.16860489547252655	0.0	-5.960464477539062e-07	0.0
s0_sv	4	delta	2	wrong	23,46	0.0	0	89	0.0	0.0	0.0	0.0	0.13959187269210815	0.07077638804912567	0.09858168661594391	0.16860489547252655	0.0	-0.0001741647720336914	0.0
s0_sv	4	delta	2	wrong	21,63	0.0	0	89	0.0	0.0	0.0	0.0	0.13959187269210815	0.07077638804912567	0.09858168661594391	0.16860489547252655	0.0	-7.152557373046875e-05	0.0
s0_sv	4	delta	2	wrong	25,7	0.0	0	89	0.0	0.0	0.0	0.0	0.13959187269210815	0.07077638804912567	0.09858168661594391	0.16860489547252655	0.0	-3.325939178466797e-05	0.0
s0_sv	4	delta	2	wrong	43,57	0.0	0	89	0.0	0.0	0.0	0.0	0.13959187269210815	0.07077638804912567	0.09858168661594391	0.16860489547252655	0.0	-0.0001119375228881836	0.0
s0_sv	4	delta	2	wrong	21,39	0.0	0	89	0.0	0.0	0.0	0.0	0.13959187269210815	0.07077638804912567	0.09858168661594391	0.16860489547252655	0.0	-0.0008139610290527344	0.0
s0_sv	4	delta	2	wrong	53,0	0.0	0	89	0.0	0.0	0.0	0.0	0.13959187269210815	0.07077638804912567	0.09858168661594391	0.16860489547252655	0.0	0.0	0.0
s0_sv	4	delta	2	wrong	23,59	0.0	0	89	0.0	0.0	0.0	0.0	0.13959187269210815	0.07077638804912567	0.09858168661594391	0.16860489547252655	0.0	-0.0007379055023193359	0.0
s0_sv	4	delta	2	wrong	23,38	0.0	0	89	0.0	0.0	0.0	0.0	0.13959187269210815	0.07077638804912567	0.09858168661594391	0.16860489547252655	0.0	-0.0017684698104858398	0.0
s0_sv	4	delta	2	wrong	4,44	0.0	0	89	0.0	0.0	0.0	0.0	0.13959187269210815	0.07077638804912567	0.09858168661594391	0.16860489547252655	0.0	-0.000596165657043457	0.0
s0_sv	4	delta	2	wrong	42,58	0.0	0	89	0.0	0.0	0.0	0.0	0.13959187269210815	0.07077638804912567	0.09858168661594391	0.16860489547252655	0.0	-6.842613220214844e-05	0.0
s0_sv	4	delta	2	wrong	12,41	0.0	0	89	0.0	0.0	0.0	0.0	0.13959187269210815	0.07077638804912567	0.09858168661594391	0.16860489547252655	0.0	-5.066394805908203e-05	0.0
s0_sv	4	delta	2	wrong	54,54	0.0	0	89	0.0	0.0	0.0	0.0	0.13959187269210815	0.07077638804912567	0.09858168661594391	0.16860489547252655	0.0	-1.1920928955078125e-07	0.0
s0_sv	4	delta	2	wrong	59,42	0.0	0	89	0.0	0.0	0.0	0.0	0.13959187269210815	0.07077638804912567	0.09858168661594391	0.16860489547252655	0.0	-9.059906005859375e-06	0.0
s0_sv	4	delta	2	wrong	44,61	0.0	0	89	0.0	0.0	0.0	0.0	0.13959187269210815	0.07077638804912567	0.09858168661594391	0.16860489547252655	0.0	-0.0021190643310546875	0.0
s0_sv	4	delta	2	wrong	17,1	0.0	0	89	0.0	0.0	0.0	0.0	0.13959187269210815	0.07077638804912567	0.09858168661594391	0.16860489547252655	0.0	-8.189678192138672e-05	0.0
s0_sv	4	delta	2	wrong	54,30	0.0	0	89	0.0	0.0	0.0	0.0	0.13959187269210815	0.07077638804912567	0.09858168661594391	0.16860489547252655	0.0	-2.384185791015625e-07	0.0
s0_sv	4	delta	2	wrong	36,1	0.0	0	89	0.0	0.0	0.0	0.0	0.13959187269210815	0.07077638804912567	0.09858168661594391	0.16860489547252655	0.0	-2.0623207092285156e-05	0.0
s0_sv	4	delta	2	wrong	55,52	0.0	0	89	0.0	0.0	0.0	0.0	0.13959187269210815	0.07077638804912567	0.09858168661594391	0.16860489547252655	0.0	-3.933906555175781e-06	0.0
s0_sv	4	delta	2	wrong	28,34	0.0	0	89	0.0	0.0	0.0	0.0	0.13959187269210815	0.07077638804912567	0.09858168661594391	0.16860489547252655	0.0	-5.9485435485839844e-05	0.0
s0_sv	4	delta	2	wrong	47,2	0.0	0	89	0.0	0.0	0.0	0.0	0.13959187269210815	0.07077638804912567	0.09858168661594391	0.16860489547252655	0.0	-1.7881393432617188e-06	0.0
s0_sv	4	delta	2	wrong	21,18	0.0	0	89	0.0	0.0	0.0	0.0	0.13959187269210815	0.07077638804912567	0.09858168661594391	0.16860489547252655	0.0	-4.38690185546875e-05	0.0
s0_sv	4	delta	2	wrong	46,34	0.0	0	89	0.0	0.0	0.0	0.0	0.13959187269210815	0.07077638804912567	0.09858168661594391	0.16860489547252655	0.0	-5.328655242919922e-05	0.0
s0_sv	4	delta	2	wrong	8,3	0.0	0	89	0.0	0.0	0.0	0.0	0.13959187269210815	0.07077638804912567	0.09858168661594391	0.16860489547252655	0.0	-0.008309006690979004	0.0
s0_sv	4	delta	2	wrong	63,21	0.0	0	89	0.0	0.0	0.0	0.0	0.13959187269210815	0.07077638804912567	0.09858168661594391	0.16860489547252655	0.0	-0.00014209747314453125	0.0
s0_sv	4	delta	2	wrong	41,36	0.0	0	89	0.0	0.0	0.0	0.0	0.13959187269210815	0.07077638804912567	0.09858168661594391	0.16860489547252655	0.0	-0.0001481771469116211	0.0
s0_sv	4	delta	2	wrong	10,2	0.0	0	89	0.0	0.0	0.0	0.0	0.13959187269210815	0.07077638804912567	0.09858168661594391	0.16860489547252655	0.0	-2.2649765014648438e-06	0.0
s0_sv	4	delta	2	wrong	14,13	0.0	0	89	0.0	0.0	0.0	0.0	0.13959187269210815	0.07077638804912567	0.09858168661594391	0.16860489547252655	0.0	0.0	0.0
s0_sv	4	delta	2	wrong	5,14	0.0	0	89	0.0	0.0	0.0	0.0	0.13959187269210815	0.07077638804912567	0.09858168661594391	0.16860489547252655	0.0	-8.344650268554688e-07	0.0
s0_sv	4	delta	2	wrong	3,48	0.0	0	89	0.0	0.0	0.0	0.0	0.13959187269210815	0.07077638804912567	0.09858168661594391	0.16860489547252655	0.0	-0.023069262504577637	0.0
s0_sv	4	delta	2	wrong	22,1	0.0	0	89	0.0	0.0	0.0	0.0	0.13959187269210815	0.07077638804912567	0.09858168661594391	0.16860489547252655	0.0	-3.457069396972656e-05	0.0
s0_sv	4	delta	2	wrong	23,60	-0.26171875	220	89	0.22407400608062744	0.17490379512310028	0.12433631718158722	0.07422663271427155	0.3636658787727356	0.24568018317222595	0.22291800379753113	0.2428315281867981	0.08666908740997314	0.1982250213623047	0.01450851559638977
s0_sv	4	delta	2	wrong	13,15	0.0	0	89	0.0	0.0	0.0	0.0	0.13959187269210815	0.07077638804912567	0.09858168661594391	0.16860489547252655	0.0	0.0	0.0
s0_sv	4	delta	2	wrong	8,6	0.0	0	89	0.0	0.0	0.0	0.0	0.13959187269210815	0.07077638804912567	0.09858168661594391	0.16860489547252655	0.0	0.0	0.0
s0_sv	4	delta	2	wrong	12,8	0.0	0	89	0.0	0.0	0.0	0.0	0.13959187269210815	0.07077638804912567	0.09858168661594391	0.16860489547252655	0.0	-3.3020973205566406e-05	0.0
s0_sv	4	delta	2	wrong	30,54	0.0	0	89	0.0	0.0	0.0	0.0	0.13959187269210815	0.07077638804912567	0.09858168661594391	0.16860489547252655	0.0	-2.384185791015625e-07	0.0
s0_sv	4	delta	2	wrong	14,43	0.0	0	89	0.0	0.0	0.0	0.0	0.13959187269210815	0.07077638804912567	0.09858168661594391	0.16860489547252655	0.0	-1.919269561767578e-05	0.0
s0_sv	4	delta	2	wrong	21,0	0.0	0	89	0.0	0.0	0.0	0.0	0.13959187269210815	0.07077638804912567	0.09858168661594391	0.16860489547252655	0.0	-1.1920928955078125e-07	0.0
s0_sv	4	delta	2	wrong	43,44	0.0	0	89	0.0	0.0	0.0	0.0	0.13959187269210815	0.07077638804912567	0.09858168661594391	0.16860489547252655	0.0	-0.0020744800567626953	0.0
s0_sv	4	delta	2	wrong	59,30	0.0	0	89	0.0	0.0	0.0	0.0	0.13959187269210815	0.07077638804912567	0.09858168661594391	0.16860489547252655	0.0	-3.5762786865234375e-07	0.0
s0_sv	4	delta	2	wrong	16,42	0.0	0	89	0.0	0.0	0.0	0.0	0.13959187269210815	0.07077638804912567	0.09858168661594391	0.16860489547252655	0.0	-7.164478302001953e-05	0.0
s0_sv	4	delta	2	wrong	1,51	0.0	0	89	0.0	0.0	0.0	0.0	0.13959187269210815	0.07077638804912567	0.09858168661594391	0.16860489547252655	0.0	-4.1365623474121094e-05	0.0
s0_sv	4	delta	2	wrong	1,39	0.0	0	89	0.0	0.0	0.0	0.0	0.13959187269210815	0.07077638804912567	0.09858168661594391	0.16860489547252655	0.0	-0.0009673833847045898	0.0
s0_sv	4	delta	2	wrong	51,2	0.0	0	89	0.0	0.0	0.0	0.0	0.13959187269210815	0.07077638804912567	0.09858168661594391	0.16860489547252655	0.0	-3.5762786865234375e-07	0.0
s0_sv	4	single	-1	true	1,20	0.33203125	-1	1					0.1942165493965149	0.12775850296020508	0.1973884254693985	0.28878337144851685	0.2874833643436432	0.0	0.0
s0_sv	4	single	-1	true	1,21	0.33203125	-1	1					0.19717684388160706	0.13438670337200165	0.1898244321346283	0.24167345464229584	0.6343716979026794	0.0	0.0
s0_sv	4	single	-1	true	3,17	0.33203125	-1	1					0.42620593309402466	0.2661016285419464	0.17241810262203217	0.25224336981773376	0.813627302646637	0.0	0.0
s0_sv	4	single	-1	true	7,20	0.33203125	-1	1					0.15813800692558289	0.09378361701965332	0.14301428198814392	0.28273579478263855	0.1975622922182083	0.0	0.0
s0_sv	4	single	-1	true	58,32	0.33203125	-1	1					0.16598211228847504	0.08191513270139694	0.10388597846031189	0.16602814197540283	1.1138136386871338	0.0	0.0
s0_sv	4	single	-1	true	59,32	0.33203125	-1	1					0.29754331707954407	0.16347770392894745	0.1089339479804039	0.13568449020385742	0.6506866216659546	0.0	0.0
s0_sv	4	single	-1	true	59,39	0.33203125	-1	1					0.10466016829013824	0.04898811876773834	0.0561537891626358	0.12158669531345367	-0.10582558810710907	0.0	0.0
s0_sv	4	single	-1	true	60,38	0.5078125	-1	1					0.43521153926849365	0.28488805890083313	0.21271789073944092	0.24045681953430176	0.9137393832206726	0.0	0.0
s0_sv	4	single	-1	true	62,36	0.5078125	-1	1					0.14933356642723083	0.07795637100934982	0.13489559292793274	0.26190388202667236	0.3656409978866577	0.0	0.0
s0_sv	4	single	-1	true	63,34	0.84375	-1	1					0.303101122379303	0.1846107542514801	0.07510794699192047	0.13332150876522064	0.18668651580810547	0.0	0.0
s0_sv	4	single	-1	true	0,25	0.07421875	-1	1					0.1812368929386139	0.10775351524353027	0.10045257955789566	0.11231393367052078	0.0774308368563652	0.0	0.0
s0_sv	4	single	-1	true	2,30	0.07421875	-1	1					0.08228743821382523	0.04432452842593193	0.16214808821678162	0.10185128450393677	-0.31035810708999634	0.0	0.0
s0_sv	4	single	-1	true	3,24	0.07421875	-1	1					0.13378460705280304	0.06962355971336365	0.20079782605171204	0.257670521736145	0.5836140513420105	0.0	0.0
s0_sv	4	single	-1	true	5,26	0.07421875	-1	1					0.032193370163440704	0.015852510929107666	0.07954709231853485	0.32766491174697876	0.4005044102668762	0.0	0.0
s0_sv	4	single	-1	true	6,31	0.07421875	-1	1					0.09911125898361206	0.049887724220752716	0.14030784368515015	0.12617775797843933	-0.7104415893554688	0.0	0.0
s0_sv	4	single	-1	true	40,28	0.05078125	-1	1					0.12336757034063339	0.05568131059408188	0.14229485392570496	0.11711223423480988	-0.6949936747550964	0.0	0.0
s0_sv	4	single	-1	true	41,30	0.05078125	-1	1					0.006097528152167797	0.002131813205778599	0.1325230896472931	0.13604235649108887	-0.2815067172050476	0.0	0.0
s0_sv	4	single	-1	true	45,25	0.05078125	-1	1					0.09683960676193237	0.058453068137168884	0.10662995278835297	0.15420711040496826	0.9797644019126892	0.0	0.0
s0_sv	4	single	-1	true	47,29	0.05078125	-1	1					0.20194058120250702	0.10544493049383163	0.10891860723495483	0.23206238448619843	-0.15206661820411682	0.0	0.0
s0_sv	4	single	-1	true	49,56	0.0625	-1	1					0.039449356496334076	0.013111894950270653	0.06712808459997177	0.09427666664123535	0.08477166295051575	0.0	0.0
s0_sv	4	single	-1	true	50,60	0.0625	-1	1					0.01821720227599144	0.0046853674575686455	0.07767396420240402	0.17638587951660156	1.0771236419677734	0.0	0.0
s0_sv	4	single	-1	true	51,57	0.0625	-1	1					0.07533895969390869	0.023920977488160133	0.0722329169511795	0.11747516691684723	-0.18290270864963531	0.0	0.0
s0_sv	4	single	-1	true	55,59	0.0625	-1	1					0.10099483281373978	0.03170597925782204	0.1508270502090454	0.09646231681108475	0.06262736022472382	0.0	0.0
s0_sv	4	single	-1	true	16,49	0.0625	-1	1					0.04673021286725998	0.021469317376613617	0.06335487216711044	0.17329278588294983	-0.2403116524219513	0.0	0.0
s0_sv	4	single	-1	true	24,42	0.37890625	-1	1					0.1272505521774292	0.05466752499341965	0.1758190542459488	0.17742231488227844	-0.13398104906082153	0.0	0.0
s0_sv	4	single	-1	true	24,46	0.37890625	-1	1					0.012660043314099312	0.004153735004365444	0.11545898020267487	0.09672856330871582	-0.345244824886322	0.0	0.0
s0_sv	4	single	-1	true	25,40	0.37890625	-1	1					0.4670593738555908	0.2992734909057617	0.2314421534538269	0.20133395493030548	0.45035266876220703	0.0	0.0
s0_sv	4	single	-1	true	25,43	0.37890625	-1	1					0.1803053915500641	0.0820959061384201	0.1522708237171173	0.20444008708000183	0.4603467285633087	0.0	0.0
s0_sv	4	single	-1	true	27,43	0.37890625	-1	1					0.29461610317230225	0.15506458282470703	0.1842728853225708	0.258466899394989	0.5360122323036194	0.0	0.0
s0_sv	4	single	-1	true	28,41	0.37890625	-1	1					0.4148235321044922	0.27169013023376465	0.17334909737110138	0.2088501751422882	-0.05824638158082962	0.0	0.0
s0_sv	4	single	-1	true	29,44	0.37890625	-1	1					0.039241306483745575	0.014588398858904839	0.0857001543045044	0.15547052025794983	0.0921095684170723	0.0	0.0
s0_sv	4	single	-1	true	30,44	0.37890625	-1	1					0.06087983772158623	0.021184831857681274	0.07282595336437225	0.1936933696269989	0.005645452998578548	0.0	0.0
s0_sv	4	single	-1	true	30,46	0.37890625	-1	1					0.12315602600574493	0.05197783559560776	0.08891093730926514	0.1566869616508484	-0.5054644346237183	0.0	0.0
s0_sv	4	single	-1	true	32,56	0.37890625	-1	1					0.3132096529006958	0.1674458384513855	0.19814938306808472	0.18382075428962708	1.1022816896438599	0.0	0.0
s0_sv	4	single	-1	true	32,61	0.84375	-1	1					0.4907796084880829	0.35760074853897095	0.23698079586029053	0.1619599312543869	1.1700823307037354	0.0	0.0
s0_sv	4	single	-1	true	33,57	0.37890625	-1	1					0.07300379872322083	0.026185963302850723	0.05824419483542442	0.06382862478494644	0.2590177655220032	0.0	0.0
s0_sv	4	single	-1	true	33,58	0.37890625	-1	1					0.3234787881374359	0.18930518627166748	0.10747048258781433	0.07547114044427872	0.6622403860092163	0.0	0.0
s0_sv	4	single	-1	true	33,60	0.84375	-1	1					0.3046509623527527	0.19099043309688568	0.14846587181091309	0.14312776923179626	1.1860120296478271	0.0	0.0
s0_sv	4	single	-1	true	36,59	0.37890625	-1	1					0.2165772020816803	0.09427566826343536	0.16152770817279816	0.10020390152931213	-0.116484135389328	0.0	0.0
s0_sv	4	single	-1	true	36,63	0.51953125	-1	1					0.22932791709899902	0.15513598918914795	0.1310441792011261	0.07801388204097748	-0.2763362228870392	0.0	0.0
s0_sv	4	single	-1	true	37,59	0.37890625	-1	1					0.06188338249921799	0.02296263724565506	0.0820000022649765	0.05993133410811424	-0.058298252522945404	0.0	0.0
s0_sv	4	single	-1	true	32,51	0.0390625	-1	1					0.09341366589069366	0.04438038542866707	0.16689379513263702	0.23455314338207245	0.46804600954055786	0.0	0.0
s0_sv	4	single	-1	true	32,53	0.0390625	-1	1					0.16636508703231812	0.10409604758024216	0.17139005661010742	0.20669162273406982	0.7815113067626953	0.0	0.0
s0_sv	4	single	-1	true	32,55	0.0390625	-1	1					0.025581590831279755	0.015937883406877518	0.15692177414894104	0.18744051456451416	0.7271754741668701	0.0	0.0
s0_sv	4	single	-1	true	33,49	0.0390625	-1	1					0.011086124926805496	0.004689794033765793	0.059089381247758865	0.0737965852022171	0.06696288287639618	0.0	0.0
s0_sv	4	single	-1	true	35,51	0.0390625	-1	1					0.034403152763843536	0.015005359426140785	0.05396224558353424	0.11704546213150024	-0.5200936794281006	0.0	0.0
s0_sv	4	single	-1	true	35,54	0.0390625	-1	1					0.01483534649014473	0.0077444398775696754	0.05627206340432167	0.1270536482334137	-0.607852578163147	0.0	0.0
s0_sv	4	single	-1	true	38,52	0.0390625	-1	1					0.03241562843322754	0.012935372069478035	0.1387014091014862	0.2180054485797882	-0.378974050283432	0.0	0.0
s0_sv	4	single	-1	true	32,42	0.0390625	-1	1					0.06532582640647888	0.027341779321432114	0.2060655653476715	0.36481183767318726	0.8414884805679321	0.0	0.0
s0_sv	4	single	-1	true	33,44	0.0390625	-1	1					0.040437668561935425	0.020200854167342186	0.0632612332701683	0.13644282519817352	0.6414104700088501	0.0	0.0
s0_sv	4	single	-1	true	35,41	0.0390625	-1	1					0.06944851577281952	0.029604069888591766	0.049351565539836884	0.13715898990631104	0.06102477014064789	0.0	0.0
s0_sv	4	single	-1	true	37,45	0.0390625	-1	1					0.17848517000675201	0.12920789420604706	0.08090417087078094	0.09269733726978302	0.6110999584197998	0.0	0.0
s0_sv	4	single	-1	true	38,42	0.0390625	-1	1					0.03934488445520401	0.01703023537993431	0.16856741905212402	0.31326764822006226	0.027891358360648155	0.0	0.0
s0_sv	4	single	-1	true	38,46	0.0390625	-1	1					0.0489509254693985	0.02405930683016777	0.11013296246528625	0.19623664021492004	-0.18337243795394897	0.0	0.0
s0_sv	4	single	-1	true	39,45	0.0390625	-1	1					0.088597372174263	0.05999739468097687	0.08233299851417542	0.11964887380599976	0.732811689376831	0.0	0.0
s0_sv	4	single	-1	true	39,46	0.0390625	-1	1					0.028704117983579636	0.014577137306332588	0.06198190152645111	0.11637167632579803	-0.12518656253814697	0.0	0.0
s0_sv	4	single	-1	true	1,60	0.0234375	-1	1					0.18668648600578308	0.08606567233800888	0.2507322430610657	0.30667054653167725	1.1581157445907593	0.0	0.0
s0_sv	4	single	-1	true	1,61	0.0234375	-1	1					0.16638898849487305	0.09098920226097107	0.25898727774620056	0.1674644947052002	0.6422621011734009	0.0	0.0
s0_sv	4	single	-1	true	2,58	0.0234375	-1	1					0.0785648375749588	0.029332000762224197	0.16026286780834198	0.11359906196594238	0.43296632170677185	0.0	0.0
s0_sv	4	single	-1	true	3,58	0.0234375	-1	1					0.14419814944267273	0.052235621958971024	0.24387381970882416	0.20231521129608154	0.960191011428833	0.0	0.0
s0_sv	4	single	-1	true	3,59	0.0234375	-1	1					0.34182196855545044	0.15372812747955322	0.23368695378303528	0.1820324957370758	0.6168510913848877	0.0	0.0
s0_sv	4	single	-1	true	4,56	0.0234375	-1	1					0.029839785769581795	0.01139832567423582	0.07220076024532318	0.09862503409385681	0.288814902305603	0.0	0.0
s0_sv	4	single	-1	true	5,59	0.0234375	-1	1					0.32552364468574524	0.15447959303855896	0.13299891352653503	0.19086647033691406	0.5325825214385986	0.0	0.0
s0_sv	4	single	-1	true	6,56	0.0234375	-1	1					0.0672563910484314	0.02695637382566929	0.11863191425800323	0.09467004984617233	-0.04268437996506691	0.0	0.0
s0_sv	4	single	-1	true	6,57	0.0234375	-1	1					0.03750622272491455	0.010623393580317497	0.12667196989059448	0.08540834486484528	-0.38602423667907715	0.0	0.0
s0_sv	4	single	-1	true	6,61	0.0234375	-1	1					0.10215507447719574	0.04313059523701668	0.14846819639205933	0.08730566501617432	0.02511633187532425	0.0	0.0
s0_sv	4	single	-1	true	6,62	0.0234375	-1	1					0.30971837043762207	0.16200071573257446	0.08843006193637848	0.14563977718353271	0.029860129579901695	0.0	0.0
s0_sv	4	single	-1	true	7,58	0.0234375	-1	1					0.12562039494514465	0.04690565913915634	0.1654173731803894	0.18756452202796936	0.5444231033325195	0.0	0.0
s0_sv	4	single	-1	true	4,27	0.07421875	-1	1					0.08809445798397064	0.048563189804553986	0.046859804540872574	0.14872345328330994	0.2201680690050125	0.0	0.0
s0_sv	4	single	-1	true	5,28	0.07421875	-1	1					0.138153076171875	0.06808686256408691	0.10108686238527298	0.23229634761810303	0.18693378567695618	0.0	0.0
s0_sv	4	single	-1	true	5,29	0.07421875	-1	1					0.11871907114982605	0.056456804275512695	0.11467767506837845	0.275961309671402	0.20261827111244202	0.0	0.0
s0_sv	4	single	-1	true	32,33	0.84375	-1	1					0.4907796084880829	0.35760074853897095	0.23698079586029053	0.1619599312543869	1.1700823307037354	0.0	0.0
s0_sv	4	single	-1	true	33,33	0.84375	-1	1					0.23282670974731445	0.15956446528434753	0.10061249136924744	0.06337074935436249	0.6701582670211792	0.0	0.0
s0_sv	4	single	-1	true	36,37	0.17578125	-1	1					0.17840804159641266	0.12183184921741486	0.14796259999275208	0.18232500553131104	-0.06576765328645706	0.0	0.0
s0_sv	4	single	-1	true	36,38	0.17578125	-1	1					0.13040345907211304	0.06679733842611313	0.18003013730049133	0.14801713824272156	-0.021569371223449707	0.0	0.0
s0_sv	4	single	-1	true	37,33	0.51953125	-1	1					0.12190559506416321	0.08307379484176636	0.09845186769962311	0.05593062564730644	0.2929595410823822	0.0	0.0
s0_sv	4	single	-1	true	38,38	0.17578125	-1	1					0.38854825496673584	0.260591983795166	0.19613006711006165	0.19709807634353638	0.10014230012893677	0.0	0.0
s0_sv	4	single	-1	true	39,38	0.17578125	-1	1					0.20087116956710815	0.12518851459026337	0.11050491034984589	0.12217005342245102	0.15832817554473877	0.0	0.0
s0_sv	4	single	-1	true	39,39	0.17578125	-1	1					0.049449894577264786	0.024975406005978584	0.0656464472413063	0.1524084508419037	0.1740126609802246	0.0	0.0
s0_sv	4	single	-1	true	48,41	0.17578125	-1	1					0.003377077402547002	0.0010677962563931942	0.05149411782622337	0.11048784106969833	0.3646864891052246	0.0	0.0
s0_sv	4	single	-1	true	49,40	0.17578125	-1	1					0.2192067801952362	0.10860906541347504	0.11066155135631561	0.18871043622493744	-0.07718063145875931	0.0	0.0
s0_sv	4	single	-1	true	49,41	0.17578125	-1	1					0.06250742077827454	0.023504246026277542	0.09489104151725769	0.1550826132297516	0.03165443614125252	0.0	0.0
s0_sv	4	single	-1	true	55,46	0.17578125	-1	1					0.15646450221538544	0.06954848766326904	0.09884472191333771	0.15512919425964355	-0.12597262859344482	0.0	0.0
s0_sv	4	single	-1	true	1,27	0.07421875	-1	1					0.094132199883461	0.05461064726114273	0.1883978247642517	0.25146257877349854	0.5058145523071289	0.0	0.0
s0_sv	4	single	-1	true	2,24	0.07421875	-1	1					0.1202564388513565	0.06578420847654343	0.1654869019985199	0.15318289399147034	0.05638938397169113	0.0	0.0
s0_sv	4	single	-1	true	2,29	0.07421875	-1	1					0.11266838759183884	0.0588621087372303	0.1606396734714508	0.15204742550849915	-0.24033771455287933	0.0	0.0
s0_sv	4	single	-1	true	3,24	0.07421875	-1	1					0.13378460705280304	0.06962355971336365	0.20079782605171204	0.257670521736145	0.5836140513420105	0.0	0.0
s0_sv	4	single	-1	true	7,25	0.07421875	-1	1					0.07824879139661789	0.042809274047613144	0.14005468785762787	0.19903331995010376	0.5147344470024109	0.0	0.0
s0_sv	4	single	-1	true	7,31	0.07421875	-1	1					0.14495041966438293	0.08943771570920944	0.1674593836069107	0.22502699494361877	-0.1832168996334076	0.0	0.0
s0_sv	4	single	-1	true	13,36	0.0	-1	1					0.012107066810131073	0.004095032811164856	0.13884001970291138	0.12402498722076416	-0.4127624034881592	0.0	0.0
s0_sv	4	single	-1	true	13,37	0.0	-1	1					0.044991012662649155	0.015811122953891754	0.18545010685920715	0.15368302166461945	-0.39707791805267334	0.0	0.0
s0_sv	4	single	-1	true	13,39	0.0	-1	1					0.017424292862415314	0.0037469533272087574	0.14517760276794434	0.16839593648910522	-0.33719515800476074	0.0	0.0
s0_sv	4	single	-1	true	14,38	0.0	-1	1					0.1358223706483841	0.05801849067211151	0.07150162011384964	0.09776482731103897	-0.21697111427783966	0.0	0.0
s0_sv	4	single	-1	true	15,34	0.0	-1	1					0.062403447926044464	0.021525979042053223	0.09150615334510803	0.12126363813877106	-0.12007105350494385	0.0	0.0
s0_sv	4	single	-1	true	15,37	0.0	-1	1					0.03902984410524368	0.017643379047513008	0.1307060569524765	0.12540125846862793	-0.4253561794757843	0.0	0.0
s0_sv	4	single	-1	true	15,38	0.0	-1	1					0.06653767824172974	0.023018740117549896	0.10531353950500488	0.10521010309457779	-0.38115787506103516	0.0	0.0
s0_sv	4	single	-1	wrong	13,22	0.0	-1	1					0.012199640274047852	0.0022013727575540543	0.1307295709848404	0.18052443861961365	-0.3914325535297394	0.0	0.0
s0_sv	4	single	-1	wrong	24,22	0.37890625	-1	1					0.010495452210307121	0.003091826569288969	0.08922813832759857	0.13100428879261017	-0.10028299689292908	0.0	0.0
s0_sv	4	single	-1	wrong	25,20	0.0	-1	1					0.2584177255630493	0.14980605244636536	0.1138370931148529	0.18713217973709106	0.32532694935798645	0.0	0.0
s0_sv	4	single	-1	wrong	10,25	0.0	-1	1					0.01791684329509735	0.0063093919306993484	0.05625893920660019	0.10620883107185364	0.523663341999054	0.0	0.0
s0_sv	4	single	-1	wrong	30,51	0.0	-1	1					0.0840105414390564	0.03468910977244377	0.09323178231716156	0.15655507147312164	-0.6676430702209473	0.0	0.0
s0_sv	4	single	-1	wrong	23,46	0.0	-1	1					0.044145617634058	0.020674370229244232	0.08992914855480194	0.18867212533950806	0.19611939787864685	0.0	0.0
s0_sv	4	single	-1	wrong	21,63	0.0	-1	1					0.1734972894191742	0.10728126764297485	0.1340300440788269	0.0779275894165039	0.10315559804439545	0.0	0.0
s0_sv	4	single	-1	wrong	25,7	0.0	-1	1					0.22144898772239685	0.09005095064640045	0.16534975171089172	0.16754525899887085	-0.032276853919029236	0.0	0.0
s0_sv	4	single	-1	wrong	43,57	0.0	-1	1					0.01318598072975874	0.0028325109742581844	0.16776180267333984	0.1591539978981018	0.13426059484481812	0.0	0.0
s0_sv	4	single	-1	wrong	21,39	0.0	-1	1					0.08151532709598541	0.036057986319065094	0.11731086671352386	0.18393659591674805	0.37360692024230957	0.0	0.0
s0_sv	4	single	-1	wrong	53,0	0.0	-1	1					0.046031393110752106	0.019646357744932175	0.1385728269815445	0.18826144933700562	-1.0113794803619385	0.0	0.0
s0_sv	4	single	-1	wrong	23,59	0.0	-1	1					0.26634150743484497	0.1366731822490692	0.1779228001832962	0.13254499435424805	0.3847193717956543	0.0	0.0
s0_sv	4	single	-1	wrong	23,38	0.0	-1	1					0.32144349813461304	0.20450443029403687	0.17884784936904907	0.18787522614002228	0.479634165763855	0.0	0.0
s0_sv	4	single	-1	wrong	4,44	0.33203125	-1	1					0.03216427564620972	0.012217720970511436	0.05766891688108444	0.19258037209510803	0.327867716550827	0.0	0.0
s0_sv	4	single	-1	wrong	42,58	0.0	-1	1					0.03194046765565872	0.006232555955648422	0.1454167515039444	0.12810026109218597	0.06966036558151245	0.0	0.0
s0_sv	4	single	-1	wrong	12,41	0.0	-1	1					0.15261316299438477	0.07678569853305817	0.13621360063552856	0.14570066332817078	-0.053267788141965866	0.0	0.0
s0_sv	4	single	-1	wrong	54,54	0.0	-1	1					0.008677039295434952	0.004718884825706482	0.10034968703985214	0.10448314249515533	-0.8614028692245483	0.0	0.0
s0_sv	4	single	-1	wrong	59,42	0.0	-1	1					0.042613960802555084	0.01510724239051342	0.07786616683006287	0.17394700646400452	-0.19376099109649658	0.0	0.0
s0_sv	4	single	-1	wrong	44,61	0.0	-1	1					0.18951687216758728	0.11980202794075012	0.16888311505317688	0.0830305963754654	0.5318782329559326	0.0	0.0
s0_sv	4	single	-1	wrong	17,1	0.0	-1	1					0.0026573576033115387	0.001410522498190403	0.043714601546525955	0.17122048139572144	0.07703500241041183	0.0	0.0
s0_sv	4	single	-1	wrong	54,30	0.0	-1	1					0.044168490916490555	0.01895809918642044	0.10830578207969666	0.07149043679237366	-0.8228499889373779	0.0	0.0
s0_sv	4	single	-1	wrong	36,1	0.0	-1	1					0.01071853842586279	0.005869713611900806	0.11964434385299683	0.20650435984134674	-0.10926100611686707	0.0	0.0
s0_sv	4	single	-1	wrong	55,52	0.0	-1	1					0.08086289465427399	0.03141988068819046	0.11020149290561676	0.1677122861146927	-0.32157421112060547	0.0	0.0
s0_sv	4	single	-1	wrong	28,34	0.0	-1	1					0.48098379373550415	0.3032442629337311	0.14989948272705078	0.19879406690597534	0.06741535663604736	0.0	0.0
s0_sv	4	single	-1	wrong	47,2	0.0	-1	1					0.09904343634843826	0.04755188524723053	0.16304436326026917	0.2098657190799713	-0.36526182293891907	0.0	0.0
s0_sv	4	single	-1	wrong	21,18	0.0	-1	1					0.5483212471008301	0.4002310633659363	0.13460960984230042	0.14548084139823914	-0.03723570704460144	0.0	0.0
s0_sv	4	single	-1	wrong	46,34	0.0	-1	1					0.39316293597221375	0.23876143991947174	0.06453897058963776	0.16709300875663757	0.0484064482152462	0.0	0.0
s0_sv	4	single	-1	wrong	8,3	0.0	-1	1					0.0034273462370038033	0.0010982506209984422	0.09097105264663696	0.11596532166004181	0.7006954550743103	0.0	0.0
s0_sv	4	single	-1	wrong	63,21	0.0	-1	1					0.050534237176179886	0.023481156677007675	0.04987609386444092	0.12280382961034775	0.17405234277248383	0.0	0.0
s0_sv	4	single	-1	wrong	41,36	0.0	-1	1					0.013060156255960464	0.004500353708863258	0.14186955988407135	0.17114633321762085	0.15350988507270813	0.0	0.0
s0_sv	4	single	-1	wrong	10,2	0.0	-1	1					0.006841275840997696	0.0023003469686955214	0.10905914753675461	0.1148018091917038	-0.3331472873687744	0.0	0.0
s0_sv	4	single	-1	wrong	14,13	0.0	-1	1					0.030265770852565765	0.009255567565560341	0.08315809071063995	0.10457519441843033	-1.3152315616607666	0.0	0.0
s0_sv	4	single	-1	wrong	5,14	0.0	-1	1					0.22183743119239807	0.13560692965984344	0.1245143786072731	0.23388254642486572	-0.47086167335510254	0.0	0.0
s0_sv	4	single	-1	wrong	3,48	0.0	-1	1					0.030564386397600174	0.010997610166668892	0.30299240350723267	0.19335603713989258	0.8100751638412476	0.0	0.0
s0_sv	4	single	-1	wrong	22,1	0.0	-1	1					0.0036811709869652987	0.0020157292019575834	0.1416167914867401	0.17701511085033417	-0.09355022758245468	0.0	0.0
s0_sv	4	single	-1	wrong	23,60	0.0	-1	1					0.39465904235839844	0.2675434350967407	0.24025186896324158	0.2555864155292511	1.2518309354782104	0.0	0.0
s0_sv	4	single	-1	wrong	13,15	0.0	-1	1					0.009088888764381409	0.0025483546778559685	0.15598028898239136	0.12426858395338058	-1.5054758787155151	0.0	0.0
s0_sv	4	single	-1	wrong	8,6	0.0	-1	1					0.006865328177809715	0.0021667727269232273	0.08061905205249786	0.08426424115896225	-1.3362863063812256	0.0	0.0
s0_sv	4	single	-1	wrong	12,8	0.0	-1	1					0.01631435751914978	0.00530779454857111	0.1454952210187912	0.09313741326332092	-0.0903836190700531	0.0	0.0
s0_sv	4	single	-1	wrong	30,54	0.0	-1	1					0.03761963173747063	0.019307076930999756	0.09210553765296936	0.1569993793964386	-0.7554019093513489	0.0	0.0
s0_sv	4	single	-1	wrong	14,43	0.0	-1	1					0.0357438288629055	0.015316814184188843	0.08144082129001617	0.14286082983016968	-0.1803869903087616	0.0	0.0
s0_sv	4	single	-1	wrong	21,0	0.0	-1	1					0.03746645897626877	0.019409380853176117	0.16732923686504364	0.163814976811409	-0.8392773866653442	0.0	0.0
s0_sv	4	single	-1	wrong	43,44	0.0	-1	1					0.011652546003460884	0.003147637005895376	0.15905937552452087	0.2832862436771393	0.516653299331665	0.0	0.0
s0_sv	4	single	-1	wrong	59,30	0.0	-1	1					0.007719379849731922	0.0029743844643235207	0.04288848116993904	0.06506727635860443	-0.616409420967102	0.0	0.0
s0_sv	4	single	-1	wrong	16,42	0.0	-1	1					0.03604336827993393	0.013184434734284878	0.09881369024515152	0.33826684951782227	0.03428982198238373	0.0	0.0
s0_sv	4	single	-1	wrong	1,51	0.0	-1	1					0.07516415417194366	0.0354280099272728	0.1921837329864502	0.23888540267944336	-0.05977434664964676	0.0	0.0
s0_sv	4	single	-1	wrong	1,39	0.0	-1	1					0.2321523129940033	0.11710180342197418	0.18215766549110413	0.2780614197254181	0.4016035199165344	0.0	0.0
s0_sv	4	single	-1	wrong	51,2	0.0	-1	1					0.029525378718972206	0.011500824242830276	0.13539022207260132	0.16557183861732483	-0.666179358959198	0.0	0.0
s0_sv	4	single	-1	wrong	20,21	0.0	-1	1					0.029159948229789734	0.018254360184073448	0.12666773796081543	0.10460074245929718	0.12088239192962646	0.0	0.0
s0_sv	4	single	-1	wrong	19,3	0.0	-1	1					0.08259231597185135	0.04125107824802399	0.11299042403697968	0.12765689194202423	0.35211899876594543	0.0	0.0
s0_sv	4	single	-1	wrong	10,0	0.0	-1	1					0.006050185300409794	0.0021638839971274137	0.08156753331422806	0.12982121109962463	-0.89227294921875	0.0	0.0
s0_sv	4	single	-1	wrong	56,21	0.0	-1	1					0.002771767321974039	0.0015043749008327723	0.024559535086154938	0.08904846012592316	0.46835798025131226	0.0	0.0
s0_sv	4	single	-1	wrong	20,36	0.0	-1	1					0.014566689729690552	0.008197875693440437	0.14623630046844482	0.09633476287126541	-0.187453031539917	0.0	0.0
s0_sv	4	single	-1	wrong	23,18	0.0	-1	1					0.4566912353038788	0.3271489441394806	0.11661174893379211	0.18597134947776794	0.08447596430778503	0.0	0.0
s0_sv	4	single	-1	wrong	16,56	0.0	-1	1					0.07042933255434036	0.030284149572253227	0.07860279083251953	0.15991726517677307	0.29508307576179504	0.0	0.0
s0_sv	4	single	-1	wrong	16,7	0.0	-1	1					0.06544922292232513	0.029860680922865868	0.1091618612408638	0.2503471374511719	-0.3494986891746521	0.0	0.0
s0_sv	4	single	-1	wrong	20,14	0.0	-1	1					0.03418916091322899	0.019567344337701797	0.16713355481624603	0.08205585181713104	-1.2259292602539062	0.0	0.0
s0_sv	4	single	-1	wrong	61,1	0.0	-1	1					0.00596831226721406	0.0031527052633464336	0.06826625764369965	0.13710317015647888	0.3261236548423767	0.0	0.0
s0_sv	4	single	-1	wrong	44,22	0.0	-1	1					0.0234515443444252	0.011215638369321823	0.11474595218896866	0.17556890845298767	0.2369823455810547	0.0	0.0
s0_sv	4	single	-1	wrong	57,8	0.0	-1	1					0.004149183630943298	0.0012511624954640865	0.07147616893053055	0.04970540106296539	-0.1449124813079834	0.0	0.0
s0_sv	4	single	-1	wrong	56,6	0.0	-1	1					0.006713302806019783	0.002645139116793871	0.08708003163337708	0.08265150338411331	-1.3456424474716187	0.0	0.0
s0_sv	4	single	-1	wrong	20,13	0.0	-1	1					0.002818875014781952	0.0012733446201309562	0.12909434735774994	0.10421483218669891	-1.2258305549621582	0.0	0.0
s0_sv	4	single	-1	wrong	11,28	0.0	-1	1					0.09254379570484161	0.03554996848106384	0.07268434017896652	0.16144633293151855	-0.4686686396598816	0.0	0.0
s0_sv	4	single	-1	wrong	25,14	0.0	-1	1					0.1423695683479309	0.05977132171392441	0.18754777312278748	0.11872094124555588	-0.6745963096618652	0.0	0.0
s0_sv	4	single	-1	wrong	18,18	0.0	-1	1					0.5719927549362183	0.4127575159072876	0.10143274813890457	0.18011754751205444	-0.5726591348648071	0.0	0.0
s0_sv	4	single	-1	wrong	2,14	0.0	-1	1					0.25994569063186646	0.17107832431793213	0.20344537496566772	0.11967342346906662	-0.9138177037239075	0.0	0.0
s0_sv	4	single	-1	wrong	53,49	0.0	-1	1					0.105984166264534	0.05017627030611038	0.1264856904745102	0.1392340213060379	-0.1610320508480072	0.0	0.0
s0_sv	4	single	-1	wrong	29,53	0.0	-1	1					0.21589452028274536	0.13874545693397522	0.11880432814359665	0.0984143316745758	-0.26771360635757446	0.0	0.0
s0_sv	4	single	-1	wrong	53,31	0.0	-1	1					0.16945962607860565	0.10205082595348358	0.1405884325504303	0.16505464911460876	-0.2933945059776306	0.0	0.0
s0_sv	4	single	-1	wrong	0,41	0.0	-1	1					0.12424580007791519	0.06161627173423767	0.09451620280742645	0.15183624625205994	-0.005880535114556551	0.0	0.0
s0_sv	4	single	-1	wrong	53,52	0.0	-1	1					0.062100108712911606	0.02175310254096985	0.13467621803283691	0.19471605122089386	-0.2932959794998169	0.0	0.0
s0_sv	4	single	-1	wrong	45,45	0.0	-1	1					0.13169534504413605	0.080245241522789	0.1552048921585083	0.18923905491828918	1.3355114459991455	0.0	0.0
s0_sv	4	single	-1	wrong	56,24	0.0	-1	1					0.0011148829944431782	0.0005384587566368282	0.033112600445747375	0.0966443121433258	0.09175343811511993	0.0	0.0
s0_sv	4	single	-1	wrong	17,12	0.0	-1	1					0.009858292527496815	0.004061696119606495	0.0675351545214653	0.13741645216941833	-0.8792963027954102	0.0	0.0
s0_sv	4	single	-1	wrong	24,57	0.0	-1	1					0.008364995941519737	0.0019903515931218863	0.10813342779874802	0.06005721911787987	-0.21652764081954956	0.0	0.0
s0_sv	4	single	-1	wrong	40,2	0.0	-1	1					0.045628465712070465	0.018781360238790512	0.25234147906303406	0.12187930196523666	-0.8925043940544128	0.0	0.0
s0_sv	4	single	-1	wrong	51,8	0.0	-1	1					0.05296778678894043	0.019274568185210228	0.12482872605323792	0.1319718062877655	0.07020408660173416	0.0	0.0
s0_sv	4	single	-1	wrong	17,22	0.0	-1	1					0.020411932840943336	0.007870343513786793	0.03850555419921875	0.17767716944217682	0.126173734664917	0.0	0.0
s0_sv	4	single	-1	wrong	41,46	0.0	-1	1					0.003750772215425968	0.0009293878683820367	0.1608225405216217	0.18487852811813354	-0.07012210041284561	0.0	0.0
s0_sv	4	single	-1	wrong	26,24	0.0	-1	1					0.035772547125816345	0.013139747083187103	0.15276680886745453	0.13836386799812317	-0.11421647667884827	0.0	0.0
s0_sv	4	single	-1	wrong	60,21	0.0	-1	1					0.09412974864244461	0.059500791132450104	0.17159409821033478	0.2311873584985733	1.1621921062469482	0.0	0.0
s0_sv	4	single	-1	wrong	62,0	0.0	-1	1					0.2308230996131897	0.14841251075267792	0.1348075270652771	0.28919893503189087	-0.7716761231422424	0.0	0.0
s0_sv	4	single	-1	wrong	47,19	0.0	-1	1					0.7037925720214844	0.5620201826095581	0.109611377120018	0.2617247402667999	-0.10666133463382721	0.0	0.0
s0_sv	4	single	-1	wrong	44,11	0.0625	-1	1					0.014632461592555046	0.007387886289507151	0.12942156195640564	0.12911094725131989	-0.17015814781188965	0.0	0.0
s0_sv	4	single	-1	wrong	42,11	0.0	-1	1					0.26197516918182373	0.13501571118831635	0.17022544145584106	0.1746116429567337	-0.6244580745697021	0.0	0.0
s0_sv	4	single	-1	wrong	7,8	0.0	-1	1					0.021669818088412285	0.007657993119210005	0.21946981549263	0.189367413520813	0.3943072259426117	0.0	0.0
s0_sv	4	single	-1	wrong	23,25	0.05078125	-1	1					0.09683960676193237	0.058453068137168884	0.10662995278835297	0.15420711040496826	0.6983705759048462	0.0	0.0
s0_sv	4	single	-1	wrong	33,13	0.0	-1	1					0.006712011527270079	0.002450381638482213	0.0778774619102478	0.10475322604179382	-0.6844451427459717	0.0	0.0
s0_sv	4	single	-1	wrong	2,49	0.0	-1	1					0.12903517484664917	0.06883147358894348	0.15120553970336914	0.10623668134212494	-0.16231116652488708	0.0	0.0
s0_sv	4	single	-1	wrong	34,28	0.0	-1	1					0.25436243414878845	0.14676132798194885	0.12089464068412781	0.23435688018798828	-0.015039678663015366	0.0	0.0
s0_sv	4	single	-1	wrong	58,6	0.0	-1	1					0.03883896395564079	0.017066894099116325	0.11029978841543198	0.11623081564903259	-1.2239307165145874	0.0	0.0
s0_sv	4	single	-1	wrong	43,39	0.0	-1	1					0.013323869556188583	0.003458993975073099	0.14511126279830933	0.2700766623020172	0.30474260449409485	0.0	0.0
s0_sv	4	single	-1	wrong	37,7	0.0	-1	1					0.038955800235271454	0.016742322593927383	0.11148440837860107	0.1091655045747757	-0.4194229543209076	0.0	0.0
s0_sv	4	single	-1	wrong	0,48	0.0	-1	1					0.026746585965156555	0.010384241119027138	0.14909285306930542	0.09720776975154877	-0.0429963693022728	0.0	0.0
s0_sv	4	single	-1	wrong	50,30	0.0	-1	1					0.01707220822572708	0.0053497254848480225	0.054478563368320465	0.08946642279624939	-0.18997246026992798	0.0	0.0
s0_sv	4	single	-1	wrong	53,2	0.0	-1	1					0.04294734448194504	0.017982691526412964	0.22019755840301514	0.16519111394882202	-0.4522538185119629	0.0	0.0
s0_sv	5	delta	0	true	32,436	0.0	0	65	0.0	0.0	0.0	0.0	0.3961057662963867	0.2529866695404053	0.24627919495105743	0.2557086944580078	0.0	-2.0563602447509766e-06	0.0
s0_sv	5	delta	0	true	40,431	0.0	0	65	0.0	0.0	0.0	0.0	0.3961057662963867	0.2529866695404053	0.24627919495105743	0.2557086944580078	0.0	-1.341104507446289e-06	0.0
s0_sv	5	delta	0	true	73,483	0.0	0	65	0.0	0.0	0.0	0.0	0.3961057662963867	0.2529866695404053	0.24627919495105743	0.2557086944580078	0.0	-2.9802322387695312e-08	0.0
s0_sv	5	delta	0	true	844,824	0.0	0	65	0.0	0.0	0.0	0.0	0.3961057662963867	0.2529866695404053	0.24627919495105743	0.2557086944580078	0.0	-0.0002655982971191406	0.0
s0_sv	5	delta	0	true	865,769	0.0	0	65	0.0	0.0	0.0	0.0	0.3961057662963867	0.2529866695404053	0.24627919495105743	0.2557086944580078	0.0	-0.0023818910121917725	0.0
s0_sv	5	delta	0	true	888,775	0.0	0	65	0.0	0.0	0.0	0.0	0.3961057662963867	0.2529866695404053	0.24627919495105743	0.2557086944580078	0.0	-0.0021531879901885986	0.0
s0_sv	5	delta	0	true	304,66	0.0	0	65	0.0	0.0	0.0	0.0	0.3961057662963867	0.2529866695404053	0.24627919495105743	0.2557086944580078	0.0	-1.7881393432617188e-06	0.0
s0_sv	5	delta	0	true	313,64	0.0	0	65	0.0	0.0	0.0	0.0	0.3961057662963867	0.2529866695404053	0.24627919495105743	0.2557086944580078	0.0	-0.0001430213451385498	0.0
s0_sv	5	delta	0	true	334,57	0.0	0	65	0.0	0.0	0.0	0.0	0.3961057662963867	0.2529866695404053	0.24627919495105743	0.2557086944580078	0.0	-1.558661460876465e-05	0.0
s0_sv	5	delta	0	true	86,799	0.0	0	65	0.0	0.0	0.0	0.0	0.3961057662963867	0.2529866695404053	0.24627919495105743	0.2557086944580078	0.0	-1.1920928955078125e-07	0.0
s0_sv	5	delta	0	true	406,234	0.0	0	65	0.0	0.0	0.0	0.0	0.3961057662963867	0.2529866695404053	0.24627919495105743	0.2557086944580078	0.0	-2.0265579223632812e-06	0.0
s0_sv	5	delta	0	true	480,212	0.0	0	65	0.0	0.0	0.0	0.0	0.3961057662963867	0.2529866695404053	0.24627919495105743	0.2557086944580078	0.0	0.0	0.0
s0_sv	5	delta	0	true	741,828	0.0	0	65	0.0	0.0	0.0	0.0	0.3961057662963867	0.2529866695404053	0.24627919495105743	0.2557086944580078	0.0	-1.6987323760986328e-06	0.0
s0_sv	5	delta	0	true	822,779	0.0	0	65	0.0	0.0	0.0	0.0	0.3961057662963867	0.2529866695404053	0.24627919495105743	0.2557086944580078	0.0	-5.960464477539063e-08	0.0
s0_sv	5	delta	0	true	829,809	0.0	0	65	0.0	0.0	0.0	0.0	0.3961057662963867	0.2529866695404053	0.24627919495105743	0.2557086944580078	0.0	-3.129243850708008e-06	0.0
s0_sv	5	delta	0	true	833,840	0.0	0	65	0.0	0.0	0.0	0.0	0.3961057662963867	0.2529866695404053	0.24627919495105743	0.2557086944580078	0.0	-5.811452865600586e-06	0.0
s0_sv	5	delta	0	true	857,860	0.0	0	65	0.0	0.0	0.0	0.0	0.3961057662963867	0.2529866695404053	0.24627919495105743	0.2557086944580078	0.0	-4.0531158447265625e-06	0.0
s0_sv	5	delta	0	true	882,858	0.0	0	65	0.0	0.0	0.0	0.0	0.3961057662963867	0.2529866695404053	0.24627919495105743	0.2557086944580078	0.0	-2.9802322387695312e-08	0.0
s0_sv	5	delta	0	true	146,91	0.0	0	65	0.0	0.0	0.0	0.0	0.3961057662963867	0.2529866695404053	0.24627919495105743	0.2557086944580078	0.0	-9.268522262573242e-06	0.0
s0_sv	5	delta	0	true	197,14	0.0	0	65	0.0	0.0	0.0	0.0	0.3961057662963867	0.2529866695404053	0.24627919495105743	0.2557086944580078	0.0	-3.2782554626464844e-07	0.0
s0_sv	5	delta	0	true	428,373	0.0	0	65	0.0	0.0	0.0	0.0	0.3961057662963867	0.2529866695404053	0.24627919495105743	0.2557086944580078	0.0	-5.960464477539063e-08	0.0
s0_sv	5	delta	0	true	511,306	0.0	0	65	0.0	0.0	0.0	0.0	0.3961057662963867	0.2529866695404053	0.24627919495105743	0.2557086944580078	0.0	-5.960464477539063e-08	0.0
s0_sv	5	delta	0	true	653,53	0.0	0	65	0.0	0.0	0.0	0.0	0.3961057662963867	0.2529866695404053	0.24627919495105743	0.2557086944580078	0.0	-1.8209218978881836e-05	0.0
s0_sv	5	delta	0	true	660,119	0.0	0	65	0.0	0.0	0.0	0.0	0.3961057662963867	0.2529866695404053	0.24627919495105743	0.2557086944580078	0.0	-0.03984352946281433	-0.0008732825517654419
s0_sv	5	delta	0	true	728,31	-0.44140625	256	65	0.20880472660064697	0.18641352653503418	0.08715559542179108	0.045788586139678955	0.6049104928970337	0.43940019607543945	0.3334347903728485	0.30149728059768677	0.1398913860321045	0.2390337884426117	0.033392757177352905
s0_sv	5	delta	0	true	729,64	-0.44140625	256	65	-0.30837205052375793	-0.21070128679275513	-0.08374418318271637	-0.08486589789390564	0.08773371577262878	0.04228539019823074	0.16253501176834106	0.17084279656410217	0.3146169185638428	0.3810957372188568	0.2081182897090912
s0_sv	5	delta	0	true	143,449	0.0	0	65	0.0	0.0	0.0	0.0	0.3961057662963867	0.2529866695404053	0.24627919495105743	0.2557086944580078	0.0	-0.0012119412422180176	0.0
s0_sv	5	delta	0	true	191,487	0.0	0	65	0.0	0.0	0.0	0.0	0.3961057662963867	0.2529866695404053	0.24627919495105743	0.2557086944580078	0.0	-6.854534149169922e-07	0.0
s0_sv	5	delta	0	true	217,489	0.0	0	65	0.0	0.0	0.0	0.0	0.3961057662963867	0.2529866695404053	0.24627919495105743	0.2557086944580078	0.0	-2.54213809967041e-05	0.0
s0_sv	5	delta	0	true	224,455	0.0	0	65	0.0	0.0	0.0	0.0	0.3961057662963867	0.2529866695404053	0.24627919495105743	0.2557086944580078	0.0	-0.004537791013717651	0.0
s0_sv	5	delta	0	true	262,415	0.0	0	65	0.0	0.0	0.0	0.0	0.3961057662963867	0.2529866695404053	0.24627919495105743	0.2557086944580078	0.0	-3.013014793395996e-05	0.0
s0_sv	5	delta	0	true	274,467	0.0	0	65	0.0	0.0	0.0	0.0	0.3961057662963867	0.2529866695404053	0.24627919495105743	0.2557086944580078	0.0	-1.430511474609375e-05	0.0
s0_sv	5	delta	0	true	296,440	0.0	0	65	0.0	0.0	0.0	0.0	0.3961057662963867	0.2529866695404053	0.24627919495105743	0.2557086944580078	0.0	-2.9802322387695312e-08	0.0
s0_sv	5	delta	0	true	327,453	0.0	0	65	0.0	0.0	0.0	0.0	0.3961057662963867	0.2529866695404053	0.24627919495105743	0.2557086944580078	0.0	-0.020052731037139893	0.0
s0_sv	5	delta	0	true	375,439	0.0	0	65	0.0	0.0	0.0	0.0	0.3961057662963867	0.2529866695404053	0.24627919495105743	0.2557086944580078	0.0	-3.5762786865234375e-07	0.0
s0_sv	5	delta	0	true	966,116	0.0	0	65	0.0	0.0	0.0	0.0	0.3961057662963867	0.2529866695404053	0.24627919495105743	0.2557086944580078	0.0	-4.857778549194336e-06	0.0
s0_sv	5	delta	0	true	969,92	0.0	0	65	0.0	0.0	0.0	0.0	0.3961057662963867	0.2529866695404053	0.24627919495105743	0.2557086944580078	0.0	-2.9802322387695312e-08	0.0
s0_sv	5	delta	0	true	35,66	0.0	0	65	0.0	0.0	0.0	0.0	0.3961057662963867	0.2529866695404053	0.24627919495105743	0.2557086944580078	0.0	-3.039836883544922e-06	0.0
s0_sv	5	delta	0	true	37,19	0.0	0	65	0.0	0.0	0.0	0.0	0.3961057662963867	0.2529866695404053	0.24627919495105743	0.2557086944580078	0.0	-1.3053417205810547e-05	0.0
s0_sv	5	delta	0	true	54,60	0.0	0	65	0.0	0.0	0.0	0.0	0.3961057662963867	0.2529866695404053	0.24627919495105743	0.2557086944580078	0.0	-3.600120544433594e-05	0.0
s0_sv	5	delta	0	true	271,716	0.0	0	65	0.0	0.0	0.0	0.0	0.3961057662963867	0.2529866695404053	0.24627919495105743	0.2557086944580078	0.0	0.0	0.0
s0_sv	5	delta	0	true	275,675	0.0	0	65	0.0	0.0	0.0	0.0	0.3961057662963867	0.2529866695404053	0.24627919495105743	0.2557086944580078	0.0	-8.940696716308594e-08	0.0
s0_sv	5	delta	0	true	280,656	0.0	0	65	0.0	0.0	0.0	0.0	0.3961057662963867	0.2529866695404053	0.24627919495105743	0.2557086944580078	0.0	-6.854534149169922e-07	0.0
s0_sv	5	delta	0	true	280,717	0.0	0	65	0.0	0.0	0.0	0.0	0.3961057662963867	0.2529866695404053	0.24627919495105743	0.2557086944580078	0.0	-2.9802322387695312e-08	0.0
s0_sv	5	delta	0	true	283,695	0.0	0	65	0.0	0.0	0.0	0.0	0.3961057662963867	0.2529866695404053	0.24627919495105743	0.2557086944580078	0.0	0.0	0.0
s0_sv	5	delta	0	true	322,723	0.0	0	65	0.0	0.0	0.0	0.0	0.3961057662963867	0.2529866695404053	0.24627919495105743	0.2557086944580078	0.0	-3.4868717193603516e-06	0.0
s0_sv	5	delta	0	true	182,560	0.0	0	65	0.0	0.0	0.0	0.0	0.3961057662963867	0.2529866695404053	0.24627919495105743	0.2557086944580078	0.0	-1.570582389831543e-05	0.0
s0_sv	5	delta	0	true	203,586	0.0	0	65	0.0	0.0	0.0	0.0	0.3961057662963867	0.2529866695404053	0.24627919495105743	0.2557086944580078	0.0	-0.0006672143936157227	0.0
s0_sv	5	delta	0	wrong	242,861	0.0	0	65	0.0	0.0	0.0	0.0	0.3961057662963867	0.2529866695404053	0.24627919495105743	0.2557086944580078	0.0	-7.158517837524414e-05	0.0
s0_sv	5	delta	0	wrong	697,270	0.0	0	65	0.0	0.0	0.0	0.0	0.3961057662963867	0.2529866695404053	0.24627919495105743	0.2557086944580078	0.0	-3.129243850708008e-06	0.0
s0_sv	5	delta	0	wrong	615,675	0.0	0	65	0.0	0.0	0.0	0.0	0.3961057662963867	0.2529866695404053	0.24627919495105743	0.2557086944580078	0.0	-2.9802322387695312e-08	0.0
s0_sv	5	delta	0	wrong	110,941	0.0	0	65	0.0	0.0	0.0	0.0	0.3961057662963867	0.2529866695404053	0.24627919495105743	0.2557086944580078	0.0	-3.4868717193603516e-06	0.0
s0_sv	5	delta	0	wrong	469,651	0.0	0	65	0.0	0.0	0.0	0.0	0.3961057662963867	0.2529866695404053	0.24627919495105743	0.2557086944580078	0.0	-0.000706404447555542	0.0
s0_sv	5	delta	0	wrong	714,952	0.0	0	65	0.0	0.0	0.0	0.0	0.3961057662963867	0.2529866695404053	0.24627919495105743	0.2557086944580078	0.0	-0.00017210841178894043	0.0
s0_sv	5	delta	0	wrong	247,136	0.0	0	65	0.0	0.0	0.0	0.0	0.3961057662963867	0.2529866695404053	0.24627919495105743	0.2557086944580078	0.0	-3.4868717193603516e-06	0.0
s0_sv	5	delta	0	wrong	871,6	0.0	0	65	0.0	0.0	0.0	0.0	0.3961057662963867	0.2529866695404053	0.24627919495105743	0.2557086944580078	0.0	0.0	0.0
s0_sv	5	delta	0	wrong	66,336	0.0	0	65	0.0	0.0	0.0	0.0	0.3961057662963867	0.2529866695404053	0.24627919495105743	0.2557086944580078	0.0	-2.086162567138672e-07	0.0
s0_sv	5	delta	0	wrong	951,906	0.0	0	65	0.0	0.0	0.0	0.0	0.3961057662963867	0.2529866695404053	0.24627919495105743	0.2557086944580078	0.0	-3.412365913391113e-05	0.0
s0_sv	5	delta	0	wrong	634,731	0.0	0	65	0.0	0.0	0.0	0.0	0.3961057662963867	0.2529866695404053	0.24627919495105743	0.2557086944580078	0.0	-0.0005121529102325439	0.0
s0_sv	5	delta	0	wrong	481,44	0.0	0	65	0.0	0.0	0.0	0.0	0.3961057662963867	0.2529866695404053	0.24627919495105743	0.2557086944580078	0.0	-1.4901161193847656e-07	0.0
s0_sv	5	delta	0	wrong	376,335	0.0	0	65	0.0	0.0	0.0	0.0	0.3961057662963867	0.2529866695404053	0.24627919495105743	0.2557086944580078	0.0	-1.1801719665527344e-05	0.0
s0_sv	5	delta	0	wrong	867,239	0.0	0	65	0.0	0.0	0.0	0.0	0.3961057662963867	0.2529866695404053	0.24627919495105743	0.2557086944580078	0.0	-4.172325134277344e-07	0.0
s0_sv	5	delta	0	wrong	1009,1018	0.0	0	65	0.0	0.0	0.0	0.0	0.3961057662963867	0.2529866695404053	0.24627919495105743	0.2557086944580078	0.0	-2.950429916381836e-06	0.0
s0_sv	5	delta	0	wrong	843,684	0.0	0	65	0.0	0.0	0.0	0.0	0.3961057662963867	0.2529866695404053	0.24627919495105743	0.2557086944580078	0.0	-0.013503819704055786	0.0
s0_sv	5	delta	0	wrong	255,708	0.0	0	65	0.0	0.0	0.0	0.0	0.3961057662963867	0.2529866695404053	0.24627919495105743	0.2557086944580078	0.0	-2.9802322387695312e-08	0.0
s0_sv	5	delta	0	wrong	1019,256	0.0	0	65	0.0	0.0	0.0	0.0	0.3961057662963867	0.2529866695404053	0.24627919495105743	0.2557086944580078	0.0	-1.1026859283447266e-06	0.0
s0_sv	5	delta	0	wrong	175,306	0.0	0	65	0.0	0.0	0.0	0.0	0.3961057662963867	0.2529866695404053	0.24627919495105743	0.2557086944580078	0.0	-3.7550926208496094e-06	0.0
s0_sv	5	delta	0	wrong	858,751	0.0	0	65	0.0	0.0	0.0	0.0	0.3961057662963867	0.2529866695404053	0.24627919495105743	0.2557086944580078	0.0	-1.4901161193847656e-07	0.0
s0_sv	5	delta	0	wrong	854,27	0.0	0	65	0.0	0.0	0.0	0.0	0.3961057662963867	0.2529866695404053	0.24627919495105743	0.2557086944580078	0.0	-1.4603137969970703e-06	0.0
s0_sv	5	delta	0	wrong	314,540	0.0	0	65	0.0	0.0	0.0	0.0	0.3961057662963867	0.2529866695404053	0.24627919495105743	0.2557086944580078	0.0	0.0	0.0
s0_sv	5	delta	0	wrong	297,263	0.0	0	65	0.0	0.0	0.0	0.0	0.3961057662963867	0.2529866695404053	0.24627919495105743	0.2557086944580078	0.0	-2.9802322387695312e-08	0.0
s0_sv	5	delta	0	wrong	553,309	0.0	0	65	0.0	0.0	0.0	0.0	0.3961057662963867	0.2529866695404053	0.24627919495105743	0.2557086944580078	0.0	-1.2218952178955078e-06	0.0
s0_sv	5	delta	0	wrong	581,199	0.0	0	65	0.0	0.0	0.0	0.0	0.3961057662963867	0.2529866695404053	0.24627919495105743	0.2557086944580078	0.0	-2.6226043701171875e-05	0.0
s0_sv	5	delta	0	wrong	46,380	0.0	0	65	0.0	0.0	0.0	0.0	0.3961057662963867	0.2529866695404053	0.24627919495105743	0.2557086944580078	0.0	-1.3917684555053711e-05	0.0
s0_sv	5	delta	0	wrong	664,612	0.0	0	65	0.0	0.0	0.0	0.0	0.3961057662963867	0.2529866695404053	0.24627919495105743	0.2557086944580078	0.0	-0.0006782412528991699	0.0
s0_sv	5	delta	0	wrong	296,575	0.0	0	65	0.0	0.0	0.0	0.0	0.3961057662963867	0.2529866695404053	0.24627919495105743	0.2557086944580078	0.0	-1.4901161193847656e-07	0.0
s0_sv	5	delta	0	wrong	175,237	0.0	0	65	0.0	0.0	0.0	0.0	0.3961057662963867	0.2529866695404053	0.24627919495105743	0.2557086944580078	0.0	-8.240342140197754e-05	0.0
s0_sv	5	delta	0	wrong	805,656	0.0	0	65	0.0	0.0	0.0	0.0	0.3961057662963867	0.2529866695404053	0.24627919495105743	0.2557086944580078	0.0	-2.086162567138672e-07	0.0
s0_sv	5	delta	0	wrong	513,189	0.0	0	65	0.0	0.0	0.0	0.0	0.3961057662963867	0.2529866695404053	0.24627919495105743	0.2557086944580078	0.0	-0.00017815828323364258	0.0
s0_sv	5	delta	0	wrong	560,22	0.0	0	65	0.0	0.0	0.0	0.0	0.3961057662963867	0.2529866695404053	0.24627919495105743	0.2557086944580078	0.0	-1.6987323760986328e-06	0.0
s0_sv	5	delta	0	wrong	847,1006	0.0	0	65	0.0	0.0	0.0	0.0	0.3961057662963867	0.2529866695404053	0.24627919495105743	0.2557086944580078	0.0	0.0	0.0
s0_sv	5	delta	0	wrong	14,327	0.0	0	65	0.0	0.0	0.0	0.0	0.3961057662963867	0.2529866695404053	0.24627919495105743	0.2557086944580078	0.0	-3.427267074584961e-06	0.0
s0_sv	5	delta	0	wrong	695,152	0.0	0	65	0.0	0.0	0.0	0.0	0.3961057662963867	0.2529866695404053	0.24627919495105743	0.2557086944580078	0.0	-0.00022178888320922852	0.0
s0_sv	5	delta	0	wrong	26,660	0.0	0	65	0.0	0.0	0.0	0.0	0.3961057662963867	0.2529866695404053	0.24627919495105743	0.2557086944580078	0.0	-0.003716081380844116	0.0
s0_sv	5	delta	0	wrong	341,601	0.0	0	65	0.0	0.0	0.0	0.0	0.3961057662963867	0.2529866695404053	0.24627919495105743	0.2557086944580078	0.0	-5.960464477539063e-08	0.0
s0_sv	5	delta	0	wrong	149,187	0.0	0	65	0.0	0.0	0.0	0.0	0.3961057662963867	0.2529866695404053	0.24627919495105743	0.2557086944580078	0.0	-0.0009348094463348389	0.0
s0_sv	5	delta	0	wrong	624,188	0.0	0	65	0.0	0.0	0.0	0.0	0.3961057662963867	0.2529866695404053	0.24627919495105743	0.2557086944580078	0.0	-2.9802322387695312e-08	0.0
s0_sv	5	delta	0	wrong	955,967	0.0	0	65	0.0	0.0	0.0	0.0	0.3961057662963867	0.2529866695404053	0.24627919495105743	0.2557086944580078	0.0	-0.005077987909317017	0.0
s0_sv	5	delta	0	wrong	1000,202	0.0	0	65	0.0	0.0	0.0	0.0	0.3961057662963867	0.2529866695404053	0.24627919495105743	0.2557086944580078	0.0	-4.559755325317383e-06	0.0
s0_sv	5	delta	0	wrong	597,255	0.0	0	65	0.0	0.0	0.0	0.0	0.3961057662963867	0.2529866695404053	0.24627919495105743	0.2557086944580078	0.0	-0.00015243887901306152	0.0
s0_sv	5	delta	0	wrong	521,342	0.0	0	65	0.0	0.0	0.0	0.0	0.3961057662963867	0.2529866695404053	0.24627919495105743	0.2557086944580078	0.0	-2.9802322387695312e-08	0.0
s0_sv	5	delta	0	wrong	544,517	0.0	0	65	0.0	0.0	0.0	0.0	0.3961057662963867	0.2529866695404053	0.24627919495105743	0.2557086944580078	0.0	-0.00015369057655334473	0.0
s0_sv	5	delta	0	wrong	576,793	0.0	0	65	0.0	0.0	0.0	0.0	0.3961057662963867	0.2529866695404053	0.24627919495105743	0.2557086944580078	0.0	-0.0008072555065155029	0.0
s0_sv	5	delta	0	wrong	937,900	0.0	0	65	0.0	0.0	0.0	0.0	0.3961057662963867	0.2529866695404053	0.24627919495105743	0.2557086944580078	0.0	-2.142786979675293e-05	0.0
s0_sv	5	delta	0	wrong	405,400	0.0	0	65	0.0	0.0	0.0	0.0	0.3961057662963867	0.2529866695404053	0.24627919495105743	0.2557086944580078	0.0	-1.5020370483398438e-05	0.0
s0_sv	5	delta	0	wrong	106,964	0.0	0	65	0.0	0.0	0.0	0.0	0.3961057662963867	0.2529866695404053	0.24627919495105743	0.2557086944580078	0.0	-2.6226043701171875e-06	0.0
s0_sv	5	delta	1	true	8,428	0.0	0	65	0.0	0.0	0.0	0.0	0.18148258328437805	0.10184347629547119	0.2042473554611206	0.2611962556838989	0.0	-1.5497207641601562e-06	0.0
s0_sv	5	delta	1	true	35,507	0.0	0	65	0.0	0.0	0.0	0.0	0.18148258328437805	0.10184347629547119	0.2042473554611206	0.2611962556838989	0.0	0.0	0.0
s0_sv	5	delta	1	true	36,396	0.0	0	65	0.0	0.0	0.0	0.0	0.18148258328437805	0.10184347629547119	0.2042473554611206	0.2611962556838989	0.0	-0.00017058849334716797	0.0
s0_sv	5	delta	1	true	37,457	0.0	0	65	0.0	0.0	0.0	0.0	0.18148258328437805	0.10184347629547119	0.2042473554611206	0.2611962556838989	0.0	-6.604194641113281e-05	0.0
s0_sv	5	delta	1	true	784,838	0.0	0	65	0.0	0.0	0.0	0.0	0.18148258328437805	0.10184347629547119	0.2042473554611206	0.2611962556838989	0.0	-9.956955909729004e-05	0.0
s0_sv	5	delta	1	true	256,89	0.0	0	65	0.0	0.0	0.0	0.0	0.18148258328437805	0.10184347629547119	0.2042473554611206	0.2611962556838989	0.0	-6.556510925292969e-07	0.0
s0_sv	5	delta	1	true	258,59	0.0	0	65	0.0	0.0	0.0	0.0	0.18148258328437805	0.10184347629547119	0.2042473554611206	0.2611962556838989	0.0	-2.086162567138672e-07	0.0
s0_sv	5	delta	1	true	290,11	0.0	0	65	0.0	0.0	0.0	0.0	0.18148258328437805	0.10184347629547119	0.2042473554611206	0.2611962556838989	0.0	0.0	0.0
s0_sv	5	delta	1	true	292,111	0.0	0	65	0.0	0.0	0.0	0.0	0.18148258328437805	0.10184347629547119	0.2042473554611206	0.2611962556838989	0.0	-2.086162567138672e-06	0.0
s0_sv	5	delta	1	true	16,818	0.0	0	65	0.0	0.0	0.0	0.0	0.18148258328437805	0.10184347629547119	0.2042473554611206	0.2611962556838989	0.0	-8.118152618408203e-05	0.0
s0_sv	5	delta	1	true	23,861	0.0	0	65	0.0	0.0	0.0	0.0	0.18148258328437805	0.10184347629547119	0.2042473554611206	0.2611962556838989	0.0	-0.028595149517059326	0.0
s0_sv	5	delta	1	true	105,845	0.0	0	65	0.0	0.0	0.0	0.0	0.18148258328437805	0.10184347629547119	0.2042473554611206	0.2611962556838989	0.0	-0.00010690093040466309	0.0
s0_sv	5	delta	1	true	478,196	0.0	0	65	0.0	0.0	0.0	0.0	0.18148258328437805	0.10184347629547119	0.2042473554611206	0.2611962556838989	0.0	0.0	0.0
s0_sv	5	delta	1	true	648,833	0.0	0	65	0.0	0.0	0.0	0.0	0.18148258328437805	0.10184347629547119	0.2042473554611206	0.2611962556838989	0.0	-3.0249357223510742e-05	0.0
s0_sv	5	delta	1	true	652,841	0.0	0	65	0.0	0.0	0.0	0.0	0.18148258328437805	0.10184347629547119	0.2042473554611206	0.2611962556838989	0.0	-7.480382919311523e-05	0.0
s0_sv	5	delta	1	true	658,793	0.0	0	65	0.0	0.0	0.0	0.0	0.18148258328437805	0.10184347629547119	0.2042473554611206	0.2611962556838989	0.0	-9.807944297790527e-05	0.0
s0_sv	5	delta	1	true	683,867	0.0	0	65	0.0	0.0	0.0	0.0	0.18148258328437805	0.10184347629547119	0.2042473554611206	0.2611962556838989	0.0	-2.9802322387695312e-08	0.0
s0_sv	5	delta	1	true	729,850	0.0	0	65	0.0	0.0	0.0	0.0	0.18148258328437805	0.10184347629547119	0.2042473554611206	0.2611962556838989	0.0	-0.08422636985778809	-0.0006639137864112854
s0_sv	5	delta	1	true	751,778	0.0	0	65	0.0	0.0	0.0	0.0	0.18148258328437805	0.10184347629547119	0.2042473554611206	0.2611962556838989	0.0	-0.00037741661071777344	0.0
s0_sv	5	delta	1	true	782,780	0.0	0	65	0.0	0.0	0.0	0.0	0.18148258328437805	0.10184347629547119	0.2042473554611206	0.2611962556838989	0.0	-1.9669532775878906e-06	0.0
s0_sv	5	delta	1	true	813,827	0.0	0	65	0.0	0.0	0.0	0.0	0.18148258328437805	0.10184347629547119	0.2042473554611206	0.2611962556838989	0.0	0.0	0.0
s0_sv	5	delta	1	true	815,812	0.0	0	65	0.0	0.0	0.0	0.0	0.18148258328437805	0.10184347629547119	0.2042473554611206	0.2611962556838989	0.0	-5.960464477539063e-08	0.0
s0_sv	5	delta	1	true	199,94	0.0	0	65	0.0	0.0	0.0	0.0	0.18148258328437805	0.10184347629547119	0.2042473554611206	0.2611962556838989	0.0	0.0	0.0
s0_sv	5	delta	1	true	216,80	0.0	0	65	0.0	0.0	0.0	0.0	0.18148258328437805	0.10184347629547119	0.2042473554611206	0.2611962556838989	0.0	-0.021594226360321045	-4.16487455368042e-06
s0_sv	5	delta	1	true	447,315	0.0	0	65	0.0	0.0	0.0	0.0	0.18148258328437805	0.10184347629547119	0.2042473554611206	0.2611962556838989	0.0	-2.384185791015625e-07	0.0
s0_sv	5	delta	1	true	494,362	0.0	0	65	0.0	0.0	0.0	0.0	0.18148258328437805	0.10184347629547119	0.2042473554611206	0.2611962556838989	0.0	-1.817941665649414e-06	0.0
s0_sv	5	delta	1	true	498,349	0.0	0	65	0.0	0.0	0.0	0.0	0.18148258328437805	0.10184347629547119	0.2042473554611206	0.2611962556838989	0.0	0.0	0.0
s0_sv	5	delta	1	true	649,24	0.0	0	65	0.0	0.0	0.0	0.0	0.18148258328437805	0.10184347629547119	0.2042473554611206	0.2611962556838989	0.0	-6.0617923736572266e-05	0.0
s0_sv	5	delta	1	true	672,83	0.0	0	65	0.0	0.0	0.0	0.0	0.18148258328437805	0.10184347629547119	0.2042473554611206	0.2611962556838989	0.0	-1.996755599975586e-06	0.0
s0_sv	5	delta	1	true	764,83	0.0	0	65	0.0	0.0	0.0	0.0	0.18148258328437805	0.10184347629547119	0.2042473554611206	0.2611962556838989	0.0	-1.6689300537109375e-06	0.0
s0_sv	5	delta	1	true	222,420	0.0	0	65	0.0	0.0	0.0	0.0	0.18148258328437805	0.10184347629547119	0.2042473554611206	0.2611962556838989	0.0	-1.1920928955078125e-07	0.0
s0_sv	5	delta	1	true	267,510	0.0	0	65	0.0	0.0	0.0	0.0	0.18148258328437805	0.10184347629547119	0.2042473554611206	0.2611962556838989	0.0	0.0	0.0
s0_sv	5	delta	1	true	310,506	0.0	0	65	0.0	0.0	0.0	0.0	0.18148258328437805	0.10184347629547119	0.2042473554611206	0.2611962556838989	0.0	-3.5762786865234375e-07	0.0
s0_sv	5	delta	1	true	317,393	0.0	0	65	0.0	0.0	0.0	0.0	0.18148258328437805	0.10184347629547119	0.2042473554611206	0.2611962556838989	0.0	-0.00010508298873901367	0.0
s0_sv	5	delta	1	true	324,436	0.0	0	65	0.0	0.0	0.0	0.0	0.18148258328437805	0.10184347629547119	0.2042473554611206	0.2611962556838989	0.0	0.0	0.0
s0_sv	5	delta	1	true	333,420	0.0	0	65	0.0	0.0	0.0	0.0	0.18148258328437805	0.10184347629547119	0.2042473554611206	0.2611962556838989	0.0	-5.036592483520508e-06	0.0
s0_sv	5	delta	1	true	356,489	0.0	0	65	0.0	0.0	0.0	0.0	0.18148258328437805	0.10184347629547119	0.2042473554611206	0.2611962556838989	0.0	0.0	0.0
s0_sv	5	delta	1	true	383,446	0.0	0	65	0.0	0.0	0.0	0.0	0.18148258328437805	0.10184347629547119	0.2042473554611206	0.2611962556838989	0.0	-1.1920928955078125e-07	0.0
s0_sv	5	delta	1	true	958,116	0.0	0	65	0.0	0.0	0.0	0.0	0.18148258328437805	0.10184347629547119	0.2042473554611206	0.2611962556838989	0.0	-2.3752450942993164e-05	0.0
s0_sv	5	delta	1	true	1000,63	0.0	0	65	0.0	0.0	0.0	0.0	0.18148258328437805	0.10184347629547119	0.2042473554611206	0.2611962556838989	0.0	-7.262825965881348e-05	0.0
s0_sv	5	delta	1	true	4,110	0.0	0	65	0.0	0.0	0.0	0.0	0.18148258328437805	0.10184347629547119	0.2042473554611206	0.2611962556838989	0.0	-6.67572021484375e-06	0.0
s0_sv	5	delta	1	true	42,105	0.0	0	65	0.0	0.0	0.0	0.0	0.18148258328437805	0.10184347629547119	0.2042473554611206	0.2611962556838989	0.0	-7.927417755126953e-06	0.0
s0_sv	5	delta	1	true	63,63	0.0	0	65	0.0	0.0	0.0	0.0	0.18148258328437805	0.10184347629547119	0.2042473554611206	0.2611962556838989	0.0	-0.011880815029144287	0.0
s0_sv	5	delta	1	true	96,109	0.0	0	65	0.0	0.0	0.0	0.0	0.18148258328437805	0.10184347629547119	0.2042473554611206	0.2611962556838989	0.0	-0.007694661617279053	0.0
s0_sv	5	delta	1	true	268,720	0.0	0	65	0.0	0.0	0.0	0.0	0.18148258328437805	0.10184347629547119	0.2042473554611206	0.2611962556838989	0.0	-1.430511474609375e-06	0.0
s0_sv	5	delta	1	true	286,699	0.0	0	65	0.0	0.0	0.0	0.0	0.18148258328437805	0.10184347629547119	0.2042473554611206	0.2611962556838989	0.0	-5.960464477539063e-08	0.0
s0_sv	5	delta	1	true	150,592	0.0	0	65	0.0	0.0	0.0	0.0	0.18148258328437805	0.10184347629547119	0.2042473554611206	0.2611962556838989	0.0	-0.00035756826400756836	0.0
s0_sv	5	delta	1	true	239,577	0.0	0	65	0.0	0.0	0.0	0.0	0.18148258328437805	0.10184347629547119	0.2042473554611206	0.2611962556838989	0.0	-0.027903616428375244	0.0
s0_sv	5	delta	1	wrong	242,861	0.0	0	65	0.0	0.0	0.0	0.0	0.18148258328437805	0.10184347629547119	0.2042473554611206	0.2611962556838989	0.0	-2.110004425048828e-05	0.0
s0_sv	5	delta	1	wrong	697,270	0.0	0	65	0.0	0.0	0.0	0.0	0.18148258328437805	0.10184347629547119	0.2042473554611206	0.2611962556838989	0.0	-9.834766387939453e-07	0.0
s0_sv	5	delta	1	wrong	615,675	0.0	0	65	0.0	0.0	0.0	0.0	0.18148258328437805	0.10184347629547119	0.2042473554611206	0.2611962556838989	0.0	0.0	0.0
s0_sv	5	delta	1	wrong	110,941	0.0	0	65	0.0	0.0	0.0	0.0	0.18148258328437805	0.10184347629547119	0.2042473554611206	0.2611962556838989	0.0	-1.1324882507324219e-06	0.0
s0_sv	5	delta	1	wrong	469,651	0.0	0	65	0.0	0.0	0.0	0.0	0.18148258328437805	0.10184347629547119	0.2042473554611206	0.2611962556838989	0.0	-0.00023189187049865723	0.0
s0_sv	5	delta	1	wrong	714,952	0.0	0	65	0.0	0.0	0.0	0.0	0.18148258328437805	0.10184347629547119	0.2042473554611206	0.2611962556838989	0.0	-5.334615707397461e-05	0.0
s0_sv	5	delta	1	wrong	247,136	0.0	0	65	0.0	0.0	0.0	0.0	0.18148258328437805	0.10184347629547119	0.2042473554611206	0.2611962556838989	0.0	-9.5367431640625e-07	0.0
s0_sv	5	delta	1	wrong	871,6	0.0	0	65	0.0	0.0	0.0	0.0	0.18148258328437805	0.10184347629547119	0.2042473554611206	0.2611962556838989	0.0	0.0	0.0
s0_sv	5	delta	1	wrong	66,336	0.0	0	65	0.0	0.0	0.0	0.0	0.18148258328437805	0.10184347629547119	0.2042473554611206	0.2611962556838989	0.0	-5.960464477539063e-08	0.0
s0_sv	5	delta	1	wrong	951,906	0.0	0	65	0.0	0.0	0.0	0.0	0.18148258328437805	0.10184347629547119	0.2042473554611206	0.2611962556838989	0.0	-1.0311603546142578e-05	0.0
s0_sv	5	delta	1	wrong	634,731	0.0	0	65	0.0	0.0	0.0	0.0	0.18148258328437805	0.10184347629547119	0.2042473554611206	0.2611962556838989	0.0	-0.00015819072723388672	0.0
s0_sv	5	delta	1	wrong	481,44	0.0	0	65	0.0	0.0	0.0	0.0	0.18148258328437805	0.10184347629547119	0.2042473554611206	0.2611962556838989	0.0	-5.960464477539063e-08	0.0
s0_sv	5	delta	1	wrong	376,335	0.0	0	65	0.0	0.0	0.0	0.0	0.18148258328437805	0.10184347629547119	0.2042473554611206	0.2611962556838989	0.0	-3.3080577850341797e-06	0.0
s0_sv	5	delta	1	wrong	867,239	0.0	0	65	0.0	0.0	0.0	0.0	0.18148258328437805	0.10184347629547119	0.2042473554611206	0.2611962556838989	0.0	-8.940696716308594e-08	0.0
s0_sv	5	delta	1	wrong	1009,1018	0.0	0	65	0.0	0.0	0.0	0.0	0.18148258328437805	0.10184347629547119	0.2042473554611206	0.2611962556838989	0.0	-1.0132789611816406e-06	0.0
s0_sv	5	delta	1	wrong	843,684	0.0	0	65	0.0	0.0	0.0	0.0	0.18148258328437805	0.10184347629547119	0.2042473554611206	0.2611962556838989	0.0	-0.0045867860317230225	0.0
s0_sv	5	delta	1	wrong	255,708	0.0	0	65	0.0	0.0	0.0	0.0	0.18148258328437805	0.10184347629547119	0.2042473554611206	0.2611962556838989	0.0	0.0	0.0
s0_sv	5	delta	1	wrong	1019,256	0.0	0	65	0.0	0.0	0.0	0.0	0.18148258328437805	0.10184347629547119	0.2042473554611206	0.2611962556838989	0.0	-3.5762786865234375e-07	0.0
s0_sv	5	delta	1	wrong	175,306	0.0	0	65	0.0	0.0	0.0	0.0	0.18148258328437805	0.10184347629547119	0.2042473554611206	0.2611962556838989	0.0	-1.1324882507324219e-06	0.0
s0_sv	5	delta	1	wrong	858,751	0.0	0	65	0.0	0.0	0.0	0.0	0.18148258328437805	0.10184347629547119	0.2042473554611206	0.2611962556838989	0.0	-2.9802322387695312e-08	0.0
s0_sv	5	delta	1	wrong	854,27	0.0	0	65	0.0	0.0	0.0	0.0	0.18148258328437805	0.10184347629547119	0.2042473554611206	0.2611962556838989	0.0	-5.960464477539062e-07	0.0
s0_sv	5	delta	1	wrong	314,540	0.0	0	65	0.0	0.0	0.0	0.0	0.18148258328437805	0.10184347629547119	0.2042473554611206	0.2611962556838989	0.0	0.0	0.0
s0_sv	5	delta	1	wrong	297,263	0.0	0	65	0.0	0.0	0.0	0.0	0.18148258328437805	0.10184347629547119	0.2042473554611206	0.2611962556838989	0.0	0.0	0.0
s0_sv	5	delta	1	wrong	553,309	0.0	0	65	0.0	0.0	0.0	0.0	0.18148258328437805	0.10184347629547119	0.2042473554611206	0.2611962556838989	0.0	-3.5762786865234375e-07	0.0
s0_sv	5	delta	1	wrong	581,199	0.0	0	65	0.0	0.0	0.0	0.0	0.18148258328437805	0.10184347629547119	0.2042473554611206	0.2611962556838989	0.0	-7.212162017822266e-06	0.0
s0_sv	5	delta	1	wrong	46,380	0.0	0	65	0.0	0.0	0.0	0.0	0.18148258328437805	0.10184347629547119	0.2042473554611206	0.2611962556838989	0.0	-4.5299530029296875e-06	0.0
s0_sv	5	delta	1	wrong	664,612	0.0	0	65	0.0	0.0	0.0	0.0	0.18148258328437805	0.10184347629547119	0.2042473554611206	0.2611962556838989	0.0	-0.00021636486053466797	0.0
s0_sv	5	delta	1	wrong	296,575	0.0	0	65	0.0	0.0	0.0	0.0	0.18148258328437805	0.10184347629547119	0.2042473554611206	0.2611962556838989	0.0	0.0	0.0
s0_sv	5	delta	1	wrong	175,237	0.0	0	65	0.0	0.0	0.0	0.0	0.18148258328437805	0.10184347629547119	0.2042473554611206	0.2611962556838989	0.0	-2.6524066925048828e-05	0.0
s0_sv	5	delta	1	wrong	805,656	0.0	0	65	0.0	0.0	0.0	0.0	0.18148258328437805	0.10184347629547119	0.2042473554611206	0.2611962556838989	0.0	-5.960464477539063e-08	0.0
s0_sv	5	delta	1	wrong	513,189	0.0	0	65	0.0	0.0	0.0	0.0	0.18148258328437805	0.10184347629547119	0.2042473554611206	0.2611962556838989	0.0	-6.0677528381347656e-05	0.0
s0_sv	5	delta	1	wrong	560,22	0.0	0	65	0.0	0.0	0.0	0.0	0.18148258328437805	0.10184347629547119	0.2042473554611206	0.2611962556838989	0.0	-6.556510925292969e-07	0.0
s0_sv	5	delta	1	wrong	847,1006	0.0	0	65	0.0	0.0	0.0	0.0	0.18148258328437805	0.10184347629547119	0.2042473554611206	0.2611962556838989	0.0	0.0	0.0
s0_sv	5	delta	1	wrong	14,327	0.0	0	65	0.0	0.0	0.0	0.0	0.18148258328437805	0.10184347629547119	0.2042473554611206	0.2611962556838989	0.0	-1.0132789611816406e-06	0.0
s0_sv	5	delta	1	wrong	695,152	0.0	0	65	0.0	0.0	0.0	0.0	0.18148258328437805	0.10184347629547119	0.2042473554611206	0.2611962556838989	0.0	-7.519125938415527e-05	0.0
s0_sv	5	delta	1	wrong	26,660	0.0	0	65	0.0	0.0	0.0	0.0	0.18148258328437805	0.10184347629547119	0.2042473554611206	0.2611962556838989	0.0	-0.001354813575744629	0.0
s0_sv	5	delta	1	wrong	341,601	0.0	0	65	0.0	0.0	0.0	0.0	0.18148258328437805	0.10184347629547119	0.2042473554611206	0.2611962556838989	0.0	0.0	0.0
s0_sv	5	delta	1	wrong	149,187	0.0	0	65	0.0	0.0	0.0	0.0	0.18148258328437805	0.10184347629547119	0.2042473554611206	0.2611962556838989	0.0	-0.00029921531677246094	0.0
s0_sv	5	delta	1	wrong	624,188	0.0	0	65	0.0	0.0	0.0	0.0	0.18148258328437805	0.10184347629547119	0.2042473554611206	0.2611962556838989	0.0	0.0	0.0
s0_sv	5	delta	1	wrong	955,967	0.0	0	65	0.0	0.0	0.0	0.0	0.18148258328437805	0.10184347629547119	0.2042473554611206	0.2611962556838989	0.0	-0.001596212387084961	0.0
s0_sv	5	delta	1	wrong	1000,202	0.0	0	65	0.0	0.0	0.0	0.0	0.18148258328437805	0.10184347629547119	0.2042473554611206	0.2611962556838989	0.0	-1.1324882507324219e-06	0.0
s0_sv	5	delta	1	wrong	597,255	0.0	0	65	0.0	0.0	0.0	0.0	0.18148258328437805	0.10184347629547119	0.2042473554611206	0.2611962556838989	0.0	-4.762411117553711e-05	0.0
s0_sv	5	delta	1	wrong	521,342	0.0	0	65	0.0	0.0	0.0	0.0	0.18148258328437805	0.10184347629547119	0.2042473554611206	0.2611962556838989	0.0	0.0	0.0
s0_sv	5	delta	1	wrong	544,517	0.0	0	65	0.0	0.0	0.0	0.0	0.18148258328437805	0.10184347629547119	0.2042473554611206	0.2611962556838989	0.0	-4.881620407104492e-05	0.0
s0_sv	5	delta	1	wrong	576,793	0.0	0	65	0.0	0.0	0.0	0.0	0.18148258328437805	0.10184347629547119	0.2042473554611206	0.2611962556838989	0.0	-0.0002747774124145508	0.0
s0_sv	5	delta	1	wrong	937,900	0.0	0	65	0.0	0.0	0.0	0.0	0.18148258328437805	0.10184347629547119	0.2042473554611206	0.2611962556838989	0.0	-6.973743438720703e-06	0.0
s0_sv	5	delta	1	wrong	405,400	0.0	0	65	0.0	0.0	0.0	0.0	0.18148258328437805	0.10184347629547119	0.2042473554611206	0.2611962556838989	0.0	-3.7550926208496094e-06	0.0
s0_sv	5	delta	1	wrong	106,964	0.0	0	65	0.0	0.0	0.0	0.0	0.18148258328437805	0.10184347629547119	0.2042473554611206	0.2611962556838989	0.0	-9.238719940185547e-07	0.0
s0_sv	5	delta	2	true	13,398	0.0	0	65	0.0	0.0	0.0	0.0	0.4908183813095093	0.3680367171764374	0.37105894088745117	0.2872815728187561	0.0	-3.147125244140625e-05	0.0
s0_sv	5	delta	2	true	50,460	0.0	0	65	0.0	0.0	0.0	0.0	0.4908183813095093	0.3680367171764374	0.37105894088745117	0.2872815728187561	0.0	-0.00014066696166992188	0.0
s0_sv	5	delta	2	true	70,446	0.0	0	65	0.0	0.0	0.0	0.0	0.4908183813095093	0.3680367171764374	0.37105894088745117	0.2872815728187561	0.0	0.0	0.0
s0_sv	5	delta	2	true	88,497	0.0	0	65	0.0	0.0	0.0	0.0	0.4908183813095093	0.3680367171764374	0.37105894088745117	0.2872815728187561	0.0	0.0	0.0
s0_sv	5	delta	2	true	100,463	0.0	0	65	0.0	0.0	0.0	0.0	0.4908183813095093	0.3680367171764374	0.37105894088745117	0.2872815728187561	0.0	-1.4424324035644531e-05	0.0
s0_sv	5	delta	2	true	821,865	0.0	0	65	0.0	0.0	0.0	0.0	0.4908183813095093	0.3680367171764374	0.37105894088745117	0.2872815728187561	0.0	0.0	0.0
s0_sv	5	delta	2	true	870,891	0.0	0	65	0.0	0.0	0.0	0.0	0.4908183813095093	0.3680367171764374	0.37105894088745117	0.2872815728187561	0.0	0.0	0.0
s0_sv	5	delta	2	true	280,51	0.0	0	65	0.0	0.0	0.0	0.0	0.4908183813095093	0.3680367171764374	0.37105894088745117	0.2872815728187561	0.0	0.0	0.0
s0_sv	5	delta	2	true	351,2	0.0	0	65	0.0	0.0	0.0	0.0	0.4908183813095093	0.3680367171764374	0.37105894088745117	0.2872815728187561	0.0	0.0	0.0
s0_sv	5	delta	2	true	3,816	0.0	0	65	0.0	0.0	0.0	0.0	0.4908183813095093	0.3680367171764374	0.37105894088745117	0.2872815728187561	0.0	-8.463859558105469e-06	0.0
s0_sv	5	delta	2	true	73,805	0.0	0	65	0.0	0.0	0.0	0.0	0.4908183813095093	0.3680367171764374	0.37105894088745117	0.2872815728187561	0.0	0.0	0.0
s0_sv	5	delta	2	true	119,821	0.0	0	65	0.0	0.0	0.0	0.0	0.4908183813095093	0.3680367171764374	0.37105894088745117	0.2872815728187561	0.0	-2.2649765014648438e-06	0.0
s0_sv	5	delta	2	true	386,175	0.0	0	65	0.0	0.0	0.0	0.0	0.4908183813095093	0.3680367171764374	0.37105894088745117	0.2872815728187561	0.0	-1.1920928955078125e-07	0.0
s0_sv	5	delta	2	true	428,153	0.0	0	65	0.0	0.0	0.0	0.0	0.4908183813095093	0.3680367171764374	0.37105894088745117	0.2872815728187561	0.0	-0.00015681982040405273	0.0
s0_sv	5	delta	2	true	461,189	0.0	0	65	0.0	0.0	0.0	0.0	0.4908183813095093	0.3680367171764374	0.37105894088745117	0.2872815728187561	0.0	-3.5762786865234375e-07	0.0
s0_sv	5	delta	2	true	488,144	0.0	0	65	0.0	0.0	0.0	0.0	0.4908183813095093	0.3680367171764374	0.37105894088745117	0.2872815728187561	0.0	-1.1920928955078125e-07	0.0
s0_sv	5	delta	2	true	488,215	0.0	0	65	0.0	0.0	0.0	0.0	0.4908183813095093	0.3680367171764374	0.37105894088745117	0.2872815728187561	0.0	0.0	0.0
s0_sv	5	delta	2	true	783,800	0.0	0	65	0.0	0.0	0.0	0.0	0.4908183813095093	0.3680367171764374	0.37105894088745117	0.2872815728187561	0.0	-9.578466415405273e-05	0.0
s0_sv	5	delta	2	true	845,843	0.0	0	65	0.0	0.0	0.0	0.0	0.4908183813095093	0.3680367171764374	0.37105894088745117	0.2872815728187561	0.0	-6.556510925292969e-07	0.0
s0_sv	5	delta	2	true	851,889	0.0	0	65	0.0	0.0	0.0	0.0	0.4908183813095093	0.3680367171764374	0.37105894088745117	0.2872815728187561	0.0	-7.510185241699219e-06	0.0
s0_sv	5	delta	2	true	856,850	0.0	0	65	0.0	0.0	0.0	0.0	0.4908183813095093	0.3680367171764374	0.37105894088745117	0.2872815728187561	0.0	-2.384185791015625e-07	0.0
s0_sv	5	delta	2	true	889,830	0.0	0	65	0.0	0.0	0.0	0.0	0.4908183813095093	0.3680367171764374	0.37105894088745117	0.2872815728187561	0.0	-2.8014183044433594e-06	0.0
s0_sv	5	delta	2	true	189,109	0.0	0	65	0.0	0.0	0.0	0.0	0.4908183813095093	0.3680367171764374	0.37105894088745117	0.2872815728187561	0.0	-8.58306884765625e-06	0.0
s0_sv	5	delta	2	true	214,21	0.0	0	65	0.0	0.0	0.0	0.0	0.4908183813095093	0.3680367171764374	0.37105894088745117	0.2872815728187561	0.0	-5.960464477539063e-08	0.0
s0_sv	5	delta	2	true	387,357	0.0	0	65	0.0	0.0	0.0	0.0	0.4908183813095093	0.3680367171764374	0.37105894088745117	0.2872815728187561	0.0	0.0	0.0
s0_sv	5	delta	2	true	396,273	0.0	0	65	0.0	0.0	0.0	0.0	0.4908183813095093	0.3680367171764374	0.37105894088745117	0.2872815728187561	0.0	-1.5497207641601562e-06	0.0
s0_sv	5	delta	2	true	408,342	0.0	0	65	0.0	0.0	0.0	0.0	0.4908183813095093	0.3680367171764374	0.37105894088745117	0.2872815728187561	0.0	0.0	0.0
s0_sv	5	delta	2	true	431,331	0.0	0	65	0.0	0.0	0.0	0.0	0.4908183813095093	0.3680367171764374	0.37105894088745117	0.2872815728187561	0.0	0.0	0.0
s0_sv	5	delta	2	true	449,340	0.0	0	65	0.0	0.0	0.0	0.0	0.4908183813095093	0.3680367171764374	0.37105894088745117	0.2872815728187561	0.0	0.0	0.0
s0_sv	5	delta	2	true	475,354	0.0	0	65	0.0	0.0	0.0	0.0	0.4908183813095093	0.3680367171764374	0.37105894088745117	0.2872815728187561	0.0	0.0	0.0
s0_sv	5	delta	2	true	134,450	0.0	0	65	0.0	0.0	0.0	0.0	0.4908183813095093	0.3680367171764374	0.37105894088745117	0.2872815728187561	0.0	-0.0020887255668640137	0.0
s0_sv	5	delta	2	true	136,420	0.0	0	65	0.0	0.0	0.0	0.0	0.4908183813095093	0.3680367171764374	0.37105894088745117	0.2872815728187561	0.0	-2.86102294921875e-05	0.0
s0_sv	5	delta	2	true	137,412	0.0	1	65	-0.0015009641647338867	-0.0019765496253967285	-0.0004795193672180176	0.00044852495193481445	0.4893174171447754	0.36606016755104065	0.37057942152023315	0.2877300977706909	0.0	-0.0881163477897644	-0.0003631468862295151
s0_sv	5	delta	2	true	190,511	0.0	0	65	0.0	0.0	0.0	0.0	0.4908183813095093	0.3680367171764374	0.37105894088745117	0.2872815728187561	0.0	-2.384185791015625e-07	0.0
s0_sv	5	delta	2	true	314,445	0.0	0	65	0.0	0.0	0.0	0.0	0.4908183813095093	0.3680367171764374	0.37105894088745117	0.2872815728187561	0.0	-4.649162292480469e-06	0.0
s0_sv	5	delta	2	true	333,416	0.0	0	65	0.0	0.0	0.0	0.0	0.4908183813095093	0.3680367171764374	0.37105894088745117	0.2872815728187561	0.0	-6.556510925292969e-07	0.0
s0_sv	5	delta	2	true	968,47	0.0	0	65	0.0	0.0	0.0	0.0	0.4908183813095093	0.3680367171764374	0.37105894088745117	0.2872815728187561	0.0	-0.0004876852035522461	0.0
s0_sv	5	delta	2	true	980,52	0.0	0	65	0.0	0.0	0.0	0.0	0.4908183813095093	0.3680367171764374	0.37105894088745117	0.2872815728187561	0.0	0.0	0.0
s0_sv	5	delta	2	true	1015,43	0.0	0	65	0.0	0.0	0.0	0.0	0.4908183813095093	0.3680367171764374	0.37105894088745117	0.2872815728187561	0.0	-2.86102294921875e-06	0.0
s0_sv	5	delta	2	true	59,78	0.0	0	65	0.0	0.0	0.0	0.0	0.4908183813095093	0.3680367171764374	0.37105894088745117	0.2872815728187561	0.0	0.0	0.0
s0_sv	5	delta	2	true	73,13	0.0	0	65	0.0	0.0	0.0	0.0	0.4908183813095093	0.3680367171764374	0.37105894088745117	0.2872815728187561	0.0	-1.1920928955078125e-06	0.0
s0_sv	5	delta	2	true	261,655	0.0	0	65	0.0	0.0	0.0	0.0	0.4908183813095093	0.3680367171764374	0.37105894088745117	0.2872815728187561	0.0	-2.0265579223632812e-06	0.0
s0_sv	5	delta	2	true	280,754	0.0	0	65	0.0	0.0	0.0	0.0	0.4908183813095093	0.3680367171764374	0.37105894088745117	0.2872815728187561	0.0	0.0	0.0
s0_sv	5	delta	2	true	344,755	0.0	0	65	0.0	0.0	0.0	0.0	0.4908183813095093	0.3680367171764374	0.37105894088745117	0.2872815728187561	0.0	-5.960464477539063e-08	0.0
s0_sv	5	delta	2	true	365,732	0.0	0	65	0.0	0.0	0.0	0.0	0.4908183813095093	0.3680367171764374	0.37105894088745117	0.2872815728187561	0.0	-1.0013580322265625e-05	0.0
s0_sv	5	delta	2	true	181,596	0.0	0	65	0.0	0.0	0.0	0.0	0.4908183813095093	0.3680367171764374	0.37105894088745117	0.2872815728187561	0.0	-0.00013190507888793945	0.0
s0_sv	5	delta	2	true	187,580	-0.18359375	255	65	-0.20670047402381897	-0.2285296618938446	-0.17801201343536377	0.08990979194641113	0.2841179072856903	0.13950705528259277	0.1930469274520874	0.37719136476516724	0.12691307067871094	0.5277947187423706	0.10414987057447433
s0_sv	5	delta	2	true	227,575	0.0	0	65	0.0	0.0	0.0	0.0	0.4908183813095093	0.3680367171764374	0.37105894088745117	0.2872815728187561	0.0	-2.944469451904297e-05	0.0
s0_sv	5	delta	2	wrong	242,861	0.0	0	65	0.0	0.0	0.0	0.0	0.4908183813095093	0.3680367171764374	0.37105894088745117	0.2872815728187561	0.0	-1.609325408935547e-05	0.0
s0_sv	5	delta	2	wrong	697,270	0.0	0	65	0.0	0.0	0.0	0.0	0.4908183813095093	0.3680367171764374	0.37105894088745117	0.2872815728187561	0.0	-5.960464477539062e-07	0.0
s0_sv	5	delta	2	wrong	615,675	0.0	0	65	0.0	0.0	0.0	0.0	0.4908183813095093	0.3680367171764374	0.37105894088745117	0.2872815728187561	0.0	0.0	0.0
s0_sv	5	delta	2	wrong	110,941	0.0	0	65	0.0	0.0	0.0	0.0	0.4908183813095093	0.3680367171764374	0.37105894088745117	0.2872815728187561	0.0	-5.960464477539062e-07	0.0
s0_sv	5	delta	2	wrong	469,651	0.0	0	65	0.0	0.0	0.0	0.0	0.4908183813095093	0.3680367171764374	0.37105894088745117	0.2872815728187561	0.0	-0.0001437664031982422	0.0
s0_sv	5	delta	2	wrong	714,952	0.0	0	65	0.0	0.0	0.0	0.0	0.4908183813095093	0.3680367171764374	0.37105894088745117	0.2872815728187561	0.0	-3.987550735473633e-05	0.0
s0_sv	5	delta	2	wrong	247,136	0.0	0	65	0.0	0.0	0.0	0.0	0.4908183813095093	0.3680367171764374	0.37105894088745117	0.2872815728187561	0.0	-7.152557373046875e-07	0.0
s0_sv	5	delta	2	wrong	871,6	0.0	0	65	0.0	0.0	0.0	0.0	0.4908183813095093	0.3680367171764374	0.37105894088745117	0.2872815728187561	0.0	0.0	0.0
s0_sv	5	delta	2	wrong	66,336	0.0	0	65	0.0	0.0	0.0	0.0	0.4908183813095093	0.3680367171764374	0.37105894088745117	0.2872815728187561	0.0	0.0	0.0
s0_sv	5	delta	2	wrong	951,906	0.0	0	65	0.0	0.0	0.0	0.0	0.4908183813095093	0.3680367171764374	0.37105894088745117	0.2872815728187561	0.0	-7.808208465576172e-06	0.0
s0_sv	5	delta	2	wrong	634,731	0.0	0	65	0.0	0.0	0.0	0.0	0.4908183813095093	0.3680367171764374	0.37105894088745117	0.2872815728187561	0.0	-0.00011688470840454102	0.0
s0_sv	5	delta	2	wrong	481,44	0.0	0	65	0.0	0.0	0.0	0.0	0.4908183813095093	0.3680367171764374	0.37105894088745117	0.2872815728187561	0.0	0.0	0.0
s0_sv	5	delta	2	wrong	376,335	0.0	0	65	0.0	0.0	0.0	0.0	0.4908183813095093	0.3680367171764374	0.37105894088745117	0.2872815728187561	0.0	-2.5033950805664062e-06	0.0
s0_sv	5	delta	2	wrong	867,239	0.0	0	65	0.0	0.0	0.0	0.0	0.4908183813095093	0.3680367171764374	0.37105894088745117	0.2872815728187561	0.0	-1.1920928955078125e-07	0.0
s0_sv	5	delta	2	wrong	1009,1018	0.0	0	65	0.0	0.0	0.0	0.0	0.4908183813095093	0.3680367171764374	0.37105894088745117	0.2872815728187561	0.0	-5.364418029785156e-07	0.0
s0_sv	5	delta	2	wrong	843,684	0.0	0	65	0.0	0.0	0.0	0.0	0.4908183813095093	0.3680367171764374	0.37105894088745117	0.2872815728187561	0.0	-0.0027587413787841797	0.0
s0_sv	5	delta	2	wrong	255,708	0.0	0	65	0.0	0.0	0.0	0.0	0.4908183813095093	0.3680367171764374	0.37105894088745117	0.2872815728187561	0.0	0.0	0.0
s0_sv	5	delta	2	wrong	1019,256	0.0	0	65	0.0	0.0	0.0	0.0	0.4908183813095093	0.3680367171764374	0.37105894088745117	0.2872815728187561	0.0	-1.7881393432617188e-07	0.0
s0_sv	5	delta	2	wrong	175,306	0.0	0	65	0.0	0.0	0.0	0.0	0.4908183813095093	0.3680367171764374	0.37105894088745117	0.2872815728187561	0.0	-7.152557373046875e-07	0.0
s0_sv	5	delta	2	wrong	858,751	0.0	0	65	0.0	0.0	0.0	0.0	0.4908183813095093	0.3680367171764374	0.37105894088745117	0.2872815728187561	0.0	0.0	0.0
s0_sv	5	delta	2	wrong	854,27	0.0	0	65	0.0	0.0	0.0	0.0	0.4908183813095093	0.3680367171764374	0.37105894088745117	0.2872815728187561	0.0	-2.384185791015625e-07	0.0
s0_sv	5	delta	2	wrong	314,540	0.0	0	65	0.0	0.0	0.0	0.0	0.4908183813095093	0.3680367171764374	0.37105894088745117	0.2872815728187561	0.0	0.0	0.0
s0_sv	5	delta	2	wrong	297,263	0.0	0	65	0.0	0.0	0.0	0.0	0.4908183813095093	0.3680367171764374	0.37105894088745117	0.2872815728187561	0.0	0.0	0.0
s0_sv	5	delta	2	wrong	553,309	0.0	0	65	0.0	0.0	0.0	0.0	0.4908183813095093	0.3680367171764374	0.37105894088745117	0.2872815728187561	0.0	-2.384185791015625e-07	0.0
s0_sv	5	delta	2	wrong	581,199	0.0	0	65	0.0	0.0	0.0	0.0	0.4908183813095093	0.3680367171764374	0.37105894088745117	0.2872815728187561	0.0	-5.7220458984375e-06	0.0
s0_sv	5	delta	2	wrong	46,380	0.0	0	65	0.0	0.0	0.0	0.0	0.4908183813095093	0.3680367171764374	0.37105894088745117	0.2872815728187561	0.0	-2.7418136596679688e-06	0.0
s0_sv	5	delta	2	wrong	664,612	0.0	0	65	0.0	0.0	0.0	0.0	0.4908183813095093	0.3680367171764374	0.37105894088745117	0.2872815728187561	0.0	-0.0001322031021118164	0.0
s0_sv	5	delta	2	wrong	296,575	0.0	0	65	0.0	0.0	0.0	0.0	0.4908183813095093	0.3680367171764374	0.37105894088745117	0.2872815728187561	0.0	0.0	0.0
s0_sv	5	delta	2	wrong	175,237	0.0	0	65	0.0	0.0	0.0	0.0	0.4908183813095093	0.3680367171764374	0.37105894088745117	0.2872815728187561	0.0	-1.7404556274414062e-05	0.0
s0_sv	5	delta	2	wrong	805,656	0.0	0	65	0.0	0.0	0.0	0.0	0.4908183813095093	0.3680367171764374	0.37105894088745117	0.2872815728187561	0.0	0.0	0.0
s0_sv	5	delta	2	wrong	513,189	0.0	0	65	0.0	0.0	0.0	0.0	0.4908183813095093	0.3680367171764374	0.37105894088745117	0.2872815728187561	0.0	-3.635883331298828e-05	0.0
s0_sv	5	delta	2	wrong	560,22	0.0	0	65	0.0	0.0	0.0	0.0	0.4908183813095093	0.3680367171764374	0.37105894088745117	0.2872815728187561	0.0	-2.384185791015625e-07	0.0
s0_sv	5	delta	2	wrong	847,1006	0.0	0	65	0.0	0.0	0.0	0.0	0.4908183813095093	0.3680367171764374	0.37105894088745117	0.2872815728187561	0.0	0.0	0.0
s0_sv	5	delta	2	wrong	14,327	0.0	0	65	0.0	0.0	0.0	0.0	0.4908183813095093	0.3680367171764374	0.37105894088745117	0.2872815728187561	0.0	-6.556510925292969e-07	0.0
s0_sv	5	delta	2	wrong	695,152	0.0	0	65	0.0	0.0	0.0	0.0	0.4908183813095093	0.3680367171764374	0.37105894088745117	0.2872815728187561	0.0	-4.684925079345703e-05	0.0
s0_sv	5	delta	2	wrong	26,660	0.0	0	65	0.0	0.0	0.0	0.0	0.4908183813095093	0.3680367171764374	0.37105894088745117	0.2872815728187561	0.0	-0.0007418990135192871	0.0
s0_sv	5	delta	2	wrong	341,601	0.0	0	65	0.0	0.0	0.0	0.0	0.4908183813095093	0.3680367171764374	0.37105894088745117	0.2872815728187561	0.0	0.0	0.0
s0_sv	5	delta	2	wrong	149,187	0.0	0	65	0.0	0.0	0.0	0.0	0.4908183813095093	0.3680367171764374	0.37105894088745117	0.2872815728187561	0.0	-0.0002053380012512207	0.0
s0_sv	5	delta	2	wrong	624,188	0.0	0	65	0.0	0.0	0.0	0.0	0.4908183813095093	0.3680367171764374	0.37105894088745117	0.2872815728187561	0.0	0.0	0.0
s0_sv	5	delta	2	wrong	955,967	0.0	0	65	0.0	0.0	0.0	0.0	0.4908183813095093	0.3680367171764374	0.37105894088745117	0.2872815728187561	0.0	-0.0011410713195800781	0.0
s0_sv	5	delta	2	wrong	1000,202	0.0	0	65	0.0	0.0	0.0	0.0	0.4908183813095093	0.3680367171764374	0.37105894088745117	0.2872815728187561	0.0	-9.5367431640625e-07	0.0
s0_sv	5	delta	2	wrong	597,255	0.0	0	65	0.0	0.0	0.0	0.0	0.4908183813095093	0.3680367171764374	0.37105894088745117	0.2872815728187561	0.0	-3.2067298889160156e-05	0.0
s0_sv	5	delta	2	wrong	521,342	0.0	0	65	0.0	0.0	0.0	0.0	0.4908183813095093	0.3680367171764374	0.37105894088745117	0.2872815728187561	0.0	0.0	0.0
s0_sv	5	delta	2	wrong	544,517	0.0	0	65	0.0	0.0	0.0	0.0	0.4908183813095093	0.3680367171764374	0.37105894088745117	0.2872815728187561	0.0	-3.165006637573242e-05	0.0
s0_sv	5	delta	2	wrong	576,793	0.0	0	65	0.0	0.0	0.0	0.0	0.4908183813095093	0.3680367171764374	0.37105894088745117	0.2872815728187561	0.0	-0.00016224384307861328	0.0
s0_sv	5	delta	2	wrong	937,900	0.0	0	65	0.0	0.0	0.0	0.0	0.4908183813095093	0.3680367171764374	0.37105894088745117	0.2872815728187561	0.0	-4.410743713378906e-06	0.0
s0_sv	5	delta	2	wrong	405,400	0.0	0	65	0.0	0.0	0.0	0.0	0.4908183813095093	0.3680367171764374	0.37105894088745117	0.2872815728187561	0.0	-3.4570693969726562e-06	0.0
s0_sv	5	delta	2	wrong	106,964	0.0	0	65	0.0	0.0	0.0	0.0	0.4908183813095093	0.3680367171764374	0.37105894088745117	0.2872815728187561	0.0	-4.172325134277344e-07	0.0
s0_sv	5	single	-1	true	6,408	0.14453125	-1	1					0.16526596248149872	0.10316688567399979	0.22532206773757935	0.20645269751548767	0.3779774010181427	0.0	0.0
s0_sv	5	single	-1	true	13,437	0.14453125	-1	1					0.12061292678117752	0.0870460718870163	0.1479572057723999	0.1279713362455368	0.503821849822998	0.0	0.0
s0_sv	5	single	-1	true	66,459	0.14453125	-1	1					0.24556896090507507	0.12382546812295914	0.14140313863754272	0.07204316556453705	0.1425599455833435	0.0	0.0
s0_sv	5	single	-1	true	67,401	0.14453125	-1	1					0.11498957872390747	0.05213172733783722	0.15116651356220245	0.11896462738513947	-0.015904933214187622	0.0	0.0
s0_sv	5	single	-1	true	98,501	0.1953125	-1	1					0.31607937812805176	0.22247646749019623	0.32825714349746704	0.12935402989387512	0.5313391089439392	0.0	0.0
s0_sv	5	single	-1	true	109,481	0.14453125	-1	1					0.016865026205778122	0.010046758688986301	0.1186470091342926	0.10035697370767593	-0.0775328278541565	0.0	0.0
s0_sv	5	single	-1	true	120,491	0.14453125	-1	1					0.058664485812187195	0.033117856830358505	0.09100021421909332	0.07319885492324829	0.12018124759197235	0.0	0.0
s0_sv	5	single	-1	true	125,489	0.14453125	-1	1					0.0017825852846726775	0.0009529071394354105	0.10969267785549164	0.07239052653312683	-0.16809096932411194	0.0	0.0
s0_sv	5	single	-1	true	770,882	0.1953125	-1	1					0.046553075313568115	0.024864545091986656	0.14501526951789856	0.13574296236038208	0.1602461040019989	0.0	0.0
s0_sv	5	single	-1	true	807,770	0.1953125	-1	1					0.21430549025535583	0.12078347057104111	0.14936763048171997	0.16289237141609192	0.438323974609375	0.0	0.0
s0_sv	5	single	-1	true	861,806	0.1953125	-1	1					0.12017425894737244	0.083920419216156	0.14920246601104736	0.14108696579933167	0.10890340805053711	0.0	0.0
s0_sv	5	single	-1	true	274,97	0.3359375	-1	1					0.3590541481971741	0.2562059760093689	0.2478129267692566	0.1772242784500122	0.7010703682899475	0.0	0.0
s0_sv	5	single	-1	true	340,77	0.0	-1	1					0.023106442764401436	0.012671731412410736	0.036482736468315125	0.054042018949985504	-0.5104268789291382	0.0	0.0
s0_sv	5	single	-1	true	368,66	0.0	-1	1					0.003090771846473217	0.0013285428285598755	0.061870940029621124	0.08289432525634766	0.3140803873538971	0.0	0.0
s0_sv	5	single	-1	true	379,6	0.0	-1	1					0.043482206761837006	0.020633112639188766	0.09188845008611679	0.17656712234020233	0.01630256325006485	0.0	0.0
s0_sv	5	single	-1	true	7,802	0.14453125	-1	1					0.11167669296264648	0.06326398998498917	0.1522548794746399	0.14991632103919983	0.4021545946598053	0.0	0.0
s0_sv	5	single	-1	true	17,874	0.0	-1	1					0.09585409611463547	0.0482260063290596	0.14030660688877106	0.24091987311840057	0.3701949417591095	0.0	0.0
s0_sv	5	single	-1	true	19,794	0.33984375	-1	1					0.5019389390945435	0.3305516541004181	0.10781408846378326	0.16460148990154266	0.14988058805465698	0.0	0.0
s0_sv	5	single	-1	true	63,882	0.0	-1	1					0.012041263282299042	0.006133598275482655	0.08760057389736176	0.16261906921863556	0.24410340189933777	0.0	0.0
s0_sv	5	single	-1	true	69,866	0.0	-1	1					0.02963823452591896	0.017744915559887886	0.13784001767635345	0.13066105544567108	-0.1864829957485199	0.0	0.0
s0_sv	5	single	-1	true	75,786	0.33984375	-1	1					0.47282832860946655	0.2568605840206146	0.162960022687912	0.39601078629493713	0.01997211202979088	0.0	0.0
s0_sv	5	single	-1	true	101,887	0.1953125	-1	1					0.013958259485661983	0.010805456899106503	0.08656410872936249	0.05107833445072174	0.17651855945587158	0.0	0.0
s0_sv	5	single	-1	true	122,871	0.1953125	-1	1					0.11399415880441666	0.0838749036192894	0.0969407707452774	0.11824110150337219	-0.1704309582710266	0.0	0.0
s0_sv	5	single	-1	true	405,144	0.14453125	-1	1					0.09286479651927948	0.06422355771064758	0.10814502835273743	0.10362530499696732	0.28040242195129395	0.0	0.0
s0_sv	5	single	-1	true	418,184	0.14453125	-1	1					0.06007099524140358	0.03591378778219223	0.15262261033058167	0.18559080362319946	-0.14901813864707947	0.0	0.0
s0_sv	5	single	-1	true	422,143	0.14453125	-1	1					0.06502729654312134	0.046229712665081024	0.11552216857671738	0.1441478133201599	-0.4345768690109253	0.0	0.0
s0_sv	5	single	-1	true	430,161	0.14453125	-1	1					0.03154737874865532	0.02208443358540535	0.01709807850420475	0.07781347632408142	-0.05674545839428902	0.0	0.0
s0_sv	5	single	-1	true	474,225	0.14453125	-1	1					0.01852429285645485	0.016184216365218163	0.09351767599582672	0.09007589519023895	0.2656784951686859	0.0	0.0
s0_sv	5	single	-1	true	494,203	0.14453125	-1	1					0.012163588777184486	0.0055633229203522205	0.0879100114107132	0.15824377536773682	0.18912570178508759	0.0	0.0
s0_sv	5	single	-1	true	663,814	0.14453125	-1	1					0.1907208263874054	0.09883300960063934	0.08946782350540161	0.13182540237903595	0.19445599615573883	0.0	0.0
s0_sv	5	single	-1	true	671,774	0.3046875	-1	1					0.4495604932308197	0.28365758061408997	0.31081461906433105	0.29003915190696716	0.7296912670135498	0.0	0.0
s0_sv	5	single	-1	true	675,781	0.3046875	-1	1					0.051142461597919464	0.029426615685224533	0.06642164289951324	0.13249871134757996	0.16861820220947266	0.0	0.0
s0_sv	5	single	-1	true	701,834	0.14453125	-1	1					0.011308476328849792	0.004613710101693869	0.05421176180243492	0.16261699795722961	0.44179412722587585	0.0	0.0
s0_sv	5	single	-1	true	707,874	0.14453125	-1	1					0.13005885481834412	0.0633135437965393	0.21833404898643494	0.33980536460876465	0.4536088705062866	0.0	0.0
s0_sv	5	single	-1	true	712,831	0.14453125	-1	1					0.0226588174700737	0.011536766774952412	0.08810923993587494	0.14741230010986328	0.3929407000541687	0.0	0.0
s0_sv	5	single	-1	true	715,857	0.14453125	-1	1					0.22233331203460693	0.14319849014282227	0.13326533138751984	0.1888388693332672	0.5124629139900208	0.0	0.0
s0_sv	5	single	-1	true	727,871	0.14453125	-1	1					0.07383765280246735	0.054794251918792725	0.14247509837150574	0.09960143268108368	0.18073731660842896	0.0	0.0
s0_sv	5	single	-1	true	739,787	0.85546875	-1	1					0.3321663737297058	0.238423153758049	0.22686348855495453	0.23272565007209778	0.5203156471252441	0.0	0.0
s0_sv	5	single	-1	true	767,820	0.14453125	-1	1					0.12993749976158142	0.08096295595169067	0.15298119187355042	0.1443186104297638	0.19792893528938293	0.0	0.0
s0_sv	5	single	-1	true	772,839	0.1953125	-1	1					0.002128348685801029	0.001370951533317566	0.0522417277097702	0.07365692406892776	0.4212130010128021	0.0	0.0
s0_sv	5	single	-1	true	807,877	0.1953125	-1	1					0.14088110625743866	0.08712945878505707	0.08658338338136673	0.11877928674221039	0.22101084887981415	0.0	0.0
s0_sv	5	single	-1	true	888,817	0.1953125	-1	1					0.35168808698654175	0.22225986421108246	0.2538309097290039	0.15510404109954834	0.28279364109039307	0.0	0.0
s0_sv	5	single	-1	true	888,861	0.1953125	-1	1					0.20284999907016754	0.0963648110628128	0.07432788610458374	0.19059035181999207	0.370242178440094	0.0	0.0
s0_sv	5	single	-1	true	895,857	0.1953125	-1	1					0.08268045634031296	0.04188860207796097	0.06380626559257507	0.1768433302640915	0.1525479108095169	0.0	0.0
s0_sv	5	single	-1	true	155,105	0.85546875	-1	1					0.30703437328338623	0.2233322560787201	0.2538875341415405	0.11391576379537582	0.9968996047973633	0.0	0.0
s0_sv	5	single	-1	true	163,30	0.40625	-1	1					0.46426212787628174	0.27867478132247925	0.2602996826171875	0.40917447209358215	0.7938106060028076	0.0	0.0
s0_sv	5	single	-1	true	184,126	0.55078125	-1	1					0.1428210288286209	0.07826176285743713	0.09574799239635468	0.1403273344039917	0.3261430561542511	0.0	0.0
s0_sv	5	single	-1	true	237,9	0.05078125	-1	1					0.057619716972112656	0.0352385938167572	0.1152997612953186	0.16687676310539246	0.4041426181793213	0.0	0.0
s0_sv	5	single	-1	true	238,127	0.05078125	-1	1					0.06594019383192062	0.06156892329454422	0.05752892419695854	0.1814904510974884	0.1118130087852478	0.0	0.0
s0_sv	5	single	-1	true	252,112	0.38671875	-1	1					0.49145227670669556	0.34429579973220825	0.1696728765964508	0.3718121647834778	0.6416147947311401	0.0	0.0
s0_sv	5	single	-1	true	393,330	0.16015625	-1	1					0.020196471363306046	0.007197816856205463	0.04297059774398804	0.09926348924636841	0.33804264664649963	0.0	0.0
s0_sv	5	single	-1	true	398,351	0.16015625	-1	1					0.04911782592535019	0.0364772230386734	0.04663774371147156	0.07275308668613434	-0.2037617266178131	0.0	0.0
s0_sv	5	single	-1	true	398,367	0.16015625	-1	1					0.048911720514297485	0.027582913637161255	0.08214510977268219	0.12186860293149948	0.03099210001528263	0.0	0.0
s0_sv	5	single	-1	true	409,324	0.16015625	-1	1					0.08790181577205658	0.027843773365020752	0.08112943917512894	0.20784315466880798	0.06199746951460838	0.0	0.0
s0_sv	5	single	-1	true	416,277	0.16015625	-1	1					0.0037834991235285997	0.0013809900265187025	0.09976755082607269	0.07888011634349823	0.08579360693693161	0.0	0.0
s0_sv	5	single	-1	true	449,261	0.16015625	-1	1					0.008455135859549046	0.004566421266645193	0.09452956169843674	0.05806729197502136	0.4563814401626587	0.0	0.0
s0_sv	5	single	-1	true	453,333	0.16015625	-1	1					0.06638521701097488	0.060645148158073425	0.043076638132333755	0.10063938796520233	0.468720018863678	0.0	0.0
s0_sv	5	single	-1	true	455,360	0.16015625	-1	1					0.10224287211894989	0.05282627046108246	0.2328350692987442	0.13680589199066162	0.48980844020843506	0.0	0.0
s0_sv	5	single	-1	true	487,341	0.16015625	-1	1					0.14972063899040222	0.09775238484144211	0.07752887904644012	0.14761653542518616	-0.4479599893093109	0.0	0.0
s0_sv	5	single	-1	true	502,273	0.16015625	-1	1					0.021437758579850197	0.007663759868592024	0.04683750122785568	0.07578496634960175	-0.10039462149143219	0.0	0.0
s0_sv	5	single	-1	true	506,295	0.16015625	-1	1					0.06822556257247925	0.062229596078395844	0.08888112008571625	0.05600215494632721	-0.22317443788051605	0.0	0.0
s0_sv	5	single	-1	true	668,116	0.3046875	-1	1					0.16894903779029846	0.13400492072105408	0.17524075508117676	0.2586889863014221	0.7454880475997925	0.0	0.0
s0_sv	5	single	-1	true	678,56	0.16015625	-1	1					0.1526515781879425	0.07138729095458984	0.14439943432807922	0.16581813991069794	0.3191124498844147	0.0	0.0
s0_sv	5	single	-1	true	678,64	0.16015625	-1	1					0.01582290604710579	0.00612032413482666	0.11675231158733368	0.11999242752790451	0.6506258845329285	0.0	0.0
s0_sv	5	single	-1	true	687,95	0.16015625	-1	1					0.04006415605545044	0.0151243656873703	0.040281184017658234	0.1486569344997406	0.029084092006087303	0.0	0.0
s0_sv	5	single	-1	true	695,17	0.16015625	-1	1					0.12401386350393295	0.049208275973796844	0.11391904950141907	0.1877906620502472	0.17330560088157654	0.0	0.0
s0_sv	5	single	-1	true	738,105	0.85546875	-1	1					0.1684303879737854	0.1208307072520256	0.15668931603431702	0.09427598118782043	0.5881814956665039	0.0	0.0
s0_sv	5	single	-1	true	759,12	0.40625	-1	1					0.21592041850090027	0.14814116060733795	0.2357693761587143	0.24290847778320312	0.30476680397987366	0.0	0.0
s0_sv	5	single	-1	true	134,397	0.3359375	-1	1					0.1018039733171463	0.06683502346277237	0.13851511478424072	0.166334867477417	0.5470752120018005	0.0	0.0
s0_sv	5	single	-1	true	143,411	0.3359375	-1	1					0.3529905080795288	0.2618970572948456	0.15451252460479736	0.16122451424598694	0.4251464605331421	0.0	0.0
s0_sv	5	single	-1	true	163,438	0.3359375	-1	1					0.12482763081789017	0.061328064650297165	0.10050073266029358	0.1731850504875183	0.18238531053066254	0.0	0.0
s0_sv	5	single	-1	true	177,411	0.3359375	-1	1					0.259624719619751	0.12122363597154617	0.23965057730674744	0.3122040331363678	0.7982782125473022	0.0	0.0
s0_sv	5	single	-1	true	190,464	0.3359375	-1	1					0.23117822408676147	0.16120654344558716	0.1787199229001999	0.2519165277481079	0.4780450463294983	0.0	0.0
s0_sv	5	single	-1	true	208,417	0.3359375	-1	1					0.44582226872444153	0.340933620929718	0.1801929920911789	0.20564770698547363	0.04052915424108505	0.0	0.0
s0_sv	5	single	-1	true	216,409	0.3359375	-1	1					0.42423179745674133	0.23355726897716522	0.1899106204509735	0.18570703268051147	0.5199219584465027	0.0	0.0
s0_sv	5	single	-1	true	218,393	0.3359375	-1	1					0.33348870277404785	0.19314630329608917	0.15231375396251678	0.15040670335292816	0.41168439388275146	0.0	0.0
s0_sv	5	single	-1	true	254,487	0.3359375	-1	1					0.21347960829734802	0.2284444272518158	0.10107586532831192	0.10366255044937134	-0.09063335508108139	0.0	0.0
s0_sv	5	single	-1	true	269,505	0.3359375	-1	1					0.0664265900850296	0.028618089854717255	0.06187295913696289	0.08583851158618927	-0.04130427539348602	0.0	0.0
s0_sv	5	single	-1	true	287,488	0.3359375	-1	1					0.1154128909111023	0.061116620898246765	0.08174280822277069	0.07043801248073578	-0.13694311678409576	0.0	0.0
s0_sv	5	single	-1	true	312,406	0.3359375	-1	1					0.024293385446071625	0.012992363423109055	0.06816554069519043	0.0752372294664383	-0.11808797717094421	0.0	0.0
s0_sv	5	single	-1	true	316,400	0.3359375	-1	1					0.1293223351240158	0.0712217167019844	0.11673694849014282	0.12442623823881149	0.26869529485702515	0.0	0.0
s0_sv	5	single	-1	true	335,401	0.3359375	-1	1					0.025285061448812485	0.01595337875187397	0.08325496315956116	0.12269310653209686	0.3305167555809021	0.0	0.0
s0_sv	5	single	-1	true	906,98	0.85546875	-1	1					0.47361528873443604	0.3501461148262024	0.2780218720436096	0.24248827993869781	0.8579779863357544	0.0	0.0
s0_sv	5	single	-1	true	976,34	0.1953125	-1	1					0.33831846714019775	0.24027180671691895	0.055092085152864456	0.14832942187786102	0.1137344092130661	0.0	0.0
s0_sv	5	single	-1	true	982,61	0.1953125	-1	1					0.1687338650226593	0.13629412651062012	0.16629421710968018	0.25898563861846924	0.2753313183784485	0.0	0.0
s0_sv	5	single	-1	true	88,20	0.1953125	-1	1					0.10951954871416092	0.06923650205135345	0.17832182347774506	0.19799712300300598	0.06519069522619247	0.0	0.0
s0_sv	5	single	-1	true	95,102	0.1953125	-1	1					0.35473310947418213	0.23988576233386993	0.14694400131702423	0.24964657425880432	0.28821176290512085	0.0	0.0
s0_sv	5	single	-1	true	265,741	0.0859375	-1	1					0.017067279666662216	0.008421755395829678	0.07842212170362473	0.1260702908039093	-0.45990824699401855	0.0	0.0
s0_sv	5	single	-1	true	298,646	0.0859375	-1	1					0.07614095509052277	0.042957331985235214	0.04743107408285141	0.07270538806915283	0.010634781792759895	0.0	0.0
s0_sv	5	single	-1	true	324,697	0.0859375	-1	1					0.016378389671444893	0.006471293047070503	0.12520363926887512	0.11482729017734528	-0.09622502326965332	0.0	0.0
s0_sv	5	single	-1	true	365,742	0.0859375	-1	1					0.01633140631020069	0.013005131855607033	0.048006296157836914	0.08706459403038025	-0.011555984616279602	0.0	0.0
s0_sv	5	single	-1	true	172,543	0.0859375	-1	1					0.03440571576356888	0.024069052189588547	0.055744681507349014	0.09717288613319397	-0.013256963342428207	0.0	0.0
s0_sv	5	single	-1	true	199,581	0.0859375	-1	1					0.2542825937271118	0.20015963912010193	0.2553165555000305	0.2110925018787384	0.6283855438232422	0.0	0.0
s0_sv	5	single	-1	true	203,582	0.0859375	-1	1					0.2475319504737854	0.15018966794013977	0.26278433203697205	0.28082525730133057	0.6427398920059204	0.0	0.0
s0_sv	5	single	-1	true	206,568	0.0859375	-1	1					0.010537717491388321	0.006846393458545208	0.11005998402833939	0.08523674309253693	0.12335242331027985	0.0	0.0
s0_sv	5	single	-1	true	235,587	0.0859375	-1	1					0.016582945361733437	0.011600159108638763	0.07963114976882935	0.16123923659324646	0.7570909261703491	0.0	0.0
s0_sv	5	single	-1	wrong	242,861	0.0	-1	1					0.10179547965526581	0.05985646694898605	0.09975682944059372	0.18909743428230286	0.3425171971321106	0.0	0.0
s0_sv	5	single	-1	wrong	697,270	0.0	-1	1					0.08564028143882751	0.03500691056251526	0.10904689133167267	0.12907995283603668	0.14151623845100403	0.0	0.0
s0_sv	5	single	-1	wrong	615,675	0.0	-1	1					0.01782003790140152	0.005789244547486305	0.04902828484773636	0.10496894270181656	-0.139915332198143	0.0	0.0
s0_sv	5	single	-1	wrong	110,941	0.0	-1	1					0.076118603348732	0.07075365632772446	0.1325482875108719	0.33349257707595825	0.15152275562286377	0.0	0.0
s0_sv	5	single	-1	wrong	469,651	0.0	-1	1					0.3633841872215271	0.24519754946231842	0.20283791422843933	0.2016357183456421	0.48862212896347046	0.0	0.0
s0_sv	5	single	-1	wrong	714,952	0.0	-1	1					0.05185973271727562	0.03260046988725662	0.1618872433900833	0.20658078789710999	0.3943530023097992	0.0	0.0
s0_sv	5	single	-1	wrong	247,136	0.0	-1	1					0.008795361965894699	0.008099963888525963	0.16403958201408386	0.15389108657836914	0.14572879672050476	0.0	0.0
s0_sv	5	single	-1	wrong	871,6	0.0	-1	1					0.024211015552282333	0.009963713586330414	0.02949928119778633	0.11053986847400665	-0.24677594006061554	0.0	0.0
s0_sv	5	single	-1	wrong	66,336	0.0	-1	1					0.046055108308792114	0.0228580329567194	0.09885715693235397	0.10125409066677094	-0.01477658748626709	0.0	0.0
s0_sv	5	single	-1	wrong	951,906	0.0	-1	1					0.03811979666352272	0.02248058281838894	0.19064109027385712	0.23248553276062012	0.2938709259033203	0.0	0.0
s0_sv	5	single	-1	wrong	634,731	0.0	-1	1					0.20964694023132324	0.1556495726108551	0.2239757925271988	0.30253922939300537	0.4680800437927246	0.0	0.0
s0_sv	5	single	-1	wrong	481,44	0.0	-1	1					0.10409587621688843	0.060439106076955795	0.1577252298593521	0.25557130575180054	-0.058482810854911804	0.0	0.0
s0_sv	5	single	-1	wrong	376,335	0.0	-1	1					0.0026430890429764986	0.0019934570882469416	0.025159645825624466	0.083494171500206	0.22776511311531067	0.0	0.0
s0_sv	5	single	-1	wrong	867,239	0.0	-1	1					0.1850087195634842	0.1432894617319107	0.08652404695749283	0.1387386918067932	0.013937799260020256	0.0	0.0
s0_sv	5	single	-1	wrong	1009,1018	0.0	-1	1					0.08832861483097076	0.03747272118926048	0.06455200165510178	0.10324358195066452	0.14354349672794342	0.0	0.0
s0_sv	5	single	-1	wrong	843,684	0.0	-1	1					0.40911322832107544	0.23027262091636658	0.15275689959526062	0.34104055166244507	0.673026978969574	0.0	0.0
s0_sv	5	single	-1	wrong	255,708	0.0	-1	1					0.08304858207702637	0.07197809219360352	0.05207240581512451	0.0895628035068512	-0.20161819458007812	0.0	0.0
s0_sv	5	single	-1	wrong	1019,256	0.0	-1	1					0.005262123420834541	0.001742859254591167	0.03852425515651703	0.06342649459838867	0.08497656881809235	0.0	0.0
s0_sv	5	single	-1	wrong	175,306	0.0	-1	1					0.00837443582713604	0.005235678516328335	0.0690445601940155	0.0479232519865036	0.1622442603111267	0.0	0.0
s0_sv	5	single	-1	wrong	858,751	0.0	-1	1					0.31398218870162964	0.26569461822509766	0.12396807223558426	0.25617027282714844	-0.03521300479769707	0.0	0.0
s0_sv	5	single	-1	wrong	854,27	0.0	-1	1					0.8467854857444763	0.71856689453125	0.2074745148420334	0.33194443583488464	0.08957439661026001	0.0	0.0
s0_sv	5	single	-1	wrong	314,540	0.0	-1	1					0.02186196856200695	0.013293759897351265	0.02891058474779129	0.09671924263238907	-0.2145736813545227	0.0	0.0
s0_sv	5	single	-1	wrong	297,263	0.0	-1	1					0.0025157947093248367	0.0014070689212530851	0.07743597775697708	0.0327683761715889	-0.22692739963531494	0.0	0.0
s0_sv	5	single	-1	wrong	553,309	0.0	-1	1					0.007798102218657732	0.004746328108012676	0.08661225438117981	0.0760803073644638	0.08741834759712219	0.0	0.0
s0_sv	5	single	-1	wrong	581,199	0.0	-1	1					0.02727529965341091	0.024388503283262253	0.14793747663497925	0.10791532695293427	0.2736579179763794	0.0	0.0
s0_sv	5	single	-1	wrong	46,380	0.0	-1	1					0.012897707521915436	0.01108400896191597	0.10955456644296646	0.16798806190490723	0.2376009076833725	0.0	0.0
s0_sv	5	single	-1	wrong	664,612	0.0	-1	1					0.009743878617882729	0.005559876561164856	0.10069265961647034	0.14641693234443665	0.47900116443634033	0.0	0.0
s0_sv	5	single	-1	wrong	296,575	0.0	-1	1					0.001961230533197522	0.002138162264600396	0.04216089844703674	0.04444729909300804	-0.06967292726039886	0.0	0.0
s0_sv	5	single	-1	wrong	175,237	0.0	-1	1					0.0203351229429245	0.015409380197525024	0.11656689643859863	0.15228945016860962	0.35128676891326904	0.0	0.0
s0_sv	5	single	-1	wrong	805,656	0.0	-1	1					0.028630591928958893	0.019242804497480392	0.12012244015932083	0.06403274834156036	-0.030704382807016373	0.0	0.0
s0_sv	5	single	-1	wrong	513,189	0.0	-1	1					0.09952088445425034	0.05222667008638382	0.17913876473903656	0.26424822211265564	0.39498764276504517	0.0	0.0
s0_sv	5	single	-1	wrong	560,22	0.0	-1	1					0.0352979376912117	0.015502490103244781	0.1122964397072792	0.17812851071357727	0.10065798461437225	0.0	0.0
s0_sv	5	single	-1	wrong	847,1006	0.0	-1	1					0.12999233603477478	0.05483381822705269	0.1052536591887474	0.14300188422203064	-0.263064444065094	0.0	0.0
s0_sv	5	single	-1	wrong	14,327	0.0	-1	1					0.047251030802726746	0.04530327767133713	0.05449970066547394	0.11068166047334671	0.1540714055299759	0.0	0.0
s0_sv	5	single	-1	wrong	695,152	0.0	-1	1					0.03644781559705734	0.014128521084785461	0.22716473042964935	0.31728076934814453	0.4143149256706238	0.0	0.0
s0_sv	5	single	-1	wrong	26,660	0.0	-1	1					0.40403079986572266	0.2779008448123932	0.23577408492565155	0.2787921726703644	0.5889813899993896	0.0	0.0
s0_sv	5	single	-1	wrong	341,601	0.0	-1	1					0.09134496748447418	0.047825999557971954	0.025863654911518097	0.08251074701547623	-0.1020953357219696	0.0	0.0
s0_sv	5	single	-1	wrong	149,187	0.0	-1	1					0.0543174110352993	0.028624888509511948	0.1662726253271103	0.19167602062225342	0.5074130296707153	0.0	0.0
s0_sv	5	single	-1	wrong	624,188	0.0	-1	1					0.06566925346851349	0.033288538455963135	0.17621451616287231	0.1835959255695343	-0.15207567811012268	0.0	0.0
s0_sv	5	single	-1	wrong	955,967	0.0	-1	1					0.014120403677225113	0.004957564175128937	0.02209511771798134	0.16270998120307922	0.6109119057655334	0.0	0.0
s0_sv	5	single	-1	wrong	1000,202	0.0	-1	1					0.0018734203185886145	0.000992374261841178	0.04158465564250946	0.13052748143672943	0.156963050365448	0.0	0.0
s0_sv	5	single	-1	wrong	597,255	0.0	-1	1					0.07931553572416306	0.07323776185512543	0.12312503159046173	0.22113092243671417	0.3886411786079407	0.0	0.0
s0_sv	5	single	-1	wrong	521,342	0.0	-1	1					0.0031866361387073994	0.0019067004323005676	0.11307616531848907	0.20245392620563507	-0.1269046813249588	0.0	0.0
s0_sv	5	single	-1	wrong	544,517	0.0	-1	1					0.05326226353645325	0.0362679585814476	0.11625824868679047	0.1918843388557434	0.3937950134277344	0.0	0.0
s0_sv	5	single	-1	wrong	576,793	0.0	-1	1					0.14316798746585846	0.07971243560314178	0.1955261528491974	0.10705782473087311	0.49551913142204285	0.0	0.0
s0_sv	5	single	-1	wrong	937,900	0.0	-1	1					0.1102658212184906	0.06436648964881897	0.09239928424358368	0.1260213702917099	0.2578349709510803	0.0	0.0
s0_sv	5	single	-1	wrong	405,400	0.0	-1	1					0.04949650913476944	0.030552780255675316	0.15714892745018005	0.12637677788734436	0.22822551429271698	0.0	0.0
s0_sv	5	single	-1	wrong	106,964	0.0	-1	1					0.04248517379164696	0.023479528725147247	0.04782887548208237	0.094227135181427	0.13199330866336823	0.0	0.0
s0_sv	5	single	-1	wrong	429,592	0.0	-1	1					0.02637128345668316	0.01758280023932457	0.09369908273220062	0.3174901604652405	0.41751280426979065	0.0	0.0
s0_sv	5	single	-1	wrong	595,376	0.0	-1	1					0.059101611375808716	0.03182065486907959	0.17612186074256897	0.15702423453330994	0.6175276041030884	0.0	0.0
s0_sv	5	single	-1	wrong	625,334	0.0	-1	1					0.0019712760113179684	0.0011967704631388187	0.02364330179989338	0.0966988354921341	-0.1404711902141571	0.0	0.0
s0_sv	5	single	-1	wrong	700,754	0.0	-1	1					0.02935297042131424	0.01589140109717846	0.0842663049697876	0.12892761826515198	0.2471122145652771	0.0	0.0
s0_sv	5	single	-1	wrong	540,50	0.0	-1	1					0.5530569553375244	0.3789549469947815	0.11378823965787888	0.13006988167762756	-0.4038931131362915	0.0	0.0
s0_sv	5	single	-1	wrong	998,475	0.0	-1	1					0.018517155200242996	0.007599527016282082	0.05276576429605484	0.11142332851886749	-0.1467304229736328	0.0	0.0
s0_sv	5	single	-1	wrong	972,288	0.0	-1	1					0.009759139269590378	0.0061693936586380005	0.0583413764834404	0.1002207025885582	-0.25950735807418823	0.0	0.0
s0_sv	5	single	-1	wrong	272,590	0.0	-1	1					0.006230930797755718	0.003059007227420807	0.04869329184293747	0.08466380089521408	0.1072753518819809	0.0	0.0
s0_sv	5	single	-1	wrong	835,294	0.0	-1	1					0.34858179092407227	0.21004007756710052	0.15621107816696167	0.16956794261932373	0.08768823742866516	0.0	0.0
s0_sv	5	single	-1	wrong	922,950	0.0	-1	1					0.06029525026679039	0.03172372654080391	0.18836861848831177	0.10372555255889893	0.11310364305973053	0.0	0.0
s0_sv	5	single	-1	wrong	970,250	0.0	-1	1					0.13609573245048523	0.05662420764565468	0.06310740113258362	0.2583799362182617	-0.0726306289434433	0.0	0.0
s0_sv	5	single	-1	wrong	690,480	0.0	-1	1					0.06342527270317078	0.027673766016960144	0.11393973231315613	0.10275007784366608	0.2487729787826538	0.0	0.0
s0_sv	5	single	-1	wrong	766,377	0.0	-1	1					0.03852894902229309	0.027459871023893356	0.12431716918945312	0.16745397448539734	0.2722285985946655	0.0	0.0
s0_sv	5	single	-1	wrong	139,315	0.0	-1	1					0.09364897012710571	0.0364045687019825	0.20889821648597717	0.133162260055542	0.4542027711868286	0.0	0.0
s0_sv	5	single	-1	wrong	101,287	0.0	-1	1					0.08821792155504227	0.06604589521884918	0.07725878059864044	0.06245766580104828	0.17046871781349182	0.0	0.0
s0_sv	5	single	-1	wrong	252,990	0.0	-1	1					0.18150897324085236	0.1002286821603775	0.05556175112724304	0.18923214077949524	-0.014719503000378609	0.0	0.0
s0_sv	5	single	-1	wrong	475,111	0.0	-1	1					0.13541476428508759	0.08850707113742828	0.11485005915164948	0.1629744917154312	0.029392139986157417	0.0	0.0
s0_sv	5	single	-1	wrong	612,918	0.0	-1	1					0.059403978288173676	0.038184963166713715	0.08603768050670624	0.06156949698925018	-0.23426231741905212	0.0	0.0
s0_sv	5	single	-1	wrong	530,963	0.0	-1	1					0.011030899360775948	0.00553647568449378	0.08473041653633118	0.057880714535713196	0.2990782856941223	0.0	0.0
s0_sv	5	single	-1	wrong	524,645	0.0	-1	1					0.13108530640602112	0.08954168856143951	0.13389885425567627	0.10032221674919128	0.09976258873939514	0.0	0.0
s0_sv	5	single	-1	wrong	797,139	0.0	-1	1					0.018149998039007187	0.014527598395943642	0.16085617244243622	0.24095474183559418	0.22283047437667847	0.0	0.0
s0_sv	5	single	-1	wrong	1001,182	0.0	-1	1					0.02066642977297306	0.011136537417769432	0.057686470448970795	0.06465649604797363	-0.3486024737358093	0.0	0.0
s0_sv	5	single	-1	wrong	521,219	0.0	-1	1					0.009874241426587105	0.0048454334028065205	0.1866828352212906	0.2735763490200043	0.42720282077789307	0.0	0.0
s0_sv	5	single	-1	wrong	381,846	0.0	-1	1					0.011189194396138191	0.006143738515675068	0.0398433655500412	0.10966446995735168	0.028362831100821495	0.0	0.0
s0_sv	5	single	-1	wrong	1001,138	0.0	-1	1					0.00664880033582449	0.0042974879033863544	0.07455629855394363	0.20077988505363464	0.14353039860725403	0.0	0.0
s0_sv	5	single	-1	wrong	827,48	0.0	-1	1					0.35901135206222534	0.19565030932426453	0.06183237209916115	0.1085936427116394	-0.18225951492786407	0.0	0.0
s0_sv	5	single	-1	wrong	379,998	0.0	-1	1					0.07557830959558487	0.036810703575611115	0.12992247939109802	0.1489657312631607	-0.003955345135182142	0.0	0.0
s0_sv	5	single	-1	wrong	373,621	0.0	-1	1					0.09498748183250427	0.08191923052072525	0.07305262237787247	0.07222132384777069	0.3609561622142792	0.0	0.0
s0_sv	5	single	-1	wrong	854,733	0.0	-1	1					0.4231165051460266	0.29011473059654236	0.23467150330543518	0.2869633734226227	0.058819469064474106	0.0	0.0
s0_sv	5	single	-1	wrong	43,977	0.0	-1	1					0.013219763524830341	0.0063774194568395615	0.06972545385360718	0.08080138266086578	0.26898837089538574	0.0	0.0
s0_sv	5	single	-1	wrong	340,526	0.0	-1	1					0.010630140081048012	0.008115647360682487	0.02905723638832569	0.055526964366436005	-0.3443162441253662	0.0	0.0
s0_sv	5	single	-1	wrong	399,806	0.0	-1	1					0.12155179679393768	0.06330687552690506	0.17634645104408264	0.15657353401184082	0.08168309926986694	0.0	0.0
s0_sv	5	single	-1	wrong	556,1	0.0	-1	1					0.036066848784685135	0.019141284748911858	0.05687087029218674	0.08772619068622589	-0.10905149579048157	0.0	0.0
s0_sv	5	single	-1	wrong	149,911	0.0	-1	1					0.33897674083709717	0.24194005131721497	0.26269692182540894	0.19791050255298615	0.23500491678714752	0.0	0.0
s0_sv	5	single	-1	wrong	715,274	0.0	-1	1					0.020559554919600487	0.0076699089258909225	0.09970062971115112	0.11713497340679169	0.717790961265564	0.0	0.0
s0_sv	5	single	-1	wrong	656,344	0.0	-1	1					0.007518872618675232	0.0035201269201934338	0.07103943079710007	0.06787686794996262	0.3148886561393738	0.0	0.0
s0_sv	5	single	-1	wrong	910,157	0.0	-1	1					0.15547946095466614	0.14152002334594727	0.2938438653945923	0.2910325229167938	0.2565632462501526	0.0	0.0
s0_sv	5	single	-1	wrong	466,107	0.0	-1	1					0.043202295899391174	0.036825455725193024	0.09225860238075256	0.04266898334026337	0.3274458050727844	0.0	0.0
s0_sv	5	single	-1	wrong	265,349	0.0	-1	1					0.06784475594758987	0.04063002020120621	0.08405093103647232	0.08623288571834564	-0.4207990765571594	0.0	0.0
s0_sv	5	single	-1	wrong	566,603	0.0	-1	1					0.004940127953886986	0.0031082117930054665	0.05417235940694809	0.10876170545816422	-0.15160834789276123	0.0	0.0
s0_sv	5	single	-1	wrong	250,234	0.0	-1	1					0.03876105323433876	0.02976888418197632	0.0741598904132843	0.273041695356369	0.5238523483276367	0.0	0.0
s0_sv	5	single	-1	wrong	770,546	0.0	-1	1					0.05815483629703522	0.03159547969698906	0.17384865880012512	0.11263185739517212	0.35537582635879517	0.0	0.0
s0_sv	5	single	-1	wrong	534,760	0.0	-1	1					0.015463640913367271	0.011308816261589527	0.16170066595077515	0.18302354216575623	0.36995890736579895	0.0	0.0
s0_sv	5	single	-1	wrong	441,120	0.0	-1	1					0.03224857151508331	0.012438262812793255	0.05976409465074539	0.17263701558113098	0.48475199937820435	0.0	0.0
s0_sv	5	single	-1	wrong	971,892	0.0	-1	1					0.1205984354019165	0.05511973053216934	0.1022188663482666	0.20227132737636566	-0.013745754957199097	0.0	0.0
s0_sv	5	single	-1	wrong	627,506	0.0	-1	1					0.051281675696372986	0.025777705013751984	0.10192914307117462	0.10090389847755432	0.1296267807483673	0.0	0.0
s0_sv	5	single	-1	wrong	88,743	0.0	-1	1					0.022370070219039917	0.014377498999238014	0.05699695646762848	0.14457306265830994	-0.15406689047813416	0.0	0.0
s0_sv	5	single	-1	wrong	904,644	0.0	-1	1					0.05173264443874359	0.02298688143491745	0.13906188309192657	0.15289536118507385	0.6530709266662598	0.0	0.0
