arm	level	form	draw	cls	cand	world	n_moved	n_entries	read_banked	read_shaped_refit	read_frozen	read_twin	p_banked	p_shaped_refit	p_frozen	p_twin	dp_top	dp_lse	dp_marg
s0_yd	2	delta	0	true	0,7	0.01171875	20	14	-0.007711037993431091	-0.003120437264442444	0.00954003632068634	0.012141555547714233	0.21898490190505981	0.18614992499351501	0.20486462116241455	0.1779656708240509	0.030126333236694336	-0.010274291038513184	0.018673107028007507
s0_yd	2	delta	0	true	1,6	0.0	5	14	-0.0003465414047241211	-0.00011207163333892822	0.0006653070449829102	-0.0007508546113967896	0.22634939849376678	0.18915829062461853	0.19598989188671112	0.16507326066493988	0.001814126968383789	-0.042597293853759766	-0.008662939071655273
s0_yd	2	delta	0	true	6,1	0.00390625	3	14	0.0018460899591445923	0.0016753971576690674	-0.0002170652151107788	7.325410842895508e-05	0.2285420298576355	0.19094575941562653	0.19510751962661743	0.16589736938476562	0.0007089376449584961	-0.02180337905883789	-0.008519873023033142
s0_yd	2	delta	0	wrong	1,2	0.0	0	14	0.0	0.0	0.0	0.0	0.2266959398984909	0.18927036225795746	0.1953245848417282	0.16582411527633667	0.0	-0.0076863765716552734	0.0
s0_yd	2	delta	0	wrong	4,4	-0.00390625	3	14	-0.0010742247104644775	-0.0021516233682632446	-0.0012543350458145142	0.0017106086015701294	0.22562171518802643	0.1871187388896942	0.1940702497959137	0.1675347238779068	0.0008553266525268555	-0.027846336364746094	-0.002929478883743286
s0_yd	2	delta	0	wrong	3,5	-0.00390625	4	14	-0.0015020519495010376	-0.0019841045141220093	-0.001547098159790039	-0.0001955777406692505	0.22519388794898987	0.18728625774383545	0.19377748668193817	0.16562853753566742	0.0017167329788208008	-0.032505154609680176	-0.006871074438095093
s0_yd	2	delta	0	wrong	2,7	-0.01953125	9	14	-0.0002827197313308716	0.0006928890943527222	0.00551779568195343	0.0016629695892333984	0.22641322016716003	0.18996325135231018	0.20084238052368164	0.16748708486557007	0.006471395492553711	-0.03377723693847656	-0.005661994218826294
s0_yd	2	delta	0	wrong	5,7	0.0234375	19	14	-0.005407541990280151	-0.0009886473417282104	0.0027449876070022583	0.0002359449863433838	0.22128839790821075	0.18828171491622925	0.19806957244873047	0.16606006026268005	0.014940857887268066	-0.03208565711975098	-0.00041225552558898926
s0_yd	2	delta	0	wrong	3,4	-0.00390625	3	14	-0.002868369221687317	-0.0030105561017990112	-0.0003812164068222046	-0.001071929931640625	0.2238275706768036	0.18625980615615845	0.194943368434906	0.16475218534469604	0.0021533966064453125	-0.0301973819732666	-0.00792837142944336
s0_yd	2	delta	0	wrong	2,2	0.0	0	14	0.0	0.0	0.0	0.0	0.2266959398984909	0.18927036225795746	0.1953245848417282	0.16582411527633667	0.0	-0.011385440826416016	-3.126263618469238e-05
s0_yd	2	delta	0	wrong	2,1	0.0	2	14	-0.000243261456489563	-0.0004623532295227051	0.0003711581230163574	0.00011563301086425781	0.22645267844200134	0.18880800902843475	0.19569574296474457	0.16593974828720093	0.0015856027603149414	-0.018224000930786133	-0.005483582615852356
s0_yd	2	delta	0	wrong	6,0	0.0	0	14	0.0	0.0	0.0	0.0	0.2266959398984909	0.18927036225795746	0.1953245848417282	0.16582411527633667	0.0	-0.004740238189697266	0.0
s0_yd	2	delta	0	wrong	5,1	0.0	6	14	-0.0005617886781692505	0.0009040087461471558	-0.0004397779703140259	-0.00048413872718811035	0.22613415122032166	0.19017437100410461	0.19488480687141418	0.16533997654914856	0.007280111312866211	-0.01784646511077881	-0.0021261274814605713
s0_yd	2	delta	0	wrong	0,5	-0.03125	13	14	0.0020821690559387207	0.001238897442817688	0.003230541944503784	0.003063693642616272	0.22877810895442963	0.19050925970077515	0.198555126786232	0.16888780891895294	0.009067654609680176	-0.025357484817504883	-0.007385864853858948
s0_yd	2	delta	0	wrong	1,4	-0.0078125	3	14	-0.0004893690347671509	-0.0009589940309524536	-0.0003733783960342407	0.00010183453559875488	0.22620657086372375	0.188311368227005	0.19495120644569397	0.16592594981193542	0.0005049705505371094	-0.027825474739074707	-0.003873586654663086
s0_yd	2	delta	0	wrong	6,7	0.0	1	14	-1.6376376152038574e-05	7.256865501403809e-05	-0.0006713122129440308	8.893013000488281e-05	0.22667956352233887	0.1893429309129715	0.19465327262878418	0.16591304540634155	6.639957427978516e-05	-0.011481523513793945	-0.0004665851593017578
s0_yd	2	delta	0	wrong	3,7	0.0	8	14	-0.003060385584831238	-0.0014734119176864624	-0.00043454766273498535	-0.0020127594470977783	0.22363555431365967	0.187796950340271	0.19489003717899323	0.1638113558292389	0.003937959671020508	-0.039266347885131836	-0.004750147461891174
s0_yd	2	delta	0	wrong	5,6	-0.01171875	5	14	-0.0042838603258132935	-0.00442899763584137	-0.0011711567640304565	-0.0001930445432662964	0.2224120795726776	0.1848413646221161	0.19415342807769775	0.16563107073307037	0.0031780004501342773	-0.029623985290527344	1.3455748558044434e-05
s0_yd	2	delta	0	wrong	4,5	0.0	1	14	-3.2141804695129395e-05	-3.74913215637207e-05	2.5451183319091797e-05	0.000356525182723999	0.22666379809379578	0.18923287093639374	0.1953500360250473	0.16618064045906067	0.0005279779434204102	-0.023075103759765625	-0.001763761043548584
s0_yd	2	delta	0	wrong	7,5	0.04296875	41	14	0.014620661735534668	0.009264513850212097	0.008034750819206238	0.005804657936096191	0.24131660163402557	0.19853487610816956	0.20335933566093445	0.17162877321243286	0.043979644775390625	-0.005689144134521484	0.007390320301055908
s0_yd	2	delta	0	wrong	2,4	-0.00390625	2	14	-0.0005051344633102417	-0.0009066611528396606	-3.065168857574463e-05	-0.0003039538860321045	0.22619080543518066	0.1883637011051178	0.19529393315315247	0.16552016139030457	0.0006897449493408203	-0.015418410301208496	-0.0021856725215911865
s0_yd	2	delta	0	wrong	7,3	-0.00390625	5	14	-0.00047443807125091553	-0.0002914220094680786	-0.001476287841796875	-0.0015079081058502197	0.22622150182724	0.18897894024848938	0.19384829699993134	0.16431620717048645	0.0035576820373535156	-0.04751133918762207	-0.005044370889663696
s0_yd	2	delta	0	wrong	1,5	0.0	0	14	0.0	0.0	0.0	0.0	0.2266959398984909	0.18927036225795746	0.1953245848417282	0.16582411527633667	0.0	-0.017101287841796875	-0.0006282329559326172
s0_yd	2	delta	0	wrong	4,2	0.0	0	14	0.0	0.0	0.0	0.0	0.2266959398984909	0.18927036225795746	0.1953245848417282	0.16582411527633667	0.0	-0.009213566780090332	0.0
s0_yd	2	delta	0	wrong	6,2	0.0	0	14	0.0	0.0	0.0	0.0	0.2266959398984909	0.18927036225795746	0.1953245848417282	0.16582411527633667	0.0	-0.002414226531982422	0.0
s0_yd	2	delta	0	wrong	0,1	-0.01171875	5	14	0.00020965933799743652	4.4599175453186035e-05	0.0006902813911437988	0.0007455199956893921	0.22690559923648834	0.18931496143341064	0.196014866232872	0.16656963527202606	0.0062258243560791016	-0.01669001579284668	0.002409696578979492
s0_yd	2	delta	0	wrong	0,3	-0.02734375	8	14	-0.0037494301795959473	-0.0029332786798477173	0.005071118474006653	0.0004528164863586426	0.22294650971889496	0.18633708357810974	0.20039570331573486	0.1662769317626953	0.0053899288177490234	-0.021204113960266113	0.0030994415283203125
s0_yd	2	delta	0	wrong	3,1	-0.03125	12	14	-0.003967404365539551	-0.004388719797134399	-0.004547730088233948	-0.002110689878463745	0.22272853553295135	0.18488164246082306	0.19077685475349426	0.16371342539787292	0.010116934776306152	-0.03545522689819336	-0.02203992009162903
s0_yd	2	delta	0	wrong	4,0	-0.00390625	5	14	-0.0004155188798904419	-0.0009107142686843872	-0.001226767897605896	0.0018288493156433105	0.22628042101860046	0.18835964798927307	0.19409781694412231	0.16765296459197998	0.0059359073638916016	-0.023387551307678223	0.0028262585401535034
s0_yd	2	delta	0	wrong	6,6	0.0	1	14	-9.581446647644043e-06	-2.63899564743042e-05	-0.0005755871534347534	2.7239322662353516e-05	0.22668635845184326	0.18924397230148315	0.19474899768829346	0.16585135459899902	0.0002535581588745117	-0.012523174285888672	0.00025363266468048096
s0_yd	2	delta	0	wrong	4,1	-0.00390625	2	14	-0.0003814399242401123	-0.0005525350570678711	-7.97659158706665e-05	0.0007888376712799072	0.2263144999742508	0.1887178272008896	0.19524481892585754	0.16661295294761658	0.000812530517578125	-0.03665649890899658	-0.0039554983377456665
s0_yd	2	delta	0	wrong	7,0	-0.03125	23	14	0.006528779864311218	0.005699232220649719	0.0072080641984939575	0.003492891788482666	0.23322471976280212	0.19496959447860718	0.20253264904022217	0.16931700706481934	0.02689516544342041	-0.035225629806518555	0.00797426700592041
s0_yd	2	delta	0	wrong	5,4	0.0	4	14	-0.0010771304368972778	-0.0020179003477096558	-7.526576519012451e-05	-0.0007681846618652344	0.22561880946159363	0.1872524619102478	0.19524931907653809	0.16505593061447144	0.004291057586669922	-0.017739534378051758	0.0007467269897460938
s0_yd	2	delta	0	wrong	1,0	-0.00390625	5	14	0.0009130090475082397	0.00035296380519866943	1.1682510375976562e-05	0.0005888640880584717	0.22760894894599915	0.18962332606315613	0.1953362673521042	0.16641297936439514	0.006162285804748535	-0.018652915954589844	0.002908959984779358
s0_yd	2	delta	0	wrong	6,5	0.0	0	14	0.0	0.0	0.0	0.0	0.2266959398984909	0.18927036225795746	0.1953245848417282	0.16582411527633667	0.0	-0.0035115480422973633	-0.00027097761631011963
s0_yd	2	delta	0	wrong	3,6	0.0	2	14	0.00018797814846038818	2.8342008590698242e-05	-0.0010779798030853271	-0.0007080733776092529	0.2268839180469513	0.18929870426654816	0.19424660503864288	0.16511604189872742	0.001571059226989746	-0.03656458854675293	-0.0013816803693771362
s0_yd	2	delta	0	wrong	3,3	0.0	0	14	0.0	0.0	0.0	0.0	0.2266959398984909	0.18927036225795746	0.1953245848417282	0.16582411527633667	0.0	-0.01638507843017578	0.0
s0_yd	2	delta	0	wrong	0,6	-0.09375	25	14	-0.008648350834846497	-0.008668586611747742	0.006819292902946472	0.006305500864982605	0.2180475890636444	0.18060177564620972	0.20214387774467468	0.17212961614131927	0.025978803634643555	-0.0239408016204834	0.022036105394363403
s0_yd	2	delta	0	wrong	0,4	-0.015625	5	14	-0.0017417818307876587	-0.0006664842367172241	-0.00045877695083618164	0.000303119421005249	0.22495415806770325	0.18860387802124023	0.19486580789089203	0.16612723469734192	0.0069122314453125	-0.012354850769042969	0.00463356077671051
s0_yd	2	delta	0	wrong	0,0	-0.02734375	13	14	0.003728151321411133	0.003246113657951355	0.0005555301904678345	0.0066007524728775024	0.23042409121990204	0.1925164759159088	0.19588011503219604	0.17242486774921417	0.020428895950317383	-0.007771015167236328	0.014215916395187378
s0_yd	2	delta	0	wrong	7,4	-0.0078125	4	14	-0.0005287081003189087	-0.0011253207921981812	-0.00046037137508392334	0.0005044639110565186	0.226167231798172	0.18814504146575928	0.1948642134666443	0.1663285791873932	0.0010679960250854492	-0.06982946395874023	-0.015414327383041382
s0_yd	2	delta	0	wrong	7,2	0.0	0	14	0.0	0.0	0.0	0.0	0.2266959398984909	0.18927036225795746	0.1953245848417282	0.16582411527633667	0.0	-0.03075408935546875	-0.0024304986000061035
s0_yd	2	delta	0	wrong	6,3	0.0	0	14	0.0	0.0	0.0	0.0	0.2266959398984909	0.18927036225795746	0.1953245848417282	0.16582411527633667	0.0	-0.003304719924926758	0.0
s0_yd	2	delta	0	wrong	5,3	0.0	1	14	9.773671627044678e-05	3.705918788909912e-05	-1.8984079360961914e-05	0.0001191943883895874	0.22679367661476135	0.18930742144584656	0.19530560076236725	0.16594330966472626	0.00011134147644042969	-0.025570154190063477	-0.001333773136138916
s0_yd	2	delta	0	wrong	0,2	0.0	1	14	2.2038817405700684e-05	1.8790364265441895e-05	5.9604644775390625e-06	0.0012410134077072144	0.2267179787158966	0.1892891526222229	0.19533054530620575	0.16706512868404388	0.0009105205535888672	-0.012076377868652344	2.294778823852539e-05
s0_yd	2	delta	0	wrong	5,5	-0.0390625	24	14	0.005775853991508484	-0.001898929476737976	-0.010611489415168762	0.009697511792182922	0.2324717938899994	0.18737143278121948	0.18471309542655945	0.1755216270685196	0.032887935638427734	-0.015451431274414062	0.010026812553405762
s0_yd	2	delta	0	wrong	4,3	0.0	0	14	0.0	0.0	0.0	0.0	0.2266959398984909	0.18927036225795746	0.1953245848417282	0.16582411527633667	0.0	-0.014718055725097656	0.0
s0_yd	2	delta	0	wrong	2,3	0.0	1	14	2.555549144744873e-05	9.407103061676025e-05	-2.4750828742980957e-05	0.00025378167629241943	0.22672149538993835	0.18936443328857422	0.19529983401298523	0.1660778969526291	0.0007627010345458984	-0.019847631454467773	-0.0003198981285095215
s0_yd	2	delta	0	wrong	6,4	0.0	0	14	0.0	0.0	0.0	0.0	0.2266959398984909	0.18927036225795746	0.1953245848417282	0.16582411527633667	0.0	-0.010816454887390137	0.0
s0_yd	2	delta	0	wrong	2,0	-0.01171875	7	14	0.0034420937299728394	0.002587631344795227	0.0027724802494049072	0.0016844570636749268	0.23013803362846375	0.19185799360275269	0.19809706509113312	0.1675085723400116	0.004433870315551758	-0.025455951690673828	0.0021066516637802124
s0_yd	2	delta	0	wrong	7,7	-0.0625	40	14	-0.010126069188117981	-0.004725545644760132	0.018019497394561768	0.0008671879768371582	0.21656987071037292	0.18454481661319733	0.21334408223628998	0.16669130325317383	0.03531289100646973	-0.06153857707977295	-0.0016974806785583496
s0_yd	2	delta	1	true	1,3	0.0	0	14	0.0	0.0	0.0	0.0	0.21982747316360474	0.18703685700893402	0.20613518357276917	0.1775248646736145	0.0	-0.013060331344604492	0.0
s0_yd	2	delta	1	true	7,6	0.0	0	14	0.0	0.0	0.0	0.0	0.21982747316360474	0.18703685700893402	0.20613518357276917	0.1775248646736145	0.0	-0.18801820278167725	-0.1461135596036911
s0_yd	2	delta	1	true	1,1	0.01171875	4	14	0.0006569623947143555	0.0006764084100723267	-0.0008223354816436768	-0.0002367943525314331	0.2204844355583191	0.18771326541900635	0.2053128480911255	0.17728807032108307	0.0027397871017456055	-0.03830963373184204	-0.006082415580749512
s0_yd	2	delta	1	wrong	1,2	0.0	0	14	0.0	0.0	0.0	0.0	0.21982747316360474	0.18703685700893402	0.20613518357276917	0.1775248646736145	0.0	-0.008437275886535645	0.0
s0_yd	2	delta	1	wrong	4,4	0.0	5	14	-0.0007752329111099243	-0.00166986882686615	-0.0020794719457626343	0.0014303624629974365	0.2190522402524948	0.18536698818206787	0.20405571162700653	0.17895522713661194	0.002649545669555664	-0.028084218502044678	-0.0028839707374572754
s0_yd	2	delta	1	wrong	3,5	-0.00390625	4	14	-0.0015020519495010376	-0.0019840896129608154	-0.001547113060951233	-0.00019556283950805664	0.2183254212141037	0.1850527673959732	0.20458807051181793	0.17732930183410645	0.0017168521881103516	-0.032959938049316406	-0.005210816860198975
s0_yd	2	delta	1	wrong	2,7	0.0	2	14	0.0011584609746932983	0.0003557950258255005	-0.0021729767322540283	-0.0004786849021911621	0.22098593413829803	0.18739265203475952	0.20396220684051514	0.17704617977142334	0.0010873079299926758	-0.04303717613220215	-0.009133100509643555
s0_yd	2	delta	1	wrong	5,7	0.0234375	16	14	-0.004269823431968689	-0.002154216170310974	-0.000629812479019165	-3.412365913391113e-05	0.21555764973163605	0.18488264083862305	0.20550537109375	0.1774907410144806	0.013029217720031738	-0.03638523817062378	-0.0031614601612091064
s0_yd	2	delta	1	wrong	3,4	0.0	2	14	-0.0009511113166809082	-0.0012981444597244263	-0.0017639696598052979	-0.0010020434856414795	0.21887636184692383	0.1857387125492096	0.20437121391296387	0.17652282118797302	0.0021979808807373047	-0.03268367052078247	-0.005915939807891846
s0_yd	2	delta	1	wrong	2,2	0.0	0	14	0.0	0.0	0.0	0.0	0.21982747316360474	0.18703685700893402	0.20613518357276917	0.1775248646736145	0.0	-0.010900497436523438	0.0
s0_yd	2	delta	1	wrong	2,1	0.0	2	14	0.0008276104927062988	0.0002190917730331421	-0.0036545544862747192	-0.00021845102310180664	0.22065508365631104	0.18725594878196716	0.20248062908649445	0.1773064136505127	0.0014529228210449219	-0.01879936456680298	-0.004536926746368408
s0_yd	2	delta	1	wrong	6,0	0.0	0	14	0.0	0.0	0.0	0.0	0.21982747316360474	0.18703685700893402	0.20613518357276917	0.1775248646736145	0.0	-0.005033016204833984	0.0
s0_yd	2	delta	1	wrong	5,1	-0.00390625	6	14	0.0005886256694793701	0.0016029030084609985	-0.004466608166694641	-0.0013505369424819946	0.2204160988330841	0.18863976001739502	0.20166857540607452	0.1761743277311325	0.006578207015991211	-0.020576655864715576	-0.0022650957107543945
s0_yd	2	delta	1	wrong	0,5	-0.0234375	6	14	0.002628147602081299	0.000283658504486084	0.0013545900583267212	0.0010224580764770508	0.22245562076568604	0.1873205155134201	0.2074897736310959	0.17854732275009155	0.0032167434692382812	-0.03397846221923828	-0.010774165391921997
s0_yd	2	delta	1	wrong	1,4	0.0	4	14	-0.00013953447341918945	-0.0007802098989486694	-0.0008246004581451416	-5.5462121963500977e-05	0.21968793869018555	0.18625664710998535	0.20531058311462402	0.177469402551651	0.0030608177185058594	-0.026834726333618164	-0.002120077610015869
s0_yd	2	delta	1	wrong	6,7	0.0	0	14	0.0	0.0	0.0	0.0	0.21982747316360474	0.18703685700893402	0.20613518357276917	0.1775248646736145	0.0	-0.012266695499420166	-6.639957427978516e-05
s0_yd	2	delta	1	wrong	3,7	0.00390625	5	14	-0.0010943710803985596	-0.0006036609411239624	-0.001705557107925415	-0.0014427900314331055	0.21873310208320618	0.18643319606781006	0.20442962646484375	0.1760820746421814	0.002925276756286621	-0.043193936347961426	-0.00331231951713562
s0_yd	2	delta	1	wrong	5,6	-0.01171875	5	14	-0.0042838454246521	-0.004428982734680176	-0.0011711716651916504	-0.00019302964210510254	0.21554362773895264	0.18260787427425385	0.20496401190757751	0.1773318350315094	0.003178119659423828	-0.03267848491668701	-0.0029050111770629883
s0_yd	2	delta	1	wrong	4,5	0.0	1	14	-3.212690353393555e-05	-3.7476420402526855e-05	2.5451183319091797e-05	0.0003565549850463867	0.2197953462600708	0.1869993805885315	0.20616063475608826	0.1778814196586609	0.0005279779434204102	-0.023929238319396973	-0.0029375553131103516
s0_yd	2	delta	1	wrong	7,5	0.046875	36	14	0.013825863599777222	0.007724583148956299	0.0022358298301696777	0.00454944372177124	0.23365333676338196	0.19476144015789032	0.20837101340293884	0.18207430839538574	0.03828167915344238	-0.01878798007965088	-0.002132207155227661
s0_yd	2	delta	1	wrong	2,4	0.0	1	14	-0.0003129243850708008	-0.00045649707317352295	-0.00039930641651153564	-4.857778549194336e-06	0.21951454877853394	0.1865803599357605	0.20573587715625763	0.1775200068950653	0.000695347785949707	-0.015172243118286133	-0.0008040666580200195
s0_yd	2	delta	1	wrong	7,3	-0.00390625	5	14	-0.0004744231700897217	-0.0002914220094680786	-0.0014763176441192627	-0.0015079081058502197	0.21935304999351501	0.18674543499946594	0.2046588659286499	0.17601695656776428	0.0035576820373535156	-0.052245378494262695	-0.00611451268196106
s0_yd	2	delta	1	wrong	1,5	0.0	0	14	0.0	0.0	0.0	0.0	0.21982747316360474	0.18703685700893402	0.20613518357276917	0.1775248646736145	0.0	-0.01803433895111084	-0.0007100403308868408
s0_yd	2	delta	1	wrong	4,2	0.0	0	14	0.0	0.0	0.0	0.0	0.21982747316360474	0.18703685700893402	0.20613518357276917	0.1775248646736145	0.0	-0.009853243827819824	0.0
s0_yd	2	delta	1	wrong	6,2	0.0	0	14	0.0	0.0	0.0	0.0	0.21982747316360474	0.18703685700893402	0.20613518357276917	0.1775248646736145	0.0	-0.002570509910583496	0.0
s0_yd	2	delta	1	wrong	0,1	-0.0078125	3	14	0.0010704100131988525	0.0003059655427932739	-0.002969205379486084	-0.0003506988286972046	0.2208978831768036	0.1873428225517273	0.20316597819328308	0.1771741658449173	0.002026796340942383	-0.023421645164489746	-0.0038833022117614746
s0_yd	2	delta	1	wrong	0,3	-0.01171875	4	14	-0.0002244114875793457	-4.647672176361084e-05	0.001092374324798584	-0.0007300078868865967	0.2196030616760254	0.1869903802871704	0.20722755789756775	0.1767948567867279	0.0023463964462280273	-0.02610480785369873	-0.0015379488468170166
s0_yd	2	delta	1	wrong	3,1	-0.03515625	12	14	-0.005570247769355774	-0.005601748824119568	-0.00470183789730072	-0.002299576997756958	0.21425722539424896	0.18143510818481445	0.20143334567546844	0.17522528767585754	0.009489774703979492	-0.040584444999694824	-0.01827821135520935
s0_yd	2	delta	1	wrong	4,0	-0.00390625	6	14	-0.00014740228652954102	-0.0008013546466827393	-0.0016053467988967896	0.0018536150455474854	0.2196800708770752	0.18623550236225128	0.20452983677387238	0.179378479719162	0.005967974662780762	-0.02493417263031006	0.0026404261589050293
s0_yd	2	delta	1	wrong	6,6	-0.00390625	1	14	-0.000746309757232666	-0.0005206316709518433	-0.0003415346145629883	-4.544854164123535e-05	0.21908116340637207	0.18651622533798218	0.20579364895820618	0.17747941613197327	0.00014770030975341797	-0.015102744102478027	4.184246063232422e-05
s0_yd	2	delta	1	wrong	4,1	0.0	4	14	0.00017139315605163574	7.286667823791504e-06	-0.0008644312620162964	0.0005256235599517822	0.21999886631965637	0.1870441436767578	0.20527075231075287	0.17805048823356628	0.002705693244934082	-0.03775972127914429	-0.007434666156768799
s0_yd	2	delta	1	wrong	7,0	-0.01953125	18	14	0.004145950078964233	0.003477320075035095	0.0032308101654052734	0.0003449469804763794	0.22397342324256897	0.19051417708396912	0.20936599373817444	0.17786981165409088	0.01809370517730713	-0.05538654327392578	-0.009448856115341187
s0_yd	2	delta	1	wrong	5,4	-0.00390625	4	14	-0.0007543265819549561	-0.001538097858428955	-0.0004475414752960205	-0.0014161467552185059	0.21907314658164978	0.18549875915050507	0.20568764209747314	0.176108717918396	0.0038039684295654297	-0.019513726234436035	0.0008731484413146973
s0_yd	2	delta	1	wrong	1,0	-0.00390625	5	14	0.0010800957679748535	0.0005177557468414307	-0.00036804378032684326	0.0003354698419570923	0.2209075689315796	0.18755461275577545	0.20576713979244232	0.1778603345155716	0.0063457489013671875	-0.020415544509887695	0.0029823482036590576
s0_yd	2	delta	1	wrong	6,5	0.0	0	14	0.0	0.0	0.0	0.0	0.21982747316360474	0.18703685700893402	0.20613518357276917	0.1775248646736145	0.0	-0.0036420822143554688	0.0
s0_yd	2	delta	1	wrong	3,6	-0.00390625	2	14	-0.0005487501621246338	-0.00046588480472564697	-0.000843927264213562	-0.0007807612419128418	0.2192787230014801	0.18657097220420837	0.2052912563085556	0.17674410343170166	0.0014652013778686523	-0.04245340824127197	-0.0035650134086608887
s0_yd	2	delta	1	wrong	3,3	0.0	0	14	0.0	0.0	0.0	0.0	0.21982747316360474	0.18703685700893402	0.20613518357276917	0.1775248646736145	0.0	-0.017323970794677734	0.0
s0_yd	2	delta	1	wrong	0,6	-0.07421875	19	14	-0.005805641412734985	-0.006659612059593201	0.004545688629150391	0.0004779547452926636	0.21402183175086975	0.18037724494934082	0.21068087220191956	0.17800281941890717	0.013821005821228027	-0.05082345008850098	-0.030599623918533325
s0_yd	2	delta	1	wrong	0,4	-0.00390625	1	14	7.005035877227783e-05	-1.163780689239502e-05	-4.9620866775512695e-06	-0.0003346949815750122	0.21989752352237701	0.18702521920204163	0.2061302214860916	0.1771901696920395	0.0019376277923583984	-0.019796252250671387	-0.003037005662918091
s0_yd	2	delta	1	wrong	0,0	-0.015625	8	14	0.002941697835922241	0.002011731266975403	-0.002339601516723633	-7.069110870361328e-05	0.22276917099952698	0.18904858827590942	0.20379558205604553	0.1774541735649109	0.0057642459869384766	-0.031494736671447754	-0.010866045951843262
s0_yd	2	delta	1	wrong	7,4	-0.00390625	4	14	-0.00019937753677368164	-0.0010729879140853882	-0.0008341372013092041	0.0003760010004043579	0.21962809562683105	0.18596386909484863	0.20530104637145996	0.17790086567401886	0.001051187515258789	-0.07919895648956299	-0.01944953203201294
s0_yd	2	delta	1	wrong	7,2	0.0	0	14	0.0	0.0	0.0	0.0	0.21982747316360474	0.18703685700893402	0.20613518357276917	0.1775248646736145	0.0	-0.03205466270446777	-0.0022025704383850098
s0_yd	2	delta	1	wrong	6,3	0.0	0	14	0.0	0.0	0.0	0.0	0.21982747316360474	0.18703685700893402	0.20613518357276917	0.1775248646736145	0.0	-0.003554701805114746	0.0
s0_yd	2	delta	1	wrong	5,3	0.0	1	14	9.775161743164062e-05	3.705918788909912e-05	-1.8984079360961914e-05	0.0001191943883895874	0.21992522478103638	0.18707391619682312	0.2061161994934082	0.1776440590620041	0.00011146068572998047	-0.026479899883270264	-0.002012908458709717
s0_yd	2	delta	1	wrong	0,2	0.0	0	14	0.0	0.0	0.0	0.0	0.21982747316360474	0.18703685700893402	0.20613518357276917	0.1775248646736145	0.0	-0.012019157409667969	-0.0009104907512664795
s0_yd	2	delta	1	wrong	5,5	-0.0390625	24	14	0.00577583909034729	-0.0018988996744155884	-0.010611504316329956	0.009697511792182922	0.22560331225395203	0.18513795733451843	0.1955236792564392	0.18722237646579742	0.032887935638427734	-0.01627194881439209	0.011739492416381836
s0_yd	2	delta	1	wrong	4,3	0.0	0	14	0.0	0.0	0.0	0.0	0.21982747316360474	0.18703685700893402	0.20613518357276917	0.1775248646736145	0.0	-0.01601964235305786	0.0
s0_yd	2	delta	1	wrong	2,3	0.0	1	14	2.555549144744873e-05	9.407103061676025e-05	-2.4750828742980957e-05	0.0002537667751312256	0.21985302865505219	0.18713092803955078	0.20611043274402618	0.17777863144874573	0.0007628202438354492	-0.02020895481109619	-0.0005930662155151367
s0_yd	2	delta	1	wrong	6,4	0.0	0	14	0.0	0.0	0.0	0.0	0.21982747316360474	0.18703685700893402	0.20613518357276917	0.1775248646736145	0.0	-0.011645376682281494	0.0
s0_yd	2	delta	1	wrong	2,0	-0.00390625	4	14	0.0016866326332092285	0.0014354735612869263	-0.00041353702545166016	-0.00022336840629577637	0.22151410579681396	0.18847233057022095	0.2057216465473175	0.17730149626731873	0.0019888877868652344	-0.028374791145324707	-0.0007241964340209961
s0_yd	2	delta	1	wrong	7,7	-0.0390625	33	14	-0.006001889705657959	-0.003654882311820984	0.007505014538764954	-0.0022587180137634277	0.21382558345794678	0.18338197469711304	0.21364019811153412	0.17526614665985107	0.019834280014038086	-0.10171627998352051	-0.0413704514503479
s0_yd	2	delta	2	true	3,0	0.00390625	30	14	-0.005353793501853943	-0.006302624940872192	-0.009252592921257019	-0.009046345949172974	0.21798138320446014	0.18536147475242615	0.20635224878787994	0.17745161056518555	0.04454505443572998	-0.028920769691467285	0.03932936489582062
s0_yd	2	delta	2	true	1,1	0.01171875	4	14	0.0006569772958755493	0.0006764233112335205	-0.0008223354816436768	-0.0002367943525314331	0.22399215400218964	0.19234052300453186	0.2147825062274933	0.1862611621618271	0.0027399063110351562	-0.03644454479217529	-0.021291568875312805
s0_yd	2	delta	2	true	6,1	0.00390625	3	14	0.0018461048603057861	0.0016754120588302612	-0.0002170652151107788	7.323920726776123e-05	0.22518128156661987	0.1933395117521286	0.21538777649402618	0.18657119572162628	0.0007090568542480469	-0.025555729866027832	-0.023698069155216217
s0_yd	2	delta	2	wrong	1,2	0.0	0	14	0.0	0.0	0.0	0.0	0.2233351767063141	0.19166409969329834	0.21560484170913696	0.18649795651435852	0.0	-0.0081787109375	-0.00025863945484161377
s0_yd	2	delta	2	wrong	4,4	0.0	6	14	-0.000786125659942627	-0.0016679316759109497	-0.0020810067653656006	0.0014569759368896484	0.22254905104637146	0.1899961680173874	0.21352383494377136	0.18795493245124817	0.0027663707733154297	-0.024909138679504395	-0.0035300403833389282
s0_yd	2	delta	2	wrong	3,5	-0.015625	10	14	-0.0026246607303619385	-0.003909468650817871	-0.005602791905403137	-0.0008234232664108276	0.22071051597595215	0.18775463104248047	0.21000204980373383	0.1856745332479477	0.007661581039428711	-0.031378865242004395	0.005274161696434021
s0_yd	2	delta	2	wrong	2,7	0.0	2	14	0.0011584758758544922	0.00035578012466430664	-0.0021729767322540283	-0.0004786849021911621	0.22449365258216858	0.19201987981796265	0.21343186497688293	0.18601927161216736	0.0010873079299926758	-0.037901997566223145	-0.00906972587108612
s0_yd	2	delta	2	wrong	5,7	0.0234375	16	14	-0.003968477249145508	-0.0017668157815933228	-0.0004940032958984375	-9.399652481079102e-05	0.21936669945716858	0.18989728391170502	0.21511083841323853	0.18640395998954773	0.013200044631958008	-0.03556716442108154	-0.0012808442115783691
s0_yd	2	delta	2	wrong	3,4	-0.01171875	7	14	-0.004808291792869568	-0.004944741725921631	-0.0021483004093170166	-0.0026904940605163574	0.21852688491344452	0.1867193579673767	0.21345654129981995	0.18380746245384216	0.005906581878662109	-0.03190147876739502	-0.014373019337654114
s0_yd	2	delta	2	wrong	2,2	0.0	0	14	0.0	0.0	0.0	0.0	0.2233351767063141	0.19166409969329834	0.21560484170913696	0.18649795651435852	0.0	-0.010387301445007324	0.0
s0_yd	2	delta	2	wrong	2,1	0.0	2	14	0.0008276104927062988	0.00021910667419433594	-0.0036545395851135254	-0.00021845102310180664	0.22416278719902039	0.19188320636749268	0.21195030212402344	0.1862795054912567	0.0014529228210449219	-0.016929984092712402	-0.004536941647529602
s0_yd	2	delta	2	wrong	6,0	0.0	0	14	0.0	0.0	0.0	0.0	0.2233351767063141	0.19166409969329834	0.21560484170913696	0.18649795651435852	0.0	-0.006057143211364746	-0.00096873939037323
s0_yd	2	delta	2	wrong	5,1	-0.00390625	6	14	0.0008899569511413574	0.0019903182983398438	-0.004330813884735107	-0.0014104098081588745	0.22422513365745544	0.19365441799163818	0.21127402782440186	0.18508754670619965	0.006749153137207031	-0.02083587646484375	-0.0020392686128616333
s0_yd	2	delta	2	wrong	0,5	-0.0234375	6	14	0.002961099147796631	0.0006796419620513916	0.001378774642944336	0.0008228123188018799	0.22629627585411072	0.19234374165534973	0.2169836163520813	0.1873207688331604	0.0034058094024658203	-0.031079649925231934	-0.010121643543243408
s0_yd	2	delta	2	wrong	1,4	0.0	5	14	-5.263090133666992e-05	-0.0006493926048278809	-0.0008248984813690186	-0.0002527981996536255	0.22328254580497742	0.19101470708847046	0.21477994322776794	0.1862451583147049	0.0034554004669189453	-0.02341485023498535	-0.0031962841749191284
s0_yd	2	delta	2	wrong	6,7	0.0	1	14	-1.6361474990844727e-05	7.256865501403809e-05	-0.0006713271141052246	8.893013000488281e-05	0.22331881523132324	0.19173666834831238	0.21493351459503174	0.1865868866443634	6.651878356933594e-05	-0.01304471492767334	-0.003063023090362549
s0_yd	2	delta	2	wrong	3,7	0.0078125	9	14	-0.0022462457418441772	-0.0022422224283218384	-0.002160876989364624	-0.0023522675037384033	0.2210889309644699	0.1894218772649765	0.21344396471977234	0.18414568901062012	0.005742430686950684	-0.04487037658691406	-0.010080605745315552
s0_yd	2	delta	2	wrong	5,6	-0.01171875	5	14	-0.004283830523490906	-0.004428982734680176	-0.0011711716651916504	-0.0001930445432662964	0.21905134618282318	0.18723511695861816	0.2144336700439453	0.18630491197109222	0.003178119659423828	-0.028838753700256348	0.00037829577922821045
s0_yd	2	delta	2	wrong	4,5	0.0	1	14	-2.7567148208618164e-06	1.2665987014770508e-05	-0.0002926439046859741	0.00031945109367370605	0.22333241999149323	0.1916767656803131	0.215312197804451	0.18681740760803223	0.0008203983306884766	-0.022530198097229004	-0.001739397644996643
s0_yd	2	delta	2	wrong	7,5	0.04296875	37	14	0.014346837997436523	0.00784793496131897	0.0013032257556915283	0.004416763782501221	0.2376820147037506	0.1995120346546173	0.2169080674648285	0.19091472029685974	0.04081320762634277	-0.009244322776794434	0.0068084001541137695
s0_yd	2	delta	2	wrong	2,4	0.0	1	14	-0.0003129243850708008	-0.0004564821720123291	-0.00039930641651153564	-4.857778549194336e-06	0.2230222523212433	0.191207617521286	0.21520553529262543	0.18649309873580933	0.0006954669952392578	-0.013724088668823242	-0.0008040815591812134
s0_yd	2	delta	2	wrong	7,3	-0.00390625	6	14	-0.00032898783683776855	-0.0002041459083557129	-0.002455085515975952	-0.0016528666019439697	0.22300618886947632	0.19145995378494263	0.213149756193161	0.18484508991241455	0.004099369049072266	-0.042975544929504395	-0.002232193946838379
s0_yd	2	delta	2	wrong	1,5	0.0	1	14	-9.98377799987793e-06	3.267824649810791e-05	-0.00028136372566223145	6.407499313354492e-05	0.2233251929283142	0.19169677793979645	0.21532347798347473	0.18656203150749207	3.5762786865234375e-06	-0.01775503158569336	-0.0011900514364242554
s0_yd	2	delta	2	wrong	4,2	0.0	0	14	0.0	0.0	0.0	0.0	0.2233351767063141	0.19166409969329834	0.21560484170913696	0.18649795651435852	0.0	-0.009469389915466309	-0.00047591328620910645
s0_yd	2	delta	2	wrong	6,2	0.0	0	14	0.0	0.0	0.0	0.0	0.2233351767063141	0.19166409969329834	0.21560484170913696	0.18649795651435852	0.0	-0.0028955936431884766	0.0
s0_yd	2	delta	2	wrong	0,1	-0.0078125	3	14	0.0010704398155212402	0.0003059655427932739	-0.00296919047832489	-0.0003506988286972046	0.22440561652183533	0.1919700652360916	0.21263565123081207	0.18614725768566132	0.002026796340942383	-0.01961815357208252	-0.0038298219442367554
s0_yd	2	delta	2	wrong	0,3	-0.01171875	4	14	-0.00022439658641815186	-4.646182060241699e-05	0.001092374324798584	-0.0007300078868865967	0.22311078011989594	0.19161763787269592	0.21669721603393555	0.18576794862747192	0.0023463964462280273	-0.020627856254577637	-0.0006973296403884888
s0_yd	2	delta	2	wrong	3,1	-0.03515625	16	14	-0.005239605903625488	-0.005805313587188721	-0.00620289146900177	-0.002935945987701416	0.2180955708026886	0.18585878610610962	0.2094019502401352	0.1835620105266571	0.014812707901000977	-0.037694334983825684	-0.03465655446052551
s0_yd	2	delta	2	wrong	4,0	-0.00390625	6	14	0.00012025237083435059	-0.000675499439239502	-0.0019249320030212402	0.0015869587659835815	0.22345542907714844	0.19098860025405884	0.21367990970611572	0.1880849152803421	0.006849527359008789	-0.023479580879211426	0.004116609692573547
s0_yd	2	delta	2	wrong	6,6	0.0	1	14	-9.566545486450195e-06	-2.637505531311035e-05	-0.0005756020545959473	2.7254223823547363e-05	0.22332561016082764	0.19163772463798523	0.21502923965454102	0.18652521073818207	0.0002536773681640625	-0.013477563858032227	-0.00034943222999572754
s0_yd	2	delta	2	wrong	4,1	0.0	4	14	0.0001714080572128296	7.286667823791504e-06	-0.0008644163608551025	0.0005256235599517822	0.22350658476352692	0.19167138636112213	0.21474042534828186	0.1870235800743103	0.002705693244934082	-0.03532767295837402	-0.017726823687553406
s0_yd	2	delta	2	wrong	7,0	-0.0234375	24	14	0.003606468439102173	0.0012088119983673096	0.0019304901361465454	-0.0012724995613098145	0.22694164514541626	0.19287291169166565	0.2175353318452835	0.1852254569530487	0.0266268253326416	-0.04050862789154053	0.005769252777099609
s0_yd	2	delta	2	wrong	5,4	-0.00390625	4	14	-0.0007543265819549561	-0.001538097858428955	-0.00044752657413482666	-0.0014161467552185059	0.22258085012435913	0.19012600183486938	0.21515731513500214	0.18508180975914001	0.0038039684295654297	-0.020388364791870117	0.0008203238248825073
s0_yd	2	delta	2	wrong	1,0	-0.00390625	5	14	0.0013183653354644775	0.0005934834480285645	-0.0003695189952850342	0.00010591745376586914	0.22465354204177856	0.1922575831413269	0.21523532271385193	0.1866038739681244	0.00693511962890625	-0.019327759742736816	0.003962129354476929
s0_yd	2	delta	2	wrong	6,5	0.0	0	14	0.0	0.0	0.0	0.0	0.2233351767063141	0.19166409969329834	0.21560484170913696	0.18649795651435852	0.0	-0.0040940046310424805	-0.00027097761631011963
s0_yd	2	delta	2	wrong	3,6	0.0	4	14	-0.0009649842977523804	-0.001987367868423462	-0.001780778169631958	-0.0021924972534179688	0.2223701924085617	0.18967673182487488	0.213824063539505	0.18430545926094055	0.0027077198028564453	-0.03983414173126221	-0.0033705532550811768
s0_yd	2	delta	2	wrong	3,3	0.0	0	14	0.0	0.0	0.0	0.0	0.2233351767063141	0.19166409969329834	0.21560484170913696	0.18649795651435852	0.0	-0.02009427547454834	0.0
s0_yd	2	delta	2	wrong	0,6	-0.07421875	19	14	-0.005805611610412598	-0.006659597158432007	0.004545688629150391	0.0004779398441314697	0.2175295650959015	0.18500450253486633	0.22015053033828735	0.18697589635849	0.013821005821228027	-0.03401744365692139	0.001663118600845337
s0_yd	2	delta	2	wrong	0,4	-0.00390625	1	14	7.006525993347168e-05	-1.1622905731201172e-05	-4.947185516357422e-06	-0.0003346949815750122	0.22340524196624756	0.19165247678756714	0.2155998945236206	0.1861632615327835	0.0019376277923583984	-0.016608119010925293	-0.0030370354652404785
s0_yd	2	delta	2	wrong	0,0	-0.01953125	9	14	0.003111720085144043	0.0022049546241760254	-0.0022638291120529175	4.035234451293945e-05	0.22644689679145813	0.19386905431747437	0.21334101259708405	0.18653830885887146	0.006919384002685547	-0.02943861484527588	-0.008013635873794556
s0_yd	2	delta	2	wrong	7,4	-0.00390625	4	14	-0.00019934773445129395	-0.0010729879140853882	-0.0008341223001480103	0.00037601590156555176	0.2231358289718628	0.19059111177921295	0.21477071940898895	0.18687397241592407	0.0010513067245483398	-0.07105851173400879	-0.03408799320459366
s0_yd	2	delta	2	wrong	7,2	0.0	0	14	0.0	0.0	0.0	0.0	0.2233351767063141	0.19166409969329834	0.21560484170913696	0.18649795651435852	0.0	-0.030395150184631348	-0.0026896297931671143
s0_yd	2	delta	2	wrong	6,3	0.0	0	14	0.0	0.0	0.0	0.0	0.2233351767063141	0.19166409969329834	0.21560484170913696	0.18649795651435852	0.0	-0.0037435293197631836	0.0
s0_yd	2	delta	2	wrong	5,3	0.0	1	14	9.775161743164062e-05	3.707408905029297e-05	-1.8984079360961914e-05	0.0001191943883895874	0.22343292832374573	0.19170117378234863	0.215585857629776	0.1866171509027481	0.00011146068572998047	-0.025912046432495117	-0.001333773136138916
s0_yd	2	delta	2	wrong	0,2	0.0	0	14	0.0	0.0	0.0	0.0	0.2233351767063141	0.19166409969329834	0.21560484170913696	0.18649795651435852	0.0	-0.011124134063720703	-0.0009105056524276733
s0_yd	2	delta	2	wrong	5,5	-0.04296875	26	14	0.005966126918792725	-0.0009673237800598145	-0.013101518154144287	0.00949794054031372	0.2293013036251068	0.19069677591323853	0.20250332355499268	0.19599589705467224	0.0340496301651001	-0.016579151153564453	0.0157768577337265
s0_yd	2	delta	2	wrong	4,3	0.0	0	14	0.0	0.0	0.0	0.0	0.2233351767063141	0.19166409969329834	0.21560484170913696	0.18649795651435852	0.0	-0.01414024829864502	0.0
s0_yd	2	delta	2	wrong	2,3	0.0	1	14	2.5570392608642578e-05	9.40859317779541e-05	-2.473592758178711e-05	0.00025378167629241943	0.22336074709892273	0.1917581856250763	0.21558010578155518	0.18675173819065094	0.0007628202438354492	-0.01717960834503174	8.608400821685791e-05
s0_yd	2	delta	2	wrong	6,4	0.0	0	14	0.0	0.0	0.0	0.0	0.2233351767063141	0.19166409969329834	0.21560484170913696	0.18649795651435852	0.0	-0.012697577476501465	-0.003402724862098694
s0_yd	2	delta	2	wrong	2,0	-0.00390625	4	14	0.0016866624355316162	0.0014354884624481201	-0.00041353702545166016	-0.00022336840629577637	0.2250218391418457	0.19309958815574646	0.2151913046836853	0.18627458810806274	0.0019888877868652344	-0.030232787132263184	-0.0007242113351821899
s0_yd	2	delta	2	wrong	7,7	-0.0390625	34	14	-0.005771607160568237	-0.003141433000564575	0.008056491613388062	-0.002931356430053711	0.21756356954574585	0.18852266669273376	0.22366133332252502	0.1835666000843048	0.020898818969726562	-0.08323466777801514	-0.0364476814866066
s0_yd	2	single	-1	true	5,0	0.18359375	-1	1					0.17236196994781494	0.155450701713562	0.18729428946971893	0.18548676371574402	-0.16241532564163208	0.0	0.0
s0_yd	2	single	-1	true	3,0	0.18359375	-1	1					0.10106338560581207	0.07973018288612366	0.13214543461799622	0.1292954683303833	-0.08267278969287872	0.0	0.0
s0_yd	2	single	-1	true	4,6	0.0234375	-1	1					0.05534244328737259	0.03314799815416336	0.05080196633934975	0.20342496037483215	0.04524659365415573	0.0	0.0
s0_yd	2	single	-1	true	1,3	0.0234375	-1	1					0.19607707858085632	0.14932678639888763	0.08132503926753998	0.06852845102548599	-0.6312900185585022	0.0	0.0
s0_yd	2	single	-1	true	3,2	0.1640625	-1	1					0.06527698040008545	0.07279768586158752	0.130815327167511	0.13118691742420197	-0.6734510660171509	0.0	0.0
s0_yd	2	single	-1	true	7,1	0.1640625	-1	1					0.18961608409881592	0.16969060897827148	0.22526997327804565	0.1560521423816681	0.5508009791374207	0.0	0.0
s0_yd	2	single	-1	true	5,0	0.18359375	-1	1					0.17236196994781494	0.155450701713562	0.18729428946971893	0.18548676371574402	-0.16241532564163208	0.0	0.0
s0_yd	2	single	-1	true	7,6	0.4296875	-1	1					0.15846820175647736	0.10454390197992325	0.18032315373420715	0.1634233295917511	0.7535609006881714	0.0	0.0
s0_yd	2	single	-1	true	2,5	0.21484375	-1	1					0.1878943145275116	0.1360306739807129	0.22532027959823608	0.21284659206867218	-0.7037624716758728	0.0	0.0
s0_yd	2	single	-1	true	5,2	0.21484375	-1	1					0.11219125241041183	0.13302622735500336	0.1333915889263153	0.18302816152572632	-0.7531935572624207	0.0	0.0
s0_yd	2	single	-1	true	7,6	0.4296875	-1	1					0.15846820175647736	0.10454390197992325	0.18032315373420715	0.1634233295917511	0.7535609006881714	0.0	0.0
s0_yd	2	single	-1	true	1,1	0.21484375	-1	1					0.17024865746498108	0.21005287766456604	0.10203719139099121	0.15118172764778137	-0.2946772575378418	0.0	0.0
s0_yd	2	single	-1	true	0,7	0.21484375	-1	1					0.08851858973503113	0.0740191638469696	0.2733602225780487	0.2510802149772644	-0.22649966180324554	0.0	0.0
s0_yd	2	single	-1	true	2,6	0.4296875	-1	1					0.15846820175647736	0.10454390197992325	0.18032315373420715	0.1634233295917511	-0.2210651934146881	0.0	0.0
s0_yd	2	single	-1	true	1,6	0.1640625	-1	1					0.05220414325594902	0.04146922379732132	0.08965283632278442	0.15404900908470154	-0.09191737323999405	0.0	0.0
s0_yd	2	single	-1	true	6,1	0.1640625	-1	1					0.2827080488204956	0.2698257267475128	0.10341177880764008	0.1813765913248062	-1.5591977834701538	0.0	0.0
s0_yd	2	single	-1	wrong	1,2	0.0	-1	1					0.05844942480325699	0.09529634565114975	0.125746950507164	0.18003341555595398	-0.8540298938751221	0.0	0.0
s0_yd	2	single	-1	wrong	4,4	0.0	-1	1					0.05981270223855972	0.04715021327137947	0.030046986415982246	0.1594303846359253	-0.2575300633907318	0.0	0.0
s0_yd	2	single	-1	wrong	3,5	0.0	-1	1					0.03619695454835892	0.021275606006383896	0.07648420333862305	0.13751038908958435	-0.3940357565879822	0.0	0.0
s0_yd	2	single	-1	wrong	2,7	0.0	-1	1					0.13102012872695923	0.11039239913225174	0.2735140323638916	0.18786251544952393	-0.14458289742469788	0.0	0.0
s0_yd	2	single	-1	wrong	5,7	0.21484375	-1	1					0.11219125241041183	0.13302622735500336	0.1333915889263153	0.18302816152572632	0.08540128916501999	0.0	0.0
s0_yd	2	single	-1	wrong	3,4	0.0	-1	1					0.031246161088347435	0.018801558762788773	0.06430411338806152	0.07417482882738113	-0.21411514282226562	0.0	0.0
s0_yd	2	single	-1	wrong	2,2	0.0	-1	1					0.13102012872695923	0.11039239913225174	0.2735140323638916	0.18786251544952393	-0.9831777811050415	0.0	0.0
s0_yd	2	single	-1	wrong	2,1	0.1640625	-1	1					0.18961608409881592	0.16969060897827148	0.22526997327804565	0.1560521423816681	-0.4238250255584717	0.0	0.0
s0_yd	2	single	-1	wrong	6,0	0.0	-1	1					0.18214471638202667	0.15418046712875366	0.19478389620780945	0.2226516306400299	-1.5277721881866455	0.0	0.0
s0_yd	2	single	-1	wrong	5,1	0.0	-1	1					0.17638921737670898	0.16887791454792023	0.1091536357998848	0.14578604698181152	-0.1938408464193344	0.0	0.0
s0_yd	2	single	-1	wrong	0,5	0.0	-1	1					0.1758406162261963	0.13601630926132202	0.24618373811244965	0.2580818235874176	-0.7856792211532593	0.0	0.0
s0_yd	2	single	-1	wrong	1,4	0.0	-1	1					0.06057380512356758	0.05734881013631821	0.054157450795173645	0.09648597240447998	-0.3946940302848816	0.0	0.0
s0_yd	2	single	-1	wrong	6,7	0.0	-1	1					0.07559864223003387	0.08180500566959381	0.1622491180896759	0.21969261765480042	-1.2799556255340576	0.0	0.0
s0_yd	2	single	-1	wrong	3,7	0.1640625	-1	1					0.06527698040008545	0.07279768586158752	0.130815327167511	0.13118691742420197	0.16514381766319275	0.0	0.0
s0_yd	2	single	-1	wrong	5,6	0.0	-1	1					0.08000659197568893	0.04876390099525452	0.09975273162126541	0.1639062762260437	0.0089190062135458	0.0	0.0
s0_yd	2	single	-1	wrong	4,5	0.0	-1	1					0.10583865642547607	0.07741472870111465	0.05455160513520241	0.2721395492553711	-0.43745070695877075	0.0	0.0
s0_yd	2	single	-1	wrong	7,5	0.21484375	-1	1					0.1878943145275116	0.1360306739807129	0.22532027959823608	0.21284659206867218	0.2708635628223419	0.0	0.0
s0_yd	2	single	-1	wrong	2,4	0.0	-1	1					0.11944323033094406	0.08462147414684296	0.16244257986545563	0.1053285002708435	-0.5238418579101562	0.0	0.0
s0_yd	2	single	-1	wrong	7,3	0.0	-1	1					0.20140555500984192	0.11766988039016724	0.1873472034931183	0.06667187064886093	0.21418821811676025	0.0	0.0
s0_yd	2	single	-1	wrong	1,5	0.0	-1	1					0.12236125767230988	0.1233772486448288	0.10352180153131485	0.19727864861488342	-0.5746146440505981	0.0	0.0
s0_yd	2	single	-1	wrong	4,2	0.0	-1	1					0.05653758719563484	0.0735313668847084	0.07196708023548126	0.22740605473518372	-0.7168660163879395	0.0	0.0
s0_yd	2	single	-1	wrong	6,2	0.0	-1	1					0.07559864223003387	0.08180500566959381	0.1622491180896759	0.21969261765480042	-2.1185503005981445	0.0	0.0
s0_yd	2	single	-1	wrong	0,1	0.0	-1	1					0.1283966451883316	0.10156930983066559	0.2542702555656433	0.20660072565078735	-0.5057418346405029	0.0	0.0
s0_yd	2	single	-1	wrong	0,3	0.0	-1	1					0.12043310701847076	0.05811773240566254	0.23929044604301453	0.10114429146051407	-0.8423546552658081	0.0	0.0
s0_yd	2	single	-1	wrong	3,1	0.0	-1	1					0.08564397692680359	0.07144924253225327	0.10550174117088318	0.10723906755447388	-0.11409834027290344	0.0	0.0
s0_yd	2	single	-1	wrong	4,0	0.0	-1	1					0.12730452418327332	0.12074322998523712	0.07712649554014206	0.2318299263715744	-0.1260877251625061	0.0	0.0
s0_yd	2	single	-1	wrong	6,6	0.0	-1	1					0.07962681353092194	0.04868346452713013	0.11464829742908478	0.1828809380531311	-1.3564379215240479	0.0	0.0
s0_yd	2	single	-1	wrong	4,1	0.0	-1	1					0.14612114429473877	0.15496090054512024	0.04439394921064377	0.192241370677948	-0.15751326084136963	0.0	0.0
s0_yd	2	single	-1	wrong	7,0	0.0	-1	1					0.2208448350429535	0.17708656191825867	0.28804072737693787	0.20148098468780518	0.5822265148162842	0.0	0.0
s0_yd	2	single	-1	wrong	5,4	0.0	-1	1					0.07899774610996246	0.05283280462026596	0.05492012947797775	0.11822545528411865	-0.2938576936721802	0.0	0.0
s0_yd	2	single	-1	wrong	1,0	0.0	-1	1					0.17047914862632751	0.19308817386627197	0.14544667303562164	0.19401246309280396	-0.2632516920566559	0.0	0.0
s0_yd	2	single	-1	wrong	6,5	0.0	-1	1					0.20190982520580292	0.13747727870941162	0.1260019689798355	0.23864860832691193	-1.8391351699829102	0.0	0.0
s0_yd	2	single	-1	wrong	3,6	0.0	-1	1					0.0329437255859375	0.01959160715341568	0.0700126439332962	0.09106339514255524	0.08866152167320251	0.0	0.0
s0_yd	2	single	-1	wrong	3,3	0.0	-1	1					0.04461827874183655	0.016391806304454803	0.11016300320625305	0.05986515060067177	-0.45071110129356384	0.0	0.0
s0_yd	2	single	-1	wrong	0,6	0.0	-1	1					0.08730139583349228	0.04534466564655304	0.24792170524597168	0.21031400561332703	-0.3029819428920746	0.0	0.0
s0_yd	2	single	-1	wrong	0,4	0.0	-1	1					0.09313724935054779	0.04747096076607704	0.17527717351913452	0.136520117521286	-0.6057586669921875	0.0	0.0
s0_yd	2	single	-1	wrong	0,0	0.0	-1	1					0.1718965768814087	0.1468726545572281	0.3449556529521942	0.26111936569213867	-0.47431623935699463	0.0	0.0
s0_yd	2	single	-1	wrong	7,4	0.0	-1	1					0.11944323033094406	0.08462147414684296	0.16244257986545563	0.1053285002708435	0.45078417658805847	0.0	0.0
s0_yd	2	single	-1	wrong	7,2	0.0	-1	1					0.13102012872695923	0.11039239913225174	0.2735140323638916	0.18786251544952393	-0.008551718667149544	0.0	0.0
s0_yd	2	single	-1	wrong	6,3	0.0	-1	1					0.0891849473118782	0.04080245643854141	0.11858077347278595	0.09059891104698181	-1.895810604095459	0.0	0.0
s0_yd	2	single	-1	wrong	5,3	0.0	-1	1					0.15810590982437134	0.08412864059209824	0.10335960239171982	0.08234256505966187	-0.530453622341156	0.0	0.0
s0_yd	2	single	-1	wrong	0,2	0.21484375	-1	1					0.08851858973503113	0.0740191638469696	0.2733602225780487	0.2510802149772644	-1.0650944709777832	0.0	0.0
s0_yd	2	single	-1	wrong	5,5	0.0	-1	1					0.17025497555732727	0.1313309371471405	0.1064228042960167	0.21515324711799622	-0.47377830743789673	0.0	0.0
s0_yd	2	single	-1	wrong	4,3	0.0	-1	1					0.07539007067680359	0.03503963351249695	0.051653001457452774	0.10462120175361633	-0.49412602186203003	0.0	0.0
s0_yd	2	single	-1	wrong	2,3	0.0	-1	1					0.20140555500984192	0.11766988039016724	0.1873472034931183	0.06667187064886093	-0.7604378461837769	0.0	0.0
s0_yd	2	single	-1	wrong	6,4	0.0	-1	1					0.07531144469976425	0.0485495999455452	0.06390164792537689	0.13676077127456665	-1.6592144966125488	0.0	0.0
s0_yd	2	single	-1	wrong	2,0	0.0	-1	1					0.2208448350429535	0.17708656191825867	0.28804072737693787	0.20148098468780518	-0.39239948987960815	0.0	0.0
s0_yd	2	single	-1	wrong	7,7	0.0	-1	1					0.13102012872695923	0.11039239913225174	0.2735140323638916	0.18786251544952393	0.8300430774688721	0.0	0.0
s0_yd	2	single	-1	wrong	1,7	0.0	-1	1					0.05844942480325699	0.09529634565114975	0.125746950507164	0.18003341555595398	-0.015435092151165009	0.0	0.0
s0_yd	2	single	-1	wrong	4,7	0.0	-1	1					0.05653758719563484	0.0735313668847084	0.07196708023548126	0.22740605473518372	0.12172888964414597	0.0	0.0
s0_yd	3	delta	0	true	14,7	0.0	0	58	0.0	0.0	0.0	0.0	0.26909303665161133	0.24142861366271973	0.25083839893341064	0.2191903293132782	0.0	-0.03292739391326904	0.0
s0_yd	3	delta	0	true	15,7	0.0	0	58	0.0	0.0	0.0	0.0	0.26909303665161133	0.24142861366271973	0.25083839893341064	0.2191903293132782	0.0	-0.009863018989562988	0.0
s0_yd	3	delta	0	true	2,8	0.0	0	58	0.0	0.0	0.0	0.0	0.26909303665161133	0.24142861366271973	0.25083839893341064	0.2191903293132782	0.0	-0.00198209285736084	0.0
s0_yd	3	delta	0	true	0,4	0.0	0	58	0.0	0.0	0.0	0.0	0.26909303665161133	0.24142861366271973	0.25083839893341064	0.2191903293132782	0.0	-0.015003561973571777	-0.0018917545676231384
s0_yd	3	delta	0	true	1,5	0.0	35	58	-0.0010823607444763184	-0.0018422752618789673	-0.011608392000198364	-0.0065543800592422485	0.268010675907135	0.23958633840084076	0.23923000693321228	0.21263594925403595	0.013287544250488281	-0.058017611503601074	-0.07196658104658127
s0_yd	3	delta	0	true	0,14	0.0	0	58	0.0	0.0	0.0	0.0	0.26909303665161133	0.24142861366271973	0.25083839893341064	0.2191903293132782	0.0	-0.0033375024795532227	0.0
s0_yd	3	delta	0	true	1,15	0.0	0	58	0.0	0.0	0.0	0.0	0.26909303665161133	0.24142861366271973	0.25083839893341064	0.2191903293132782	0.0	-0.0036399364471435547	0.0
s0_yd	3	delta	0	wrong	0,7	-0.0234375	15	58	-0.013166964054107666	-0.012922406196594238	-0.008272752165794373	-0.0019020140171051025	0.25592607259750366	0.2285062074661255	0.24256564676761627	0.2172883152961731	0.003786921501159668	-0.039037108421325684	-0.0277739018201828
s0_yd	3	delta	0	wrong	3,2	0.0	0	58	0.0	0.0	0.0	0.0	0.26909303665161133	0.24142861366271973	0.25083839893341064	0.2191903293132782	0.0	-0.000989079475402832	0.0
s0_yd	3	delta	0	wrong	12,13	0.0	0	58	0.0	0.0	0.0	0.0	0.26909303665161133	0.24142861366271973	0.25083839893341064	0.2191903293132782	0.0	-0.0014412403106689453	0.0
s0_yd	3	delta	0	wrong	11,8	0.0	0	58	0.0	0.0	0.0	0.0	0.26909303665161133	0.24142861366271973	0.25083839893341064	0.2191903293132782	0.0	-0.0010024309158325195	0.0
s0_yd	3	delta	0	wrong	13,0	0.0	0	58	0.0	0.0	0.0	0.0	0.26909303665161133	0.24142861366271973	0.25083839893341064	0.2191903293132782	0.0	-0.0017316341400146484	0.0
s0_yd	3	delta	0	wrong	0,1	0.0	0	58	0.0	0.0	0.0	0.0	0.26909303665161133	0.24142861366271973	0.25083839893341064	0.2191903293132782	0.0	-0.0046541690826416016	-0.0012175515294075012
s0_yd	3	delta	0	wrong	12,10	0.0	0	58	0.0	0.0	0.0	0.0	0.26909303665161133	0.24142861366271973	0.25083839893341064	0.2191903293132782	0.0	-0.02033686637878418	0.0
s0_yd	3	delta	0	wrong	3,5	0.0	0	58	0.0	0.0	0.0	0.0	0.26909303665161133	0.24142861366271973	0.25083839893341064	0.2191903293132782	0.0	-0.0039293766021728516	0.0
s0_yd	3	delta	0	wrong	6,6	0.0	0	58	0.0	0.0	0.0	0.0	0.26909303665161133	0.24142861366271973	0.25083839893341064	0.2191903293132782	0.0	-0.008263468742370605	-0.0026711001992225647
s0_yd	3	delta	0	wrong	10,13	0.0	0	58	0.0	0.0	0.0	0.0	0.26909303665161133	0.24142861366271973	0.25083839893341064	0.2191903293132782	0.0	-0.014356613159179688	0.0
s0_yd	3	delta	0	wrong	4,11	0.0	0	58	0.0	0.0	0.0	0.0	0.26909303665161133	0.24142861366271973	0.25083839893341064	0.2191903293132782	0.0	-0.0008413791656494141	0.0
s0_yd	3	delta	0	wrong	8,15	0.0	0	58	0.0	0.0	0.0	0.0	0.26909303665161133	0.24142861366271973	0.25083839893341064	0.2191903293132782	0.0	-0.0002816915512084961	0.0
s0_yd	3	delta	0	wrong	12,11	0.0	0	58	0.0	0.0	0.0	0.0	0.26909303665161133	0.24142861366271973	0.25083839893341064	0.2191903293132782	0.0	-0.0006407499313354492	0.0
s0_yd	3	delta	0	wrong	4,15	0.0	0	58	0.0	0.0	0.0	0.0	0.26909303665161133	0.24142861366271973	0.25083839893341064	0.2191903293132782	0.0	-0.0005584955215454102	0.0
s0_yd	3	delta	0	wrong	15,13	0.0	0	58	0.0	0.0	0.0	0.0	0.26909303665161133	0.24142861366271973	0.25083839893341064	0.2191903293132782	0.0	-0.0005382299423217773	0.0
s0_yd	3	delta	0	wrong	15,2	0.0	0	58	0.0	0.0	0.0	0.0	0.26909303665161133	0.24142861366271973	0.25083839893341064	0.2191903293132782	0.0	-0.000978708267211914	0.0
s0_yd	3	delta	0	wrong	14,13	0.0	0	58	0.0	0.0	0.0	0.0	0.26909303665161133	0.24142861366271973	0.25083839893341064	0.2191903293132782	0.0	-0.002131342887878418	0.0
s0_yd	3	delta	0	wrong	3,14	0.0	0	58	0.0	0.0	0.0	0.0	0.26909303665161133	0.24142861366271973	0.25083839893341064	0.2191903293132782	0.0	-0.0005395412445068359	0.0
s0_yd	3	delta	0	wrong	12,15	0.0	0	58	0.0	0.0	0.0	0.0	0.26909303665161133	0.24142861366271973	0.25083839893341064	0.2191903293132782	0.0	-0.00024139881134033203	0.0
s0_yd	3	delta	0	wrong	4,13	0.0	0	58	0.0	0.0	0.0	0.0	0.26909303665161133	0.24142861366271973	0.25083839893341064	0.2191903293132782	0.0	-0.0011080503463745117	0.0
s0_yd	3	delta	0	wrong	1,0	-0.00390625	1	58	-0.0011563301086425781	-0.0010957270860671997	-0.00042244791984558105	-0.00021092593669891357	0.26793670654296875	0.24033288657665253	0.25041595101356506	0.21897940337657928	3.8504600524902344e-05	-0.009301543235778809	-0.002624019980430603
s0_yd	3	delta	0	wrong	10,6	-0.00390625	1	58	-0.002826511859893799	-0.002229362726211548	-3.933906555175781e-05	-0.00021275877952575684	0.26626652479171753	0.23919925093650818	0.2507990598678589	0.21897757053375244	0.0001322031021118164	-0.013457298278808594	-0.0002245083451271057
s0_yd	3	delta	0	wrong	15,12	0.0	0	58	0.0	0.0	0.0	0.0	0.26909303665161133	0.24142861366271973	0.25083839893341064	0.2191903293132782	0.0	-5.9604644775390625e-05	0.0
s0_yd	3	delta	0	wrong	15,5	0.0	0	58	0.0	0.0	0.0	0.0	0.26909303665161133	0.24142861366271973	0.25083839893341064	0.2191903293132782	0.0	-0.0037544965744018555	0.0
s0_yd	3	delta	0	wrong	2,0	0.0	0	58	0.0	0.0	0.0	0.0	0.26909303665161133	0.24142861366271973	0.25083839893341064	0.2191903293132782	0.0	-0.0028983354568481445	0.0
s0_yd	3	delta	0	wrong	2,7	0.0	0	58	0.0	0.0	0.0	0.0	0.26909303665161133	0.24142861366271973	0.25083839893341064	0.2191903293132782	0.0	-0.03512430191040039	0.0
s0_yd	3	delta	0	wrong	8,12	0.0	0	58	0.0	0.0	0.0	0.0	0.26909303665161133	0.24142861366271973	0.25083839893341064	0.2191903293132782	0.0	-0.00010097026824951172	0.0
s0_yd	3	delta	0	wrong	12,0	0.0	0	58	0.0	0.0	0.0	0.0	0.26909303665161133	0.24142861366271973	0.25083839893341064	0.2191903293132782	0.0	-0.0013176202774047852	0.0
s0_yd	3	delta	0	wrong	2,5	0.0	0	58	0.0	0.0	0.0	0.0	0.26909303665161133	0.24142861366271973	0.25083839893341064	0.2191903293132782	0.0	-0.011345148086547852	0.0
s0_yd	3	delta	0	wrong	3,15	0.0	0	58	0.0	0.0	0.0	0.0	0.26909303665161133	0.24142861366271973	0.25083839893341064	0.2191903293132782	0.0	-0.00010466575622558594	0.0
s0_yd	3	delta	0	wrong	15,11	0.0	0	58	0.0	0.0	0.0	0.0	0.26909303665161133	0.24142861366271973	0.25083839893341064	0.2191903293132782	0.0	-0.00016176700592041016	0.0
s0_yd	3	delta	0	wrong	10,15	0.0	0	58	0.0	0.0	0.0	0.0	0.26909303665161133	0.24142861366271973	0.25083839893341064	0.2191903293132782	0.0	-0.0015851259231567383	0.0
s0_yd	3	delta	0	wrong	15,1	0.0	0	58	0.0	0.0	0.0	0.0	0.26909303665161133	0.24142861366271973	0.25083839893341064	0.2191903293132782	0.0	-0.0006798505783081055	0.0
s0_yd	3	delta	0	wrong	1,1	0.0	0	58	0.0	0.0	0.0	0.0	0.26909303665161133	0.24142861366271973	0.25083839893341064	0.2191903293132782	0.0	-0.005093812942504883	-0.001570187509059906
s0_yd	3	delta	0	wrong	0,11	0.0	0	58	0.0	0.0	0.0	0.0	0.26909303665161133	0.24142861366271973	0.25083839893341064	0.2191903293132782	0.0	-0.0054694414138793945	0.0
s0_yd	3	delta	0	wrong	11,14	0.0	0	58	0.0	0.0	0.0	0.0	0.26909303665161133	0.24142861366271973	0.25083839893341064	0.2191903293132782	0.0	-0.0012631416320800781	0.0
s0_yd	3	delta	0	wrong	8,7	0.0	0	58	0.0	0.0	0.0	0.0	0.26909303665161133	0.24142861366271973	0.25083839893341064	0.2191903293132782	0.0	-0.009108304977416992	0.0
s0_yd	3	delta	0	wrong	4,14	0.0	0	58	0.0	0.0	0.0	0.0	0.26909303665161133	0.24142861366271973	0.25083839893341064	0.2191903293132782	0.0	-0.0007535219192504883	0.0
s0_yd	3	delta	0	wrong	7,14	0.0	0	58	0.0	0.0	0.0	0.0	0.26909303665161133	0.24142861366271973	0.25083839893341064	0.2191903293132782	0.0	-0.021456360816955566	0.0
s0_yd	3	delta	0	wrong	14,14	0.0	0	58	0.0	0.0	0.0	0.0	0.26909303665161133	0.24142861366271973	0.25083839893341064	0.2191903293132782	0.0	-0.0030289888381958008	0.0
s0_yd	3	delta	0	wrong	10,8	0.0	0	58	0.0	0.0	0.0	0.0	0.26909303665161133	0.24142861366271973	0.25083839893341064	0.2191903293132782	0.0	-0.010600924491882324	0.0
s0_yd	3	delta	0	wrong	10,3	0.0	0	58	0.0	0.0	0.0	0.0	0.26909303665161133	0.24142861366271973	0.25083839893341064	0.2191903293132782	0.0	-0.0017718076705932617	0.0
s0_yd	3	delta	0	wrong	4,4	0.0	0	58	0.0	0.0	0.0	0.0	0.26909303665161133	0.24142861366271973	0.25083839893341064	0.2191903293132782	0.0	-0.0029501914978027344	0.0
s0_yd	3	delta	0	wrong	2,4	0.0	0	58	0.0	0.0	0.0	0.0	0.26909303665161133	0.24142861366271973	0.25083839893341064	0.2191903293132782	0.0	-0.0008101463317871094	0.0
s0_yd	3	delta	0	wrong	11,9	0.0	0	58	0.0	0.0	0.0	0.0	0.26909303665161133	0.24142861366271973	0.25083839893341064	0.2191903293132782	0.0	-0.0024439096450805664	0.0
s0_yd	3	delta	0	wrong	4,12	0.0	0	58	0.0	0.0	0.0	0.0	0.26909303665161133	0.24142861366271973	0.25083839893341064	0.2191903293132782	0.0	-0.00021398067474365234	0.0
s0_yd	3	delta	0	wrong	7,1	0.0	0	58	0.0	0.0	0.0	0.0	0.26909303665161133	0.24142861366271973	0.25083839893341064	0.2191903293132782	0.0	-0.002821803092956543	0.0
s0_yd	3	delta	0	wrong	1,7	-0.015625	15	58	-0.011721700429916382	-0.011568725109100342	-0.006185516715049744	-0.004613131284713745	0.25737133622169495	0.22985988855361938	0.2446528822183609	0.21457719802856445	0.009512186050415039	-0.0287477970123291	-0.018557310104370117
s0_yd	3	delta	1	true	14,7	0.0	0	58	0.0	0.0	0.0	0.0	0.268010675907135	0.23958633840084076	0.23923000693321228	0.21263594925403595	0.0	-0.0326542854309082	0.0
s0_yd	3	delta	1	true	9,0	0.0	0	58	0.0	0.0	0.0	0.0	0.268010675907135	0.23958633840084076	0.23923000693321228	0.21263594925403595	0.0	-0.0017428398132324219	0.0
s0_yd	3	delta	1	true	9,1	0.0	0	58	0.0	0.0	0.0	0.0	0.268010675907135	0.23958633840084076	0.23923000693321228	0.21263594925403595	0.0	-0.0008542537689208984	0.0
s0_yd	3	delta	1	true	3,9	0.0	0	58	0.0	0.0	0.0	0.0	0.268010675907135	0.23958633840084076	0.23923000693321228	0.21263594925403595	0.0	-0.0008521080017089844	0.0
s0_yd	3	delta	1	true	12,5	0.0	0	58	0.0	0.0	0.0	0.0	0.268010675907135	0.23958633840084076	0.23923000693321228	0.21263594925403595	0.0	-0.007340192794799805	0.0
s0_yd	3	delta	1	true	10,4	0.0	0	58	0.0	0.0	0.0	0.0	0.268010675907135	0.23958633840084076	0.23923000693321228	0.21263594925403595	0.0	-0.003184080123901367	0.0
s0_yd	3	delta	1	true	11,10	0.0	0	58	0.0	0.0	0.0	0.0	0.268010675907135	0.23958633840084076	0.23923000693321228	0.21263594925403595	0.0	-0.018110036849975586	0.0
s0_yd	3	delta	1	wrong	0,7	-0.015625	8	58	-0.009046018123626709	-0.0077590495347976685	-0.004231885075569153	-0.00047701597213745117	0.2589646577835083	0.2318272888660431	0.23499812185764313	0.2121589332818985	0.0019785165786743164	-0.03499197959899902	-0.001562468707561493
s0_yd	3	delta	1	wrong	3,2	0.0	0	58	0.0	0.0	0.0	0.0	0.268010675907135	0.23958633840084076	0.23923000693321228	0.21263594925403595	0.0	-0.0009654760360717773	0.0
s0_yd	3	delta	1	wrong	12,13	0.0	0	58	0.0	0.0	0.0	0.0	0.268010675907135	0.23958633840084076	0.23923000693321228	0.21263594925403595	0.0	-0.0013892650604248047	0.0
s0_yd	3	delta	1	wrong	11,8	0.0	0	58	0.0	0.0	0.0	0.0	0.268010675907135	0.23958633840084076	0.23923000693321228	0.21263594925403595	0.0	-0.0008940696716308594	0.0
s0_yd	3	delta	1	wrong	13,0	0.0	0	58	0.0	0.0	0.0	0.0	0.268010675907135	0.23958633840084076	0.23923000693321228	0.21263594925403595	0.0	-0.0016946792602539062	0.0
s0_yd	3	delta	1	wrong	0,1	0.0	0	58	0.0	0.0	0.0	0.0	0.268010675907135	0.23958633840084076	0.23923000693321228	0.21263594925403595	0.0	-0.0035848617553710938	0.0
s0_yd	3	delta	1	wrong	12,10	0.0	0	58	0.0	0.0	0.0	0.0	0.268010675907135	0.23958633840084076	0.23923000693321228	0.21263594925403595	0.0	-0.01986110210418701	0.0
s0_yd	3	delta	1	wrong	3,5	0.0	0	58	0.0	0.0	0.0	0.0	0.268010675907135	0.23958633840084076	0.23923000693321228	0.21263594925403595	0.0	-0.0033333301544189453	0.0
s0_yd	3	delta	1	wrong	6,6	0.0	0	58	0.0	0.0	0.0	0.0	0.268010675907135	0.23958633840084076	0.23923000693321228	0.21263594925403595	0.0	-0.006674289703369141	-4.9173831939697266e-06
s0_yd	3	delta	1	wrong	10,13	0.0	0	58	0.0	0.0	0.0	0.0	0.268010675907135	0.23958633840084076	0.23923000693321228	0.21263594925403595	0.0	-0.014244318008422852	0.0
s0_yd	3	delta	1	wrong	4,11	0.0	0	58	0.0	0.0	0.0	0.0	0.268010675907135	0.23958633840084076	0.23923000693321228	0.21263594925403595	0.0	-0.0006022453308105469	0.0
s0_yd	3	delta	1	wrong	8,15	0.0	0	58	0.0	0.0	0.0	0.0	0.268010675907135	0.23958633840084076	0.23923000693321228	0.21263594925403595	0.0	-0.000213623046875	0.0
s0_yd	3	delta	1	wrong	12,11	0.0	0	58	0.0	0.0	0.0	0.0	0.268010675907135	0.23958633840084076	0.23923000693321228	0.21263594925403595	0.0	-0.0005955696105957031	0.0
s0_yd	3	delta	1	wrong	4,15	0.0	0	58	0.0	0.0	0.0	0.0	0.268010675907135	0.23958633840084076	0.23923000693321228	0.21263594925403595	0.0	-0.0003819465637207031	0.0
s0_yd	3	delta	1	wrong	15,13	0.0	0	58	0.0	0.0	0.0	0.0	0.268010675907135	0.23958633840084076	0.23923000693321228	0.21263594925403595	0.0	-0.0005168914794921875	0.0
s0_yd	3	delta	1	wrong	15,2	0.0	0	58	0.0	0.0	0.0	0.0	0.268010675907135	0.23958633840084076	0.23923000693321228	0.21263594925403595	0.0	-0.0009645223617553711	0.0
s0_yd	3	delta	1	wrong	14,13	0.0	0	58	0.0	0.0	0.0	0.0	0.268010675907135	0.23958633840084076	0.23923000693321228	0.21263594925403595	0.0	-0.00209653377532959	0.0
s0_yd	3	delta	1	wrong	3,14	0.0	0	58	0.0	0.0	0.0	0.0	0.268010675907135	0.23958633840084076	0.23923000693321228	0.21263594925403595	0.0	-0.0005249977111816406	0.0
s0_yd	3	delta	1	wrong	12,15	0.0	0	58	0.0	0.0	0.0	0.0	0.268010675907135	0.23958633840084076	0.23923000693321228	0.21263594925403595	0.0	-0.00021505355834960938	0.0
s0_yd	3	delta	1	wrong	4,13	0.0	0	58	0.0	0.0	0.0	0.0	0.268010675907135	0.23958633840084076	0.23923000693321228	0.21263594925403595	0.0	-0.0008859634399414062	0.0
s0_yd	3	delta	1	wrong	1,0	0.0	1	58	-0.00021117925643920898	-0.0003999173641204834	0.00018559396266937256	0.00019572675228118896	0.2677994966506958	0.23918642103672028	0.23941560089588165	0.21283167600631714	3.4928321838378906e-05	-0.007573366165161133	3.120303153991699e-05
s0_yd	3	delta	1	wrong	10,6	-0.00390625	1	58	-0.002826511859893799	-0.002229347825050354	-3.933906555175781e-05	-0.00021277368068695068	0.2651841640472412	0.2373569905757904	0.23919066786766052	0.212423175573349	0.0001322031021118164	-0.013400077819824219	-0.00022451207041740417
s0_yd	3	delta	1	wrong	15,12	0.0	0	58	0.0	0.0	0.0	0.0	0.268010675907135	0.23958633840084076	0.23923000693321228	0.21263594925403595	0.0	-5.316734313964844e-05	0.0
s0_yd	3	delta	1	wrong	15,5	0.0	0	58	0.0	0.0	0.0	0.0	0.268010675907135	0.23958633840084076	0.23923000693321228	0.21263594925403595	0.0	-0.0032622814178466797	0.0
s0_yd	3	delta	1	wrong	2,0	0.0	0	58	0.0	0.0	0.0	0.0	0.268010675907135	0.23958633840084076	0.23923000693321228	0.21263594925403595	0.0	-0.0028810501098632812	0.0
s0_yd	3	delta	1	wrong	2,7	0.0	0	58	0.0	0.0	0.0	0.0	0.268010675907135	0.23958633840084076	0.23923000693321228	0.21263594925403595	0.0	-0.03483593463897705	0.0
s0_yd	3	delta	1	wrong	8,12	0.0	0	58	0.0	0.0	0.0	0.0	0.268010675907135	0.23958633840084076	0.23923000693321228	0.21263594925403595	0.0	-7.700920104980469e-05	0.0
s0_yd	3	delta	1	wrong	12,0	0.0	0	58	0.0	0.0	0.0	0.0	0.268010675907135	0.23958633840084076	0.23923000693321228	0.21263594925403595	0.0	-0.0012691020965576172	0.0
s0_yd	3	delta	1	wrong	2,5	0.0	0	58	0.0	0.0	0.0	0.0	0.268010675907135	0.23958633840084076	0.23923000693321228	0.21263594925403595	0.0	-0.010502815246582031	0.0
s0_yd	3	delta	1	wrong	3,15	0.0	0	58	0.0	0.0	0.0	0.0	0.268010675907135	0.23958633840084076	0.23923000693321228	0.21263594925403595	0.0	-8.738040924072266e-05	0.0
s0_yd	3	delta	1	wrong	15,11	0.0	0	58	0.0	0.0	0.0	0.0	0.268010675907135	0.23958633840084076	0.23923000693321228	0.21263594925403595	0.0	-0.00014507770538330078	0.0
s0_yd	3	delta	1	wrong	10,15	0.0	0	58	0.0	0.0	0.0	0.0	0.268010675907135	0.23958633840084076	0.23923000693321228	0.21263594925403595	0.0	-0.0014736652374267578	0.0
s0_yd	3	delta	1	wrong	15,1	0.0	0	58	0.0	0.0	0.0	0.0	0.268010675907135	0.23958633840084076	0.23923000693321228	0.21263594925403595	0.0	-0.0006415843963623047	0.0
s0_yd	3	delta	1	wrong	1,1	0.0	0	58	0.0	0.0	0.0	0.0	0.268010675907135	0.23958633840084076	0.23923000693321228	0.21263594925403595	0.0	-0.0038830041885375977	0.0
s0_yd	3	delta	1	wrong	0,11	0.0	0	58	0.0	0.0	0.0	0.0	0.268010675907135	0.23958633840084076	0.23923000693321228	0.21263594925403595	0.0	-0.003827214241027832	0.0
s0_yd	3	delta	1	wrong	11,14	0.0	0	58	0.0	0.0	0.0	0.0	0.268010675907135	0.23958633840084076	0.23923000693321228	0.21263594925403595	0.0	-0.0012488365173339844	0.0
s0_yd	3	delta	1	wrong	8,7	0.0	0	58	0.0	0.0	0.0	0.0	0.268010675907135	0.23958633840084076	0.23923000693321228	0.21263594925403595	0.0	-0.007935285568237305	0.0
s0_yd	3	delta	1	wrong	4,14	0.0	0	58	0.0	0.0	0.0	0.0	0.268010675907135	0.23958633840084076	0.23923000693321228	0.21263594925403595	0.0	-0.0006530284881591797	0.0
s0_yd	3	delta	1	wrong	7,14	0.0	0	58	0.0	0.0	0.0	0.0	0.268010675907135	0.23958633840084076	0.23923000693321228	0.21263594925403595	0.0	-0.021479368209838867	0.0
s0_yd	3	delta	1	wrong	14,14	0.0	0	58	0.0	0.0	0.0	0.0	0.268010675907135	0.23958633840084076	0.23923000693321228	0.21263594925403595	0.0	-0.0030219554901123047	0.0
s0_yd	3	delta	1	wrong	10,8	0.0	0	58	0.0	0.0	0.0	0.0	0.268010675907135	0.23958633840084076	0.23923000693321228	0.21263594925403595	0.0	-0.010273456573486328	0.0
s0_yd	3	delta	1	wrong	10,3	0.0	0	58	0.0	0.0	0.0	0.0	0.268010675907135	0.23958633840084076	0.23923000693321228	0.21263594925403595	0.0	-0.0017690658569335938	0.0
s0_yd	3	delta	1	wrong	4,4	0.0	0	58	0.0	0.0	0.0	0.0	0.268010675907135	0.23958633840084076	0.23923000693321228	0.21263594925403595	0.0	-0.002001047134399414	0.0
s0_yd	3	delta	1	wrong	2,4	0.0	0	58	0.0	0.0	0.0	0.0	0.268010675907135	0.23958633840084076	0.23923000693321228	0.21263594925403595	0.0	-0.0007061958312988281	0.0
s0_yd	3	delta	1	wrong	11,9	0.0	0	58	0.0	0.0	0.0	0.0	0.268010675907135	0.23958633840084076	0.23923000693321228	0.21263594925403595	0.0	-0.0021643638610839844	0.0
s0_yd	3	delta	1	wrong	4,12	0.0	0	58	0.0	0.0	0.0	0.0	0.268010675907135	0.23958633840084076	0.23923000693321228	0.21263594925403595	0.0	-0.00015401840209960938	0.0
s0_yd	3	delta	1	wrong	7,1	0.0	0	58	0.0	0.0	0.0	0.0	0.268010675907135	0.23958633840084076	0.23923000693321228	0.21263594925403595	0.0	-0.0027239322662353516	0.0
s0_yd	3	delta	1	wrong	1,7	-0.0234375	14	58	-0.01023024320602417	-0.010616764426231384	-0.0006543546915054321	-0.0012782961130142212	0.25778043270111084	0.22896957397460938	0.23857565224170685	0.21135765314102173	0.0040999650955200195	-0.0378192663192749	-0.0027723535895347595
s0_yd	3	delta	2	true	8,1	0.0	0	58	0.0	0.0	0.0	0.0	0.268010675907135	0.23958633840084076	0.23923000693321228	0.21263594925403595	0.0	-0.0004112720489501953	0.0
s0_yd	3	delta	2	true	9,0	0.0	0	58	0.0	0.0	0.0	0.0	0.268010675907135	0.23958633840084076	0.23923000693321228	0.21263594925403595	0.0	-0.0016993284225463867	0.0
s0_yd	3	delta	2	true	12,8	0.0	0	58	0.0	0.0	0.0	0.0	0.268010675907135	0.23958633840084076	0.23923000693321228	0.21263594925403595	0.0	-0.0011862516403198242	0.0
s0_yd	3	delta	2	true	8,4	0.0	0	58	0.0	0.0	0.0	0.0	0.268010675907135	0.23958633840084076	0.23923000693321228	0.21263594925403595	0.0	-0.0008878707885742188	0.0
s0_yd	3	delta	2	true	12,2	0.0	0	58	0.0	0.0	0.0	0.0	0.268010675907135	0.23958633840084076	0.23923000693321228	0.21263594925403595	0.0	-0.0036967992782592773	0.0
s0_yd	3	delta	2	true	10,11	0.0	0	58	0.0	0.0	0.0	0.0	0.268010675907135	0.23958633840084076	0.23923000693321228	0.21263594925403595	0.0	-0.004412174224853516	0.0
s0_yd	3	delta	2	true	11,10	0.0	0	58	0.0	0.0	0.0	0.0	0.268010675907135	0.23958633840084076	0.23923000693321228	0.21263594925403595	0.0	-0.017377734184265137	0.0
s0_yd	3	delta	2	wrong	0,7	-0.015625	8	58	-0.009046018123626709	-0.0077590495347976685	-0.004231885075569153	-0.00047701597213745117	0.2589646577835083	0.2318272888660431	0.23499812185764313	0.2121589332818985	0.0019785165786743164	-0.03401315212249756	-0.001562468707561493
s0_yd	3	delta	2	wrong	3,2	0.0	0	58	0.0	0.0	0.0	0.0	0.268010675907135	0.23958633840084076	0.23923000693321228	0.21263594925403595	0.0	-0.000928044319152832	0.0
s0_yd	3	delta	2	wrong	12,13	0.0	0	58	0.0	0.0	0.0	0.0	0.268010675907135	0.23958633840084076	0.23923000693321228	0.21263594925403595	0.0	-0.0013371706008911133	0.0
s0_yd	3	delta	2	wrong	11,8	0.0	0	58	0.0	0.0	0.0	0.0	0.268010675907135	0.23958633840084076	0.23923000693321228	0.21263594925403595	0.0	-0.0008600950241088867	0.0
s0_yd	3	delta	2	wrong	13,0	0.0	0	58	0.0	0.0	0.0	0.0	0.268010675907135	0.23958633840084076	0.23923000693321228	0.21263594925403595	0.0	-0.0016275644302368164	0.0
s0_yd	3	delta	2	wrong	0,1	0.0	0	58	0.0	0.0	0.0	0.0	0.268010675907135	0.23958633840084076	0.23923000693321228	0.21263594925403595	0.0	-0.0035115480422973633	0.0
s0_yd	3	delta	2	wrong	12,10	0.0	0	58	0.0	0.0	0.0	0.0	0.268010675907135	0.23958633840084076	0.23923000693321228	0.21263594925403595	0.0	-0.019097208976745605	0.0
s0_yd	3	delta	2	wrong	3,5	0.0	0	58	0.0	0.0	0.0	0.0	0.268010675907135	0.23958633840084076	0.23923000693321228	0.21263594925403595	0.0	-0.0032029151916503906	0.0
s0_yd	3	delta	2	wrong	6,6	0.0	0	58	0.0	0.0	0.0	0.0	0.268010675907135	0.23958633840084076	0.23923000693321228	0.21263594925403595	0.0	-0.006528019905090332	-4.9173831939697266e-06
s0_yd	3	delta	2	wrong	10,13	0.0	0	58	0.0	0.0	0.0	0.0	0.268010675907135	0.23958633840084076	0.23923000693321228	0.21263594925403595	0.0	-0.013704895973205566	0.0
s0_yd	3	delta	2	wrong	4,11	0.0	0	58	0.0	0.0	0.0	0.0	0.268010675907135	0.23958633840084076	0.23923000693321228	0.21263594925403595	0.0	-0.0005904436111450195	0.0
s0_yd	3	delta	2	wrong	8,15	0.0	0	58	0.0	0.0	0.0	0.0	0.268010675907135	0.23958633840084076	0.23923000693321228	0.21263594925403595	0.0	-0.0002079010009765625	0.0
s0_yd	3	delta	2	wrong	12,11	0.0	0	58	0.0	0.0	0.0	0.0	0.268010675907135	0.23958633840084076	0.23923000693321228	0.21263594925403595	0.0	-0.0005730390548706055	0.0
s0_yd	3	delta	2	wrong	4,15	0.0	0	58	0.0	0.0	0.0	0.0	0.268010675907135	0.23958633840084076	0.23923000693321228	0.21263594925403595	0.0	-0.0003751516342163086	0.0
s0_yd	3	delta	2	wrong	15,13	0.0	0	58	0.0	0.0	0.0	0.0	0.268010675907135	0.23958633840084076	0.23923000693321228	0.21263594925403595	0.0	-0.0004962682723999023	0.0
s0_yd	3	delta	2	wrong	15,2	0.0	0	58	0.0	0.0	0.0	0.0	0.268010675907135	0.23958633840084076	0.23923000693321228	0.21263594925403595	0.0	-0.000925898551940918	0.0
s0_yd	3	delta	2	wrong	14,13	0.0	0	58	0.0	0.0	0.0	0.0	0.268010675907135	0.23958633840084076	0.23923000693321228	0.21263594925403595	0.0	-0.0020028352737426758	0.0
s0_yd	3	delta	2	wrong	3,14	0.0	0	58	0.0	0.0	0.0	0.0	0.268010675907135	0.23958633840084076	0.23923000693321228	0.21263594925403595	0.0	-0.0005043745040893555	0.0
s0_yd	3	delta	2	wrong	12,15	0.0	0	58	0.0	0.0	0.0	0.0	0.268010675907135	0.23958633840084076	0.23923000693321228	0.21263594925403595	0.0	-0.0002065896987915039	0.0
s0_yd	3	delta	2	wrong	4,13	0.0	0	58	0.0	0.0	0.0	0.0	0.268010675907135	0.23958633840084076	0.23923000693321228	0.21263594925403595	0.0	-0.0008617639541625977	0.0
s0_yd	3	delta	2	wrong	1,0	0.0	1	58	-0.00021117925643920898	-0.0003999173641204834	0.00018559396266937256	0.00019572675228118896	0.2677994966506958	0.23918642103672028	0.23941560089588165	0.21283167600631714	3.4928321838378906e-05	-0.0073871612548828125	3.120303153991699e-05
s0_yd	3	delta	2	wrong	10,6	-0.00390625	1	58	-0.002826511859893799	-0.002229347825050354	-3.933906555175781e-05	-0.00021277368068695068	0.2651841640472412	0.2373569905757904	0.23919066786766052	0.212423175573349	0.0001322031021118164	-0.012855887413024902	-0.00022451207041740417
s0_yd	3	delta	2	wrong	15,12	0.0	0	58	0.0	0.0	0.0	0.0	0.268010675907135	0.23958633840084076	0.23923000693321228	0.21263594925403595	0.0	-5.1140785217285156e-05	0.0
s0_yd	3	delta	2	wrong	15,5	0.0	0	58	0.0	0.0	0.0	0.0	0.268010675907135	0.23958633840084076	0.23923000693321228	0.21263594925403595	0.0	-0.003150343894958496	0.0
s0_yd	3	delta	2	wrong	2,0	0.0	0	58	0.0	0.0	0.0	0.0	0.268010675907135	0.23958633840084076	0.23923000693321228	0.21263594925403595	0.0	-0.0027605295181274414	0.0
s0_yd	3	delta	2	wrong	2,7	0.0	0	58	0.0	0.0	0.0	0.0	0.268010675907135	0.23958633840084076	0.23923000693321228	0.21263594925403595	0.0	-0.03331565856933594	0.0
s0_yd	3	delta	2	wrong	8,12	0.0	0	58	0.0	0.0	0.0	0.0	0.268010675907135	0.23958633840084076	0.23923000693321228	0.21263594925403595	0.0	-7.49826431274414e-05	0.0
s0_yd	3	delta	2	wrong	12,0	0.0	0	58	0.0	0.0	0.0	0.0	0.268010675907135	0.23958633840084076	0.23923000693321228	0.21263594925403595	0.0	-0.0012202262878417969	0.0
s0_yd	3	delta	2	wrong	2,5	0.0	0	58	0.0	0.0	0.0	0.0	0.268010675907135	0.23958633840084076	0.23923000693321228	0.21263594925403595	0.0	-0.010045170783996582	0.0
s0_yd	3	delta	2	wrong	3,15	0.0	0	58	0.0	0.0	0.0	0.0	0.268010675907135	0.23958633840084076	0.23923000693321228	0.21263594925403595	0.0	-8.392333984375e-05	0.0
s0_yd	3	delta	2	wrong	15,11	0.0	0	58	0.0	0.0	0.0	0.0	0.268010675907135	0.23958633840084076	0.23923000693321228	0.21263594925403595	0.0	-0.00014007091522216797	0.0
s0_yd	3	delta	2	wrong	10,15	0.0	0	58	0.0	0.0	0.0	0.0	0.268010675907135	0.23958633840084076	0.23923000693321228	0.21263594925403595	0.0	-0.0014178752899169922	0.0
s0_yd	3	delta	2	wrong	15,1	0.0	0	58	0.0	0.0	0.0	0.0	0.268010675907135	0.23958633840084076	0.23923000693321228	0.21263594925403595	0.0	-0.0006202459335327148	0.0
s0_yd	3	delta	2	wrong	1,1	0.0	0	58	0.0	0.0	0.0	0.0	0.268010675907135	0.23958633840084076	0.23923000693321228	0.21263594925403595	0.0	-0.0037994384765625	0.0
s0_yd	3	delta	2	wrong	0,11	0.0	0	58	0.0	0.0	0.0	0.0	0.268010675907135	0.23958633840084076	0.23923000693321228	0.21263594925403595	0.0	-0.0037697553634643555	0.0
s0_yd	3	delta	2	wrong	11,14	0.0	0	58	0.0	0.0	0.0	0.0	0.268010675907135	0.23958633840084076	0.23923000693321228	0.21263594925403595	0.0	-0.0011998414993286133	0.0
s0_yd	3	delta	2	wrong	8,7	0.0	0	58	0.0	0.0	0.0	0.0	0.268010675907135	0.23958633840084076	0.23923000693321228	0.21263594925403595	0.0	-0.007679581642150879	0.0
s0_yd	3	delta	2	wrong	4,14	0.0	0	58	0.0	0.0	0.0	0.0	0.268010675907135	0.23958633840084076	0.23923000693321228	0.21263594925403595	0.0	-0.0006320476531982422	0.0
s0_yd	3	delta	2	wrong	7,14	0.0	0	58	0.0	0.0	0.0	0.0	0.268010675907135	0.23958633840084076	0.23923000693321228	0.21263594925403595	0.0	-0.02068030834197998	0.0
s0_yd	3	delta	2	wrong	14,14	0.0	0	58	0.0	0.0	0.0	0.0	0.268010675907135	0.23958633840084076	0.23923000693321228	0.21263594925403595	0.0	-0.002893805503845215	0.0
s0_yd	3	delta	2	wrong	10,8	0.0	0	58	0.0	0.0	0.0	0.0	0.268010675907135	0.23958633840084076	0.23923000693321228	0.21263594925403595	0.0	-0.009892106056213379	0.0
s0_yd	3	delta	2	wrong	10,3	0.0	0	58	0.0	0.0	0.0	0.0	0.268010675907135	0.23958633840084076	0.23923000693321228	0.21263594925403595	0.0	-0.0017048120498657227	0.0
s0_yd	3	delta	2	wrong	4,4	0.0	0	58	0.0	0.0	0.0	0.0	0.268010675907135	0.23958633840084076	0.23923000693321228	0.21263594925403595	0.0	-0.0019739866256713867	0.0
s0_yd	3	delta	2	wrong	2,4	0.0	0	58	0.0	0.0	0.0	0.0	0.268010675907135	0.23958633840084076	0.23923000693321228	0.21263594925403595	0.0	-0.0006761550903320312	0.0
s0_yd	3	delta	2	wrong	11,9	0.0	0	58	0.0	0.0	0.0	0.0	0.268010675907135	0.23958633840084076	0.23923000693321228	0.21263594925403595	0.0	-0.002088189125061035	0.0
s0_yd	3	delta	2	wrong	4,12	0.0	0	58	0.0	0.0	0.0	0.0	0.268010675907135	0.23958633840084076	0.23923000693321228	0.21263594925403595	0.0	-0.00015103816986083984	0.0
s0_yd	3	delta	2	wrong	7,1	0.0	0	58	0.0	0.0	0.0	0.0	0.268010675907135	0.23958633840084076	0.23923000693321228	0.21263594925403595	0.0	-0.0026143789291381836	0.0
s0_yd	3	delta	2	wrong	1,7	-0.0234375	14	58	-0.01023024320602417	-0.010616764426231384	-0.0006543546915054321	-0.0012782961130142212	0.25778043270111084	0.22896957397460938	0.23857565224170685	0.21135765314102173	0.0040999650955200195	-0.03641366958618164	-0.0027723535895347595
s0_yd	3	single	-1	true	4,6	0.28125	-1	1					0.14366495609283447	0.1518699824810028	0.17117562890052795	0.20016266405582428	-0.48167261481285095	0.0	0.0
s0_yd	3	single	-1	true	4,7	0.28125	-1	1					0.14487844705581665	0.14707210659980774	0.15667670965194702	0.18435558676719666	0.475896418094635	0.0	0.0
s0_yd	3	single	-1	true	5,6	0.28125	-1	1					0.2316439002752304	0.20692482590675354	0.2618468999862671	0.23888787627220154	0.11945143342018127	0.0	0.0
s0_yd	3	single	-1	true	5,7	0.28125	-1	1					0.2324260175228119	0.20089837908744812	0.22567221522331238	0.22923707962036133	1.0770204067230225	0.0	0.0
s0_yd	3	single	-1	true	14,6	0.28125	-1	1					0.16129322350025177	0.12628909945487976	0.12025625258684158	0.21896672248840332	-0.17210116982460022	0.0	0.0
s0_yd	3	single	-1	true	14,7	0.28125	-1	1					0.0752621591091156	0.05455844849348068	0.16408738493919373	0.21237847208976746	0.7854678630828857	0.0	0.0
s0_yd	3	single	-1	true	15,6	0.28125	-1	1					0.19871309399604797	0.19646434485912323	0.1630135327577591	0.23175713419914246	-0.6154067516326904	0.0	0.0
s0_yd	3	single	-1	true	15,7	0.28125	-1	1					0.1688213050365448	0.1458355039358139	0.12794367969036102	0.21445147693157196	0.3421623706817627	0.0	0.0
s0_yd	3	single	-1	true	0,14	0.12109375	-1	1					0.01930861920118332	0.01571008935570717	0.09085194766521454	0.126144140958786	0.031497325748205185	0.0	0.0
s0_yd	3	single	-1	true	0,15	0.12109375	-1	1					0.08533018827438354	0.0845184326171875	0.19826458394527435	0.19887465238571167	-0.5091967582702637	0.0	0.0
s0_yd	3	single	-1	true	1,14	0.12109375	-1	1					0.03351649269461632	0.024804847314953804	0.07397953420877457	0.1066102534532547	0.1741371750831604	0.0	0.0
s0_yd	3	single	-1	true	1,15	0.12109375	-1	1					0.09336910396814346	0.08806285262107849	0.10473746061325073	0.16463033854961395	-0.36655691266059875	0.0	0.0
s0_yd	3	single	-1	true	8,0	0.0	-1	1					0.15549059212207794	0.104405477643013	0.2541596293449402	0.2626860439777374	-0.5553426742553711	0.0	0.0
s0_yd	3	single	-1	true	8,1	0.0	-1	1					0.03576568514108658	0.01536622829735279	0.2925680875778198	0.11671411991119385	-0.9142231941223145	0.0	0.0
s0_yd	3	single	-1	true	9,0	0.0	-1	1					0.1387215256690979	0.14379850029945374	0.13031569123268127	0.2342132329940796	-0.6243124604225159	0.0	0.0
s0_yd	3	single	-1	true	9,1	0.0	-1	1					0.039094775915145874	0.034875430166721344	0.11335545778274536	0.10959604382514954	-0.9831929802894592	0.0	0.0
s0_yd	3	single	-1	true	2,8	0.03125	-1	1					0.09679163992404938	0.0613919273018837	0.09893947839736938	0.2324175238609314	0.021288249641656876	0.0	0.0
s0_yd	3	single	-1	true	2,9	0.03125	-1	1					0.02075190842151642	0.01422974281013012	0.03468254208564758	0.18100032210350037	0.12981043756008148	0.0	0.0
s0_yd	3	single	-1	true	3,8	0.03125	-1	1					0.17281663417816162	0.12837395071983337	0.1262180209159851	0.10539644211530685	-0.38694044947624207	0.0	0.0
s0_yd	3	single	-1	true	3,9	0.03125	-1	1					0.13507750630378723	0.09875047951936722	0.11098943650722504	0.07734943926334381	-0.27841824293136597	0.0	0.0
s0_yd	3	single	-1	true	12,4	0.03125	-1	1					0.04468826204538345	0.03147648274898529	0.2360127717256546	0.09460754692554474	-0.3593614101409912	0.0	0.0
s0_yd	3	single	-1	true	12,5	0.03125	-1	1					0.17140403389930725	0.13350066542625427	0.26004987955093384	0.2697782516479492	0.4346969723701477	0.0	0.0
s0_yd	3	single	-1	true	13,4	0.09765625	-1	1					0.05639434605836868	0.040940411388874054	0.24437062442302704	0.05972830206155777	-0.24837255477905273	0.0	0.0
s0_yd	3	single	-1	true	13,5	0.09765625	-1	1					0.12320254743099213	0.08346600085496902	0.16922694444656372	0.21710366010665894	0.5456858277320862	0.0	0.0
s0_yd	3	single	-1	true	0,4	0.1640625	-1	1					0.04036547988653183	0.030138898640871048	0.1622738242149353	0.06601005792617798	-0.2909928858280182	0.0	0.0
s0_yd	3	single	-1	true	0,5	0.1640625	-1	1					0.1959039568901062	0.20061059296131134	0.19291818141937256	0.2059965431690216	0.5030655264854431	0.0	0.0
s0_yd	3	single	-1	true	1,4	0.1640625	-1	1					0.03102106600999832	0.018329346552491188	0.15263180434703827	0.05662253871560097	-0.14835302531719208	0.0	0.0
s0_yd	3	single	-1	true	1,5	0.1640625	-1	1					0.19678086042404175	0.18290984630584717	0.12932778894901276	0.17322185635566711	0.6457053422927856	0.0	0.0
s0_yd	3	single	-1	true	8,8	0.1640625	-1	1					0.30892011523246765	0.26646220684051514	0.29996222257614136	0.24608835577964783	-0.3786799907684326	0.0	0.0
s0_yd	3	single	-1	true	8,9	0.1640625	-1	1					0.23183195292949677	0.19746622443199158	0.2357310950756073	0.1904853731393814	-0.2701578140258789	0.0	0.0
s0_yd	3	single	-1	true	9,8	0.1640625	-1	1					0.22217461466789246	0.22725780308246613	0.21144035458564758	0.21327942609786987	-0.4476497769355774	0.0	0.0
s0_yd	3	single	-1	true	9,9	0.1640625	-1	1					0.0775608941912651	0.08114583045244217	0.1330367922782898	0.16466054320335388	-0.3391276001930237	0.0	0.0
s0_yd	3	single	-1	true	10,10	0.421875	-1	1					0.24151891469955444	0.19237683713436127	0.2509021461009979	0.2131279557943344	1.2427698373794556	0.0	0.0
s0_yd	3	single	-1	true	10,11	0.421875	-1	1					0.04021131247282028	0.03129655122756958	0.1250486820936203	0.1449679434299469	0.2967890501022339	0.0	0.0
s0_yd	3	single	-1	true	11,10	0.421875	-1	1					0.2012050449848175	0.1946152299642563	0.1083742082118988	0.23078781366348267	0.6197184324264526	0.0	0.0
s0_yd	3	single	-1	true	11,11	0.421875	-1	1					0.06887716799974442	0.07741186022758484	0.08073678612709045	0.1498035192489624	-0.32626238465309143	0.0	0.0
s0_yd	3	single	-1	true	12,8	0.3203125	-1	1					0.13177618384361267	0.10316991806030273	0.3302401304244995	0.2608657777309418	-0.10900305956602097	0.0	0.0
s0_yd	3	single	-1	true	12,9	0.3203125	-1	1					0.1503201127052307	0.117337167263031	0.20690473914146423	0.20700502395629883	-0.0004808770027011633	0.0	0.0
s0_yd	3	single	-1	true	13,8	0.3203125	-1	1					0.2507234811782837	0.19171738624572754	0.2557900547981262	0.20602014660835266	0.0019858088344335556	0.0	0.0
s0_yd	3	single	-1	true	13,9	0.3203125	-1	1					0.1499461978673935	0.12292760610580444	0.16938552260398865	0.15815994143486023	0.11050799489021301	0.0	0.0
s0_yd	3	single	-1	true	0,12	0.06640625	-1	1					0.10558338463306427	0.093967005610466	0.2545773983001709	0.13807512819766998	-0.8384331464767456	0.0	0.0
s0_yd	3	single	-1	true	0,13	0.06640625	-1	1					0.02938799560070038	0.021645009517669678	0.11756492406129837	0.20365573465824127	0.0520477332174778	0.0	0.0
s0_yd	3	single	-1	true	1,12	0.06640625	-1	1					0.12559713423252106	0.09868651628494263	0.2014540433883667	0.11729326099157333	-0.6957932710647583	0.0	0.0
s0_yd	3	single	-1	true	1,13	0.06640625	-1	1					0.05467671900987625	0.034161411225795746	0.12163591384887695	0.17285865545272827	0.19468757510185242	0.0	0.0
s0_yd	3	single	-1	true	10,4	0.09765625	-1	1					0.05639434605836868	0.040940411388874054	0.24437062442302704	0.05972830206155777	0.21150517463684082	0.0	0.0
s0_yd	3	single	-1	true	10,5	0.09765625	-1	1					0.12320254743099213	0.08346600085496902	0.16922694444656372	0.21710366010665894	1.0055636167526245	0.0	0.0
s0_yd	3	single	-1	true	11,4	0.06640625	-1	1					0.10315599292516708	0.09222127497196198	0.11633077263832092	0.07693737745285034	-0.4115462601184845	0.0	0.0
s0_yd	3	single	-1	true	11,5	0.06640625	-1	1					0.13150718808174133	0.1355193853378296	0.09041725099086761	0.2284209132194519	0.3825121521949768	0.0	0.0
s0_yd	3	single	-1	true	0,14	0.12109375	-1	1					0.01930861920118332	0.01571008935570717	0.09085194766521454	0.126144140958786	0.031497325748205185	0.0	0.0
s0_yd	3	single	-1	true	0,15	0.12109375	-1	1					0.08533018827438354	0.0845184326171875	0.19826458394527435	0.19887465238571167	-0.5091967582702637	0.0	0.0
s0_yd	3	single	-1	true	1,14	0.12109375	-1	1					0.03351649269461632	0.024804847314953804	0.07397953420877457	0.1066102534532547	0.1741371750831604	0.0	0.0
s0_yd	3	single	-1	true	1,15	0.12109375	-1	1					0.09336910396814346	0.08806285262107849	0.10473746061325073	0.16463033854961395	-0.36655691266059875	0.0	0.0
s0_yd	3	single	-1	true	8,4	0.12109375	-1	1					0.08815912902355194	0.05669683963060379	0.2573844790458679	0.07786303758621216	-0.6290383338928223	0.0	0.0
s0_yd	3	single	-1	true	8,5	0.12109375	-1	1					0.1439152956008911	0.10424801707267761	0.16516634821891785	0.25694602727890015	0.16502003371715546	0.0	0.0
s0_yd	3	single	-1	true	9,4	0.12109375	-1	1					0.02714565396308899	0.028349965810775757	0.13814380764961243	0.0713893324136734	-0.6980081796646118	0.0	0.0
s0_yd	3	single	-1	true	9,5	0.12109375	-1	1					0.15342870354652405	0.17548200488090515	0.15466412901878357	0.2155432105064392	0.09605024755001068	0.0	0.0
s0_yd	3	single	-1	true	12,2	0.10546875	-1	1					0.0525541789829731	0.03743171691894531	0.10908833891153336	0.13386957347393036	0.0929902046918869	0.0	0.0
s0_yd	3	single	-1	true	12,3	0.10546875	-1	1					0.2593749761581421	0.19872581958770752	0.13391204178333282	0.13700324296951294	-0.7102099657058716	0.0	0.0
s0_yd	3	single	-1	true	13,2	0.10546875	-1	1					0.14460983872413635	0.10746335983276367	0.08208543062210083	0.10786817967891693	0.20397908985614777	0.0	0.0
s0_yd	3	single	-1	true	13,3	0.10546875	-1	1					0.08681679517030716	0.06005411222577095	0.10705256462097168	0.09173120558261871	-0.5992211103439331	0.0	0.0
s0_yd	3	single	-1	true	10,10	0.421875	-1	1					0.24151891469955444	0.19237683713436127	0.2509021461009979	0.2131279557943344	1.2427698373794556	0.0	0.0
s0_yd	3	single	-1	true	10,11	0.421875	-1	1					0.04021131247282028	0.03129655122756958	0.1250486820936203	0.1449679434299469	0.2967890501022339	0.0	0.0
s0_yd	3	single	-1	true	11,10	0.421875	-1	1					0.2012050449848175	0.1946152299642563	0.1083742082118988	0.23078781366348267	0.6197184324264526	0.0	0.0
s0_yd	3	single	-1	true	11,11	0.421875	-1	1					0.06887716799974442	0.07741186022758484	0.08073678612709045	0.1498035192489624	-0.32626238465309143	0.0	0.0
s0_yd	3	single	-1	wrong	0,7	0.06640625	-1	1					0.02938799560070038	0.021645009517669678	0.11756492406129837	0.20365573465824127	0.740271806716919	0.0	0.0
s0_yd	3	single	-1	wrong	3,2	0.0	-1	1					0.09551960229873657	0.051730796694755554	0.04685579985380173	0.05271757021546364	-0.1849471777677536	0.0	0.0
s0_yd	3	single	-1	wrong	12,13	0.0	-1	1					0.059515926986932755	0.044077686965465546	0.19670382142066956	0.27215713262557983	-0.016320817172527313	0.0	0.0
s0_yd	3	single	-1	wrong	11,8	0.0	-1	1					0.18894994258880615	0.20598438382148743	0.1338949203491211	0.2130785882472992	-0.16118791699409485	0.0	0.0
s0_yd	3	single	-1	wrong	13,0	0.0	-1	1					0.07141418755054474	0.04774218797683716	0.19857746362686157	0.22354380786418915	-0.17467686533927917	0.0	0.0
s0_yd	3	single	-1	wrong	0,1	0.0	-1	1					0.05000011995434761	0.03727807104587555	0.1682625710964203	0.10101796686649323	-0.576177716255188	0.0	0.0
s0_yd	3	single	-1	wrong	12,10	0.0	-1	1					0.059515926986932755	0.044077686965465546	0.19670382142066956	0.27215713262557983	0.6719033122062683	0.0	0.0
s0_yd	3	single	-1	wrong	3,5	0.0	-1	1					0.10098372399806976	0.08102767169475555	0.07823950052261353	0.1094048023223877	0.1567595899105072	0.0	0.0
s0_yd	3	single	-1	wrong	6,6	0.0	-1	1					0.15853719413280487	0.1432267427444458	0.20360884070396423	0.2220756858587265	-0.21729719638824463	0.0	0.0
s0_yd	3	single	-1	wrong	10,13	0.421875	-1	1					0.24151891469955444	0.19237683713436127	0.2509021461009979	0.2131279557943344	0.5545457601547241	0.0	0.0
s0_yd	3	single	-1	wrong	4,11	0.0	-1	1					0.06252125650644302	0.09169912338256836	0.09609899669885635	0.11513993889093399	-0.47008442878723145	0.0	0.0
s0_yd	3	single	-1	wrong	8,15	0.0	-1	1					0.13178035616874695	0.08911755681037903	0.14815044403076172	0.247166708111763	-0.8472422361373901	0.0	0.0
s0_yd	3	single	-1	wrong	12,11	0.0	-1	1					0.05959225445985794	0.05247821658849716	0.19228237867355347	0.18148599565029144	-0.27407756447792053	0.0	0.0
s0_yd	3	single	-1	wrong	4,15	0.0	-1	1					0.05989200994372368	0.08006908744573593	0.1227884367108345	0.17254312336444855	-0.7735722064971924	0.0	0.0
s0_yd	3	single	-1	wrong	15,13	0.28125	-1	1					0.1688213050365448	0.1458355039358139	0.12794367969036102	0.21445147693157196	-0.3460617661476135	0.0	0.0
s0_yd	3	single	-1	wrong	15,2	0.0	-1	1					0.12476693093776703	0.09779991209506989	0.05466248467564583	0.09866580367088318	-0.2367507517337799	0.0	0.0
s0_yd	3	single	-1	wrong	14,13	0.28125	-1	1					0.0752621591091156	0.05455844849348068	0.16408738493919373	0.21237847208976746	0.09724375605583191	0.0	0.0
s0_yd	3	single	-1	wrong	3,14	0.0	-1	1					0.09614476561546326	0.062270887196063995	0.061607684940099716	0.06670863926410675	-0.31480860710144043	0.0	0.0
s0_yd	3	single	-1	wrong	12,15	0.0	-1	1					0.1519075334072113	0.1246834322810173	0.2933328151702881	0.25671565532684326	-0.5775653123855591	0.0	0.0
s0_yd	3	single	-1	wrong	4,13	0.28125	-1	1					0.14487844705581665	0.14707210659980774	0.15667670965194702	0.18435558676719666	-0.21232768893241882	0.0	0.0
s0_yd	3	single	-1	wrong	1,0	0.0	-1	1					0.18322500586509705	0.1595657467842102	0.19026964902877808	0.1892189383506775	-0.07465735077857971	0.0	0.0
s0_yd	3	single	-1	wrong	10,6	0.0	-1	1					0.07141418755054474	0.04774218797683716	0.19857746362686157	0.22354380786418915	0.2852008640766144	0.0	0.0
s0_yd	3	single	-1	wrong	15,12	0.0	-1	1					0.16474753618240356	0.17184966802597046	0.1780673861503601	0.15597914159297943	-1.2365425825119019	0.0	0.0
s0_yd	3	single	-1	wrong	15,5	0.0	-1	1					0.1302187740802765	0.11137232184410095	0.10585929453372955	0.21575242280960083	0.1049560159444809	0.0	0.0
s0_yd	3	single	-1	wrong	2,0	0.0	-1	1					0.06322525441646576	0.044392697513103485	0.07102905213832855	0.24838563799858093	-0.1553744226694107	0.0	0.0
s0_yd	3	single	-1	wrong	2,7	0.0	-1	1					0.13264507055282593	0.08764589577913284	0.08586227893829346	0.23429468274116516	0.8021945953369141	0.0	0.0
s0_yd	3	single	-1	wrong	8,12	0.0	-1	1					0.28738468885421753	0.2691596448421478	0.2719259262084961	0.17090672254562378	-1.176478624343872	0.0	0.0
s0_yd	3	single	-1	wrong	12,0	0.0	-1	1					0.11329615116119385	0.09121457487344742	0.19622117280960083	0.2851824164390564	-0.28566575050354004	0.0	0.0
s0_yd	3	single	-1	wrong	2,5	0.0	-1	1					0.059993427246809006	0.03451346606016159	0.045487478375434875	0.23867812752723694	0.5649882555007935	0.0	0.0
s0_yd	3	single	-1	wrong	3,15	0.0	-1	1					0.10074848681688309	0.08485184609889984	0.14647862315177917	0.10557681322097778	-0.855502724647522	0.0	0.0
s0_yd	3	single	-1	wrong	15,11	0.0	-1	1					0.09504177421331406	0.09908046573400497	0.07832193374633789	0.12953898310661316	-0.6038185358047485	0.0	0.0
s0_yd	3	single	-1	wrong	10,15	0.0	-1	1					0.10387137532234192	0.06758217513561249	0.18997278809547424	0.2105424702167511	-0.00669869314879179	0.0	0.0
s0_yd	3	single	-1	wrong	15,1	0.0	-1	1					0.07607132196426392	0.05273738503456116	0.1308814287185669	0.10931318998336792	-0.9742872714996338	0.0	0.0
s0_yd	3	single	-1	wrong	1,1	0.0	-1	1					0.035666245967149734	0.02493637427687645	0.1785329282283783	0.08843759447336197	-0.43353787064552307	0.0	0.0
s0_yd	3	single	-1	wrong	0,11	0.0	-1	1					0.07788626104593277	0.08826768398284912	0.17211498320102692	0.13334017992019653	-0.20570901036262512	0.0	0.0
s0_yd	3	single	-1	wrong	11,14	0.0	-1	1					0.0755796954035759	0.06682087481021881	0.07888185977935791	0.14728829264640808	-0.08905607461929321	0.0	0.0
s0_yd	3	single	-1	wrong	8,7	0.0	-1	1					0.16272667050361633	0.12201252579689026	0.20189499855041504	0.2539192736148834	0.40222635865211487	0.0	0.0
s0_yd	3	single	-1	wrong	4,14	0.0	-1	1					0.03694778308272362	0.03864391893148422	0.08148402720689774	0.1122627928853035	-0.23287808895111084	0.0	0.0
s0_yd	3	single	-1	wrong	7,14	0.0	-1	1					0.09109682589769363	0.07122667878866196	0.11427587270736694	0.1355799436569214	0.5339953899383545	0.0	0.0
s0_yd	3	single	-1	wrong	14,14	0.0	-1	1					0.042020104825496674	0.02834516391158104	0.08720937371253967	0.13609138131141663	0.07669335603713989	0.0	0.0
s0_yd	3	single	-1	wrong	10,8	0.3203125	-1	1					0.2507234811782837	0.19171738624572754	0.2557900547981262	0.20602014660835266	0.46186354756355286	0.0	0.0
s0_yd	3	single	-1	wrong	10,3	0.10546875	-1	1					0.08681679517030716	0.06005411222577095	0.10705256462097168	0.09173120558261871	-0.13934336602687836	0.0	0.0
s0_yd	3	single	-1	wrong	4,4	0.0	-1	1					0.0282791405916214	0.02527807094156742	0.1518349051475525	0.06054597720503807	-0.5553683042526245	0.0	0.0
s0_yd	3	single	-1	wrong	2,4	0.0	-1	1					0.01084198523312807	0.005988023243844509	0.06114206463098526	0.07333838939666748	-0.22907009720802307	0.0	0.0
s0_yd	3	single	-1	wrong	11,9	0.0	-1	1					0.14760935306549072	0.15117011964321136	0.10642126202583313	0.17310959100723267	-0.052665721625089645	0.0	0.0
s0_yd	3	single	-1	wrong	4,12	0.0	-1	1					0.08961063623428345	0.08932062983512878	0.2107185423374176	0.12311699241399765	-1.1028085947036743	0.0	0.0
s0_yd	3	single	-1	wrong	7,1	0.0	-1	1					0.01758461445569992	0.007221020292490721	0.27798762917518616	0.09154323488473892	-0.07367968559265137	0.0	0.0
s0_yd	3	single	-1	wrong	1,7	0.06640625	-1	1					0.05467671900987625	0.034161411225795746	0.12163591384887695	0.17285865545272827	0.8829116821289062	0.0	0.0
s0_yd	3	single	-1	wrong	3,4	0.0	-1	1					0.07736453413963318	0.05093541368842125	0.10933199524879456	0.03245897963643074	-0.6372988224029541	0.0	0.0
s0_yd	3	single	-1	wrong	4,9	0.0	-1	1					0.056178756058216095	0.05311695486307144	0.13779470324516296	0.13632094860076904	-0.19648773968219757	0.0	0.0
s0_yd	3	single	-1	wrong	14,12	0.0	-1	1					0.03854585066437721	0.03803395479917526	0.1368521749973297	0.14272919297218323	-0.793237030506134	0.0	0.0
s0_yd	3	single	-1	wrong	9,2	0.0	-1	1					0.03149788826704025	0.02948666363954544	0.05155646428465843	0.1086786687374115	-0.24565649032592773	0.0	0.0
s0_yd	3	single	-1	wrong	4,8	0.0	-1	1					0.1288651078939438	0.1327112913131714	0.19434162974357605	0.1789231151342392	-0.30500996112823486	0.0	0.0
s0_yd	3	single	-1	wrong	8,2	0.0	-1	1					0.09421436488628387	0.06224667653441429	0.08178266882896423	0.1345643699169159	-0.17668671905994415	0.0	0.0
s0_yd	3	single	-1	wrong	11,2	0.0	-1	1					0.10534083843231201	0.09042830765247345	0.052795685827732086	0.11430861055850983	0.04080536216497421	0.0	0.0
s0_yd	3	single	-1	wrong	2,3	0.0	-1	1					0.03212675452232361	0.017246372997760773	0.025376133620738983	0.10351033508777618	-0.579918622970581	0.0	0.0
s0_yd	3	single	-1	wrong	13,10	0.421875	-1	1					0.24151891469955444	0.19237683713436127	0.2509021461009979	0.2131279557943344	0.7828921675682068	0.0	0.0
s0_yd	3	single	-1	wrong	9,15	0.0	-1	1					0.06811226159334183	0.0839308351278305	0.2208775132894516	0.20749197900295258	-0.9162120223045349	0.0	0.0
s0_yd	3	single	-1	wrong	0,2	0.0	-1	1					0.02733480930328369	0.01868901029229164	0.05276919901371002	0.10384026169776917	0.1613587737083435	0.0	0.0
s0_yd	3	single	-1	wrong	4,2	0.0	-1	1					0.029506580904126167	0.02567668817937374	0.05730956047773361	0.08883465081453323	-0.10301665961742401	0.0	0.0
s0_yd	3	single	-1	wrong	4,5	0.0	-1	1					0.11363683640956879	0.13104881346225739	0.1302487999200821	0.18190638720989227	0.2386900931596756	0.0	0.0
s0_yd	3	single	-1	wrong	14,15	0.0	-1	1					0.039860036224126816	0.03290023282170296	0.1364612877368927	0.20622360706329346	-0.46400073170661926	0.0	0.0
s0_yd	3	single	-1	wrong	12,12	0.0	-1	1					0.1365179568529129	0.12120097875595093	0.28121212124824524	0.19378678500652313	-0.906801700592041	0.0	0.0
s0_yd	3	single	-1	wrong	10,2	0.10546875	-1	1					0.14460983872413635	0.10746335983276367	0.08208543062210083	0.10786817967891693	0.6638568043708801	0.0	0.0
s0_yd	3	single	-1	wrong	14,1	0.0	-1	1					0.05216692388057709	0.02858687937259674	0.1673407256603241	0.09696325659751892	-0.530981719493866	0.0	0.0
s0_yd	3	single	-1	wrong	2,1	0.0	-1	1					0.01753053441643715	0.007793930359184742	0.08188104629516602	0.10939312726259232	-0.5142549276351929	0.0	0.0
s0_yd	3	single	-1	wrong	14,11	0.0	-1	1					0.0393102765083313	0.03639328479766846	0.06300187110900879	0.14333325624465942	-0.1605129837989807	0.0	0.0
s0_yd	3	single	-1	wrong	5,3	0.0	-1	1					0.1247168481349945	0.09761743247509003	0.11992975324392319	0.1040346622467041	-0.30509278178215027	0.0	0.0
s0_yd	3	single	-1	wrong	11,6	0.0	-1	1					0.2942284345626831	0.3146752119064331	0.17511503398418427	0.23637442290782928	-0.33785057067871094	0.0	0.0
s0_yd	3	single	-1	wrong	15,4	0.0	-1	1					0.043679192662239075	0.03189887851476669	0.11182493716478348	0.07356665283441544	-0.6891024112701416	0.0	0.0
s0_yd	3	single	-1	wrong	1,3	0.0	-1	1					0.0643739402294159	0.038188621401786804	0.088084876537323	0.07981401681900024	-0.49920156598091125	0.0	0.0
s0_yd	3	single	-1	wrong	9,14	0.0	-1	1					0.016790155321359634	0.018152493983507156	0.08292979001998901	0.1324174404144287	-0.37551793456077576	0.0	0.0
s0_yd	3	single	-1	wrong	5,14	0.0	-1	1					0.06689679622650146	0.05777795612812042	0.1362038403749466	0.14495179057121277	0.3682459592819214	0.0	0.0
s0_yd	3	single	-1	wrong	14,8	0.0	-1	1					0.05871649459004402	0.0458868145942688	0.15051276981830597	0.20096227526664734	0.004561514127999544	0.0	0.0
s0_yd	3	single	-1	wrong	0,3	0.0	-1	1					0.05123131349682808	0.03411107510328293	0.1005297601222992	0.09251313656568527	-0.6418414115905762	0.0	0.0
s0_yd	3	single	-1	wrong	1,11	0.0	-1	1					0.1325700432062149	0.14596892893314362	0.10933613032102585	0.11144401133060455	-0.06306915730237961	0.0	0.0
s0_yd	3	single	-1	wrong	0,8	0.0	-1	1					0.14244262874126434	0.13638272881507874	0.2579250633716583	0.20289474725723267	-0.04063451290130615	0.0	0.0
s0_yd	3	single	-1	wrong	11,1	0.0	-1	1					0.15024854242801666	0.1307210922241211	0.1410776674747467	0.11359717696905136	-0.6967310905456543	0.0	0.0
s0_yd	3	single	-1	wrong	5,8	0.0	-1	1					0.27128711342811584	0.25160378217697144	0.2581637501716614	0.21548593044281006	0.29611411690711975	0.0	0.0
s0_yd	3	single	-1	wrong	13,15	0.0	-1	1					0.10387137532234192	0.06758217513561249	0.18997278809547424	0.2105424702167511	-0.4665764570236206	0.0	0.0
s0_yd	3	single	-1	wrong	14,2	0.0	-1	1					0.03499487414956093	0.019696278497576714	0.07554425299167633	0.10888542234897614	0.20655480027198792	0.0	0.0
s0_yd	3	single	-1	wrong	13,13	0.421875	-1	1					0.24151891469955444	0.19237683713436127	0.2509021461009979	0.2131279557943344	0.09466805309057236	0.0	0.0
s0_yd	3	single	-1	wrong	2,15	0.0	-1	1					0.02764129638671875	0.016911085695028305	0.07481209188699722	0.22784388065338135	-0.44727396965026855	0.0	0.0
s0_yd	3	single	-1	wrong	2,12	0.0	-1	1					0.02449870854616165	0.01780819334089756	0.079228475689888	0.15603503584861755	-0.7765103578567505	0.0	0.0
s0_yd	3	single	-1	wrong	15,8	0.0	-1	1					0.2308238297700882	0.20717617869377136	0.15061840415000916	0.2097994089126587	-0.4387440085411072	0.0	0.0
s0_yd	3	single	-1	wrong	13,11	0.421875	-1	1					0.04021131247282028	0.03129655122756958	0.1250486820936203	0.1449679434299469	-0.16308867931365967	0.0	0.0
s0_yd	3	single	-1	wrong	13,12	0.0	-1	1					0.16919200122356415	0.1488211452960968	0.26449331641197205	0.14388899505138397	-0.7958128452301025	0.0	0.0
s0_yd	3	single	-1	wrong	5,12	0.0	-1	1					0.3165706396102905	0.32323750853538513	0.30939918756484985	0.1586621254682541	-0.5016844272613525	0.0	0.0
s0_yd	3	single	-1	wrong	15,14	0.0	-1	1					0.08419761061668396	0.07597339153289795	0.07937875390052795	0.12381596863269806	-0.36661219596862793	0.0	0.0
s0_yd	3	single	-1	wrong	9,11	0.0	-1	1					0.038680389523506165	0.05564132332801819	0.13990318775177002	0.13741973042488098	-0.6127243041992188	0.0	0.0
s0_yd	3	single	-1	wrong	8,11	0.0	-1	1					0.04874695464968681	0.04214875400066376	0.1339506208896637	0.172708660364151	-0.5437544584274292	0.0	0.0
s0_yd	3	single	-1	wrong	8,13	0.0	-1	1					0.16272667050361633	0.12201252579689026	0.20189499855041504	0.2539192736148834	-0.28599777817726135	0.0	0.0
s0_yd	3	single	-1	wrong	3,0	0.0	-1	1					0.16739463806152344	0.10482348501682281	0.13108040392398834	0.12273593246936798	-0.5636031627655029	0.0	0.0
s0_yd	3	single	-1	wrong	2,14	0.0	-1	1					0.0585443377494812	0.04249794781208038	0.047954998910427094	0.14661043882369995	0.09342008829116821	0.0	0.0
s0_yd	3	single	-1	wrong	5,15	0.0	-1	1					0.10803744196891785	0.08349014818668365	0.19652876257896423	0.21521387994289398	-0.17244812846183777	0.0	0.0
s0_yd	3	single	-1	wrong	1,9	0.0	-1	1					0.07746870815753937	0.0531969778239727	0.13849443197250366	0.12886270880699158	0.21052752435207367	0.0	0.0
s0_yd	4	delta	0	true	2,16	0.0	0	109	0.0	0.0	0.0	0.0	0.18449337780475616	0.16797901690006256	0.16091474890708923	0.30957144498825073	0.0	-0.0005096197128295898	0.0
s0_yd	4	delta	0	true	2,19	0.0	0	109	0.0	0.0	0.0	0.0	0.18449337780475616	0.16797901690006256	0.16091474890708923	0.30957144498825073	0.0	-9.059906005859375e-06	0.0
s0_yd	4	delta	0	true	5,22	0.0	0	109	0.0	0.0	0.0	0.0	0.18449337780475616	0.16797901690006256	0.16091474890708923	0.30957144498825073	0.0	-0.0038499832153320312	0.0
s0_yd	4	delta	0	true	6,19	0.0	0	109	0.0	0.0	0.0	0.0	0.18449337780475616	0.16797901690006256	0.16091474890708923	0.30957144498825073	0.0	-4.76837158203125e-07	0.0
s0_yd	4	delta	0	true	6,21	0.0	0	109	0.0	0.0	0.0	0.0	0.18449337780475616	0.16797901690006256	0.16091474890708923	0.30957144498825073	0.0	-6.4849853515625e-05	0.0
s0_yd	4	delta	0	true	7,21	0.0	0	109	0.0	0.0	0.0	0.0	0.18449337780475616	0.16797901690006256	0.16091474890708923	0.30957144498825073	0.0	-0.001970052719116211	0.0
s0_yd	4	delta	0	true	62,38	0.0	0	109	0.0	0.0	0.0	0.0	0.18449337780475616	0.16797901690006256	0.16091474890708923	0.30957144498825073	0.0	-0.0008156299591064453	0.0
s0_yd	4	delta	0	true	1,25	0.0	0	109	0.0	0.0	0.0	0.0	0.18449337780475616	0.16797901690006256	0.16091474890708923	0.30957144498825073	0.0	-0.0044231414794921875	0.0
s0_yd	4	delta	0	true	4,31	0.0	0	109	0.0	0.0	0.0	0.0	0.18449337780475616	0.16797901690006256	0.16091474890708923	0.30957144498825073	0.0	-3.933906555175781e-06	0.0
s0_yd	4	delta	0	true	7,27	0.0	0	109	0.0	0.0	0.0	0.0	0.18449337780475616	0.16797901690006256	0.16091474890708923	0.30957144498825073	0.0	-0.00080108642578125	0.0
s0_yd	4	delta	0	true	42,25	0.0	0	109	0.0	0.0	0.0	0.0	0.18449337780475616	0.16797901690006256	0.16091474890708923	0.30957144498825073	0.0	-0.00010859966278076172	0.0
s0_yd	4	delta	0	true	43,31	0.0	0	109	0.0	0.0	0.0	0.0	0.18449337780475616	0.16797901690006256	0.16091474890708923	0.30957144498825073	0.0	-8.58306884765625e-06	0.0
s0_yd	4	delta	0	true	44,26	0.0	0	109	0.0	0.0	0.0	0.0	0.18449337780475616	0.16797901690006256	0.16091474890708923	0.30957144498825073	0.0	-0.00013113021850585938	0.0
s0_yd	4	delta	0	true	46,28	0.0	0	109	0.0	0.0	0.0	0.0	0.18449337780475616	0.16797901690006256	0.16091474890708923	0.30957144498825073	0.0	-2.384185791015625e-07	0.0
s0_yd	4	delta	0	true	53,63	0.0	0	109	0.0	0.0	0.0	0.0	0.18449337780475616	0.16797901690006256	0.16091474890708923	0.30957144498825073	0.0	-1.823902130126953e-05	0.0
s0_yd	4	delta	0	true	16,50	0.0	0	109	0.0	0.0	0.0	0.0	0.18449337780475616	0.16797901690006256	0.16091474890708923	0.30957144498825073	0.0	-0.0002803802490234375	0.0
s0_yd	4	delta	0	true	16,53	0.0	0	109	0.0	0.0	0.0	0.0	0.18449337780475616	0.16797901690006256	0.16091474890708923	0.30957144498825073	0.0	-3.790855407714844e-05	0.0
s0_yd	4	delta	0	true	18,50	0.0	0	109	0.0	0.0	0.0	0.0	0.18449337780475616	0.16797901690006256	0.16091474890708923	0.30957144498825073	0.0	-5.7697296142578125e-05	0.0
s0_yd	4	delta	0	true	19,48	0.0	0	109	0.0	0.0	0.0	0.0	0.18449337780475616	0.16797901690006256	0.16091474890708923	0.30957144498825073	0.0	-0.00013303756713867188	0.0
s0_yd	4	delta	0	true	20,48	0.0	0	109	0.0	0.0	0.0	0.0	0.18449337780475616	0.16797901690006256	0.16091474890708923	0.30957144498825073	0.0	-9.083747863769531e-05	0.0
s0_yd	4	delta	0	true	22,52	0.0	0	109	0.0	0.0	0.0	0.0	0.18449337780475616	0.16797901690006256	0.16091474890708923	0.30957144498825073	0.0	-1.1920928955078125e-06	0.0
s0_yd	4	delta	0	true	23,48	0.0	0	109	0.0	0.0	0.0	0.0	0.18449337780475616	0.16797901690006256	0.16091474890708923	0.30957144498825073	0.0	-0.004538536071777344	-0.00017567351460456848
s0_yd	4	delta	0	true	23,53	0.0	0	109	0.0	0.0	0.0	0.0	0.18449337780475616	0.16797901690006256	0.16091474890708923	0.30957144498825073	0.0	-0.00022363662719726562	0.0
s0_yd	4	delta	0	true	26,43	0.0	0	109	0.0	0.0	0.0	0.0	0.18449337780475616	0.16797901690006256	0.16091474890708923	0.30957144498825073	0.0	-0.00014781951904296875	0.0
s0_yd	4	delta	0	true	28,41	0.0	0	109	0.0	0.0	0.0	0.0	0.18449337780475616	0.16797901690006256	0.16091474890708923	0.30957144498825073	0.0	-0.00020182132720947266	0.0
s0_yd	4	delta	0	true	28,45	0.0	0	109	0.0	0.0	0.0	0.0	0.18449337780475616	0.16797901690006256	0.16091474890708923	0.30957144498825073	0.0	-0.0013127326965332031	0.0
s0_yd	4	delta	0	true	30,42	0.0	0	109	0.0	0.0	0.0	0.0	0.18449337780475616	0.16797901690006256	0.16091474890708923	0.30957144498825073	0.0	-3.0279159545898438e-05	0.0
s0_yd	4	delta	0	true	38,57	0.0	0	109	0.0	0.0	0.0	0.0	0.18449337780475616	0.16797901690006256	0.16091474890708923	0.30957144498825073	0.0	-4.553794860839844e-05	0.0
s0_yd	4	delta	0	true	38,60	0.0	0	109	0.0	0.0	0.0	0.0	0.18449337780475616	0.16797901690006256	0.16091474890708923	0.30957144498825073	0.0	-0.03956770896911621	-1.1276453733444214e-05
s0_yd	4	delta	0	true	39,59	0.0	0	109	0.0	0.0	0.0	0.0	0.18449337780475616	0.16797901690006256	0.16091474890708923	0.30957144498825073	0.0	-4.982948303222656e-05	0.0
s0_yd	4	delta	0	true	36,51	0.0	0	109	0.0	0.0	0.0	0.0	0.18449337780475616	0.16797901690006256	0.16091474890708923	0.30957144498825073	0.0	-5.4836273193359375e-06	0.0
s0_yd	4	delta	0	true	36,55	0.0	0	109	0.0	0.0	0.0	0.0	0.18449337780475616	0.16797901690006256	0.16091474890708923	0.30957144498825073	0.0	-3.8623809814453125e-05	0.0
s0_yd	4	delta	0	true	38,49	0.0	0	109	0.0	0.0	0.0	0.0	0.18449337780475616	0.16797901690006256	0.16091474890708923	0.30957144498825073	0.0	-2.872943878173828e-05	0.0
s0_yd	4	delta	0	true	39,51	0.0	0	109	0.0	0.0	0.0	0.0	0.18449337780475616	0.16797901690006256	0.16091474890708923	0.30957144498825073	0.0	-9.775161743164062e-06	0.0
s0_yd	4	delta	0	true	34,42	0.0	0	109	0.0	0.0	0.0	0.0	0.18449337780475616	0.16797901690006256	0.16091474890708923	0.30957144498825073	0.0	-0.00040650367736816406	0.0
s0_yd	4	delta	0	true	2,63	0.0	0	109	0.0	0.0	0.0	0.0	0.18449337780475616	0.16797901690006256	0.16091474890708923	0.30957144498825073	0.0	-2.5272369384765625e-05	0.0
s0_yd	4	delta	0	true	0,30	0.0	0	109	0.0	0.0	0.0	0.0	0.18449337780475616	0.16797901690006256	0.16091474890708923	0.30957144498825073	0.0	-7.152557373046875e-07	0.0
s0_yd	4	delta	0	true	4,30	0.0	0	109	0.0	0.0	0.0	0.0	0.18449337780475616	0.16797901690006256	0.16091474890708923	0.30957144498825073	0.0	-4.0531158447265625e-06	0.0
s0_yd	4	delta	0	true	38,33	0.0	0	109	0.0	0.0	0.0	0.0	0.18449337780475616	0.16797901690006256	0.16091474890708923	0.30957144498825073	0.0	-0.0007982254028320312	0.0
s0_yd	4	delta	0	true	50,41	0.0	0	109	0.0	0.0	0.0	0.0	0.18449337780475616	0.16797901690006256	0.16091474890708923	0.30957144498825073	0.0	-0.0012347698211669922	0.0
s0_yd	4	delta	0	true	53,45	0.0	0	109	0.0	0.0	0.0	0.0	0.18449337780475616	0.16797901690006256	0.16091474890708923	0.30957144498825073	0.0	-0.00779414176940918	0.0
s0_yd	4	delta	0	true	54,47	0.0	0	109	0.0	0.0	0.0	0.0	0.18449337780475616	0.16797901690006256	0.16091474890708923	0.30957144498825073	0.0	-7.748603820800781e-06	0.0
s0_yd	4	delta	0	true	55,44	0.0	0	109	0.0	0.0	0.0	0.0	0.18449337780475616	0.16797901690006256	0.16091474890708923	0.30957144498825073	0.0	-0.0008183717727661133	0.0
s0_yd	4	delta	0	true	1,26	0.0	0	109	0.0	0.0	0.0	0.0	0.18449337780475616	0.16797901690006256	0.16091474890708923	0.30957144498825073	0.0	-0.000186920166015625	0.0
s0_yd	4	delta	0	true	9,36	0.0	0	109	0.0	0.0	0.0	0.0	0.18449337780475616	0.16797901690006256	0.16091474890708923	0.30957144498825073	0.0	-1.1086463928222656e-05	0.0
s0_yd	4	delta	0	true	12,37	0.0	0	109	0.0	0.0	0.0	0.0	0.18449337780475616	0.16797901690006256	0.16091474890708923	0.30957144498825073	0.0	-1.0013580322265625e-05	0.0
s0_yd	4	delta	0	true	13,33	0.0	0	109	0.0	0.0	0.0	0.0	0.18449337780475616	0.16797901690006256	0.16091474890708923	0.30957144498825073	0.0	-1.4543533325195312e-05	0.0
s0_yd	4	delta	0	true	13,35	0.0	0	109	0.0	0.0	0.0	0.0	0.18449337780475616	0.16797901690006256	0.16091474890708923	0.30957144498825073	0.0	-4.76837158203125e-07	0.0
s0_yd	4	delta	0	wrong	13,22	0.0	0	109	0.0	0.0	0.0	0.0	0.18449337780475616	0.16797901690006256	0.16091474890708923	0.30957144498825073	0.0	-2.86102294921875e-06	0.0
s0_yd	4	delta	0	wrong	24,22	0.0	0	109	0.0	0.0	0.0	0.0	0.18449337780475616	0.16797901690006256	0.16091474890708923	0.30957144498825073	0.0	-3.695487976074219e-05	0.0
s0_yd	4	delta	0	wrong	25,20	0.0	0	109	0.0	0.0	0.0	0.0	0.18449337780475616	0.16797901690006256	0.16091474890708923	0.30957144498825073	0.0	-0.0006058216094970703	0.0
s0_yd	4	delta	0	wrong	10,25	0.0	0	109	0.0	0.0	0.0	0.0	0.18449337780475616	0.16797901690006256	0.16091474890708923	0.30957144498825073	0.0	-0.0026400089263916016	0.0
s0_yd	4	delta	0	wrong	30,51	0.0	0	109	0.0	0.0	0.0	0.0	0.18449337780475616	0.16797901690006256	0.16091474890708923	0.30957144498825073	0.0	-2.384185791015625e-06	0.0
s0_yd	4	delta	0	wrong	23,46	0.0	0	109	0.0	0.0	0.0	0.0	0.18449337780475616	0.16797901690006256	0.16091474890708923	0.30957144498825073	0.0	-0.0001621246337890625	0.0
s0_yd	4	delta	0	wrong	21,63	0.0	0	109	0.0	0.0	0.0	0.0	0.18449337780475616	0.16797901690006256	0.16091474890708923	0.30957144498825073	0.0	-5.4836273193359375e-05	0.0
s0_yd	4	delta	0	wrong	25,7	0.0	0	109	0.0	0.0	0.0	0.0	0.18449337780475616	0.16797901690006256	0.16091474890708923	0.30957144498825073	0.0	-7.033348083496094e-06	0.0
s0_yd	4	delta	0	wrong	43,57	0.0	0	109	0.0	0.0	0.0	0.0	0.18449337780475616	0.16797901690006256	0.16091474890708923	0.30957144498825073	0.0	-5.602836608886719e-05	0.0
s0_yd	4	delta	0	wrong	21,39	0.0	0	109	0.0	0.0	0.0	0.0	0.18449337780475616	0.16797901690006256	0.16091474890708923	0.30957144498825073	0.0	-0.00035750865936279297	0.0
s0_yd	4	delta	0	wrong	53,0	0.0	0	109	0.0	0.0	0.0	0.0	0.18449337780475616	0.16797901690006256	0.16091474890708923	0.30957144498825073	0.0	0.0	0.0
s0_yd	4	delta	0	wrong	23,59	0.0	0	109	0.0	0.0	0.0	0.0	0.18449337780475616	0.16797901690006256	0.16091474890708923	0.30957144498825073	0.0	-0.0003268718719482422	0.0
s0_yd	4	delta	0	wrong	23,38	0.0	0	109	0.0	0.0	0.0	0.0	0.18449337780475616	0.16797901690006256	0.16091474890708923	0.30957144498825073	0.0	-0.0008488893508911133	0.0
s0_yd	4	delta	0	wrong	4,44	0.0	0	109	0.0	0.0	0.0	0.0	0.18449337780475616	0.16797901690006256	0.16091474890708923	0.30957144498825073	0.0	-0.0008301734924316406	0.0
s0_yd	4	delta	0	wrong	42,58	0.0	0	109	0.0	0.0	0.0	0.0	0.18449337780475616	0.16797901690006256	0.16091474890708923	0.30957144498825073	0.0	-3.0040740966796875e-05	0.0
s0_yd	4	delta	0	wrong	12,41	0.0	0	109	0.0	0.0	0.0	0.0	0.18449337780475616	0.16797901690006256	0.16091474890708923	0.30957144498825073	0.0	-8.273124694824219e-05	0.0
s0_yd	4	delta	0	wrong	54,54	0.0	0	109	0.0	0.0	0.0	0.0	0.18449337780475616	0.16797901690006256	0.16091474890708923	0.30957144498825073	0.0	-5.960464477539062e-07	0.0
s0_yd	4	delta	0	wrong	59,42	0.0	0	109	0.0	0.0	0.0	0.0	0.18449337780475616	0.16797901690006256	0.16091474890708923	0.30957144498825073	0.0	-9.5367431640625e-06	0.0
s0_yd	4	delta	0	wrong	44,61	0.0	0	109	0.0	0.0	0.0	0.0	0.18449337780475616	0.16797901690006256	0.16091474890708923	0.30957144498825073	0.0	-0.001146078109741211	0.0
s0_yd	4	delta	0	wrong	17,1	0.0	0	109	0.0	0.0	0.0	0.0	0.18449337780475616	0.16797901690006256	0.16091474890708923	0.30957144498825073	0.0	-0.00010085105895996094	0.0
s0_yd	4	delta	0	wrong	54,30	0.0	0	109	0.0	0.0	0.0	0.0	0.18449337780475616	0.16797901690006256	0.16091474890708923	0.30957144498825073	0.0	-4.76837158203125e-07	0.0
s0_yd	4	delta	0	wrong	36,1	0.0	0	109	0.0	0.0	0.0	0.0	0.18449337780475616	0.16797901690006256	0.16091474890708923	0.30957144498825073	0.0	-6.031990051269531e-05	0.0
s0_yd	4	delta	0	wrong	55,52	0.0	0	109	0.0	0.0	0.0	0.0	0.18449337780475616	0.16797901690006256	0.16091474890708923	0.30957144498825073	0.0	-4.5299530029296875e-06	0.0
s0_yd	4	delta	0	wrong	28,34	0.0	0	109	0.0	0.0	0.0	0.0	0.18449337780475616	0.16797901690006256	0.16091474890708923	0.30957144498825073	0.0	-0.000152587890625	0.0
s0_yd	4	delta	0	wrong	47,2	0.0	0	109	0.0	0.0	0.0	0.0	0.18449337780475616	0.16797901690006256	0.16091474890708923	0.30957144498825073	0.0	-1.1920928955078125e-06	0.0
s0_yd	4	delta	0	wrong	21,18	0.0	0	109	0.0	0.0	0.0	0.0	0.18449337780475616	0.16797901690006256	0.16091474890708923	0.30957144498825073	0.0	-1.2040138244628906e-05	0.0
s0_yd	4	delta	0	wrong	46,34	0.0	0	109	0.0	0.0	0.0	0.0	0.18449337780475616	0.16797901690006256	0.16091474890708923	0.30957144498825073	0.0	-4.6253204345703125e-05	0.0
s0_yd	4	delta	0	wrong	8,3	0.0	0	109	0.0	0.0	0.0	0.0	0.18449337780475616	0.16797901690006256	0.16091474890708923	0.30957144498825073	0.0	-0.0071218013763427734	0.0
s0_yd	4	delta	0	wrong	63,21	0.0	0	109	0.0	0.0	0.0	0.0	0.18449337780475616	0.16797901690006256	0.16091474890708923	0.30957144498825073	0.0	-0.000118255615234375	0.0
s0_yd	4	delta	0	wrong	41,36	0.0	0	109	0.0	0.0	0.0	0.0	0.18449337780475616	0.16797901690006256	0.16091474890708923	0.30957144498825073	0.0	-0.00013566017150878906	0.0
s0_yd	4	delta	0	wrong	10,2	0.0	0	109	0.0	0.0	0.0	0.0	0.18449337780475616	0.16797901690006256	0.16091474890708923	0.30957144498825073	0.0	-1.430511474609375e-06	0.0
s0_yd	4	delta	0	wrong	14,13	0.0	0	109	0.0	0.0	0.0	0.0	0.18449337780475616	0.16797901690006256	0.16091474890708923	0.30957144498825073	0.0	0.0	0.0
s0_yd	4	delta	0	wrong	5,14	0.0	0	109	0.0	0.0	0.0	0.0	0.18449337780475616	0.16797901690006256	0.16091474890708923	0.30957144498825073	0.0	-7.152557373046875e-07	0.0
s0_yd	4	delta	0	wrong	3,48	0.0	0	109	0.0	0.0	0.0	0.0	0.18449337780475616	0.16797901690006256	0.16091474890708923	0.30957144498825073	0.0	-0.015330910682678223	-7.204338908195496e-05
s0_yd	4	delta	0	wrong	22,1	0.0	0	109	0.0	0.0	0.0	0.0	0.18449337780475616	0.16797901690006256	0.16091474890708923	0.30957144498825073	0.0	-2.7418136596679688e-05	0.0
s0_yd	4	delta	0	wrong	23,60	-0.33984375	118	109	0.032033875584602356	0.025680556893348694	0.05406807363033295	0.02199941873550415	0.21652725338935852	0.19365957379341125	0.21498282253742218	0.3315708637237549	0.02160811424255371	-0.04312252998352051	0.005928546190261841
s0_yd	4	delta	0	wrong	13,15	0.0	0	109	0.0	0.0	0.0	0.0	0.18449337780475616	0.16797901690006256	0.16091474890708923	0.30957144498825073	0.0	0.0	0.0
s0_yd	4	delta	0	wrong	8,6	0.0	0	109	0.0	0.0	0.0	0.0	0.18449337780475616	0.16797901690006256	0.16091474890708923	0.30957144498825073	0.0	0.0	0.0
s0_yd	4	delta	0	wrong	12,8	0.0	0	109	0.0	0.0	0.0	0.0	0.18449337780475616	0.16797901690006256	0.16091474890708923	0.30957144498825073	0.0	-6.437301635742188e-05	0.0
s0_yd	4	delta	0	wrong	30,54	0.0	0	109	0.0	0.0	0.0	0.0	0.18449337780475616	0.16797901690006256	0.16091474890708923	0.30957144498825073	0.0	-2.1457672119140625e-06	0.0
s0_yd	4	delta	0	wrong	14,43	0.0	0	109	0.0	0.0	0.0	0.0	0.18449337780475616	0.16797901690006256	0.16091474890708923	0.30957144498825073	0.0	-3.123283386230469e-05	0.0
s0_yd	4	delta	0	wrong	21,0	0.0	0	109	0.0	0.0	0.0	0.0	0.18449337780475616	0.16797901690006256	0.16091474890708923	0.30957144498825073	0.0	0.0	0.0
s0_yd	4	delta	0	wrong	43,44	0.0	0	109	0.0	0.0	0.0	0.0	0.18449337780475616	0.16797901690006256	0.16091474890708923	0.30957144498825073	0.0	-0.0014656782150268555	0.0
s0_yd	4	delta	0	wrong	59,30	0.0	0	109	0.0	0.0	0.0	0.0	0.18449337780475616	0.16797901690006256	0.16091474890708923	0.30957144498825073	0.0	-7.152557373046875e-07	0.0
s0_yd	4	delta	0	wrong	16,42	0.0	0	109	0.0	0.0	0.0	0.0	0.18449337780475616	0.16797901690006256	0.16091474890708923	0.30957144498825073	0.0	-0.00012671947479248047	0.0
s0_yd	4	delta	0	wrong	1,51	0.0	0	109	0.0	0.0	0.0	0.0	0.18449337780475616	0.16797901690006256	0.16091474890708923	0.30957144498825073	0.0	-2.384185791015625e-05	0.0
s0_yd	4	delta	0	wrong	1,39	0.0	0	109	0.0	0.0	0.0	0.0	0.18449337780475616	0.16797901690006256	0.16091474890708923	0.30957144498825073	0.0	-0.0003743171691894531	0.0
s0_yd	4	delta	0	wrong	51,2	0.0	0	109	0.0	0.0	0.0	0.0	0.18449337780475616	0.16797901690006256	0.16091474890708923	0.30957144498825073	0.0	-1.1920928955078125e-07	0.0
s0_yd	4	delta	1	true	3,21	0.1796875	98	109	0.025817617774009705	0.018222980201244354	-0.011783763766288757	0.012661069631576538	0.1585695445537567	0.13754694163799286	0.18701323866844177	0.20112380385398865	0.032239317893981934	0.047609567642211914	0.007504761219024658
s0_yd	4	delta	1	true	4,20	0.0	0	109	0.0	0.0	0.0	0.0	0.132751926779747	0.1193239614367485	0.19879700243473053	0.1884627342224121	0.0	-0.0006513595581054688	0.0
s0_yd	4	delta	1	true	5,21	0.12890625	65	109	-0.03600213676691055	-0.035707466304302216	-0.028365060687065125	0.009556680917739868	0.09674979001283646	0.08361649513244629	0.1704319417476654	0.19801941514015198	0.01370394229888916	-0.03277230262756348	-0.0054117776453495026
s0_yd	4	delta	1	true	61,37	0.0	0	109	0.0	0.0	0.0	0.0	0.132751926779747	0.1193239614367485	0.19879700243473053	0.1884627342224121	0.0	-0.002279520034790039	0.0
s0_yd	4	delta	1	true	3,27	0.0	1	109	0.00011689960956573486	0.0005241334438323975	6.829202175140381e-05	0.00032526254653930664	0.13286882638931274	0.1198480948805809	0.19886529445648193	0.18878799676895142	2.0265579223632812e-06	-0.0542144775390625	-1.8291175365447998e-05
s0_yd	4	delta	1	true	3,28	0.0	0	109	0.0	0.0	0.0	0.0	0.132751926779747	0.1193239614367485	0.19879700243473053	0.1884627342224121	0.0	-0.000492095947265625	0.0
s0_yd	4	delta	1	true	6,25	0.0	0	109	0.0	0.0	0.0	0.0	0.132751926779747	0.1193239614367485	0.19879700243473053	0.1884627342224121	0.0	-0.0002734661102294922	0.0
s0_yd	4	delta	1	true	40,27	0.0	0	109	0.0	0.0	0.0	0.0	0.132751926779747	0.1193239614367485	0.19879700243473053	0.1884627342224121	0.0	-8.606910705566406e-05	0.0
s0_yd	4	delta	1	true	41,26	0.0	0	109	0.0	0.0	0.0	0.0	0.132751926779747	0.1193239614367485	0.19879700243473053	0.1884627342224121	0.0	-0.0002592802047729492	0.0
s0_yd	4	delta	1	true	43,28	0.0	0	109	0.0	0.0	0.0	0.0	0.132751926779747	0.1193239614367485	0.19879700243473053	0.1884627342224121	0.0	-1.7404556274414062e-05	0.0
s0_yd	4	delta	1	true	45,28	0.0	0	109	0.0	0.0	0.0	0.0	0.132751926779747	0.1193239614367485	0.19879700243473053	0.1884627342224121	0.0	-0.0005784034729003906	0.0
s0_yd	4	delta	1	true	47,28	0.0	0	109	0.0	0.0	0.0	0.0	0.132751926779747	0.1193239614367485	0.19879700243473053	0.1884627342224121	0.0	-1.9550323486328125e-05	0.0
s0_yd	4	delta	1	true	48,59	0.0	0	109	0.0	0.0	0.0	0.0	0.132751926779747	0.1193239614367485	0.19879700243473053	0.1884627342224121	0.0	-0.0003407001495361328	0.0
s0_yd	4	delta	1	true	52,57	0.0	0	109	0.0	0.0	0.0	0.0	0.132751926779747	0.1193239614367485	0.19879700243473053	0.1884627342224121	0.0	-3.5762786865234375e-06	0.0
s0_yd	4	delta	1	true	16,48	0.0	0	109	0.0	0.0	0.0	0.0	0.132751926779747	0.1193239614367485	0.19879700243473053	0.1884627342224121	0.0	-0.0019379854202270508	0.0
s0_yd	4	delta	1	true	19,50	0.0	0	109	0.0	0.0	0.0	0.0	0.132751926779747	0.1193239614367485	0.19879700243473053	0.1884627342224121	0.0	-0.00013017654418945312	0.0
s0_yd	4	delta	1	true	20,48	0.0	0	109	0.0	0.0	0.0	0.0	0.132751926779747	0.1193239614367485	0.19879700243473053	0.1884627342224121	0.0	-0.00021183490753173828	0.0
s0_yd	4	delta	1	true	27,42	0.0	0	109	0.0	0.0	0.0	0.0	0.132751926779747	0.1193239614367485	0.19879700243473053	0.1884627342224121	0.0	-0.0027048587799072266	0.0
s0_yd	4	delta	1	true	29,40	0.0	0	109	0.0	0.0	0.0	0.0	0.132751926779747	0.1193239614367485	0.19879700243473053	0.1884627342224121	0.0	-0.0001475811004638672	0.0
s0_yd	4	delta	1	true	29,46	0.0	0	109	0.0	0.0	0.0	0.0	0.132751926779747	0.1193239614367485	0.19879700243473053	0.1884627342224121	0.0	-1.2874603271484375e-05	0.0
s0_yd	4	delta	1	true	32,62	0.56640625	211	109	0.10976646840572357	0.09287605434656143	0.10716910660266876	0.02926364541053772	0.24251839518547058	0.21220001578330994	0.3059661090373993	0.21772637963294983	0.12498867511749268	0.41535693407058716	0.07981475442647934
s0_yd	4	delta	1	true	35,58	0.0	0	109	0.0	0.0	0.0	0.0	0.132751926779747	0.1193239614367485	0.19879700243473053	0.1884627342224121	0.0	-0.0004520416259765625	0.0
s0_yd	4	delta	1	true	32,55	0.0	0	109	0.0	0.0	0.0	0.0	0.132751926779747	0.1193239614367485	0.19879700243473053	0.1884627342224121	0.0	-0.02552485466003418	0.0
s0_yd	4	delta	1	true	35,49	0.0	0	109	0.0	0.0	0.0	0.0	0.132751926779747	0.1193239614367485	0.19879700243473053	0.1884627342224121	0.0	-7.748603820800781e-06	0.0
s0_yd	4	delta	1	true	35,54	0.0	0	109	0.0	0.0	0.0	0.0	0.132751926779747	0.1193239614367485	0.19879700243473053	0.1884627342224121	0.0	-2.6226043701171875e-06	0.0
s0_yd	4	delta	1	true	36,45	0.0	0	109	0.0	0.0	0.0	0.0	0.132751926779747	0.1193239614367485	0.19879700243473053	0.1884627342224121	0.0	-0.01789867877960205	0.0
s0_yd	4	delta	1	true	2,61	0.0	0	109	0.0	0.0	0.0	0.0	0.132751926779747	0.1193239614367485	0.19879700243473053	0.1884627342224121	0.0	-0.0048940181732177734	0.0
s0_yd	4	delta	1	true	3,62	-0.01171875	65	109	0.00928148627281189	0.010256327688694	0.008038997650146484	0.016041859984397888	0.1420334130525589	0.1295802891254425	0.20683600008487701	0.20450459420681	0.013082385063171387	-0.06192588806152344	-0.006716735661029816
s0_yd	4	delta	1	true	4,62	0.0	0	109	0.0	0.0	0.0	0.0	0.132751926779747	0.1193239614367485	0.19879700243473053	0.1884627342224121	0.0	-0.0037604570388793945	0.0
s0_yd	4	delta	1	true	5,60	-0.18359375	250	109	0.024726316332817078	0.0162929967045784	0.05179716646671295	0.16118216514587402	0.1574782431125641	0.1356169581413269	0.2505941689014435	0.34964489936828613	0.3376340866088867	1.02439546585083	0.2855803966522217
s0_yd	4	delta	1	true	6,63	0.0	0	109	0.0	0.0	0.0	0.0	0.132751926779747	0.1193239614367485	0.19879700243473053	0.1884627342224121	0.0	-5.9604644775390625e-06	0.0
s0_yd	4	delta	1	true	7,60	-0.0703125	148	109	0.025940120220184326	0.020358063280582428	-0.03850622475147247	0.08256509900093079	0.15869204699993134	0.13968202471733093	0.16029077768325806	0.2710278332233429	0.05190098285675049	0.10313010215759277	0.01733468472957611
s0_yd	4	delta	1	true	2,26	0.0	0	109	0.0	0.0	0.0	0.0	0.132751926779747	0.1193239614367485	0.19879700243473053	0.1884627342224121	0.0	-0.00023365020751953125	0.0
s0_yd	4	delta	1	true	3,31	0.0	0	109	0.0	0.0	0.0	0.0	0.132751926779747	0.1193239614367485	0.19879700243473053	0.1884627342224121	0.0	-0.0005643367767333984	0.0
s0_yd	4	delta	1	true	4,27	0.0	0	109	0.0	0.0	0.0	0.0	0.132751926779747	0.1193239614367485	0.19879700243473053	0.1884627342224121	0.0	-0.0012450218200683594	0.0
s0_yd	4	delta	1	true	4,29	0.0	0	109	0.0	0.0	0.0	0.0	0.132751926779747	0.1193239614367485	0.19879700243473053	0.1884627342224121	0.0	-1.0967254638671875e-05	0.0
s0_yd	4	delta	1	true	38,36	0.0	0	109	0.0	0.0	0.0	0.0	0.132751926779747	0.1193239614367485	0.19879700243473053	0.1884627342224121	0.0	-0.0006093978881835938	0.0
s0_yd	4	delta	1	true	48,40	0.0	0	109	0.0	0.0	0.0	0.0	0.132751926779747	0.1193239614367485	0.19879700243473053	0.1884627342224121	0.0	-0.0011553764343261719	0.0
s0_yd	4	delta	1	true	49,43	0.0	0	109	0.0	0.0	0.0	0.0	0.132751926779747	0.1193239614367485	0.19879700243473053	0.1884627342224121	0.0	-0.00015854835510253906	0.0
s0_yd	4	delta	1	true	0,26	0.0	0	109	0.0	0.0	0.0	0.0	0.132751926779747	0.1193239614367485	0.19879700243473053	0.1884627342224121	0.0	-2.1219253540039062e-05	0.0
s0_yd	4	delta	1	true	3,31	0.0	0	109	0.0	0.0	0.0	0.0	0.132751926779747	0.1193239614367485	0.19879700243473053	0.1884627342224121	0.0	-0.0005643367767333984	0.0
s0_yd	4	delta	1	true	4,28	0.0	0	109	0.0	0.0	0.0	0.0	0.132751926779747	0.1193239614367485	0.19879700243473053	0.1884627342224121	0.0	-1.1920928955078125e-05	0.0
s0_yd	4	delta	1	true	5,27	0.0	0	109	0.0	0.0	0.0	0.0	0.132751926779747	0.1193239614367485	0.19879700243473053	0.1884627342224121	0.0	-0.03450977802276611	0.0
s0_yd	4	delta	1	true	7,27	0.0	0	109	0.0	0.0	0.0	0.0	0.132751926779747	0.1193239614367485	0.19879700243473053	0.1884627342224121	0.0	-0.0026543140411376953	0.0
s0_yd	4	delta	1	true	11,35	0.0	0	109	0.0	0.0	0.0	0.0	0.132751926779747	0.1193239614367485	0.19879700243473053	0.1884627342224121	0.0	-9.298324584960938e-06	0.0
s0_yd	4	delta	1	true	15,33	0.0	0	109	0.0	0.0	0.0	0.0	0.132751926779747	0.1193239614367485	0.19879700243473053	0.1884627342224121	0.0	-5.3882598876953125e-05	0.0
s0_yd	4	delta	1	true	15,36	0.0	0	109	0.0	0.0	0.0	0.0	0.132751926779747	0.1193239614367485	0.19879700243473053	0.1884627342224121	0.0	-8.940696716308594e-06	0.0
s0_yd	4	delta	1	true	15,39	0.0	0	109	0.0	0.0	0.0	0.0	0.132751926779747	0.1193239614367485	0.19879700243473053	0.1884627342224121	0.0	-9.775161743164062e-06	0.0
s0_yd	4	delta	1	wrong	13,22	0.0	0	109	0.0	0.0	0.0	0.0	0.132751926779747	0.1193239614367485	0.19879700243473053	0.1884627342224121	0.0	-1.1682510375976562e-05	0.0
s0_yd	4	delta	1	wrong	24,22	0.0	0	109	0.0	0.0	0.0	0.0	0.132751926779747	0.1193239614367485	0.19879700243473053	0.1884627342224121	0.0	-0.00010585784912109375	0.0
s0_yd	4	delta	1	wrong	25,20	0.0	0	109	0.0	0.0	0.0	0.0	0.132751926779747	0.1193239614367485	0.19879700243473053	0.1884627342224121	0.0	-0.002330780029296875	0.0
s0_yd	4	delta	1	wrong	10,25	0.0	0	109	0.0	0.0	0.0	0.0	0.132751926779747	0.1193239614367485	0.19879700243473053	0.1884627342224121	0.0	-0.007486820220947266	0.0
s0_yd	4	delta	1	wrong	30,51	0.0	0	109	0.0	0.0	0.0	0.0	0.132751926779747	0.1193239614367485	0.19879700243473053	0.1884627342224121	0.0	-5.0067901611328125e-06	0.0
s0_yd	4	delta	1	wrong	23,46	0.0	0	109	0.0	0.0	0.0	0.0	0.132751926779747	0.1193239614367485	0.19879700243473053	0.1884627342224121	0.0	-0.0006300210952758789	0.0
s0_yd	4	delta	1	wrong	21,63	0.0	0	109	0.0	0.0	0.0	0.0	0.132751926779747	0.1193239614367485	0.19879700243473053	0.1884627342224121	0.0	-0.00019919872283935547	0.0
s0_yd	4	delta	1	wrong	25,7	0.0	0	109	0.0	0.0	0.0	0.0	0.132751926779747	0.1193239614367485	0.19879700243473053	0.1884627342224121	0.0	-2.4557113647460938e-05	0.0
s0_yd	4	delta	1	wrong	43,57	0.0	0	109	0.0	0.0	0.0	0.0	0.132751926779747	0.1193239614367485	0.19879700243473053	0.1884627342224121	0.0	-0.0002682209014892578	0.0
s0_yd	4	delta	1	wrong	21,39	0.0	0	109	0.0	0.0	0.0	0.0	0.132751926779747	0.1193239614367485	0.19879700243473053	0.1884627342224121	0.0	-0.0015094280242919922	0.0
s0_yd	4	delta	1	wrong	53,0	0.0	0	109	0.0	0.0	0.0	0.0	0.132751926779747	0.1193239614367485	0.19879700243473053	0.1884627342224121	0.0	0.0	0.0
s0_yd	4	delta	1	wrong	23,59	0.0	0	109	0.0	0.0	0.0	0.0	0.132751926779747	0.1193239614367485	0.19879700243473053	0.1884627342224121	0.0	-0.0013518333435058594	0.0
s0_yd	4	delta	1	wrong	23,38	0.0	0	109	0.0	0.0	0.0	0.0	0.132751926779747	0.1193239614367485	0.19879700243473053	0.1884627342224121	0.0	-0.003646254539489746	0.0
s0_yd	4	delta	1	wrong	4,44	0.0	0	109	0.0	0.0	0.0	0.0	0.132751926779747	0.1193239614367485	0.19879700243473053	0.1884627342224121	0.0	-0.004448890686035156	0.0
s0_yd	4	delta	1	wrong	42,58	0.0	0	109	0.0	0.0	0.0	0.0	0.132751926779747	0.1193239614367485	0.19879700243473053	0.1884627342224121	0.0	-0.00010347366333007812	0.0
s0_yd	4	delta	1	wrong	12,41	0.0	0	109	0.0	0.0	0.0	0.0	0.132751926779747	0.1193239614367485	0.19879700243473053	0.1884627342224121	0.0	-0.00022709369659423828	0.0
s0_yd	4	delta	1	wrong	54,54	0.0	0	109	0.0	0.0	0.0	0.0	0.132751926779747	0.1193239614367485	0.19879700243473053	0.1884627342224121	0.0	-9.5367431640625e-07	0.0
s0_yd	4	delta	1	wrong	59,42	0.0	0	109	0.0	0.0	0.0	0.0	0.132751926779747	0.1193239614367485	0.19879700243473053	0.1884627342224121	0.0	-2.8133392333984375e-05	0.0
s0_yd	4	delta	1	wrong	44,61	0.0	0	109	0.0	0.0	0.0	0.0	0.132751926779747	0.1193239614367485	0.19879700243473053	0.1884627342224121	0.0	-0.004729032516479492	0.0
s0_yd	4	delta	1	wrong	17,1	0.0	0	109	0.0	0.0	0.0	0.0	0.132751926779747	0.1193239614367485	0.19879700243473053	0.1884627342224121	0.0	-0.00029289722442626953	0.0
s0_yd	4	delta	1	wrong	54,30	0.0	0	109	0.0	0.0	0.0	0.0	0.132751926779747	0.1193239614367485	0.19879700243473053	0.1884627342224121	0.0	-9.5367431640625e-07	0.0
s0_yd	4	delta	1	wrong	36,1	0.0	0	109	0.0	0.0	0.0	0.0	0.132751926779747	0.1193239614367485	0.19879700243473053	0.1884627342224121	0.0	-0.00016033649444580078	0.0
s0_yd	4	delta	1	wrong	55,52	0.0	0	109	0.0	0.0	0.0	0.0	0.132751926779747	0.1193239614367485	0.19879700243473053	0.1884627342224121	0.0	-1.1563301086425781e-05	0.0
s0_yd	4	delta	1	wrong	28,34	0.0	0	109	0.0	0.0	0.0	0.0	0.132751926779747	0.1193239614367485	0.19879700243473053	0.1884627342224121	0.0	-0.0005161762237548828	0.0
s0_yd	4	delta	1	wrong	47,2	0.0	0	109	0.0	0.0	0.0	0.0	0.132751926779747	0.1193239614367485	0.19879700243473053	0.1884627342224121	0.0	-5.245208740234375e-06	0.0
s0_yd	4	delta	1	wrong	21,18	0.0	0	109	0.0	0.0	0.0	0.0	0.132751926779747	0.1193239614367485	0.19879700243473053	0.1884627342224121	0.0	-6.103515625e-05	0.0
s0_yd	4	delta	1	wrong	46,34	0.0	0	109	0.0	0.0	0.0	0.0	0.132751926779747	0.1193239614367485	0.19879700243473053	0.1884627342224121	0.0	-0.00017523765563964844	0.0
s0_yd	4	delta	1	wrong	8,3	0.0	0	109	0.0	0.0	0.0	0.0	0.132751926779747	0.1193239614367485	0.19879700243473053	0.1884627342224121	0.0	-0.030019521713256836	0.0
s0_yd	4	delta	1	wrong	63,21	0.0	0	109	0.0	0.0	0.0	0.0	0.132751926779747	0.1193239614367485	0.19879700243473053	0.1884627342224121	0.0	-0.0005801916122436523	0.0
s0_yd	4	delta	1	wrong	41,36	0.0	0	109	0.0	0.0	0.0	0.0	0.132751926779747	0.1193239614367485	0.19879700243473053	0.1884627342224121	0.0	-0.0006456375122070312	0.0
s0_yd	4	delta	1	wrong	10,2	0.0	0	109	0.0	0.0	0.0	0.0	0.132751926779747	0.1193239614367485	0.19879700243473053	0.1884627342224121	0.0	-6.794929504394531e-06	0.0
s0_yd	4	delta	1	wrong	14,13	0.0	0	109	0.0	0.0	0.0	0.0	0.132751926779747	0.1193239614367485	0.19879700243473053	0.1884627342224121	0.0	0.0	0.0
s0_yd	4	delta	1	wrong	5,14	0.0	0	109	0.0	0.0	0.0	0.0	0.132751926779747	0.1193239614367485	0.19879700243473053	0.1884627342224121	0.0	-2.7418136596679688e-06	0.0
s0_yd	4	delta	1	wrong	3,48	0.0	1	109	0.00011931359767913818	9.872764348983765e-05	0.0005673468112945557	-1.1563301086425781e-05	0.13287124037742615	0.11942268908023834	0.19936434924602509	0.18845117092132568	2.9802322387695312e-06	-0.04870247840881348	-2.5101006031036377e-05
s0_yd	4	delta	1	wrong	22,1	0.0	0	109	0.0	0.0	0.0	0.0	0.132751926779747	0.1193239614367485	0.19879700243473053	0.1884627342224121	0.0	-7.081031799316406e-05	0.0
s0_yd	4	delta	1	wrong	23,60	-0.20703125	251	109	0.10363726317882538	0.07768050581216812	0.06624938547611237	0.11766791343688965	0.2363891899585724	0.19700446724891663	0.2650463879108429	0.30613064765930176	0.161218523979187	0.5812478065490723	0.10846934467554092
s0_yd	4	delta	1	wrong	13,15	0.0	0	109	0.0	0.0	0.0	0.0	0.132751926779747	0.1193239614367485	0.19879700243473053	0.1884627342224121	0.0	0.0	0.0
s0_yd	4	delta	1	wrong	8,6	0.0	0	109	0.0	0.0	0.0	0.0	0.132751926779747	0.1193239614367485	0.19879700243473053	0.1884627342224121	0.0	0.0	0.0
s0_yd	4	delta	1	wrong	12,8	0.0	0	109	0.0	0.0	0.0	0.0	0.132751926779747	0.1193239614367485	0.19879700243473053	0.1884627342224121	0.0	-0.00017762184143066406	0.0
s0_yd	4	delta	1	wrong	30,54	0.0	0	109	0.0	0.0	0.0	0.0	0.132751926779747	0.1193239614367485	0.19879700243473053	0.1884627342224121	0.0	-4.291534423828125e-06	0.0
s0_yd	4	delta	1	wrong	14,43	0.0	0	109	0.0	0.0	0.0	0.0	0.132751926779747	0.1193239614367485	0.19879700243473053	0.1884627342224121	0.0	-8.368492126464844e-05	0.0
s0_yd	4	delta	1	wrong	21,0	0.0	0	109	0.0	0.0	0.0	0.0	0.132751926779747	0.1193239614367485	0.19879700243473053	0.1884627342224121	0.0	-2.384185791015625e-07	0.0
s0_yd	4	delta	1	wrong	43,44	0.0	0	109	0.0	0.0	0.0	0.0	0.132751926779747	0.1193239614367485	0.19879700243473053	0.1884627342224121	0.0	-0.006589412689208984	0.0
s0_yd	4	delta	1	wrong	59,30	0.0	0	109	0.0	0.0	0.0	0.0	0.132751926779747	0.1193239614367485	0.19879700243473053	0.1884627342224121	0.0	-1.9073486328125e-06	0.0
s0_yd	4	delta	1	wrong	16,42	0.0	0	109	0.0	0.0	0.0	0.0	0.132751926779747	0.1193239614367485	0.19879700243473053	0.1884627342224121	0.0	-0.0003235340118408203	0.0
s0_yd	4	delta	1	wrong	1,51	0.0	0	109	0.0	0.0	0.0	0.0	0.132751926779747	0.1193239614367485	0.19879700243473053	0.1884627342224121	0.0	-6.42538070678711e-05	0.0
s0_yd	4	delta	1	wrong	1,39	0.0	0	109	0.0	0.0	0.0	0.0	0.132751926779747	0.1193239614367485	0.19879700243473053	0.1884627342224121	0.0	-0.0018122196197509766	0.0
s0_yd	4	delta	1	wrong	51,2	0.0	0	109	0.0	0.0	0.0	0.0	0.132751926779747	0.1193239614367485	0.19879700243473053	0.1884627342224121	0.0	-4.76837158203125e-07	0.0
s0_yd	4	delta	2	true	0,23	0.0	0	109	0.0	0.0	0.0	0.0	0.17861279845237732	0.14446520805358887	0.1529463678598404	0.19302712380886078	0.0	-0.0001983642578125	0.0
s0_yd	4	delta	2	true	1,17	0.0	0	109	0.0	0.0	0.0	0.0	0.17861279845237732	0.14446520805358887	0.1529463678598404	0.19302712380886078	0.0	-0.0014624595642089844	0.0
s0_yd	4	delta	2	true	1,21	0.0	0	109	0.0	0.0	0.0	0.0	0.17861279845237732	0.14446520805358887	0.1529463678598404	0.19302712380886078	0.0	-0.004852414131164551	0.0
s0_yd	4	delta	2	true	5,18	0.0	0	109	0.0	0.0	0.0	0.0	0.17861279845237732	0.14446520805358887	0.1529463678598404	0.19302712380886078	0.0	-0.0002821683883666992	0.0
s0_yd	4	delta	2	true	6,19	0.0	0	109	0.0	0.0	0.0	0.0	0.17861279845237732	0.14446520805358887	0.1529463678598404	0.19302712380886078	0.0	-8.344650268554688e-07	0.0
s0_yd	4	delta	2	true	56,38	0.0	0	109	0.0	0.0	0.0	0.0	0.17861279845237732	0.14446520805358887	0.1529463678598404	0.19302712380886078	0.0	-0.0003725290298461914	0.0
s0_yd	4	delta	2	true	57,32	0.0	0	109	0.0	0.0	0.0	0.0	0.17861279845237732	0.14446520805358887	0.1529463678598404	0.19302712380886078	0.0	-0.0034521818161010742	0.0
s0_yd	4	delta	2	true	57,39	0.0	0	109	0.0	0.0	0.0	0.0	0.17861279845237732	0.14446520805358887	0.1529463678598404	0.19302712380886078	0.0	-1.3232231140136719e-05	0.0
s0_yd	4	delta	2	true	61,34	0.0	0	109	0.0	0.0	0.0	0.0	0.17861279845237732	0.14446520805358887	0.1529463678598404	0.19302712380886078	0.0	-0.006347775459289551	0.0
s0_yd	4	delta	2	true	0,29	0.0	0	109	0.0	0.0	0.0	0.0	0.17861279845237732	0.14446520805358887	0.1529463678598404	0.19302712380886078	0.0	-5.960464477539062e-07	0.0
s0_yd	4	delta	2	true	6,26	0.0	0	109	0.0	0.0	0.0	0.0	0.17861279845237732	0.14446520805358887	0.1529463678598404	0.19302712380886078	0.0	-5.364418029785156e-06	0.0
s0_yd	4	delta	2	true	42,26	0.0	0	109	0.0	0.0	0.0	0.0	0.17861279845237732	0.14446520805358887	0.1529463678598404	0.19302712380886078	0.0	-6.556510925292969e-06	0.0
s0_yd	4	delta	2	true	42,30	0.0	0	109	0.0	0.0	0.0	0.0	0.17861279845237732	0.14446520805358887	0.1529463678598404	0.19302712380886078	0.0	-5.960464477539062e-07	0.0
s0_yd	4	delta	2	true	43,30	0.0	0	109	0.0	0.0	0.0	0.0	0.17861279845237732	0.14446520805358887	0.1529463678598404	0.19302712380886078	0.0	-1.3113021850585938e-05	0.0
s0_yd	4	delta	2	true	53,57	0.0	0	109	0.0	0.0	0.0	0.0	0.17861279845237732	0.14446520805358887	0.1529463678598404	0.19302712380886078	0.0	-4.9233436584472656e-05	0.0
s0_yd	4	delta	2	true	21,48	0.0	0	109	0.0	0.0	0.0	0.0	0.17861279845237732	0.14446520805358887	0.1529463678598404	0.19302712380886078	0.0	-0.003147721290588379	0.0
s0_yd	4	delta	2	true	22,51	0.0	0	109	0.0	0.0	0.0	0.0	0.17861279845237732	0.14446520805358887	0.1529463678598404	0.19302712380886078	0.0	-3.4570693969726562e-06	0.0
s0_yd	4	delta	2	true	22,52	0.0	0	109	0.0	0.0	0.0	0.0	0.17861279845237732	0.14446520805358887	0.1529463678598404	0.19302712380886078	0.0	-1.5497207641601562e-06	0.0
s0_yd	4	delta	2	true	26,40	0.0	0	109	0.0	0.0	0.0	0.0	0.17861279845237732	0.14446520805358887	0.1529463678598404	0.19302712380886078	0.0	-0.00019681453704833984	0.0
s0_yd	4	delta	2	true	29,45	0.0	0	109	0.0	0.0	0.0	0.0	0.17861279845237732	0.14446520805358887	0.1529463678598404	0.19302712380886078	0.0	-0.0019112825393676758	0.0
s0_yd	4	delta	2	true	30,47	0.0	0	109	0.0	0.0	0.0	0.0	0.17861279845237732	0.14446520805358887	0.1529463678598404	0.19302712380886078	0.0	-5.221366882324219e-05	0.0
s0_yd	4	delta	2	true	34,63	0.0	0	109	0.0	0.0	0.0	0.0	0.17861279845237732	0.14446520805358887	0.1529463678598404	0.19302712380886078	0.0	-0.00016558170318603516	0.0
s0_yd	4	delta	2	true	35,56	0.0	0	109	0.0	0.0	0.0	0.0	0.17861279845237732	0.14446520805358887	0.1529463678598404	0.19302712380886078	0.0	-0.00012671947479248047	0.0
s0_yd	4	delta	2	true	35,58	0.0	0	109	0.0	0.0	0.0	0.0	0.17861279845237732	0.14446520805358887	0.1529463678598404	0.19302712380886078	0.0	-0.0001785755157470703	0.0
s0_yd	4	delta	2	true	35,63	0.0	0	109	0.0	0.0	0.0	0.0	0.17861279845237732	0.14446520805358887	0.1529463678598404	0.19302712380886078	0.0	-3.933906555175781e-06	0.0
s0_yd	4	delta	2	true	39,59	0.0	0	109	0.0	0.0	0.0	0.0	0.17861279845237732	0.14446520805358887	0.1529463678598404	0.19302712380886078	0.0	-8.273124694824219e-05	0.0
s0_yd	4	delta	2	true	32,52	0.0	0	109	0.0	0.0	0.0	0.0	0.17861279845237732	0.14446520805358887	0.1529463678598404	0.19302712380886078	0.0	-0.0008827447891235352	0.0
s0_yd	4	delta	2	true	37,54	0.0	0	109	0.0	0.0	0.0	0.0	0.17861279845237732	0.14446520805358887	0.1529463678598404	0.19302712380886078	0.0	-5.364418029785156e-06	0.0
s0_yd	4	delta	2	true	34,40	0.0	0	109	0.0	0.0	0.0	0.0	0.17861279845237732	0.14446520805358887	0.1529463678598404	0.19302712380886078	0.0	-0.0015865564346313477	0.0
s0_yd	4	delta	2	true	34,45	0.0	0	109	0.0	0.0	0.0	0.0	0.17861279845237732	0.14446520805358887	0.1529463678598404	0.19302712380886078	0.0	-0.08690190315246582	-0.0036496445536613464
s0_yd	4	delta	2	true	35,40	0.0	0	109	0.0	0.0	0.0	0.0	0.17861279845237732	0.14446520805358887	0.1529463678598404	0.19302712380886078	0.0	-5.3048133850097656e-05	0.0
s0_yd	4	delta	2	true	37,45	0.0	0	109	0.0	0.0	0.0	0.0	0.17861279845237732	0.14446520805358887	0.1529463678598404	0.19302712380886078	0.0	-0.006422877311706543	0.0
s0_yd	4	delta	2	true	0,58	0.0	0	109	0.0	0.0	0.0	0.0	0.17861279845237732	0.14446520805358887	0.1529463678598404	0.19302712380886078	0.0	-0.00013446807861328125	0.0
s0_yd	4	delta	2	true	4,60	0.0	0	109	0.0	0.0	0.0	0.0	0.17861279845237732	0.14446520805358887	0.1529463678598404	0.19302712380886078	0.0	-0.05246150493621826	-0.0006817877292633057
s0_yd	4	delta	2	true	5,58	0.0	0	109	0.0	0.0	0.0	0.0	0.17861279845237732	0.14446520805358887	0.1529463678598404	0.19302712380886078	0.0	-0.03631794452667236	0.0
s0_yd	4	delta	2	true	6,61	0.0	0	109	0.0	0.0	0.0	0.0	0.17861279845237732	0.14446520805358887	0.1529463678598404	0.19302712380886078	0.0	-8.58306884765625e-05	0.0
s0_yd	4	delta	2	true	6,63	0.0	0	109	0.0	0.0	0.0	0.0	0.17861279845237732	0.14446520805358887	0.1529463678598404	0.19302712380886078	0.0	-2.1457672119140625e-06	0.0
s0_yd	4	delta	2	true	5,27	0.0	0	109	0.0	0.0	0.0	0.0	0.17861279845237732	0.14446520805358887	0.1529463678598404	0.19302712380886078	0.0	-0.01633620262145996	0.0
s0_yd	4	delta	2	true	5,29	0.0	0	109	0.0	0.0	0.0	0.0	0.17861279845237732	0.14446520805358887	0.1529463678598404	0.19302712380886078	0.0	-0.00011813640594482422	0.0
s0_yd	4	delta	2	true	7,24	0.0	0	109	0.0	0.0	0.0	0.0	0.17861279845237732	0.14446520805358887	0.1529463678598404	0.19302712380886078	0.0	-0.00034677982330322266	0.0
s0_yd	4	delta	2	true	49,42	0.0	0	109	0.0	0.0	0.0	0.0	0.17861279845237732	0.14446520805358887	0.1529463678598404	0.19302712380886078	0.0	-3.552436828613281e-05	0.0
s0_yd	4	delta	2	true	51,43	0.0	0	109	0.0	0.0	0.0	0.0	0.17861279845237732	0.14446520805358887	0.1529463678598404	0.19302712380886078	0.0	-9.763240814208984e-05	0.0
s0_yd	4	delta	2	true	53,47	0.0	0	109	0.0	0.0	0.0	0.0	0.17861279845237732	0.14446520805358887	0.1529463678598404	0.19302712380886078	0.0	-0.0003437995910644531	0.0
s0_yd	4	delta	2	true	6,24	0.0	0	109	0.0	0.0	0.0	0.0	0.17861279845237732	0.14446520805358887	0.1529463678598404	0.19302712380886078	0.0	-1.430511474609375e-05	0.0
s0_yd	4	delta	2	true	7,29	0.0	0	109	0.0	0.0	0.0	0.0	0.17861279845237732	0.14446520805358887	0.1529463678598404	0.19302712380886078	0.0	-9.5367431640625e-06	0.0
s0_yd	4	delta	2	true	9,33	0.0	0	109	0.0	0.0	0.0	0.0	0.17861279845237732	0.14446520805358887	0.1529463678598404	0.19302712380886078	0.0	-0.00017690658569335938	0.0
s0_yd	4	delta	2	true	11,37	0.0	0	109	0.0	0.0	0.0	0.0	0.17861279845237732	0.14446520805358887	0.1529463678598404	0.19302712380886078	0.0	-2.1338462829589844e-05	0.0
s0_yd	4	delta	2	true	15,37	0.0	0	109	0.0	0.0	0.0	0.0	0.17861279845237732	0.14446520805358887	0.1529463678598404	0.19302712380886078	0.0	-2.9802322387695312e-06	0.0
s0_yd	4	delta	2	wrong	13,22	0.0	0	109	0.0	0.0	0.0	0.0	0.17861279845237732	0.14446520805358887	0.1529463678598404	0.19302712380886078	0.0	-4.649162292480469e-06	0.0
s0_yd	4	delta	2	wrong	24,22	0.0	0	109	0.0	0.0	0.0	0.0	0.17861279845237732	0.14446520805358887	0.1529463678598404	0.19302712380886078	0.0	-5.543231964111328e-05	0.0
s0_yd	4	delta	2	wrong	25,20	0.0	0	109	0.0	0.0	0.0	0.0	0.17861279845237732	0.14446520805358887	0.1529463678598404	0.19302712380886078	0.0	-0.001000523567199707	0.0
s0_yd	4	delta	2	wrong	10,25	0.0	0	109	0.0	0.0	0.0	0.0	0.17861279845237732	0.14446520805358887	0.1529463678598404	0.19302712380886078	0.0	-0.003931403160095215	0.0
s0_yd	4	delta	2	wrong	30,51	0.0	0	109	0.0	0.0	0.0	0.0	0.17861279845237732	0.14446520805358887	0.1529463678598404	0.19302712380886078	0.0	-2.9802322387695312e-06	0.0
s0_yd	4	delta	2	wrong	23,46	0.0	0	109	0.0	0.0	0.0	0.0	0.17861279845237732	0.14446520805358887	0.1529463678598404	0.19302712380886078	0.0	-0.0002638101577758789	0.0
s0_yd	4	delta	2	wrong	21,63	0.0	0	109	0.0	0.0	0.0	0.0	0.17861279845237732	0.14446520805358887	0.1529463678598404	0.19302712380886078	0.0	-8.916854858398438e-05	0.0
s0_yd	4	delta	2	wrong	25,7	0.0	0	109	0.0	0.0	0.0	0.0	0.17861279845237732	0.14446520805358887	0.1529463678598404	0.19302712380886078	0.0	-1.1920928955078125e-05	0.0
s0_yd	4	delta	2	wrong	43,57	0.0	0	109	0.0	0.0	0.0	0.0	0.17861279845237732	0.14446520805358887	0.1529463678598404	0.19302712380886078	0.0	-9.66787338256836e-05	0.0
s0_yd	4	delta	2	wrong	21,39	0.0	0	109	0.0	0.0	0.0	0.0	0.17861279845237732	0.14446520805358887	0.1529463678598404	0.19302712380886078	0.0	-0.0005991458892822266	0.0
s0_yd	4	delta	2	wrong	53,0	0.0	0	109	0.0	0.0	0.0	0.0	0.17861279845237732	0.14446520805358887	0.1529463678598404	0.19302712380886078	0.0	-1.1920928955078125e-07	0.0
s0_yd	4	delta	2	wrong	23,59	0.0	0	109	0.0	0.0	0.0	0.0	0.17861279845237732	0.14446520805358887	0.1529463678598404	0.19302712380886078	0.0	-0.0005524158477783203	0.0
s0_yd	4	delta	2	wrong	23,38	0.0	0	109	0.0	0.0	0.0	0.0	0.17861279845237732	0.14446520805358887	0.1529463678598404	0.19302712380886078	0.0	-0.0014195442199707031	0.0
s0_yd	4	delta	2	wrong	4,44	0.0	0	109	0.0	0.0	0.0	0.0	0.17861279845237732	0.14446520805358887	0.1529463678598404	0.19302712380886078	0.0	-0.0014435052871704102	0.0
s0_yd	4	delta	2	wrong	42,58	0.0	0	109	0.0	0.0	0.0	0.0	0.17861279845237732	0.14446520805358887	0.1529463678598404	0.19302712380886078	0.0	-4.8995018005371094e-05	0.0
s0_yd	4	delta	2	wrong	12,41	0.0	0	109	0.0	0.0	0.0	0.0	0.17861279845237732	0.14446520805358887	0.1529463678598404	0.19302712380886078	0.0	-0.00011932849884033203	0.0
s0_yd	4	delta	2	wrong	54,54	0.0	0	109	0.0	0.0	0.0	0.0	0.17861279845237732	0.14446520805358887	0.1529463678598404	0.19302712380886078	0.0	-5.960464477539062e-07	0.0
s0_yd	4	delta	2	wrong	59,42	0.0	0	109	0.0	0.0	0.0	0.0	0.17861279845237732	0.14446520805358887	0.1529463678598404	0.19302712380886078	0.0	-1.3947486877441406e-05	0.0
s0_yd	4	delta	2	wrong	44,61	0.0	0	109	0.0	0.0	0.0	0.0	0.17861279845237732	0.14446520805358887	0.1529463678598404	0.19302712380886078	0.0	-0.0019763708114624023	0.0
s0_yd	4	delta	2	wrong	17,1	0.0	0	109	0.0	0.0	0.0	0.0	0.17861279845237732	0.14446520805358887	0.1529463678598404	0.19302712380886078	0.0	-0.00015103816986083984	0.0
s0_yd	4	delta	2	wrong	54,30	0.0	0	109	0.0	0.0	0.0	0.0	0.17861279845237732	0.14446520805358887	0.1529463678598404	0.19302712380886078	0.0	-5.960464477539062e-07	0.0
s0_yd	4	delta	2	wrong	36,1	0.0	0	109	0.0	0.0	0.0	0.0	0.17861279845237732	0.14446520805358887	0.1529463678598404	0.19302712380886078	0.0	-8.666515350341797e-05	0.0
s0_yd	4	delta	2	wrong	55,52	0.0	0	109	0.0	0.0	0.0	0.0	0.17861279845237732	0.14446520805358887	0.1529463678598404	0.19302712380886078	0.0	-6.318092346191406e-06	0.0
s0_yd	4	delta	2	wrong	28,34	0.0	0	109	0.0	0.0	0.0	0.0	0.17861279845237732	0.14446520805358887	0.1529463678598404	0.19302712380886078	0.0	-0.0002446174621582031	0.0
s0_yd	4	delta	2	wrong	47,2	0.0	0	109	0.0	0.0	0.0	0.0	0.17861279845237732	0.14446520805358887	0.1529463678598404	0.19302712380886078	0.0	-2.0265579223632812e-06	0.0
s0_yd	4	delta	2	wrong	21,18	0.0	0	109	0.0	0.0	0.0	0.0	0.17861279845237732	0.14446520805358887	0.1529463678598404	0.19302712380886078	0.0	-2.086162567138672e-05	0.0
s0_yd	4	delta	2	wrong	46,34	0.0	0	109	0.0	0.0	0.0	0.0	0.17861279845237732	0.14446520805358887	0.1529463678598404	0.19302712380886078	0.0	-7.784366607666016e-05	0.0
s0_yd	4	delta	2	wrong	8,3	0.0	0	109	0.0	0.0	0.0	0.0	0.17861279845237732	0.14446520805358887	0.1529463678598404	0.19302712380886078	0.0	-0.012400984764099121	0.0
s0_yd	4	delta	2	wrong	63,21	0.0	0	109	0.0	0.0	0.0	0.0	0.17861279845237732	0.14446520805358887	0.1529463678598404	0.19302712380886078	0.0	-0.00020563602447509766	0.0
s0_yd	4	delta	2	wrong	41,36	0.0	0	109	0.0	0.0	0.0	0.0	0.17861279845237732	0.14446520805358887	0.1529463678598404	0.19302712380886078	0.0	-0.00022900104522705078	0.0
s0_yd	4	delta	2	wrong	10,2	0.0	0	109	0.0	0.0	0.0	0.0	0.17861279845237732	0.14446520805358887	0.1529463678598404	0.19302712380886078	0.0	-2.5033950805664062e-06	0.0
s0_yd	4	delta	2	wrong	14,13	0.0	0	109	0.0	0.0	0.0	0.0	0.17861279845237732	0.14446520805358887	0.1529463678598404	0.19302712380886078	0.0	0.0	0.0
s0_yd	4	delta	2	wrong	5,14	0.0	0	109	0.0	0.0	0.0	0.0	0.17861279845237732	0.14446520805358887	0.1529463678598404	0.19302712380886078	0.0	-1.3113021850585938e-06	0.0
s0_yd	4	delta	2	wrong	3,48	0.0	0	109	0.0	0.0	0.0	0.0	0.17861279845237732	0.14446520805358887	0.1529463678598404	0.19302712380886078	0.0	-0.02379477024078369	0.0
s0_yd	4	delta	2	wrong	22,1	0.0	0	109	0.0	0.0	0.0	0.0	0.17861279845237732	0.14446520805358887	0.1529463678598404	0.19302712380886078	0.0	-3.910064697265625e-05	0.0
s0_yd	4	delta	2	wrong	23,60	-0.18359375	184	109	0.04185687005519867	0.03691220283508301	0.08898921310901642	0.08250196278095245	0.220469668507576	0.18137741088867188	0.2419355809688568	0.27552908658981323	0.05374956130981445	0.07778573036193848	-0.015178203582763672
s0_yd	4	delta	2	wrong	13,15	0.0	0	109	0.0	0.0	0.0	0.0	0.17861279845237732	0.14446520805358887	0.1529463678598404	0.19302712380886078	0.0	0.0	0.0
s0_yd	4	delta	2	wrong	8,6	0.0	0	109	0.0	0.0	0.0	0.0	0.17861279845237732	0.14446520805358887	0.1529463678598404	0.19302712380886078	0.0	0.0	0.0
s0_yd	4	delta	2	wrong	12,8	0.0	0	109	0.0	0.0	0.0	0.0	0.17861279845237732	0.14446520805358887	0.1529463678598404	0.19302712380886078	0.0	-9.334087371826172e-05	0.0
s0_yd	4	delta	2	wrong	30,54	0.0	0	109	0.0	0.0	0.0	0.0	0.17861279845237732	0.14446520805358887	0.1529463678598404	0.19302712380886078	0.0	-2.6226043701171875e-06	0.0
s0_yd	4	delta	2	wrong	14,43	0.0	0	109	0.0	0.0	0.0	0.0	0.17861279845237732	0.14446520805358887	0.1529463678598404	0.19302712380886078	0.0	-4.4345855712890625e-05	0.0
s0_yd	4	delta	2	wrong	21,0	0.0	0	109	0.0	0.0	0.0	0.0	0.17861279845237732	0.14446520805358887	0.1529463678598404	0.19302712380886078	0.0	-1.1920928955078125e-07	0.0
s0_yd	4	delta	2	wrong	43,44	0.0	0	109	0.0	0.0	0.0	0.0	0.17861279845237732	0.14446520805358887	0.1529463678598404	0.19302712380886078	0.0	-0.0025523900985717773	0.0
s0_yd	4	delta	2	wrong	59,30	0.0	0	109	0.0	0.0	0.0	0.0	0.17861279845237732	0.14446520805358887	0.1529463678598404	0.19302712380886078	0.0	-8.344650268554688e-07	0.0
s0_yd	4	delta	2	wrong	16,42	0.0	0	109	0.0	0.0	0.0	0.0	0.17861279845237732	0.14446520805358887	0.1529463678598404	0.19302712380886078	0.0	-0.00017821788787841797	0.0
s0_yd	4	delta	2	wrong	1,51	0.0	0	109	0.0	0.0	0.0	0.0	0.17861279845237732	0.14446520805358887	0.1529463678598404	0.19302712380886078	0.0	-3.4928321838378906e-05	0.0
s0_yd	4	delta	2	wrong	1,39	0.0	0	109	0.0	0.0	0.0	0.0	0.17861279845237732	0.14446520805358887	0.1529463678598404	0.19302712380886078	0.0	-0.0006593465805053711	0.0
s0_yd	4	delta	2	wrong	51,2	0.0	0	109	0.0	0.0	0.0	0.0	0.17861279845237732	0.14446520805358887	0.1529463678598404	0.19302712380886078	0.0	-2.384185791015625e-07	0.0
s0_yd	4	single	-1	true	1,20	0.33203125	-1	1					0.14274467527866364	0.15518510341644287	0.15333829820156097	0.20034658908843994	0.3103843927383423	0.0	0.0
s0_yd	4	single	-1	true	1,21	0.33203125	-1	1					0.09295521676540375	0.09827195852994919	0.17691032588481903	0.15561887621879578	0.5935565233230591	0.0	0.0
s0_yd	4	single	-1	true	3,17	0.33203125	-1	1					0.1260189414024353	0.09546288847923279	0.1117909699678421	0.16828781366348267	0.7738519906997681	0.0	0.0
s0_yd	4	single	-1	true	7,20	0.33203125	-1	1					0.17416557669639587	0.1623629331588745	0.10826681554317474	0.21610720455646515	0.25084227323532104	0.0	0.0
s0_yd	4	single	-1	true	58,32	0.33203125	-1	1					0.25032737851142883	0.20342667400836945	0.17007969319820404	0.20449493825435638	1.0962445735931396	0.0	0.0
s0_yd	4	single	-1	true	59,32	0.33203125	-1	1					0.19068074226379395	0.15600305795669556	0.18837523460388184	0.1771838515996933	0.6810042262077332	0.0	0.0
s0_yd	4	single	-1	true	59,39	0.33203125	-1	1					0.0679212361574173	0.04365922138094902	0.08214649558067322	0.10418950021266937	-0.05552399903535843	0.0	0.0
s0_yd	4	single	-1	true	60,38	0.5078125	-1	1					0.22681516408920288	0.20755162835121155	0.21414372324943542	0.21251733601093292	0.8679773807525635	0.0	0.0
s0_yd	4	single	-1	true	62,36	0.5078125	-1	1					0.09777425229549408	0.09035015106201172	0.10935710370540619	0.24750877916812897	0.3775506615638733	0.0	0.0
s0_yd	4	single	-1	true	63,34	0.84375	-1	1					0.06519199907779694	0.06232798099517822	0.06300287693738937	0.14056465029716492	0.22012194991111755	0.0	0.0
s0_yd	4	single	-1	true	0,25	0.07421875	-1	1					0.1250796765089035	0.1413109302520752	0.10736100375652313	0.10875633358955383	0.11896708607673645	0.0	0.0
s0_yd	4	single	-1	true	2,30	0.07421875	-1	1					0.05935652554035187	0.04957161843776703	0.089561827480793	0.15475812554359436	-0.24240022897720337	0.0	0.0
s0_yd	4	single	-1	true	3,24	0.07421875	-1	1					0.27117079496383667	0.243118017911911	0.16645528376102448	0.22951176762580872	0.6225547790527344	0.0	0.0
s0_yd	4	single	-1	true	5,26	0.07421875	-1	1					0.07501436769962311	0.06250864267349243	0.07186926901340485	0.19445326924324036	0.4574820399284363	0.0	0.0
s0_yd	4	single	-1	true	6,31	0.07421875	-1	1					0.12976865470409393	0.11296552419662476	0.0712568461894989	0.13024850189685822	-0.6293215751647949	0.0	0.0
s0_yd	4	single	-1	true	40,28	0.05078125	-1	1					0.08515862375497818	0.08447903394699097	0.18962758779525757	0.0855950191617012	-0.755124568939209	0.0	0.0
s0_yd	4	single	-1	true	41,30	0.05078125	-1	1					0.019291844218969345	0.01670290343463421	0.11797789484262466	0.14540359377861023	-0.2278386503458023	0.0	0.0
s0_yd	4	single	-1	true	45,25	0.05078125	-1	1					0.050163835287094116	0.035835154354572296	0.11612539738416672	0.14587309956550598	0.9333280920982361	0.0	0.0
s0_yd	4	single	-1	true	47,29	0.05078125	-1	1					0.2024265080690384	0.20399367809295654	0.09264689683914185	0.16314971446990967	-0.2230452597141266	0.0	0.0
s0_yd	4	single	-1	true	49,56	0.0625	-1	1					0.06709377467632294	0.05213136970996857	0.1234767735004425	0.1307467222213745	0.10433562844991684	0.0	0.0
s0_yd	4	single	-1	true	50,60	0.0625	-1	1					0.030034078285098076	0.02380283549427986	0.11225037276744843	0.18842154741287231	1.0229910612106323	0.0	0.0
s0_yd	4	single	-1	true	51,57	0.0625	-1	1					0.08767388761043549	0.0776548683643341	0.08591640740633011	0.06025198474526405	-0.23005783557891846	0.0	0.0
s0_yd	4	single	-1	true	55,59	0.0625	-1	1					0.21824640035629272	0.24694424867630005	0.16972549259662628	0.09500445425510406	0.0589892640709877	0.0	0.0
s0_yd	4	single	-1	true	16,49	0.0625	-1	1					0.04647646099328995	0.027762752026319504	0.06161488592624664	0.15135447680950165	-0.14341023564338684	0.0	0.0
s0_yd	4	single	-1	true	24,42	0.37890625	-1	1					0.06120707094669342	0.04575062915682793	0.15017582476139069	0.07474654912948608	-0.15958809852600098	0.0	0.0
s0_yd	4	single	-1	true	24,46	0.37890625	-1	1					0.019789572805166245	0.013259479776024818	0.08395560830831528	0.04359414801001549	-0.2285166084766388	0.0	0.0
s0_yd	4	single	-1	true	25,40	0.37890625	-1	1					0.24248293042182922	0.2463541328907013	0.2020978033542633	0.20404908061027527	0.39278650283813477	0.0	0.0
s0_yd	4	single	-1	true	25,43	0.37890625	-1	1					0.2425234019756317	0.2741076946258545	0.1712447851896286	0.2139696329832077	0.43381279706954956	0.0	0.0
s0_yd	4	single	-1	true	27,43	0.37890625	-1	1					0.22801071405410767	0.24562415480613708	0.09698724746704102	0.19409044086933136	0.4534042477607727	0.0	0.0
s0_yd	4	single	-1	true	28,41	0.37890625	-1	1					0.34200519323349	0.34287452697753906	0.23162585496902466	0.2937696874141693	0.08195291459560394	0.0	0.0
s0_yd	4	single	-1	true	29,44	0.37890625	-1	1					0.0933416485786438	0.062481097877025604	0.1257522851228714	0.1643914133310318	0.2129373550415039	0.0	0.0
s0_yd	4	single	-1	true	30,44	0.37890625	-1	1					0.06737807393074036	0.05571317300200462	0.12803225219249725	0.18871018290519714	0.20581570267677307	0.0	0.0
s0_yd	4	single	-1	true	30,46	0.37890625	-1	1					0.07162919640541077	0.0689077228307724	0.13777482509613037	0.1173703521490097	-0.2657226622104645	0.0	0.0
s0_yd	4	single	-1	true	32,56	0.37890625	-1	1					0.2101520597934723	0.16435964405536652	0.22370992600917816	0.20180636644363403	1.0636038780212402	0.0	0.0
s0_yd	4	single	-1	true	32,61	0.84375	-1	1					0.21352510154247284	0.17684079706668854	0.28998053073883057	0.12194699048995972	1.1076626777648926	0.0	0.0
s0_yd	4	single	-1	true	33,57	0.37890625	-1	1					0.034912317991256714	0.027375442907214165	0.13374319672584534	0.06370031833648682	0.23403167724609375	0.0	0.0
s0_yd	4	single	-1	true	33,58	0.37890625	-1	1					0.11176192760467529	0.08724770694971085	0.16248367726802826	0.11581133306026459	0.6405458450317383	0.0	0.0
s0_yd	4	single	-1	true	33,60	0.84375	-1	1					0.12896867096424103	0.10513688623905182	0.2133706510066986	0.20904141664505005	1.129557728767395	0.0	0.0
s0_yd	4	single	-1	true	36,59	0.37890625	-1	1					0.23572710156440735	0.23534265160560608	0.2676992416381836	0.10920223593711853	0.0059679970145225525	0.0	0.0
s0_yd	4	single	-1	true	36,63	0.51953125	-1	1					0.05390046164393425	0.05279381573200226	0.20217566192150116	0.06834070384502411	-0.12005589157342911	0.0	0.0
s0_yd	4	single	-1	true	37,59	0.37890625	-1	1					0.18514513969421387	0.18798604607582092	0.18370530009269714	0.08231019973754883	-0.003980809357017279	0.0	0.0
s0_yd	4	single	-1	true	32,51	0.0390625	-1	1					0.11070316284894943	0.08433960378170013	0.161233589053154	0.14281198382377625	0.39105135202407837	0.0	0.0
s0_yd	4	single	-1	true	32,53	0.0390625	-1	1					0.10931971669197083	0.08583469688892365	0.2136910855770111	0.12344078719615936	0.6758885383605957	0.0	0.0
s0_yd	4	single	-1	true	32,55	0.0390625	-1	1					0.08614666759967804	0.06510821729898453	0.16471919417381287	0.14597241580486298	0.7056179642677307	0.0	0.0
s0_yd	4	single	-1	true	33,49	0.0390625	-1	1					0.011497154831886292	0.006250537466257811	0.09645815193653107	0.09914430230855942	0.025789303705096245	0.0	0.0
s0_yd	4	single	-1	true	35,51	0.0390625	-1	1					0.060495518147945404	0.057446226477622986	0.06011015176773071	0.09804678708314896	-0.522433340549469	0.0	0.0
s0_yd	4	single	-1	true	35,54	0.0390625	-1	1					0.038265813142061234	0.032423995435237885	0.0581895112991333	0.13573133945465088	-0.49103888869285583	0.0	0.0
s0_yd	4	single	-1	true	38,52	0.0390625	-1	1					0.10714839398860931	0.07372625172138214	0.2090063989162445	0.13141019642353058	-0.259037584066391	0.0	0.0
s0_yd	4	single	-1	true	32,42	0.0390625	-1	1					0.14262712001800537	0.11272068321704865	0.17563806474208832	0.23192089796066284	0.7365671396255493	0.0	0.0
s0_yd	4	single	-1	true	33,44	0.0390625	-1	1					0.024712398648262024	0.014970214106142521	0.14409485459327698	0.12931308150291443	0.6635898351669312	0.0	0.0
s0_yd	4	single	-1	true	35,41	0.0390625	-1	1					0.10988516360521317	0.10843133926391602	0.0652417242527008	0.2228354960680008	0.08475910127162933	0.0	0.0
s0_yd	4	single	-1	true	37,45	0.0390625	-1	1					0.15963025391101837	0.1342804729938507	0.14832641184329987	0.1309301257133484	0.6562201976776123	0.0	0.0
s0_yd	4	single	-1	true	38,42	0.0390625	-1	1					0.10200761258602142	0.07582411915063858	0.1599949151277542	0.19616186618804932	0.0848131775856018	0.0	0.0
s0_yd	4	single	-1	true	38,46	0.0390625	-1	1					0.09040567278862	0.0728507786989212	0.18158045411109924	0.11165644228458405	0.01588466577231884	0.0	0.0
s0_yd	4	single	-1	true	39,45	0.0390625	-1	1					0.10009720176458359	0.07865268737077713	0.14168676733970642	0.11563371121883392	0.760646402835846	0.0	0.0
s0_yd	4	single	-1	true	39,46	0.0390625	-1	1					0.05535658821463585	0.04208672046661377	0.10458163172006607	0.08364225924015045	0.005935858003795147	0.0	0.0
s0_yd	4	single	-1	true	1,60	0.0234375	-1	1					0.16538214683532715	0.181500643491745	0.2214120328426361	0.2995368242263794	1.0855515003204346	0.0	0.0
s0_yd	4	single	-1	true	1,61	0.0234375	-1	1					0.1341504454612732	0.13718906044960022	0.20712369680404663	0.1109759509563446	0.5880690813064575	0.0	0.0
s0_yd	4	single	-1	true	2,58	0.0234375	-1	1					0.24873408675193787	0.20524157583713531	0.1652567982673645	0.19737958908081055	0.465816855430603	0.0	0.0
s0_yd	4	single	-1	true	3,58	0.0234375	-1	1					0.2807393968105316	0.2331574559211731	0.212161123752594	0.2307208627462387	0.9245581030845642	0.0	0.0
s0_yd	4	single	-1	true	3,59	0.0234375	-1	1					0.24640977382659912	0.2262653410434723	0.19031529128551483	0.1259768009185791	0.5705732107162476	0.0	0.0
s0_yd	4	single	-1	true	4,56	0.0234375	-1	1					0.08118388056755066	0.05247633531689644	0.06928956508636475	0.17168912291526794	0.3585401177406311	0.0	0.0
s0_yd	4	single	-1	true	5,59	0.0234375	-1	1					0.17572230100631714	0.1539527177810669	0.15175576508045197	0.11616615951061249	0.515825629234314	0.0	0.0
s0_yd	4	single	-1	true	6,56	0.0234375	-1	1					0.10697611421346664	0.08432021737098694	0.08879218995571136	0.15558558702468872	0.025726960971951485	0.0	0.0
s0_yd	4	single	-1	true	6,57	0.0234375	-1	1					0.10667556524276733	0.10409551113843918	0.1393682062625885	0.08433199673891068	-0.3282580077648163	0.0	0.0
s0_yd	4	single	-1	true	6,61	0.0234375	-1	1					0.09585627913475037	0.1043689101934433	0.11484936624765396	0.09562540799379349	0.0697856992483139	0.0	0.0
s0_yd	4	single	-1	true	6,62	0.0234375	-1	1					0.1706908941268921	0.16876739263534546	0.08464072644710541	0.17827771604061127	0.09572970867156982	0.0	0.0
s0_yd	4	single	-1	true	7,58	0.0234375	-1	1					0.24810028076171875	0.19837626814842224	0.11032721400260925	0.19093134999275208	0.5369974374771118	0.0	0.0
s0_yd	4	single	-1	true	4,27	0.07421875	-1	1					0.12340959906578064	0.12063156813383102	0.062464453279972076	0.12367269396781921	0.28191298246383667	0.0	0.0
s0_yd	4	single	-1	true	5,28	0.07421875	-1	1					0.08424405008554459	0.0732455626130104	0.12558937072753906	0.15949249267578125	0.13186410069465637	0.0	0.0
s0_yd	4	single	-1	true	5,29	0.07421875	-1	1					0.09817033261060715	0.07042132318019867	0.1081964522600174	0.162509024143219	0.13250350952148438	0.0	0.0
s0_yd	4	single	-1	true	32,33	0.84375	-1	1					0.21352510154247284	0.17684079706668854	0.28998053073883057	0.12194699048995972	1.1076626777648926	0.0	0.0
s0_yd	4	single	-1	true	33,33	0.84375	-1	1					0.06191954016685486	0.04670478031039238	0.18247286975383759	0.07072742283344269	0.6320753693580627	0.0	0.0
s0_yd	4	single	-1	true	36,37	0.17578125	-1	1					0.07972536981105804	0.06506487727165222	0.2112007588148117	0.2052202969789505	0.05990741029381752	0.0	0.0
s0_yd	4	single	-1	true	36,38	0.17578125	-1	1					0.12130347639322281	0.13124389946460724	0.27948909997940063	0.20845916867256165	0.11179722845554352	0.0	0.0
s0_yd	4	single	-1	true	37,33	0.51953125	-1	1					0.14350564777851105	0.13774806261062622	0.19294023513793945	0.09181725978851318	0.34153369069099426	0.0	0.0
s0_yd	4	single	-1	true	38,38	0.17578125	-1	1					0.20430487394332886	0.19305863976478577	0.21102121472358704	0.1831858605146408	0.21622338891029358	0.0	0.0
s0_yd	4	single	-1	true	39,38	0.17578125	-1	1					0.056547485291957855	0.048482414335012436	0.12862944602966309	0.1379222571849823	0.2062745839357376	0.0	0.0
s0_yd	4	single	-1	true	39,39	0.17578125	-1	1					0.07756625860929489	0.044493451714515686	0.0968286544084549	0.13753430545330048	0.20691397786140442	0.0	0.0
s0_yd	4	single	-1	true	48,41	0.17578125	-1	1					0.024285003542900085	0.018946407362818718	0.11613000929355621	0.17178183794021606	0.39649835228919983	0.0	0.0
s0_yd	4	single	-1	true	49,40	0.17578125	-1	1					0.15338623523712158	0.14631387591362	0.13996753096580505	0.17565229535102844	-0.11237592250108719	0.0	0.0
s0_yd	4	single	-1	true	49,41	0.17578125	-1	1					0.19587776064872742	0.21754691004753113	0.14468055963516235	0.21358062326908112	0.03897552192211151	0.0	0.0
s0_yd	4	single	-1	true	55,46	0.17578125	-1	1					0.08064131438732147	0.08186095207929611	0.10212980210781097	0.123180091381073	-0.03552022576332092	0.0	0.0
s0_yd	4	single	-1	true	1,27	0.07421875	-1	1					0.0969010591506958	0.11303356289863586	0.11508521437644958	0.11795023083686829	0.4673832058906555	0.0	0.0
s0_yd	4	single	-1	true	2,24	0.07421875	-1	1					0.2654326558113098	0.23775316774845123	0.152926504611969	0.18141421675682068	0.1638135015964508	0.0	0.0
s0_yd	4	single	-1	true	2,29	0.07421875	-1	1					0.21497172117233276	0.17919445037841797	0.14323289692401886	0.1434679925441742	-0.271490216255188	0.0	0.0
s0_yd	4	single	-1	true	3,24	0.07421875	-1	1					0.27117079496383667	0.243118017911911	0.16645528376102448	0.22951176762580872	0.6225547790527344	0.0	0.0
s0_yd	4	single	-1	true	7,25	0.07421875	-1	1					0.14515335857868195	0.1299227774143219	0.08465451002120972	0.15069641172885895	0.5181662440299988	0.0	0.0
s0_yd	4	single	-1	true	7,31	0.07421875	-1	1					0.11577094346284866	0.0991874560713768	0.07108822464942932	0.16854700446128845	-0.17058026790618896	0.0	0.0
s0_yd	4	single	-1	true	13,36	0.0	-1	1					0.036586448550224304	0.019951723515987396	0.16323083639144897	0.10150795429944992	-0.3673058748245239	0.0	0.0
s0_yd	4	single	-1	true	13,37	0.0	-1	1					0.05956648290157318	0.025191139429807663	0.1728893518447876	0.1048051118850708	-0.3666664659976959	0.0	0.0
s0_yd	4	single	-1	true	13,39	0.0	-1	1					0.023231472820043564	0.008488844148814678	0.11151808500289917	0.1101687029004097	-0.31413722038269043	0.0	0.0
s0_yd	4	single	-1	true	14,38	0.0	-1	1					0.04298343509435654	0.05081351101398468	0.09966965019702911	0.1802923083305359	-0.1299489438533783	0.0	0.0
s0_yd	4	single	-1	true	15,34	0.0	-1	1					0.03360404819250107	0.03251504898071289	0.12351538985967636	0.09917572140693665	-0.06621783971786499	0.0	0.0
s0_yd	4	single	-1	true	15,37	0.0	-1	1					0.05909651517868042	0.04374724626541138	0.12741774320602417	0.08676190674304962	-0.38373690843582153	0.0	0.0
s0_yd	4	single	-1	true	15,38	0.0	-1	1					0.05051806569099426	0.053953345865011215	0.10303216427564621	0.09988352656364441	-0.33184710144996643	0.0	0.0
s0_yd	4	single	-1	wrong	13,22	0.0	-1	1					0.020078102126717567	0.008466284722089767	0.11510585248470306	0.11693468689918518	-0.30024683475494385	0.0	0.0
s0_yd	4	single	-1	wrong	24,22	0.37890625	-1	1					0.023463726043701172	0.01402495987713337	0.07758413255214691	0.07562623918056488	-0.013648077845573425	0.0	0.0
s0_yd	4	single	-1	wrong	25,20	0.0	-1	1					0.1771692931652069	0.1659267097711563	0.1704622209072113	0.17206349968910217	0.37587210536003113	0.0	0.0
s0_yd	4	single	-1	wrong	10,25	0.0	-1	1					0.03112371265888214	0.02927907556295395	0.06304378807544708	0.07635076344013214	0.5151479840278625	0.0	0.0
s0_yd	4	single	-1	wrong	30,51	0.0	-1	1					0.0859200581908226	0.08136782795190811	0.13646110892295837	0.1144413948059082	-0.5423099398612976	0.0	0.0
s0_yd	4	single	-1	wrong	23,46	0.0	-1	1					0.05512027442455292	0.040268927812576294	0.13386932015419006	0.11827558279037476	0.24608710408210754	0.0	0.0
s0_yd	4	single	-1	wrong	21,63	0.0	-1	1					0.07294823229312897	0.06485766917467117	0.168463796377182	0.0766158401966095	0.11014655232429504	0.0	0.0
s0_yd	4	single	-1	wrong	25,7	0.0	-1	1					0.10299041122198105	0.1113741472363472	0.24005667865276337	0.21065136790275574	-0.17544808983802795	0.0	0.0
s0_yd	4	single	-1	wrong	43,57	0.0	-1	1					0.04960465058684349	0.03674335032701492	0.1246538832783699	0.08541445434093475	0.09345577657222748	0.0	0.0
s0_yd	4	single	-1	wrong	21,39	0.0	-1	1					0.0995635986328125	0.07294251769781113	0.1526818424463272	0.21823295950889587	0.34263908863067627	0.0	0.0
s0_yd	4	single	-1	wrong	53,0	0.0	-1	1					0.11707909405231476	0.09035255014896393	0.09883422404527664	0.17091163992881775	-0.9994435906410217	0.0	0.0
s0_yd	4	single	-1	wrong	23,59	0.0	-1	1					0.17728552222251892	0.15673339366912842	0.18748953938484192	0.09255552291870117	0.34059658646583557	0.0	0.0
s0_yd	4	single	-1	wrong	23,38	0.0	-1	1					0.11106698215007782	0.09404002130031586	0.17654156684875488	0.18464946746826172	0.4464258551597595	0.0	0.0
s0_yd	4	single	-1	wrong	4,44	0.33203125	-1	1					0.0886579230427742	0.0662464126944542	0.0526747852563858	0.19878363609313965	0.4341132640838623	0.0	0.0
s0_yd	4	single	-1	wrong	42,58	0.0	-1	1					0.04872676730155945	0.03129765763878822	0.09535232186317444	0.10888989269733429	0.0024133967235684395	0.0	0.0
s0_yd	4	single	-1	wrong	12,41	0.0	-1	1					0.27485617995262146	0.2348405122756958	0.18280047178268433	0.273552268743515	0.01738792285323143	0.0	0.0
s0_yd	4	single	-1	wrong	54,54	0.0	-1	1					0.021370021626353264	0.016345011070370674	0.10043678432703018	0.06498774886131287	-0.7227624654769897	0.0	0.0
s0_yd	4	single	-1	wrong	59,42	0.0	-1	1					0.06964223086833954	0.04290745407342911	0.08394865691661835	0.11425771564245224	-0.1875736117362976	0.0	0.0
s0_yd	4	single	-1	wrong	44,61	0.0	-1	1					0.04672764614224434	0.03485412150621414	0.24932856857776642	0.036441490054130554	0.5016393661499023	0.0	0.0
s0_yd	4	single	-1	wrong	17,1	0.0	-1	1					0.016837431117892265	0.011372118256986141	0.022799406200647354	0.17781603336334229	0.1233530044555664	0.0	0.0
s0_yd	4	single	-1	wrong	54,30	0.0	-1	1					0.02897443063557148	0.025492586195468903	0.11349575221538544	0.05722350627183914	-0.7372922897338867	0.0	0.0
s0_yd	4	single	-1	wrong	36,1	0.0	-1	1					0.07829219102859497	0.07713592052459717	0.20344528555870056	0.23443204164505005	0.021908465772867203	0.0	0.0
s0_yd	4	single	-1	wrong	55,52	0.0	-1	1					0.08665648102760315	0.08333767205476761	0.15631914138793945	0.1401796042919159	-0.3104424476623535	0.0	0.0
s0_yd	4	single	-1	wrong	28,34	0.0	-1	1					0.2582736015319824	0.2440488040447235	0.20027852058410645	0.210211381316185	0.21731576323509216	0.0	0.0
s0_yd	4	single	-1	wrong	47,2	0.0	-1	1					0.11908359080553055	0.11900191754102707	0.15491481125354767	0.21234667301177979	-0.3532608151435852	0.0	0.0
s0_yd	4	single	-1	wrong	21,18	0.0	-1	1					0.1741965413093567	0.1597011685371399	0.20733384788036346	0.1533515751361847	-0.118895024061203	0.0	0.0
s0_yd	4	single	-1	wrong	46,34	0.0	-1	1					0.07615646719932556	0.06480986624956131	0.0808238610625267	0.09553276002407074	0.08968593925237656	0.0	0.0
s0_yd	4	single	-1	wrong	8,3	0.0	-1	1					0.017911015078425407	0.013028629124164581	0.20658397674560547	0.16149528324604034	0.738308846950531	0.0	0.0
s0_yd	4	single	-1	wrong	63,21	0.0	-1	1					0.03781244903802872	0.03263143450021744	0.09668657183647156	0.1322697401046753	0.19966542720794678	0.0	0.0
s0_yd	4	single	-1	wrong	41,36	0.0	-1	1					0.030883105471730232	0.02813941240310669	0.1829995959997177	0.17668727040290833	0.17969350516796112	0.0	0.0
s0_yd	4	single	-1	wrong	10,2	0.0	-1	1					0.041038669645786285	0.03315207362174988	0.15052518248558044	0.10110355913639069	-0.33354347944259644	0.0	0.0
s0_yd	4	single	-1	wrong	14,13	0.0	-1	1					0.07111042737960815	0.06523148715496063	0.12667903304100037	0.16581390798091888	-1.2167954444885254	0.0	0.0
s0_yd	4	single	-1	wrong	5,14	0.0	-1	1					0.03299969807267189	0.023139476776123047	0.09259124100208282	0.21225601434707642	-0.44935256242752075	0.0	0.0
s0_yd	4	single	-1	wrong	3,48	0.0	-1	1					0.14764074981212616	0.13260413706302643	0.22195595502853394	0.24040701985359192	0.7738361358642578	0.0	0.0
s0_yd	4	single	-1	wrong	22,1	0.0	-1	1					0.06220748648047447	0.05201876908540726	0.16205210983753204	0.0858374834060669	-0.08551234006881714	0.0	0.0
s0_yd	4	single	-1	wrong	23,60	0.0	-1	1					0.2365148365497589	0.19771704077720642	0.2643964886665344	0.30639880895614624	1.183593511581421	0.0	0.0
s0_yd	4	single	-1	wrong	13,15	0.0	-1	1					0.027475954964756966	0.013104887679219246	0.1338893175125122	0.10791443288326263	-1.3718936443328857	0.0	0.0
s0_yd	4	single	-1	wrong	8,6	0.0	-1	1					0.036510318517684937	0.03602103516459465	0.1708507388830185	0.10329781472682953	-1.4145314693450928	0.0	0.0
s0_yd	4	single	-1	wrong	12,8	0.0	-1	1					0.17611995339393616	0.14571808278560638	0.2166789025068283	0.1857655942440033	-0.015444711782038212	0.0	0.0
s0_yd	4	single	-1	wrong	30,54	0.0	-1	1					0.0697002112865448	0.059600356966257095	0.15623556077480316	0.15066561102867126	-0.5109155178070068	0.0	0.0
s0_yd	4	single	-1	wrong	14,43	0.0	-1	1					0.1717059314250946	0.21027714014053345	0.10520774126052856	0.2212298959493637	-0.11000770330429077	0.0	0.0
s0_yd	4	single	-1	wrong	21,0	0.0	-1	1					0.05418088287115097	0.05126902461051941	0.1540805697441101	0.18007662892341614	-0.8393328785896301	0.0	0.0
s0_yd	4	single	-1	wrong	43,44	0.0	-1	1					0.0354522168636322	0.019603503867983818	0.07361431419849396	0.1892136037349701	0.5230138897895813	0.0	0.0
s0_yd	4	single	-1	wrong	59,30	0.0	-1	1					0.03737771511077881	0.025214510038495064	0.06367379426956177	0.07404966652393341	-0.51622474193573	0.0	0.0
s0_yd	4	single	-1	wrong	16,42	0.0	-1	1					0.08821751177310944	0.057165272533893585	0.06241282448172569	0.21128365397453308	0.09178036451339722	0.0	0.0
s0_yd	4	single	-1	wrong	1,51	0.0	-1	1					0.07769784331321716	0.07669639587402344	0.10279607772827148	0.12250229716300964	-0.12854218482971191	0.0	0.0
s0_yd	4	single	-1	wrong	1,39	0.0	-1	1					0.09025351703166962	0.07985925674438477	0.11363308131694794	0.1908540427684784	0.3490232229232788	0.0	0.0
s0_yd	4	single	-1	wrong	51,2	0.0	-1	1					0.05789165198802948	0.053059231489896774	0.16007068753242493	0.12696269154548645	-0.6910662651062012	0.0	0.0
s0_yd	4	single	-1	wrong	20,21	0.0	-1	1					0.031097639352083206	0.022459601983428	0.23846125602722168	0.07151338458061218	0.14512300491333008	0.0	0.0
s0_yd	4	single	-1	wrong	19,3	0.0	-1	1					0.14191822707653046	0.1094515323638916	0.12862607836723328	0.11098559200763702	0.45922812819480896	0.0	0.0
s0_yd	4	single	-1	wrong	10,0	0.0	-1	1					0.04242759197950363	0.034524571150541306	0.059652891010046005	0.0823703333735466	-0.8955091238021851	0.0	0.0
s0_yd	4	single	-1	wrong	56,21	0.0	-1	1					0.02774684689939022	0.020689696073532104	0.11140263080596924	0.10545633733272552	0.49982354044914246	0.0	0.0
s0_yd	4	single	-1	wrong	20,36	0.0	-1	1					0.03682241588830948	0.026806307956576347	0.24382519721984863	0.08619043231010437	-0.1525789499282837	0.0	0.0
s0_yd	4	single	-1	wrong	23,18	0.0	-1	1					0.12931784987449646	0.09858906269073486	0.1186748743057251	0.12576937675476074	-0.01446885522454977	0.0	0.0
s0_yd	4	single	-1	wrong	16,56	0.0	-1	1					0.07374665141105652	0.04328303411602974	0.06481358408927917	0.18573111295700073	0.41881710290908813	0.0	0.0
s0_yd	4	single	-1	wrong	16,7	0.0	-1	1					0.05797022953629494	0.04016510769724846	0.13052770495414734	0.2546575665473938	-0.3661290407180786	0.0	0.0
s0_yd	4	single	-1	wrong	20,14	0.0	-1	1					0.035163648426532745	0.024587469175457954	0.166158527135849	0.08842919021844864	-1.1710572242736816	0.0	0.0
s0_yd	4	single	-1	wrong	61,1	0.0	-1	1					0.028044655919075012	0.022344447672367096	0.08648858964443207	0.1406322419643402	0.302501380443573	0.0	0.0
s0_yd	4	single	-1	wrong	44,22	0.0	-1	1					0.02160464972257614	0.012409834191203117	0.1395539939403534	0.0783456563949585	0.2764839231967926	0.0	0.0
s0_yd	4	single	-1	wrong	57,8	0.0	-1	1					0.15843746066093445	0.13575881719589233	0.13756400346755981	0.13056866824626923	-0.06315578520298004	0.0	0.0
s0_yd	4	single	-1	wrong	56,6	0.0	-1	1					0.033802859485149384	0.031084885820746422	0.2322198450565338	0.11849850416183472	-1.4261126518249512	0.0	0.0
s0_yd	4	single	-1	wrong	20,13	0.0	-1	1					0.01985364593565464	0.0136092659085989	0.21510234475135803	0.0901276245713234	-1.1868960857391357	0.0	0.0
s0_yd	4	single	-1	wrong	11,28	0.0	-1	1					0.09490744024515152	0.09837746620178223	0.07864204049110413	0.09470893442630768	-0.5614901781082153	0.0	0.0
s0_yd	4	single	-1	wrong	25,14	0.0	-1	1					0.10470610857009888	0.08641822636127472	0.15438851714134216	0.15614871680736542	-0.6571358442306519	0.0	0.0
s0_yd	4	single	-1	wrong	18,18	0.0	-1	1					0.14813067018985748	0.13181817531585693	0.08205696195363998	0.07343779504299164	-0.46379464864730835	0.0	0.0
s0_yd	4	single	-1	wrong	2,14	0.0	-1	1					0.201421320438385	0.17809802293777466	0.12076457589864731	0.18256455659866333	-0.8533462882041931	0.0	0.0
s0_yd	4	single	-1	wrong	53,49	0.0	-1	1					0.1222512274980545	0.0815143808722496	0.13183878362178802	0.16575056314468384	-0.18471187353134155	0.0	0.0
s0_yd	4	single	-1	wrong	29,53	0.0	-1	1					0.20266419649124146	0.18951484560966492	0.13080906867980957	0.08848457038402557	-0.25035107135772705	0.0	0.0
s0_yd	4	single	-1	wrong	53,31	0.0	-1	1					0.12612009048461914	0.0795745998620987	0.0821729302406311	0.17862166464328766	-0.27753302454948425	0.0	0.0
s0_yd	4	single	-1	wrong	0,41	0.0	-1	1					0.11665940284729004	0.12385082244873047	0.10300591588020325	0.21646153926849365	0.01990896463394165	0.0	0.0
s0_yd	4	single	-1	wrong	53,52	0.0	-1	1					0.14767566323280334	0.11437685787677765	0.15803425014019012	0.1565122753381729	-0.2933720052242279	0.0	0.0
s0_yd	4	single	-1	wrong	45,45	0.0	-1	1					0.14050772786140442	0.10379329323768616	0.18461278080940247	0.15603233873844147	1.2583754062652588	0.0	0.0
s0_yd	4	single	-1	wrong	56,24	0.0	-1	1					0.019080836325883865	0.011606380343437195	0.09412611275911331	0.11900075525045395	0.20080316066741943	0.0	0.0
s0_yd	4	single	-1	wrong	17,12	0.0	-1	1					0.037043701857328415	0.021020259708166122	0.0504433736205101	0.13180482387542725	-0.8874950408935547	0.0	0.0
s0_yd	4	single	-1	wrong	24,57	0.0	-1	1					0.04910995811223984	0.03864578157663345	0.18763315677642822	0.027035128325223923	-0.18653632700443268	0.0	0.0
s0_yd	4	single	-1	wrong	40,2	0.0	-1	1					0.08922908455133438	0.07462409883737564	0.3290133476257324	0.11753109097480774	-0.8847007751464844	0.0	0.0
s0_yd	4	single	-1	wrong	51,8	0.0	-1	1					0.14450456202030182	0.13941854238510132	0.09796487540006638	0.12956389784812927	0.025734391063451767	0.0	0.0
s0_yd	4	single	-1	wrong	17,22	0.0	-1	1					0.016201253980398178	0.00801532156765461	0.021127549931406975	0.16333280503749847	0.2277715653181076	0.0	0.0
s0_yd	4	single	-1	wrong	41,46	0.0	-1	1					0.01684940606355667	0.013235529884696007	0.07785141468048096	0.12776845693588257	0.031884003430604935	0.0	0.0
s0_yd	4	single	-1	wrong	26,24	0.0	-1	1					0.0520516037940979	0.03127638250589371	0.1039847731590271	0.05766052007675171	-0.062434013932943344	0.0	0.0
s0_yd	4	single	-1	wrong	60,21	0.0	-1	1					0.14782127737998962	0.11631906032562256	0.2396448254585266	0.1864001452922821	1.1131501197814941	0.0	0.0
s0_yd	4	single	-1	wrong	62,0	0.0	-1	1					0.12458913773298264	0.13087713718414307	0.06458260118961334	0.21685706079006195	-0.7512527108192444	0.0	0.0
s0_yd	4	single	-1	wrong	47,19	0.0	-1	1					0.27443909645080566	0.29106491804122925	0.06693489104509354	0.16930940747261047	-0.1941491961479187	0.0	0.0
s0_yd	4	single	-1	wrong	44,11	0.0625	-1	1					0.03383015841245651	0.025267936289310455	0.14421391487121582	0.04631614312529564	-0.2149718701839447	0.0	0.0
s0_yd	4	single	-1	wrong	42,11	0.0	-1	1					0.08862917125225067	0.07177145034074783	0.08205471187829971	0.07328996062278748	-0.7226683497428894	0.0	0.0
s0_yd	4	single	-1	wrong	7,8	0.0	-1	1					0.12520268559455872	0.10087759792804718	0.13284173607826233	0.19766846299171448	0.3862755000591278	0.0	0.0
s0_yd	4	single	-1	wrong	23,25	0.05078125	-1	1					0.050163835287094116	0.035835154354572296	0.11612539738416672	0.14587309956550598	0.6757503747940063	0.0	0.0
s0_yd	4	single	-1	wrong	33,13	0.0	-1	1					0.0336146354675293	0.02205154113471508	0.17025229334831238	0.10316768288612366	-0.6944562196731567	0.0	0.0
s0_yd	4	single	-1	wrong	2,49	0.0	-1	1					0.16956296563148499	0.14440101385116577	0.12430937588214874	0.15127664804458618	-0.14893968403339386	0.0	0.0
s0_yd	4	single	-1	wrong	34,28	0.0	-1	1					0.1722254753112793	0.17132341861724854	0.09140020608901978	0.182761088013649	-0.05971084535121918	0.0	0.0
s0_yd	4	single	-1	wrong	58,6	0.0	-1	1					0.09639245271682739	0.08545258641242981	0.1632133573293686	0.105577751994133	-1.3216865062713623	0.0	0.0
s0_yd	4	single	-1	wrong	43,39	0.0	-1	1					0.028260763734579086	0.016130981966853142	0.06791660189628601	0.1752137839794159	0.25245362520217896	0.0	0.0
s0_yd	4	single	-1	wrong	37,7	0.0	-1	1					0.22452345490455627	0.21708305180072784	0.2916067838668823	0.20135343074798584	-0.48747116327285767	0.0	0.0
s0_yd	4	single	-1	wrong	0,48	0.0	-1	1					0.10139401257038116	0.10994480550289154	0.15474069118499756	0.14940154552459717	-0.012923668138682842	0.0	0.0
s0_yd	4	single	-1	wrong	50,30	0.0	-1	1					0.018549367785453796	0.015688996762037277	0.06096750497817993	0.07550102472305298	-0.1742379367351532	0.0	0.0
s0_yd	4	single	-1	wrong	53,2	0.0	-1	1					0.12828290462493896	0.11588779091835022	0.2519527077674866	0.2028658390045166	-0.4374779462814331	0.0	0.0
s0_yd	5	delta	0	true	10,432	0.0	0	97	0.0	0.0	0.0	0.0	0.1525149643421173	0.12148059904575348	0.3181558847427368	0.22200697660446167	0.0	0.0	0.0
s0_yd	5	delta	0	true	13,448	0.0	0	97	0.0	0.0	0.0	0.0	0.1525149643421173	0.12148059904575348	0.3181558847427368	0.22200697660446167	0.0	-0.10778200626373291	-0.02289019525051117
s0_yd	5	delta	0	true	14,483	0.0	0	97	0.0	0.0	0.0	0.0	0.1525149643421173	0.12148059904575348	0.3181558847427368	0.22200697660446167	0.0	-7.748603820800781e-07	0.0
s0_yd	5	delta	0	true	77,434	0.0	0	97	0.0	0.0	0.0	0.0	0.1525149643421173	0.12148059904575348	0.3181558847427368	0.22200697660446167	0.0	0.0	0.0
s0_yd	5	delta	0	true	768,862	0.0	0	97	0.0	0.0	0.0	0.0	0.1525149643421173	0.12148059904575348	0.3181558847427368	0.22200697660446167	0.0	-1.2546777725219727e-05	0.0
s0_yd	5	delta	0	true	891,827	0.0	0	97	0.0	0.0	0.0	0.0	0.1525149643421173	0.12148059904575348	0.3181558847427368	0.22200697660446167	0.0	-3.2782554626464844e-07	0.0
s0_yd	5	delta	0	true	294,50	0.0	0	97	0.0	0.0	0.0	0.0	0.1525149643421173	0.12148059904575348	0.3181558847427368	0.22200697660446167	0.0	0.0	0.0
s0_yd	5	delta	0	true	312,95	0.0	0	97	0.0	0.0	0.0	0.0	0.1525149643421173	0.12148059904575348	0.3181558847427368	0.22200697660446167	0.0	-1.1920928955078125e-07	0.0
s0_yd	5	delta	0	true	325,97	0.0	0	97	0.0	0.0	0.0	0.0	0.1525149643421173	0.12148059904575348	0.3181558847427368	0.22200697660446167	0.0	-0.003594011068344116	0.0
s0_yd	5	delta	0	true	364,25	0.0	0	97	0.0	0.0	0.0	0.0	0.1525149643421173	0.12148059904575348	0.3181558847427368	0.22200697660446167	0.0	-2.5212764739990234e-05	0.0
s0_yd	5	delta	0	true	7,776	-0.4765625	224	97	-0.054817602038383484	-0.04816792160272598	0.024727344512939453	0.011817008256912231	0.09769736230373383	0.0733126774430275	0.34288322925567627	0.2338239848613739	0.026734888553619385	-0.31999671459198	-0.11059685796499252
s0_yd	5	delta	0	true	56,886	0.0	0	97	0.0	0.0	0.0	0.0	0.1525149643421173	0.12148059904575348	0.3181558847427368	0.22200697660446167	0.0	0.0	0.0
s0_yd	5	delta	0	true	56,887	0.0	0	97	0.0	0.0	0.0	0.0	0.1525149643421173	0.12148059904575348	0.3181558847427368	0.22200697660446167	0.0	-1.1920928955078125e-07	0.0
s0_yd	5	delta	0	true	61,822	0.0	0	97	0.0	0.0	0.0	0.0	0.1525149643421173	0.12148059904575348	0.3181558847427368	0.22200697660446167	0.0	-0.00012004375457763672	0.0
s0_yd	5	delta	0	true	400,239	0.0	0	97	0.0	0.0	0.0	0.0	0.1525149643421173	0.12148059904575348	0.3181558847427368	0.22200697660446167	0.0	-5.27501106262207e-06	0.0
s0_yd	5	delta	0	true	490,178	0.0	0	97	0.0	0.0	0.0	0.0	0.1525149643421173	0.12148059904575348	0.3181558847427368	0.22200697660446167	0.0	0.0	0.0
s0_yd	5	delta	0	true	508,250	0.0	0	97	0.0	0.0	0.0	0.0	0.1525149643421173	0.12148059904575348	0.3181558847427368	0.22200697660446167	0.0	-1.1622905731201172e-05	0.0
s0_yd	5	delta	0	true	687,895	0.0	0	97	0.0	0.0	0.0	0.0	0.1525149643421173	0.12148059904575348	0.3181558847427368	0.22200697660446167	0.0	-1.1324882507324219e-06	0.0
s0_yd	5	delta	0	true	810,842	0.0	0	97	0.0	0.0	0.0	0.0	0.1525149643421173	0.12148059904575348	0.3181558847427368	0.22200697660446167	0.0	-5.960464477539063e-08	0.0
s0_yd	5	delta	0	true	822,849	0.0	0	97	0.0	0.0	0.0	0.0	0.1525149643421173	0.12148059904575348	0.3181558847427368	0.22200697660446167	0.0	-7.152557373046875e-07	0.0
s0_yd	5	delta	0	true	828,798	0.0	0	97	0.0	0.0	0.0	0.0	0.1525149643421173	0.12148059904575348	0.3181558847427368	0.22200697660446167	0.0	-1.1920928955078125e-07	0.0
s0_yd	5	delta	0	true	226,95	0.0	0	97	0.0	0.0	0.0	0.0	0.1525149643421173	0.12148059904575348	0.3181558847427368	0.22200697660446167	0.0	-4.172325134277344e-07	0.0
s0_yd	5	delta	0	true	429,371	0.0	0	97	0.0	0.0	0.0	0.0	0.1525149643421173	0.12148059904575348	0.3181558847427368	0.22200697660446167	0.0	-1.7881393432617188e-07	0.0
s0_yd	5	delta	0	true	435,272	0.0	0	97	0.0	0.0	0.0	0.0	0.1525149643421173	0.12148059904575348	0.3181558847427368	0.22200697660446167	0.0	-1.1920928955078125e-06	0.0
s0_yd	5	delta	0	true	464,307	0.0	0	97	0.0	0.0	0.0	0.0	0.1525149643421173	0.12148059904575348	0.3181558847427368	0.22200697660446167	0.0	-1.1920928955078125e-07	0.0
s0_yd	5	delta	0	true	464,383	0.0	0	97	0.0	0.0	0.0	0.0	0.1525149643421173	0.12148059904575348	0.3181558847427368	0.22200697660446167	0.0	-3.0100345611572266e-05	0.0
s0_yd	5	delta	0	true	699,80	0.0	0	97	0.0	0.0	0.0	0.0	0.1525149643421173	0.12148059904575348	0.3181558847427368	0.22200697660446167	0.0	-0.0013325214385986328	0.0
s0_yd	5	delta	0	true	712,118	0.0	0	97	0.0	0.0	0.0	0.0	0.1525149643421173	0.12148059904575348	0.3181558847427368	0.22200697660446167	0.0	-0.00027167797088623047	0.0
s0_yd	5	delta	0	true	718,85	0.0	0	97	0.0	0.0	0.0	0.0	0.1525149643421173	0.12148059904575348	0.3181558847427368	0.22200697660446167	0.0	-5.841255187988281e-06	0.0
s0_yd	5	delta	0	true	751,39	0.0	0	97	0.0	0.0	0.0	0.0	0.1525149643421173	0.12148059904575348	0.3181558847427368	0.22200697660446167	0.0	-2.956390380859375e-05	0.0
s0_yd	5	delta	0	true	165,396	0.0	0	97	0.0	0.0	0.0	0.0	0.1525149643421173	0.12148059904575348	0.3181558847427368	0.22200697660446167	0.0	-0.0005362033843994141	0.0
s0_yd	5	delta	0	true	195,445	0.0	0	97	0.0	0.0	0.0	0.0	0.1525149643421173	0.12148059904575348	0.3181558847427368	0.22200697660446167	0.0	-8.660554885864258e-05	0.0
s0_yd	5	delta	0	true	238,410	0.0	0	97	0.0	0.0	0.0	0.0	0.1525149643421173	0.12148059904575348	0.3181558847427368	0.22200697660446167	0.0	-3.731250762939453e-05	0.0
s0_yd	5	delta	0	true	251,462	0.0	0	97	0.0	0.0	0.0	0.0	0.1525149643421173	0.12148059904575348	0.3181558847427368	0.22200697660446167	0.0	-0.008737683296203613	0.0
s0_yd	5	delta	0	true	330,475	0.0	0	97	0.0	0.0	0.0	0.0	0.1525149643421173	0.12148059904575348	0.3181558847427368	0.22200697660446167	0.0	-2.384185791015625e-07	0.0
s0_yd	5	delta	0	true	906,6	0.0	0	97	0.0	0.0	0.0	0.0	0.1525149643421173	0.12148059904575348	0.3181558847427368	0.22200697660446167	0.0	-7.450580596923828e-07	0.0
s0_yd	5	delta	0	true	984,109	0.0	0	97	0.0	0.0	0.0	0.0	0.1525149643421173	0.12148059904575348	0.3181558847427368	0.22200697660446167	0.0	-5.9604644775390625e-06	0.0
s0_yd	5	delta	0	true	1012,18	0.0	0	97	0.0	0.0	0.0	0.0	0.1525149643421173	0.12148059904575348	0.3181558847427368	0.22200697660446167	0.0	-4.470348358154297e-07	0.0
s0_yd	5	delta	0	true	1017,41	0.0	0	97	0.0	0.0	0.0	0.0	0.1525149643421173	0.12148059904575348	0.3181558847427368	0.22200697660446167	0.0	-0.0003758370876312256	0.0
s0_yd	5	delta	0	true	52,63	0.0	0	97	0.0	0.0	0.0	0.0	0.1525149643421173	0.12148059904575348	0.3181558847427368	0.22200697660446167	0.0	-0.00035509467124938965	0.0
s0_yd	5	delta	0	true	98,63	0.0	0	97	0.0	0.0	0.0	0.0	0.1525149643421173	0.12148059904575348	0.3181558847427368	0.22200697660446167	0.0	-0.0003247261047363281	0.0
s0_yd	5	delta	0	true	276,667	0.0	0	97	0.0	0.0	0.0	0.0	0.1525149643421173	0.12148059904575348	0.3181558847427368	0.22200697660446167	0.0	-0.0003911256790161133	0.0
s0_yd	5	delta	0	true	331,755	0.0	0	97	0.0	0.0	0.0	0.0	0.1525149643421173	0.12148059904575348	0.3181558847427368	0.22200697660446167	0.0	-4.172325134277344e-07	0.0
s0_yd	5	delta	0	true	380,759	0.0	0	97	0.0	0.0	0.0	0.0	0.1525149643421173	0.12148059904575348	0.3181558847427368	0.22200697660446167	0.0	0.0	0.0
s0_yd	5	delta	0	true	133,581	0.0	0	97	0.0	0.0	0.0	0.0	0.1525149643421173	0.12148059904575348	0.3181558847427368	0.22200697660446167	0.0	-0.2099255919456482	-0.06624502688646317
s0_yd	5	delta	0	true	170,613	0.0	0	97	0.0	0.0	0.0	0.0	0.1525149643421173	0.12148059904575348	0.3181558847427368	0.22200697660446167	0.0	-0.00037869811058044434	0.0
s0_yd	5	delta	0	true	224,601	0.0	0	97	0.0	0.0	0.0	0.0	0.1525149643421173	0.12148059904575348	0.3181558847427368	0.22200697660446167	0.0	-1.4126300811767578e-05	0.0
s0_yd	5	delta	0	true	254,512	0.0	0	97	0.0	0.0	0.0	0.0	0.1525149643421173	0.12148059904575348	0.3181558847427368	0.22200697660446167	0.0	-0.0038385093212127686	0.0
s0_yd	5	delta	0	wrong	242,861	0.0	0	97	0.0	0.0	0.0	0.0	0.1525149643421173	0.12148059904575348	0.3181558847427368	0.22200697660446167	0.0	-1.9848346710205078e-05	0.0
s0_yd	5	delta	0	wrong	697,270	0.0	0	97	0.0	0.0	0.0	0.0	0.1525149643421173	0.12148059904575348	0.3181558847427368	0.22200697660446167	0.0	-1.0132789611816406e-06	0.0
s0_yd	5	delta	0	wrong	615,675	0.0	0	97	0.0	0.0	0.0	0.0	0.1525149643421173	0.12148059904575348	0.3181558847427368	0.22200697660446167	0.0	-2.9802322387695312e-08	0.0
s0_yd	5	delta	0	wrong	110,941	0.0	0	97	0.0	0.0	0.0	0.0	0.1525149643421173	0.12148059904575348	0.3181558847427368	0.22200697660446167	0.0	-1.0728836059570312e-06	0.0
s0_yd	5	delta	0	wrong	469,651	0.0	0	97	0.0	0.0	0.0	0.0	0.1525149643421173	0.12148059904575348	0.3181558847427368	0.22200697660446167	0.0	-6.890296936035156e-05	0.0
s0_yd	5	delta	0	wrong	714,952	0.0	0	97	0.0	0.0	0.0	0.0	0.1525149643421173	0.12148059904575348	0.3181558847427368	0.22200697660446167	0.0	-1.817941665649414e-05	0.0
s0_yd	5	delta	0	wrong	247,136	0.0	0	97	0.0	0.0	0.0	0.0	0.1525149643421173	0.12148059904575348	0.3181558847427368	0.22200697660446167	0.0	-2.3245811462402344e-06	0.0
s0_yd	5	delta	0	wrong	871,6	0.0	0	97	0.0	0.0	0.0	0.0	0.1525149643421173	0.12148059904575348	0.3181558847427368	0.22200697660446167	0.0	0.0	0.0
s0_yd	5	delta	0	wrong	66,336	0.0	0	97	0.0	0.0	0.0	0.0	0.1525149643421173	0.12148059904575348	0.3181558847427368	0.22200697660446167	0.0	-1.7881393432617188e-07	0.0
s0_yd	5	delta	0	wrong	951,906	0.0	0	97	0.0	0.0	0.0	0.0	0.1525149643421173	0.12148059904575348	0.3181558847427368	0.22200697660446167	0.0	-3.933906555175781e-05	0.0
s0_yd	5	delta	0	wrong	634,731	0.0	0	97	0.0	0.0	0.0	0.0	0.1525149643421173	0.12148059904575348	0.3181558847427368	0.22200697660446167	0.0	-0.00020819902420043945	0.0
s0_yd	5	delta	0	wrong	481,44	0.0	0	97	0.0	0.0	0.0	0.0	0.1525149643421173	0.12148059904575348	0.3181558847427368	0.22200697660446167	0.0	-1.1920928955078125e-07	0.0
s0_yd	5	delta	0	wrong	376,335	0.0	0	97	0.0	0.0	0.0	0.0	0.1525149643421173	0.12148059904575348	0.3181558847427368	0.22200697660446167	0.0	-4.351139068603516e-06	0.0
s0_yd	5	delta	0	wrong	867,239	0.0	0	97	0.0	0.0	0.0	0.0	0.1525149643421173	0.12148059904575348	0.3181558847427368	0.22200697660446167	0.0	-2.384185791015625e-07	0.0
s0_yd	5	delta	0	wrong	1009,1018	0.0	0	97	0.0	0.0	0.0	0.0	0.1525149643421173	0.12148059904575348	0.3181558847427368	0.22200697660446167	0.0	-9.298324584960938e-06	0.0
s0_yd	5	delta	0	wrong	843,684	0.0	0	97	0.0	0.0	0.0	0.0	0.1525149643421173	0.12148059904575348	0.3181558847427368	0.22200697660446167	0.0	-0.005443453788757324	0.0
s0_yd	5	delta	0	wrong	255,708	0.0	0	97	0.0	0.0	0.0	0.0	0.1525149643421173	0.12148059904575348	0.3181558847427368	0.22200697660446167	0.0	0.0	0.0
s0_yd	5	delta	0	wrong	1019,256	0.0	0	97	0.0	0.0	0.0	0.0	0.1525149643421173	0.12148059904575348	0.3181558847427368	0.22200697660446167	0.0	-2.1457672119140625e-06	0.0
s0_yd	5	delta	0	wrong	175,306	0.0	0	97	0.0	0.0	0.0	0.0	0.1525149643421173	0.12148059904575348	0.3181558847427368	0.22200697660446167	0.0	-1.3113021850585938e-06	0.0
s0_yd	5	delta	0	wrong	858,751	0.0	0	97	0.0	0.0	0.0	0.0	0.1525149643421173	0.12148059904575348	0.3181558847427368	0.22200697660446167	0.0	-2.086162567138672e-07	0.0
s0_yd	5	delta	0	wrong	854,27	0.0	0	97	0.0	0.0	0.0	0.0	0.1525149643421173	0.12148059904575348	0.3181558847427368	0.22200697660446167	0.0	-1.4901161193847656e-07	0.0
s0_yd	5	delta	0	wrong	314,540	0.0	0	97	0.0	0.0	0.0	0.0	0.1525149643421173	0.12148059904575348	0.3181558847427368	0.22200697660446167	0.0	0.0	0.0
s0_yd	5	delta	0	wrong	297,263	0.0	0	97	0.0	0.0	0.0	0.0	0.1525149643421173	0.12148059904575348	0.3181558847427368	0.22200697660446167	0.0	0.0	0.0
s0_yd	5	delta	0	wrong	553,309	0.0	0	97	0.0	0.0	0.0	0.0	0.1525149643421173	0.12148059904575348	0.3181558847427368	0.22200697660446167	0.0	-2.086162567138672e-06	0.0
s0_yd	5	delta	0	wrong	581,199	0.0	0	97	0.0	0.0	0.0	0.0	0.1525149643421173	0.12148059904575348	0.3181558847427368	0.22200697660446167	0.0	-1.3709068298339844e-06	0.0
s0_yd	5	delta	0	wrong	46,380	0.0	0	97	0.0	0.0	0.0	0.0	0.1525149643421173	0.12148059904575348	0.3181558847427368	0.22200697660446167	0.0	-9.5367431640625e-07	0.0
s0_yd	5	delta	0	wrong	664,612	0.0	0	97	0.0	0.0	0.0	0.0	0.1525149643421173	0.12148059904575348	0.3181558847427368	0.22200697660446167	0.0	-0.0002714097499847412	0.0
s0_yd	5	delta	0	wrong	296,575	0.0	0	97	0.0	0.0	0.0	0.0	0.1525149643421173	0.12148059904575348	0.3181558847427368	0.22200697660446167	0.0	-1.1920928955078125e-07	0.0
s0_yd	5	delta	0	wrong	175,237	0.0	0	97	0.0	0.0	0.0	0.0	0.1525149643421173	0.12148059904575348	0.3181558847427368	0.22200697660446167	0.0	-9.5367431640625e-06	0.0
s0_yd	5	delta	0	wrong	805,656	0.0	0	97	0.0	0.0	0.0	0.0	0.1525149643421173	0.12148059904575348	0.3181558847427368	0.22200697660446167	0.0	-3.5762786865234375e-07	0.0
s0_yd	5	delta	0	wrong	513,189	0.0	0	97	0.0	0.0	0.0	0.0	0.1525149643421173	0.12148059904575348	0.3181558847427368	0.22200697660446167	0.0	-1.0728836059570312e-05	0.0
s0_yd	5	delta	0	wrong	560,22	0.0	0	97	0.0	0.0	0.0	0.0	0.1525149643421173	0.12148059904575348	0.3181558847427368	0.22200697660446167	0.0	-9.5367431640625e-07	0.0
s0_yd	5	delta	0	wrong	847,1006	0.0	0	97	0.0	0.0	0.0	0.0	0.1525149643421173	0.12148059904575348	0.3181558847427368	0.22200697660446167	0.0	0.0	0.0
s0_yd	5	delta	0	wrong	14,327	0.0	0	97	0.0	0.0	0.0	0.0	0.1525149643421173	0.12148059904575348	0.3181558847427368	0.22200697660446167	0.0	-1.7881393432617188e-06	0.0
s0_yd	5	delta	0	wrong	695,152	0.0	0	97	0.0	0.0	0.0	0.0	0.1525149643421173	0.12148059904575348	0.3181558847427368	0.22200697660446167	0.0	-0.00021454691886901855	0.0
s0_yd	5	delta	0	wrong	26,660	0.0	0	97	0.0	0.0	0.0	0.0	0.1525149643421173	0.12148059904575348	0.3181558847427368	0.22200697660446167	0.0	-0.0008573532104492188	0.0
s0_yd	5	delta	0	wrong	341,601	0.0	0	97	0.0	0.0	0.0	0.0	0.1525149643421173	0.12148059904575348	0.3181558847427368	0.22200697660446167	0.0	-5.960464477539063e-08	0.0
s0_yd	5	delta	0	wrong	149,187	0.0	0	97	0.0	0.0	0.0	0.0	0.1525149643421173	0.12148059904575348	0.3181558847427368	0.22200697660446167	0.0	-0.0008320808410644531	0.0
s0_yd	5	delta	0	wrong	624,188	0.0	0	97	0.0	0.0	0.0	0.0	0.1525149643421173	0.12148059904575348	0.3181558847427368	0.22200697660446167	0.0	0.0	0.0
s0_yd	5	delta	0	wrong	955,967	0.0	0	97	0.0	0.0	0.0	0.0	0.1525149643421173	0.12148059904575348	0.3181558847427368	0.22200697660446167	0.0	-0.0005420148372650146	0.0
s0_yd	5	delta	0	wrong	1000,202	0.0	0	97	0.0	0.0	0.0	0.0	0.1525149643421173	0.12148059904575348	0.3181558847427368	0.22200697660446167	0.0	-3.2782554626464844e-06	0.0
s0_yd	5	delta	0	wrong	597,255	0.0	0	97	0.0	0.0	0.0	0.0	0.1525149643421173	0.12148059904575348	0.3181558847427368	0.22200697660446167	0.0	-2.1278858184814453e-05	0.0
s0_yd	5	delta	0	wrong	521,342	0.0	0	97	0.0	0.0	0.0	0.0	0.1525149643421173	0.12148059904575348	0.3181558847427368	0.22200697660446167	0.0	-5.960464477539063e-08	0.0
s0_yd	5	delta	0	wrong	544,517	0.0	0	97	0.0	0.0	0.0	0.0	0.1525149643421173	0.12148059904575348	0.3181558847427368	0.22200697660446167	0.0	-6.288290023803711e-05	0.0
s0_yd	5	delta	0	wrong	576,793	0.0	0	97	0.0	0.0	0.0	0.0	0.1525149643421173	0.12148059904575348	0.3181558847427368	0.22200697660446167	0.0	-0.00011497735977172852	0.0
s0_yd	5	delta	0	wrong	937,900	0.0	0	97	0.0	0.0	0.0	0.0	0.1525149643421173	0.12148059904575348	0.3181558847427368	0.22200697660446167	0.0	-2.682209014892578e-06	0.0
s0_yd	5	delta	0	wrong	405,400	0.0	0	97	0.0	0.0	0.0	0.0	0.1525149643421173	0.12148059904575348	0.3181558847427368	0.22200697660446167	0.0	-6.556510925292969e-06	0.0
s0_yd	5	delta	0	wrong	106,964	0.0	0	97	0.0	0.0	0.0	0.0	0.1525149643421173	0.12148059904575348	0.3181558847427368	0.22200697660446167	0.0	-5.364418029785156e-07	0.0
s0_yd	5	delta	1	true	8,448	0.0	0	97	0.0	0.0	0.0	0.0	0.25359880924224854	0.23212020099163055	0.23670481145381927	0.3113698661327362	0.0	-0.0021362900733947754	0.0
s0_yd	5	delta	1	true	36,495	0.0	0	97	0.0	0.0	0.0	0.0	0.25359880924224854	0.23212020099163055	0.23670481145381927	0.3113698661327362	0.0	-7.152557373046875e-07	0.0
s0_yd	5	delta	1	true	127,392	0.0	0	97	0.0	0.0	0.0	0.0	0.25359880924224854	0.23212020099163055	0.23670481145381927	0.3113698661327362	0.0	-3.039836883544922e-06	0.0
s0_yd	5	delta	1	true	281,8	0.0	0	97	0.0	0.0	0.0	0.0	0.25359880924224854	0.23212020099163055	0.23670481145381927	0.3113698661327362	0.0	-1.1920928955078125e-07	0.0
s0_yd	5	delta	1	true	290,26	0.0	0	97	0.0	0.0	0.0	0.0	0.25359880924224854	0.23212020099163055	0.23670481145381927	0.3113698661327362	0.0	-5.960464477539063e-08	0.0
s0_yd	5	delta	1	true	315,20	0.0	0	97	0.0	0.0	0.0	0.0	0.25359880924224854	0.23212020099163055	0.23670481145381927	0.3113698661327362	0.0	-5.960464477539063e-08	0.0
s0_yd	5	delta	1	true	342,110	0.0	0	97	0.0	0.0	0.0	0.0	0.25359880924224854	0.23212020099163055	0.23670481145381927	0.3113698661327362	0.0	-5.960464477539063e-08	0.0
s0_yd	5	delta	1	true	82,796	0.0	0	97	0.0	0.0	0.0	0.0	0.25359880924224854	0.23212020099163055	0.23670481145381927	0.3113698661327362	0.0	0.0	0.0
s0_yd	5	delta	1	true	84,801	0.0	0	97	0.0	0.0	0.0	0.0	0.25359880924224854	0.23212020099163055	0.23670481145381927	0.3113698661327362	0.0	-1.3113021850585938e-06	0.0
s0_yd	5	delta	1	true	404,218	0.0	0	97	0.0	0.0	0.0	0.0	0.25359880924224854	0.23212020099163055	0.23670481145381927	0.3113698661327362	0.0	-4.76837158203125e-07	0.0
s0_yd	5	delta	1	true	642,831	0.0	0	97	0.0	0.0	0.0	0.0	0.25359880924224854	0.23212020099163055	0.23670481145381927	0.3113698661327362	0.0	-1.3172626495361328e-05	0.0
s0_yd	5	delta	1	true	642,877	0.0	0	97	0.0	0.0	0.0	0.0	0.25359880924224854	0.23212020099163055	0.23670481145381927	0.3113698661327362	0.0	-0.0016682744026184082	0.0
s0_yd	5	delta	1	true	699,887	0.0	0	97	0.0	0.0	0.0	0.0	0.25359880924224854	0.23212020099163055	0.23670481145381927	0.3113698661327362	0.0	-5.960464477539063e-08	0.0
s0_yd	5	delta	1	true	701,780	0.0	0	97	0.0	0.0	0.0	0.0	0.25359880924224854	0.23212020099163055	0.23670481145381927	0.3113698661327362	0.0	-4.398822784423828e-05	0.0
s0_yd	5	delta	1	true	796,829	0.0	0	97	0.0	0.0	0.0	0.0	0.25359880924224854	0.23212020099163055	0.23670481145381927	0.3113698661327362	0.0	-1.1920928955078125e-07	0.0
s0_yd	5	delta	1	true	816,890	0.0	0	97	0.0	0.0	0.0	0.0	0.25359880924224854	0.23212020099163055	0.23670481145381927	0.3113698661327362	0.0	-4.76837158203125e-07	0.0
s0_yd	5	delta	1	true	181,16	0.0	0	97	0.0	0.0	0.0	0.0	0.25359880924224854	0.23212020099163055	0.23670481145381927	0.3113698661327362	0.0	-1.9729137420654297e-05	0.0
s0_yd	5	delta	1	true	181,69	0.0	0	97	0.0	0.0	0.0	0.0	0.25359880924224854	0.23212020099163055	0.23670481145381927	0.3113698661327362	0.0	-5.185604095458984e-06	0.0
s0_yd	5	delta	1	true	189,76	0.0	0	97	0.0	0.0	0.0	0.0	0.25359880924224854	0.23212020099163055	0.23670481145381927	0.3113698661327362	0.0	-5.960464477539063e-08	0.0
s0_yd	5	delta	1	true	212,29	0.0	0	97	0.0	0.0	0.0	0.0	0.25359880924224854	0.23212020099163055	0.23670481145381927	0.3113698661327362	0.0	-1.150369644165039e-05	0.0
s0_yd	5	delta	1	true	230,75	0.0	0	97	0.0	0.0	0.0	0.0	0.25359880924224854	0.23212020099163055	0.23670481145381927	0.3113698661327362	0.0	0.0	0.0
s0_yd	5	delta	1	true	238,124	0.0	0	97	0.0	0.0	0.0	0.0	0.25359880924224854	0.23212020099163055	0.23670481145381927	0.3113698661327362	0.0	-2.980232238769531e-07	0.0
s0_yd	5	delta	1	true	252,4	0.0	0	97	0.0	0.0	0.0	0.0	0.25359880924224854	0.23212020099163055	0.23670481145381927	0.3113698661327362	0.0	-5.960464477539063e-08	0.0
s0_yd	5	delta	1	true	450,281	0.0	0	97	0.0	0.0	0.0	0.0	0.25359880924224854	0.23212020099163055	0.23670481145381927	0.3113698661327362	0.0	-8.940696716308594e-07	0.0
s0_yd	5	delta	1	true	459,292	0.0	0	97	0.0	0.0	0.0	0.0	0.25359880924224854	0.23212020099163055	0.23670481145381927	0.3113698661327362	0.0	-2.4437904357910156e-06	0.0
s0_yd	5	delta	1	true	463,332	0.0	0	97	0.0	0.0	0.0	0.0	0.25359880924224854	0.23212020099163055	0.23670481145381927	0.3113698661327362	0.0	0.0	0.0
s0_yd	5	delta	1	true	478,305	0.0	0	97	0.0	0.0	0.0	0.0	0.25359880924224854	0.23212020099163055	0.23670481145381927	0.3113698661327362	0.0	0.0	0.0
s0_yd	5	delta	1	true	485,338	0.0	0	97	0.0	0.0	0.0	0.0	0.25359880924224854	0.23212020099163055	0.23670481145381927	0.3113698661327362	0.0	-1.1920928955078125e-07	0.0
s0_yd	5	delta	1	true	502,310	0.0	0	97	0.0	0.0	0.0	0.0	0.25359880924224854	0.23212020099163055	0.23670481145381927	0.3113698661327362	0.0	0.0	0.0
s0_yd	5	delta	1	true	647,52	0.0	0	97	0.0	0.0	0.0	0.0	0.25359880924224854	0.23212020099163055	0.23670481145381927	0.3113698661327362	0.0	-5.960464477539063e-08	0.0
s0_yd	5	delta	1	true	650,40	0.0	0	97	0.0	0.0	0.0	0.0	0.25359880924224854	0.23212020099163055	0.23670481145381927	0.3113698661327362	0.0	-0.00018906593322753906	0.0
s0_yd	5	delta	1	true	712,113	0.0	0	97	0.0	0.0	0.0	0.0	0.25359880924224854	0.23212020099163055	0.23670481145381927	0.3113698661327362	0.0	-0.002533137798309326	0.0
s0_yd	5	delta	1	true	730,21	0.0	0	97	0.0	0.0	0.0	0.0	0.25359880924224854	0.23212020099163055	0.23670481145381927	0.3113698661327362	0.0	-0.0006284117698669434	0.0
s0_yd	5	delta	1	true	145,489	0.0	0	97	0.0	0.0	0.0	0.0	0.25359880924224854	0.23212020099163055	0.23670481145381927	0.3113698661327362	0.0	-0.0074332356452941895	0.0
s0_yd	5	delta	1	true	201,410	0.0	0	97	0.0	0.0	0.0	0.0	0.25359880924224854	0.23212020099163055	0.23670481145381927	0.3113698661327362	0.0	-0.0006503462791442871	0.0
s0_yd	5	delta	1	true	205,389	0.0	0	97	0.0	0.0	0.0	0.0	0.25359880924224854	0.23212020099163055	0.23670481145381927	0.3113698661327362	0.0	-4.0531158447265625e-06	0.0
s0_yd	5	delta	1	true	239,471	0.0	0	97	0.0	0.0	0.0	0.0	0.25359880924224854	0.23212020099163055	0.23670481145381927	0.3113698661327362	0.0	-8.940696716308594e-06	0.0
s0_yd	5	delta	1	true	262,480	0.0	0	97	0.0	0.0	0.0	0.0	0.25359880924224854	0.23212020099163055	0.23670481145381927	0.3113698661327362	0.0	-6.556510925292969e-07	0.0
s0_yd	5	delta	1	true	270,509	0.0	0	97	0.0	0.0	0.0	0.0	0.25359880924224854	0.23212020099163055	0.23670481145381927	0.3113698661327362	0.0	-7.748603820800781e-07	0.0
s0_yd	5	delta	1	true	271,486	0.0	0	97	0.0	0.0	0.0	0.0	0.25359880924224854	0.23212020099163055	0.23670481145381927	0.3113698661327362	0.0	-1.1920928955078125e-07	0.0
s0_yd	5	delta	1	true	323,396	0.0	0	97	0.0	0.0	0.0	0.0	0.25359880924224854	0.23212020099163055	0.23670481145381927	0.3113698661327362	0.0	-8.821487426757812e-06	0.0
s0_yd	5	delta	1	true	344,440	0.0	0	97	0.0	0.0	0.0	0.0	0.25359880924224854	0.23212020099163055	0.23670481145381927	0.3113698661327362	0.0	-1.7881393432617188e-07	0.0
s0_yd	5	delta	1	true	923,114	0.00390625	2	97	0.0009933412075042725	0.0002390742301940918	-0.0009801238775253296	0.0006203651428222656	0.2545921504497528	0.23235927522182465	0.23572468757629395	0.31199023127555847	5.245208740234375e-05	-0.1733074188232422	-0.004765734076499939
s0_yd	5	delta	1	true	941,20	0.0	0	97	0.0	0.0	0.0	0.0	0.25359880924224854	0.23212020099163055	0.23670481145381927	0.3113698661327362	0.0	-1.0132789611816406e-06	0.0
s0_yd	5	delta	1	true	26,27	0.0	0	97	0.0	0.0	0.0	0.0	0.25359880924224854	0.23212020099163055	0.23670481145381927	0.3113698661327362	0.0	-2.4437904357910156e-06	0.0
s0_yd	5	delta	1	true	317,750	0.0	0	97	0.0	0.0	0.0	0.0	0.25359880924224854	0.23212020099163055	0.23670481145381927	0.3113698661327362	0.0	-4.172325134277344e-06	0.0
s0_yd	5	delta	1	true	330,717	0.0	0	97	0.0	0.0	0.0	0.0	0.25359880924224854	0.23212020099163055	0.23670481145381927	0.3113698661327362	0.0	-3.5762786865234375e-07	0.0
s0_yd	5	delta	1	true	196,631	0.0	0	97	0.0	0.0	0.0	0.0	0.25359880924224854	0.23212020099163055	0.23670481145381927	0.3113698661327362	0.0	-1.1920928955078125e-07	0.0
s0_yd	5	delta	1	wrong	242,861	0.0	0	97	0.0	0.0	0.0	0.0	0.25359880924224854	0.23212020099163055	0.23670481145381927	0.3113698661327362	0.0	-1.5676021575927734e-05	0.0
s0_yd	5	delta	1	wrong	697,270	0.0	0	97	0.0	0.0	0.0	0.0	0.25359880924224854	0.23212020099163055	0.23670481145381927	0.3113698661327362	0.0	-8.344650268554688e-07	0.0
s0_yd	5	delta	1	wrong	615,675	0.0	0	97	0.0	0.0	0.0	0.0	0.25359880924224854	0.23212020099163055	0.23670481145381927	0.3113698661327362	0.0	-5.960464477539063e-08	0.0
s0_yd	5	delta	1	wrong	110,941	0.0	0	97	0.0	0.0	0.0	0.0	0.25359880924224854	0.23212020099163055	0.23670481145381927	0.3113698661327362	0.0	-8.940696716308594e-07	0.0
s0_yd	5	delta	1	wrong	469,651	0.0	0	97	0.0	0.0	0.0	0.0	0.25359880924224854	0.23212020099163055	0.23670481145381927	0.3113698661327362	0.0	-5.704164505004883e-05	0.0
s0_yd	5	delta	1	wrong	714,952	0.0	0	97	0.0	0.0	0.0	0.0	0.25359880924224854	0.23212020099163055	0.23670481145381927	0.3113698661327362	0.0	-1.5020370483398438e-05	0.0
s0_yd	5	delta	1	wrong	247,136	0.0	0	97	0.0	0.0	0.0	0.0	0.25359880924224854	0.23212020099163055	0.23670481145381927	0.3113698661327362	0.0	-1.8477439880371094e-06	0.0
s0_yd	5	delta	1	wrong	871,6	0.0	0	97	0.0	0.0	0.0	0.0	0.25359880924224854	0.23212020099163055	0.23670481145381927	0.3113698661327362	0.0	0.0	0.0
s0_yd	5	delta	1	wrong	66,336	0.0	0	97	0.0	0.0	0.0	0.0	0.25359880924224854	0.23212020099163055	0.23670481145381927	0.3113698661327362	0.0	-1.7881393432617188e-07	0.0
s0_yd	5	delta	1	wrong	951,906	0.0	0	97	0.0	0.0	0.0	0.0	0.25359880924224854	0.23212020099163055	0.23670481145381927	0.3113698661327362	0.0	-3.355741500854492e-05	0.0
s0_yd	5	delta	1	wrong	634,731	0.0	0	97	0.0	0.0	0.0	0.0	0.25359880924224854	0.23212020099163055	0.23670481145381927	0.3113698661327362	0.0	-0.00017154216766357422	0.0
s0_yd	5	delta	1	wrong	481,44	0.0	0	97	0.0	0.0	0.0	0.0	0.25359880924224854	0.23212020099163055	0.23670481145381927	0.3113698661327362	0.0	-1.1920928955078125e-07	0.0
s0_yd	5	delta	1	wrong	376,335	0.0	0	97	0.0	0.0	0.0	0.0	0.25359880924224854	0.23212020099163055	0.23670481145381927	0.3113698661327362	0.0	-3.337860107421875e-06	0.0
s0_yd	5	delta	1	wrong	867,239	0.0	0	97	0.0	0.0	0.0	0.0	0.25359880924224854	0.23212020099163055	0.23670481145381927	0.3113698661327362	0.0	-1.7881393432617188e-07	0.0
s0_yd	5	delta	1	wrong	1009,1018	0.0	0	97	0.0	0.0	0.0	0.0	0.25359880924224854	0.23212020099163055	0.23670481145381927	0.3113698661327362	0.0	-7.927417755126953e-06	0.0
s0_yd	5	delta	1	wrong	843,684	0.0	0	97	0.0	0.0	0.0	0.0	0.25359880924224854	0.23212020099163055	0.23670481145381927	0.3113698661327362	0.0	-0.0043367743492126465	0.0
s0_yd	5	delta	1	wrong	255,708	0.0	0	97	0.0	0.0	0.0	0.0	0.25359880924224854	0.23212020099163055	0.23670481145381927	0.3113698661327362	0.0	0.0	0.0
s0_yd	5	delta	1	wrong	1019,256	0.0	0	97	0.0	0.0	0.0	0.0	0.25359880924224854	0.23212020099163055	0.23670481145381927	0.3113698661327362	0.0	-1.7881393432617188e-06	0.0
s0_yd	5	delta	1	wrong	175,306	0.0	0	97	0.0	0.0	0.0	0.0	0.25359880924224854	0.23212020099163055	0.23670481145381927	0.3113698661327362	0.0	-1.0728836059570312e-06	0.0
s0_yd	5	delta	1	wrong	858,751	0.0	0	97	0.0	0.0	0.0	0.0	0.25359880924224854	0.23212020099163055	0.23670481145381927	0.3113698661327362	0.0	-1.1920928955078125e-07	0.0
s0_yd	5	delta	1	wrong	854,27	0.0	0	97	0.0	0.0	0.0	0.0	0.25359880924224854	0.23212020099163055	0.23670481145381927	0.3113698661327362	0.0	-1.1920928955078125e-07	0.0
s0_yd	5	delta	1	wrong	314,540	0.0	0	97	0.0	0.0	0.0	0.0	0.25359880924224854	0.23212020099163055	0.23670481145381927	0.3113698661327362	0.0	0.0	0.0
s0_yd	5	delta	1	wrong	297,263	0.0	0	97	0.0	0.0	0.0	0.0	0.25359880924224854	0.23212020099163055	0.23670481145381927	0.3113698661327362	0.0	0.0	0.0
s0_yd	5	delta	1	wrong	553,309	0.0	0	97	0.0	0.0	0.0	0.0	0.25359880924224854	0.23212020099163055	0.23670481145381927	0.3113698661327362	0.0	-1.7881393432617188e-06	0.0
s0_yd	5	delta	1	wrong	581,199	0.0	0	97	0.0	0.0	0.0	0.0	0.25359880924224854	0.23212020099163055	0.23670481145381927	0.3113698661327362	0.0	-1.1324882507324219e-06	0.0
s0_yd	5	delta	1	wrong	46,380	0.0	0	97	0.0	0.0	0.0	0.0	0.25359880924224854	0.23212020099163055	0.23670481145381927	0.3113698661327362	0.0	-8.344650268554688e-07	0.0
s0_yd	5	delta	1	wrong	664,612	0.0	0	97	0.0	0.0	0.0	0.0	0.25359880924224854	0.23212020099163055	0.23670481145381927	0.3113698661327362	0.0	-0.0002295374870300293	0.0
s0_yd	5	delta	1	wrong	296,575	0.0	0	97	0.0	0.0	0.0	0.0	0.25359880924224854	0.23212020099163055	0.23670481145381927	0.3113698661327362	0.0	-1.1920928955078125e-07	0.0
s0_yd	5	delta	1	wrong	175,237	0.0	0	97	0.0	0.0	0.0	0.0	0.25359880924224854	0.23212020099163055	0.23670481145381927	0.3113698661327362	0.0	-8.225440979003906e-06	0.0
s0_yd	5	delta	1	wrong	805,656	0.0	0	97	0.0	0.0	0.0	0.0	0.25359880924224854	0.23212020099163055	0.23670481145381927	0.3113698661327362	0.0	-2.980232238769531e-07	0.0
s0_yd	5	delta	1	wrong	513,189	0.0	0	97	0.0	0.0	0.0	0.0	0.25359880924224854	0.23212020099163055	0.23670481145381927	0.3113698661327362	0.0	-9.47713851928711e-06	0.0
s0_yd	5	delta	1	wrong	560,22	0.0	0	97	0.0	0.0	0.0	0.0	0.25359880924224854	0.23212020099163055	0.23670481145381927	0.3113698661327362	0.0	-8.344650268554688e-07	0.0
s0_yd	5	delta	1	wrong	847,1006	0.0	0	97	0.0	0.0	0.0	0.0	0.25359880924224854	0.23212020099163055	0.23670481145381927	0.3113698661327362	0.0	0.0	0.0
s0_yd	5	delta	1	wrong	14,327	0.0	0	97	0.0	0.0	0.0	0.0	0.25359880924224854	0.23212020099163055	0.23670481145381927	0.3113698661327362	0.0	-1.3709068298339844e-06	0.0
s0_yd	5	delta	1	wrong	695,152	0.0	0	97	0.0	0.0	0.0	0.0	0.25359880924224854	0.23212020099163055	0.23670481145381927	0.3113698661327362	0.0	-0.00018721818923950195	0.0
s0_yd	5	delta	1	wrong	26,660	0.0	0	97	0.0	0.0	0.0	0.0	0.25359880924224854	0.23212020099163055	0.23670481145381927	0.3113698661327362	0.0	-0.0007691383361816406	0.0
s0_yd	5	delta	1	wrong	341,601	0.0	0	97	0.0	0.0	0.0	0.0	0.25359880924224854	0.23212020099163055	0.23670481145381927	0.3113698661327362	0.0	-5.960464477539063e-08	0.0
s0_yd	5	delta	1	wrong	149,187	0.0	0	97	0.0	0.0	0.0	0.0	0.25359880924224854	0.23212020099163055	0.23670481145381927	0.3113698661327362	0.0	-0.000725090503692627	0.0
s0_yd	5	delta	1	wrong	624,188	0.0	0	97	0.0	0.0	0.0	0.0	0.25359880924224854	0.23212020099163055	0.23670481145381927	0.3113698661327362	0.0	-5.960464477539063e-08	0.0
s0_yd	5	delta	1	wrong	955,967	0.0	0	97	0.0	0.0	0.0	0.0	0.25359880924224854	0.23212020099163055	0.23670481145381927	0.3113698661327362	0.0	-0.00045233964920043945	0.0
s0_yd	5	delta	1	wrong	1000,202	0.0	0	97	0.0	0.0	0.0	0.0	0.25359880924224854	0.23212020099163055	0.23670481145381927	0.3113698661327362	0.0	-2.562999725341797e-06	0.0
s0_yd	5	delta	1	wrong	597,255	0.0	0	97	0.0	0.0	0.0	0.0	0.25359880924224854	0.23212020099163055	0.23670481145381927	0.3113698661327362	0.0	-1.7464160919189453e-05	0.0
s0_yd	5	delta	1	wrong	521,342	0.0	0	97	0.0	0.0	0.0	0.0	0.25359880924224854	0.23212020099163055	0.23670481145381927	0.3113698661327362	0.0	-1.1920928955078125e-07	0.0
s0_yd	5	delta	1	wrong	544,517	0.0	0	97	0.0	0.0	0.0	0.0	0.25359880924224854	0.23212020099163055	0.23670481145381927	0.3113698661327362	0.0	-5.21540641784668e-05	0.0
s0_yd	5	delta	1	wrong	576,793	0.0	0	97	0.0	0.0	0.0	0.0	0.25359880924224854	0.23212020099163055	0.23670481145381927	0.3113698661327362	0.0	-9.98377799987793e-05	0.0
s0_yd	5	delta	1	wrong	937,900	0.0	0	97	0.0	0.0	0.0	0.0	0.25359880924224854	0.23212020099163055	0.23670481145381927	0.3113698661327362	0.0	-2.3245811462402344e-06	0.0
s0_yd	5	delta	1	wrong	405,400	0.0	0	97	0.0	0.0	0.0	0.0	0.25359880924224854	0.23212020099163055	0.23670481145381927	0.3113698661327362	0.0	-4.76837158203125e-06	0.0
s0_yd	5	delta	1	wrong	106,964	0.0	0	97	0.0	0.0	0.0	0.0	0.25359880924224854	0.23212020099163055	0.23670481145381927	0.3113698661327362	0.0	-4.76837158203125e-07	0.0
s0_yd	5	delta	2	true	37,511	0.0	0	97	0.0	0.0	0.0	0.0	0.3108057975769043	0.3009769320487976	0.3718497157096863	0.3881799578666687	0.0	-3.707408905029297e-05	0.0
s0_yd	5	delta	2	true	47,437	0.0	0	97	0.0	0.0	0.0	0.0	0.3108057975769043	0.3009769320487976	0.3718497157096863	0.3881799578666687	0.0	-0.0006948709487915039	0.0
s0_yd	5	delta	2	true	91,398	0.0	0	97	0.0	0.0	0.0	0.0	0.3108057975769043	0.3009769320487976	0.3718497157096863	0.3881799578666687	0.0	0.0	0.0
s0_yd	5	delta	2	true	781,796	0.0	0	97	0.0	0.0	0.0	0.0	0.3108057975769043	0.3009769320487976	0.3718497157096863	0.3881799578666687	0.0	0.0	0.0
s0_yd	5	delta	2	true	809,833	0.0	0	97	0.0	0.0	0.0	0.0	0.3108057975769043	0.3009769320487976	0.3718497157096863	0.3881799578666687	0.0	-3.743171691894531e-05	0.0
s0_yd	5	delta	2	true	825,895	0.0	0	97	0.0	0.0	0.0	0.0	0.3108057975769043	0.3009769320487976	0.3718497157096863	0.3881799578666687	0.0	-6.258487701416016e-06	0.0
s0_yd	5	delta	2	true	834,842	0.0	0	97	0.0	0.0	0.0	0.0	0.3108057975769043	0.3009769320487976	0.3718497157096863	0.3881799578666687	0.0	0.0	0.0
s0_yd	5	delta	2	true	846,880	0.0	0	97	0.0	0.0	0.0	0.0	0.3108057975769043	0.3009769320487976	0.3718497157096863	0.3881799578666687	0.0	0.0	0.0
s0_yd	5	delta	2	true	847,779	0.0	0	97	0.0	0.0	0.0	0.0	0.3108057975769043	0.3009769320487976	0.3718497157096863	0.3881799578666687	0.0	-1.1920928955078125e-07	0.0
s0_yd	5	delta	2	true	366,111	0.0	0	97	0.0	0.0	0.0	0.0	0.3108057975769043	0.3009769320487976	0.3718497157096863	0.3881799578666687	0.0	-2.1457672119140625e-06	0.0
s0_yd	5	delta	2	true	56,774	0.0	0	97	0.0	0.0	0.0	0.0	0.3108057975769043	0.3009769320487976	0.3718497157096863	0.3881799578666687	0.0	-0.00041049718856811523	0.0
s0_yd	5	delta	2	true	400,213	0.0	0	97	0.0	0.0	0.0	0.0	0.3108057975769043	0.3009769320487976	0.3718497157096863	0.3881799578666687	0.0	0.0	0.0
s0_yd	5	delta	2	true	464,158	0.0	0	97	0.0	0.0	0.0	0.0	0.3108057975769043	0.3009769320487976	0.3718497157096863	0.3881799578666687	0.0	-9.775161743164062e-06	0.0
s0_yd	5	delta	2	true	478,207	0.0	0	97	0.0	0.0	0.0	0.0	0.3108057975769043	0.3009769320487976	0.3718497157096863	0.3881799578666687	0.0	0.0	0.0
s0_yd	5	delta	2	true	765,842	0.0	0	97	0.0	0.0	0.0	0.0	0.3108057975769043	0.3009769320487976	0.3718497157096863	0.3881799578666687	0.0	-1.1920928955078125e-07	0.0
s0_yd	5	delta	2	true	882,795	0.0	0	97	0.0	0.0	0.0	0.0	0.3108057975769043	0.3009769320487976	0.3718497157096863	0.3881799578666687	0.0	0.0	0.0
s0_yd	5	delta	2	true	132,14	0.0	0	97	0.0	0.0	0.0	0.0	0.3108057975769043	0.3009769320487976	0.3718497157096863	0.3881799578666687	0.0	-1.3709068298339844e-05	0.0
s0_yd	5	delta	2	true	132,63	0.0	0	97	0.0	0.0	0.0	0.0	0.3108057975769043	0.3009769320487976	0.3718497157096863	0.3881799578666687	0.0	-6.628036499023438e-05	0.0
s0_yd	5	delta	2	true	184,112	0.0	0	97	0.0	0.0	0.0	0.0	0.3108057975769043	0.3009769320487976	0.3718497157096863	0.3881799578666687	0.0	-0.14752137660980225	-0.002719353884458542
s0_yd	5	delta	2	true	243,85	0.0	0	97	0.0	0.0	0.0	0.0	0.3108057975769043	0.3009769320487976	0.3718497157096863	0.3881799578666687	0.0	-3.039836883544922e-05	0.0
s0_yd	5	delta	2	true	403,281	0.0	0	97	0.0	0.0	0.0	0.0	0.3108057975769043	0.3009769320487976	0.3718497157096863	0.3881799578666687	0.0	0.0	0.0
s0_yd	5	delta	2	true	459,306	0.0	0	97	0.0	0.0	0.0	0.0	0.3108057975769043	0.3009769320487976	0.3718497157096863	0.3881799578666687	0.0	0.0	0.0
s0_yd	5	delta	2	true	472,341	0.0	0	97	0.0	0.0	0.0	0.0	0.3108057975769043	0.3009769320487976	0.3718497157096863	0.3881799578666687	0.0	0.0	0.0
s0_yd	5	delta	2	true	509,342	0.0	0	97	0.0	0.0	0.0	0.0	0.3108057975769043	0.3009769320487976	0.3718497157096863	0.3881799578666687	0.0	0.0	0.0
s0_yd	5	delta	2	true	677,77	0.0	0	97	0.0	0.0	0.0	0.0	0.3108057975769043	0.3009769320487976	0.3718497157096863	0.3881799578666687	0.0	-8.344650268554688e-07	0.0
s0_yd	5	delta	2	true	721,32	0.0	0	97	0.0	0.0	0.0	0.0	0.3108057975769043	0.3009769320487976	0.3718497157096863	0.3881799578666687	0.0	-0.06346392631530762	0.0
s0_yd	5	delta	2	true	191,497	0.0	0	97	0.0	0.0	0.0	0.0	0.3108057975769043	0.3009769320487976	0.3718497157096863	0.3881799578666687	0.0	-1.1920928955078125e-06	0.0
s0_yd	5	delta	2	true	217,435	0.0	0	97	0.0	0.0	0.0	0.0	0.3108057975769043	0.3009769320487976	0.3718497157096863	0.3881799578666687	0.0	-5.793571472167969e-05	0.0
s0_yd	5	delta	2	true	311,490	0.0	0	97	0.0	0.0	0.0	0.0	0.3108057975769043	0.3009769320487976	0.3718497157096863	0.3881799578666687	0.0	-1.1920928955078125e-07	0.0
s0_yd	5	delta	2	true	332,397	0.0	0	97	0.0	0.0	0.0	0.0	0.3108057975769043	0.3009769320487976	0.3718497157096863	0.3881799578666687	0.0	-0.00039142370223999023	0.0
s0_yd	5	delta	2	true	376,461	0.0	0	97	0.0	0.0	0.0	0.0	0.3108057975769043	0.3009769320487976	0.3718497157096863	0.3881799578666687	0.0	-0.0002866983413696289	0.0
s0_yd	5	delta	2	true	914,103	0.0	0	97	0.0	0.0	0.0	0.0	0.3108057975769043	0.3009769320487976	0.3718497157096863	0.3881799578666687	0.0	-0.09511077404022217	-0.00028915703296661377
s0_yd	5	delta	2	true	920,91	0.0	0	97	0.0	0.0	0.0	0.0	0.3108057975769043	0.3009769320487976	0.3718497157096863	0.3881799578666687	0.0	-9.894371032714844e-06	0.0
s0_yd	5	delta	2	true	937,7	0.0	0	97	0.0	0.0	0.0	0.0	0.3108057975769043	0.3009769320487976	0.3718497157096863	0.3881799578666687	0.0	-0.0006028413772583008	0.0
s0_yd	5	delta	2	true	984,127	0.0	0	97	0.0	0.0	0.0	0.0	0.3108057975769043	0.3009769320487976	0.3718497157096863	0.3881799578666687	0.0	-1.7881393432617188e-07	0.0
s0_yd	5	delta	2	true	62,49	0.0	0	97	0.0	0.0	0.0	0.0	0.3108057975769043	0.3009769320487976	0.3718497157096863	0.3881799578666687	0.0	-2.384185791015625e-07	0.0
s0_yd	5	delta	2	true	68,75	0.0	0	97	0.0	0.0	0.0	0.0	0.3108057975769043	0.3009769320487976	0.3718497157096863	0.3881799578666687	0.0	0.0	0.0
s0_yd	5	delta	2	true	72,66	0.0	0	97	0.0	0.0	0.0	0.0	0.3108057975769043	0.3009769320487976	0.3718497157096863	0.3881799578666687	0.0	-2.2649765014648438e-06	0.0
s0_yd	5	delta	2	true	77,42	0.0	0	97	0.0	0.0	0.0	0.0	0.3108057975769043	0.3009769320487976	0.3718497157096863	0.3881799578666687	0.0	0.0	0.0
s0_yd	5	delta	2	true	99,36	0.0	0	97	0.0	0.0	0.0	0.0	0.3108057975769043	0.3009769320487976	0.3718497157096863	0.3881799578666687	0.0	-1.0728836059570312e-06	0.0
s0_yd	5	delta	2	true	107,25	0.0	0	97	0.0	0.0	0.0	0.0	0.3108057975769043	0.3009769320487976	0.3718497157096863	0.3881799578666687	0.0	-1.2695789337158203e-05	0.0
s0_yd	5	delta	2	true	266,754	0.0	0	97	0.0	0.0	0.0	0.0	0.3108057975769043	0.3009769320487976	0.3718497157096863	0.3881799578666687	0.0	0.0	0.0
s0_yd	5	delta	2	true	360,669	0.0	0	97	0.0	0.0	0.0	0.0	0.3108057975769043	0.3009769320487976	0.3718497157096863	0.3881799578666687	0.0	-0.0024302005767822266	0.0
s0_yd	5	delta	2	true	188,536	0.0	0	97	0.0	0.0	0.0	0.0	0.3108057975769043	0.3009769320487976	0.3718497157096863	0.3881799578666687	0.0	-5.960464477539062e-07	0.0
s0_yd	5	delta	2	true	202,513	0.0	0	97	0.0	0.0	0.0	0.0	0.3108057975769043	0.3009769320487976	0.3718497157096863	0.3881799578666687	0.0	-2.4378299713134766e-05	0.0
s0_yd	5	delta	2	true	207,570	0.0	0	97	0.0	0.0	0.0	0.0	0.3108057975769043	0.3009769320487976	0.3718497157096863	0.3881799578666687	0.0	-9.5367431640625e-07	0.0
s0_yd	5	delta	2	true	232,572	0.0	0	97	0.0	0.0	0.0	0.0	0.3108057975769043	0.3009769320487976	0.3718497157096863	0.3881799578666687	0.0	-3.2186508178710938e-06	0.0
s0_yd	5	delta	2	true	240,621	0.0	0	97	0.0	0.0	0.0	0.0	0.3108057975769043	0.3009769320487976	0.3718497157096863	0.3881799578666687	0.0	-0.00017154216766357422	0.0
s0_yd	5	delta	2	wrong	242,861	0.0	0	97	0.0	0.0	0.0	0.0	0.3108057975769043	0.3009769320487976	0.3718497157096863	0.3881799578666687	0.0	-1.2874603271484375e-05	0.0
s0_yd	5	delta	2	wrong	697,270	0.0	0	97	0.0	0.0	0.0	0.0	0.3108057975769043	0.3009769320487976	0.3718497157096863	0.3881799578666687	0.0	-7.152557373046875e-07	0.0
s0_yd	5	delta	2	wrong	615,675	0.0	0	97	0.0	0.0	0.0	0.0	0.3108057975769043	0.3009769320487976	0.3718497157096863	0.3881799578666687	0.0	0.0	0.0
s0_yd	5	delta	2	wrong	110,941	0.0	0	97	0.0	0.0	0.0	0.0	0.3108057975769043	0.3009769320487976	0.3718497157096863	0.3881799578666687	0.0	-5.960464477539062e-07	0.0
s0_yd	5	delta	2	wrong	469,651	0.0	0	97	0.0	0.0	0.0	0.0	0.3108057975769043	0.3009769320487976	0.3718497157096863	0.3881799578666687	0.0	-4.2557716369628906e-05	0.0
s0_yd	5	delta	2	wrong	714,952	0.0	0	97	0.0	0.0	0.0	0.0	0.3108057975769043	0.3009769320487976	0.3718497157096863	0.3881799578666687	0.0	-1.1324882507324219e-05	0.0
s0_yd	5	delta	2	wrong	247,136	0.0	0	97	0.0	0.0	0.0	0.0	0.3108057975769043	0.3009769320487976	0.3718497157096863	0.3881799578666687	0.0	-1.5497207641601562e-06	0.0
s0_yd	5	delta	2	wrong	871,6	0.0	0	97	0.0	0.0	0.0	0.0	0.3108057975769043	0.3009769320487976	0.3718497157096863	0.3881799578666687	0.0	0.0	0.0
s0_yd	5	delta	2	wrong	66,336	0.0	0	97	0.0	0.0	0.0	0.0	0.3108057975769043	0.3009769320487976	0.3718497157096863	0.3881799578666687	0.0	-1.1920928955078125e-07	0.0
s0_yd	5	delta	2	wrong	951,906	0.0	0	97	0.0	0.0	0.0	0.0	0.3108057975769043	0.3009769320487976	0.3718497157096863	0.3881799578666687	0.0	-2.5153160095214844e-05	0.0
s0_yd	5	delta	2	wrong	634,731	0.0	0	97	0.0	0.0	0.0	0.0	0.3108057975769043	0.3009769320487976	0.3718497157096863	0.3881799578666687	0.0	-0.00013077259063720703	0.0
s0_yd	5	delta	2	wrong	481,44	0.0	0	97	0.0	0.0	0.0	0.0	0.3108057975769043	0.3009769320487976	0.3718497157096863	0.3881799578666687	0.0	-1.1920928955078125e-07	0.0
s0_yd	5	delta	2	wrong	376,335	0.0	0	97	0.0	0.0	0.0	0.0	0.3108057975769043	0.3009769320487976	0.3718497157096863	0.3881799578666687	0.0	-2.86102294921875e-06	0.0
s0_yd	5	delta	2	wrong	867,239	0.0	0	97	0.0	0.0	0.0	0.0	0.3108057975769043	0.3009769320487976	0.3718497157096863	0.3881799578666687	0.0	-1.1920928955078125e-07	0.0
s0_yd	5	delta	2	wrong	1009,1018	0.0	0	97	0.0	0.0	0.0	0.0	0.3108057975769043	0.3009769320487976	0.3718497157096863	0.3881799578666687	0.0	-5.841255187988281e-06	0.0
s0_yd	5	delta	2	wrong	843,684	0.0	0	97	0.0	0.0	0.0	0.0	0.3108057975769043	0.3009769320487976	0.3718497157096863	0.3881799578666687	0.0	-0.003259897232055664	0.0
s0_yd	5	delta	2	wrong	255,708	0.0	0	97	0.0	0.0	0.0	0.0	0.3108057975769043	0.3009769320487976	0.3718497157096863	0.3881799578666687	0.0	0.0	0.0
s0_yd	5	delta	2	wrong	1019,256	0.0	0	97	0.0	0.0	0.0	0.0	0.3108057975769043	0.3009769320487976	0.3718497157096863	0.3881799578666687	0.0	-1.430511474609375e-06	0.0
s0_yd	5	delta	2	wrong	175,306	0.0	0	97	0.0	0.0	0.0	0.0	0.3108057975769043	0.3009769320487976	0.3718497157096863	0.3881799578666687	0.0	-8.344650268554688e-07	0.0
s0_yd	5	delta	2	wrong	858,751	0.0	0	97	0.0	0.0	0.0	0.0	0.3108057975769043	0.3009769320487976	0.3718497157096863	0.3881799578666687	0.0	-1.1920928955078125e-07	0.0
s0_yd	5	delta	2	wrong	854,27	0.0	0	97	0.0	0.0	0.0	0.0	0.3108057975769043	0.3009769320487976	0.3718497157096863	0.3881799578666687	0.0	-1.1920928955078125e-07	0.0
s0_yd	5	delta	2	wrong	314,540	0.0	0	97	0.0	0.0	0.0	0.0	0.3108057975769043	0.3009769320487976	0.3718497157096863	0.3881799578666687	0.0	0.0	0.0
s0_yd	5	delta	2	wrong	297,263	0.0	0	97	0.0	0.0	0.0	0.0	0.3108057975769043	0.3009769320487976	0.3718497157096863	0.3881799578666687	0.0	0.0	0.0
s0_yd	5	delta	2	wrong	553,309	0.0	0	97	0.0	0.0	0.0	0.0	0.3108057975769043	0.3009769320487976	0.3718497157096863	0.3881799578666687	0.0	-1.430511474609375e-06	0.0
s0_yd	5	delta	2	wrong	581,199	0.0	0	97	0.0	0.0	0.0	0.0	0.3108057975769043	0.3009769320487976	0.3718497157096863	0.3881799578666687	0.0	-8.940696716308594e-07	0.0
s0_yd	5	delta	2	wrong	46,380	0.0	0	97	0.0	0.0	0.0	0.0	0.3108057975769043	0.3009769320487976	0.3718497157096863	0.3881799578666687	0.0	-5.960464477539062e-07	0.0
s0_yd	5	delta	2	wrong	664,612	0.0	0	97	0.0	0.0	0.0	0.0	0.3108057975769043	0.3009769320487976	0.3718497157096863	0.3881799578666687	0.0	-0.00016444921493530273	0.0
s0_yd	5	delta	2	wrong	296,575	0.0	0	97	0.0	0.0	0.0	0.0	0.3108057975769043	0.3009769320487976	0.3718497157096863	0.3881799578666687	0.0	-1.1920928955078125e-07	0.0
s0_yd	5	delta	2	wrong	175,237	0.0	0	97	0.0	0.0	0.0	0.0	0.3108057975769043	0.3009769320487976	0.3718497157096863	0.3881799578666687	0.0	-5.841255187988281e-06	0.0
s0_yd	5	delta	2	wrong	805,656	0.0	0	97	0.0	0.0	0.0	0.0	0.3108057975769043	0.3009769320487976	0.3718497157096863	0.3881799578666687	0.0	-2.384185791015625e-07	0.0
s0_yd	5	delta	2	wrong	513,189	0.0	0	97	0.0	0.0	0.0	0.0	0.3108057975769043	0.3009769320487976	0.3718497157096863	0.3881799578666687	0.0	-6.4373016357421875e-06	0.0
s0_yd	5	delta	2	wrong	560,22	0.0	0	97	0.0	0.0	0.0	0.0	0.3108057975769043	0.3009769320487976	0.3718497157096863	0.3881799578666687	0.0	-5.960464477539062e-07	0.0
s0_yd	5	delta	2	wrong	847,1006	0.0	0	97	0.0	0.0	0.0	0.0	0.3108057975769043	0.3009769320487976	0.3718497157096863	0.3881799578666687	0.0	0.0	0.0
s0_yd	5	delta	2	wrong	14,327	0.0	0	97	0.0	0.0	0.0	0.0	0.3108057975769043	0.3009769320487976	0.3718497157096863	0.3881799578666687	0.0	-1.1324882507324219e-06	0.0
s0_yd	5	delta	2	wrong	695,152	0.0	0	97	0.0	0.0	0.0	0.0	0.3108057975769043	0.3009769320487976	0.3718497157096863	0.3881799578666687	0.0	-0.0001341700553894043	0.0
s0_yd	5	delta	2	wrong	26,660	0.0	0	97	0.0	0.0	0.0	0.0	0.3108057975769043	0.3009769320487976	0.3718497157096863	0.3881799578666687	0.0	-0.000508725643157959	0.0
s0_yd	5	delta	2	wrong	341,601	0.0	0	97	0.0	0.0	0.0	0.0	0.3108057975769043	0.3009769320487976	0.3718497157096863	0.3881799578666687	0.0	0.0	0.0
s0_yd	5	delta	2	wrong	149,187	0.0	0	97	0.0	0.0	0.0	0.0	0.3108057975769043	0.3009769320487976	0.3718497157096863	0.3881799578666687	0.0	-0.000525355339050293	0.0
s0_yd	5	delta	2	wrong	624,188	0.0	0	97	0.0	0.0	0.0	0.0	0.3108057975769043	0.3009769320487976	0.3718497157096863	0.3881799578666687	0.0	0.0	0.0
s0_yd	5	delta	2	wrong	955,967	0.0	0	97	0.0	0.0	0.0	0.0	0.3108057975769043	0.3009769320487976	0.3718497157096863	0.3881799578666687	0.0	-0.0003338456153869629	0.0
s0_yd	5	delta	2	wrong	1000,202	0.0	0	97	0.0	0.0	0.0	0.0	0.3108057975769043	0.3009769320487976	0.3718497157096863	0.3881799578666687	0.0	-2.1457672119140625e-06	0.0
s0_yd	5	delta	2	wrong	597,255	0.0	0	97	0.0	0.0	0.0	0.0	0.3108057975769043	0.3009769320487976	0.3718497157096863	0.3881799578666687	0.0	-1.2874603271484375e-05	0.0
s0_yd	5	delta	2	wrong	521,342	0.0	0	97	0.0	0.0	0.0	0.0	0.3108057975769043	0.3009769320487976	0.3718497157096863	0.3881799578666687	0.0	0.0	0.0
s0_yd	5	delta	2	wrong	544,517	0.0	0	97	0.0	0.0	0.0	0.0	0.3108057975769043	0.3009769320487976	0.3718497157096863	0.3881799578666687	0.0	-3.9517879486083984e-05	0.0
s0_yd	5	delta	2	wrong	576,793	0.0	0	97	0.0	0.0	0.0	0.0	0.3108057975769043	0.3009769320487976	0.3718497157096863	0.3881799578666687	0.0	-6.783008575439453e-05	0.0
s0_yd	5	delta	2	wrong	937,900	0.0	0	97	0.0	0.0	0.0	0.0	0.3108057975769043	0.3009769320487976	0.3718497157096863	0.3881799578666687	0.0	-1.6689300537109375e-06	0.0
s0_yd	5	delta	2	wrong	405,400	0.0	0	97	0.0	0.0	0.0	0.0	0.3108057975769043	0.3009769320487976	0.3718497157096863	0.3881799578666687	0.0	-4.291534423828125e-06	0.0
s0_yd	5	delta	2	wrong	106,964	0.0	0	97	0.0	0.0	0.0	0.0	0.3108057975769043	0.3009769320487976	0.3718497157096863	0.3881799578666687	0.0	-3.5762786865234375e-07	0.0
s0_yd	5	single	-1	true	6,408	0.14453125	-1	1					0.1323930323123932	0.1121099516749382	0.21003544330596924	0.1478012502193451	0.4320429265499115	0.0	0.0
s0_yd	5	single	-1	true	13,437	0.14453125	-1	1					0.08059117197990417	0.07177521288394928	0.1448778510093689	0.16021932661533356	0.5697314739227295	0.0	0.0
s0_yd	5	single	-1	true	66,459	0.14453125	-1	1					0.04571748897433281	0.03988960385322571	0.15616771578788757	0.06844954192638397	0.10299227386713028	0.0	0.0
s0_yd	5	single	-1	true	67,401	0.14453125	-1	1					0.06613612920045853	0.052809201180934906	0.09029596298933029	0.07681091874837875	-0.03138352930545807	0.0	0.0
s0_yd	5	single	-1	true	98,501	0.1953125	-1	1					0.1694929301738739	0.15122663974761963	0.337041437625885	0.13057386875152588	0.46177971363067627	0.0	0.0
s0_yd	5	single	-1	true	109,481	0.14453125	-1	1					0.049006834626197815	0.05437729135155678	0.25292298197746277	0.1408880203962326	0.004744259640574455	0.0	0.0
s0_yd	5	single	-1	true	120,491	0.14453125	-1	1					0.16719728708267212	0.1960781216621399	0.27970755100250244	0.16918188333511353	0.13236713409423828	0.0	0.0
s0_yd	5	single	-1	true	125,489	0.14453125	-1	1					0.0440814383327961	0.05887725204229355	0.26638245582580566	0.12148229777812958	-0.08368633687496185	0.0	0.0
s0_yd	5	single	-1	true	770,882	0.1953125	-1	1					0.022531846538186073	0.021521084010601044	0.18301092088222504	0.09354142099618912	0.04326473921537399	0.0	0.0
s0_yd	5	single	-1	true	807,770	0.1953125	-1	1					0.13915690779685974	0.11786531656980515	0.2574971318244934	0.18109524250030518	0.46973708271980286	0.0	0.0
s0_yd	5	single	-1	true	861,806	0.1953125	-1	1					0.19313281774520874	0.2301781326532364	0.2585279941558838	0.2730344533920288	0.20095427334308624	0.0	0.0
s0_yd	5	single	-1	true	274,97	0.3359375	-1	1					0.2834339141845703	0.23686370253562927	0.2627118229866028	0.13745549321174622	0.6323137879371643	0.0	0.0
s0_yd	5	single	-1	true	340,77	0.0	-1	1					0.13227218389511108	0.13199634850025177	0.10668131709098816	0.05372915416955948	-0.49770188331604004	0.0	0.0
s0_yd	5	single	-1	true	368,66	0.0	-1	1					0.07352082431316376	0.0518367625772953	0.12348946928977966	0.14473271369934082	0.3334144055843353	0.0	0.0
s0_yd	5	single	-1	true	379,6	0.0	-1	1					0.06797569990158081	0.055031366646289825	0.07454265654087067	0.16596859693527222	-0.041232965886592865	0.0	0.0
s0_yd	5	single	-1	true	7,802	0.14453125	-1	1					0.18307846784591675	0.1766034960746765	0.3905099630355835	0.27254870533943176	0.5956939458847046	0.0	0.0
s0_yd	5	single	-1	true	17,874	0.0	-1	1					0.1295728087425232	0.11343657970428467	0.16051363945007324	0.18889857828617096	0.42019176483154297	0.0	0.0
s0_yd	5	single	-1	true	19,794	0.33984375	-1	1					0.09557130187749863	0.07643579691648483	0.10562313348054886	0.18949458003044128	0.25736290216445923	0.0	0.0
s0_yd	5	single	-1	true	63,882	0.0	-1	1					0.0512237586081028	0.044120680540800095	0.17528870701789856	0.11365330219268799	0.16955049335956573	0.0	0.0
s0_yd	5	single	-1	true	69,866	0.0	-1	1					0.03288881108164787	0.02686883881688118	0.12238369137048721	0.05176888406276703	-0.16969725489616394	0.0	0.0
s0_yd	5	single	-1	true	75,786	0.33984375	-1	1					0.11296835541725159	0.10798640549182892	0.16682326793670654	0.32692715525627136	0.031270831823349	0.0	0.0
s0_yd	5	single	-1	true	101,887	0.1953125	-1	1					0.01075016800314188	0.009140882641077042	0.08877649158239365	0.02553532086312771	0.15515482425689697	0.0	0.0
s0_yd	5	single	-1	true	122,871	0.1953125	-1	1					0.02552517130970955	0.017181754112243652	0.11421903967857361	0.08408483117818832	-0.1397354006767273	0.0	0.0
s0_yd	5	single	-1	true	405,144	0.14453125	-1	1					0.31479305028915405	0.2612316906452179	0.11860992014408112	0.18378490209579468	0.31127476692199707	0.0	0.0
s0_yd	5	single	-1	true	418,184	0.14453125	-1	1					0.09052956849336624	0.09214873611927032	0.1592746376991272	0.17971348762512207	-0.11388448625802994	0.0	0.0
s0_yd	5	single	-1	true	422,143	0.14453125	-1	1					0.0252094566822052	0.031654275953769684	0.148086279630661	0.12959474325180054	-0.4240260124206543	0.0	0.0
s0_yd	5	single	-1	true	430,161	0.14453125	-1	1					0.026973750442266464	0.02167118899524212	0.044407688081264496	0.0945095345377922	-0.004707119893282652	0.0	0.0
s0_yd	5	single	-1	true	474,225	0.14453125	-1	1					0.03077848255634308	0.021633632481098175	0.17321521043777466	0.06542792916297913	0.26420673727989197	0.0	0.0
s0_yd	5	single	-1	true	494,203	0.14453125	-1	1					0.006606770679354668	0.004369349218904972	0.075743667781353	0.136027529835701	0.21620513498783112	0.0	0.0
s0_yd	5	single	-1	true	663,814	0.14453125	-1	1					0.15107598900794983	0.11123451590538025	0.18664932250976562	0.22032122313976288	0.2957451343536377	0.0	0.0
s0_yd	5	single	-1	true	671,774	0.3046875	-1	1					0.2789632976055145	0.2302921563386917	0.2917906939983368	0.2791058421134949	0.6325000524520874	0.0	0.0
s0_yd	5	single	-1	true	675,781	0.3046875	-1	1					0.03978603705763817	0.0241045244038105	0.12439471483230591	0.12195608019828796	0.2136639803647995	0.0	0.0
s0_yd	5	single	-1	true	701,834	0.14453125	-1	1					0.03157028555870056	0.025149041786789894	0.12405224144458771	0.1510482132434845	0.33514416217803955	0.0	0.0
s0_yd	5	single	-1	true	707,874	0.14453125	-1	1					0.3008023500442505	0.27034273743629456	0.23187518119812012	0.2862650156021118	0.5366371870040894	0.0	0.0
s0_yd	5	single	-1	true	712,831	0.14453125	-1	1					0.0842091292142868	0.05813070386648178	0.06740811467170715	0.10729944705963135	0.3769017457962036	0.0	0.0
s0_yd	5	single	-1	true	715,857	0.14453125	-1	1					0.10098724067211151	0.09328550100326538	0.07711058855056763	0.2172655463218689	0.4608587622642517	0.0	0.0
s0_yd	5	single	-1	true	727,871	0.14453125	-1	1					0.07465897500514984	0.05076545476913452	0.14342494308948517	0.04529241472482681	0.32023775577545166	0.0	0.0
s0_yd	5	single	-1	true	739,787	0.85546875	-1	1					0.08440503478050232	0.0633019357919693	0.15163713693618774	0.18670938909053802	0.5643322467803955	0.0	0.0
s0_yd	5	single	-1	true	767,820	0.14453125	-1	1					0.09074535965919495	0.08156853914260864	0.19629418849945068	0.16623102128505707	0.19886858761310577	0.0	0.0
s0_yd	5	single	-1	true	772,839	0.1953125	-1	1					0.004095463082194328	0.003642474999651313	0.04827125370502472	0.0658031553030014	0.4067390561103821	0.0	0.0
s0_yd	5	single	-1	true	807,877	0.1953125	-1	1					0.054758571088314056	0.05810067802667618	0.12175433337688446	0.11406154185533524	0.2606889307498932	0.0	0.0
s0_yd	5	single	-1	true	888,817	0.1953125	-1	1					0.04765169322490692	0.043095506727695465	0.2593546509742737	0.1395563781261444	0.37353116273880005	0.0	0.0
s0_yd	5	single	-1	true	888,861	0.1953125	-1	1					0.014121838845312595	0.01368386298418045	0.05804368853569031	0.13010644912719727	0.3924785256385803	0.0	0.0
s0_yd	5	single	-1	true	895,857	0.1953125	-1	1					0.0525800846517086	0.06159632280468941	0.08198162913322449	0.22567865252494812	0.1538635790348053	0.0	0.0
s0_yd	5	single	-1	true	155,105	0.85546875	-1	1					0.10039664059877396	0.0711822658777237	0.25165751576423645	0.10644255578517914	0.8946771025657654	0.0	0.0
s0_yd	5	single	-1	true	163,30	0.40625	-1	1					0.08567307889461517	0.0623810812830925	0.2018100768327713	0.3418254852294922	0.8225699663162231	0.0	0.0
s0_yd	5	single	-1	true	184,126	0.55078125	-1	1					0.08200868964195251	0.06685508787631989	0.070915587246418	0.13176527619361877	0.2454645186662674	0.0	0.0
s0_yd	5	single	-1	true	237,9	0.05078125	-1	1					0.030282489955425262	0.030781466513872147	0.07538525015115738	0.13194605708122253	0.3354795575141907	0.0	0.0
s0_yd	5	single	-1	true	238,127	0.05078125	-1	1					0.04032296687364578	0.03691164031624794	0.04569867253303528	0.1883467435836792	0.1129455417394638	0.0	0.0
s0_yd	5	single	-1	true	252,112	0.38671875	-1	1					0.25290364027023315	0.24504846334457397	0.2445507049560547	0.46357059478759766	0.6423692107200623	0.0	0.0
s0_yd	5	single	-1	true	393,330	0.16015625	-1	1					0.04270261153578758	0.04028844088315964	0.03804590553045273	0.177876278758049	0.35668742656707764	0.0	0.0
s0_yd	5	single	-1	true	398,351	0.16015625	-1	1					0.03873851150274277	0.0398140549659729	0.08939659595489502	0.04683799669146538	-0.18526658415794373	0.0	0.0
s0_yd	5	single	-1	true	398,367	0.16015625	-1	1					0.0715004950761795	0.07947514951229095	0.16454753279685974	0.13769713044166565	0.01030209381133318	0.0	0.0
s0_yd	5	single	-1	true	409,324	0.16015625	-1	1					0.07546347379684448	0.05779598280787468	0.08356259018182755	0.24095088243484497	0.1250765174627304	0.0	0.0
s0_yd	5	single	-1	true	416,277	0.16015625	-1	1					0.004766155034303665	0.003944956231862307	0.09149353206157684	0.07651463896036148	0.14251656830310822	0.0	0.0
s0_yd	5	single	-1	true	449,261	0.16015625	-1	1					0.012236019596457481	0.007993142120540142	0.05755355581641197	0.0635596215724945	0.38151320815086365	0.0	0.0
s0_yd	5	single	-1	true	453,333	0.16015625	-1	1					0.047970496118068695	0.03145585209131241	0.04502920061349869	0.08224861323833466	0.36481600999832153	0.0	0.0
s0_yd	5	single	-1	true	455,360	0.16015625	-1	1					0.137837216258049	0.12355797737836838	0.2851784825325012	0.22533373534679413	0.4017816483974457	0.0	0.0
s0_yd	5	single	-1	true	487,341	0.16015625	-1	1					0.1810373216867447	0.17048949003219604	0.14331531524658203	0.0598730742931366	-0.34663718938827515	0.0	0.0
s0_yd	5	single	-1	true	502,273	0.16015625	-1	1					0.015849508345127106	0.015227815136313438	0.07004828751087189	0.0885889083147049	-0.12269674241542816	0.0	0.0
s0_yd	5	single	-1	true	506,295	0.16015625	-1	1					0.018669158220291138	0.009533719159662724	0.059380464255809784	0.026907261461019516	-0.16983681917190552	0.0	0.0
s0_yd	5	single	-1	true	668,116	0.3046875	-1	1					0.2101263701915741	0.1580173671245575	0.16806566715240479	0.3127292990684509	0.6088193655014038	0.0	0.0
s0_yd	5	single	-1	true	678,56	0.16015625	-1	1					0.06777191907167435	0.053176358342170715	0.08048970997333527	0.20242485404014587	0.34206563234329224	0.0	0.0
s0_yd	5	single	-1	true	678,64	0.16015625	-1	1					0.11071749776601791	0.0998528003692627	0.25631698966026306	0.2502814829349518	0.6920107007026672	0.0	0.0
s0_yd	5	single	-1	true	687,95	0.16015625	-1	1					0.03897054120898247	0.030025538057088852	0.1476256251335144	0.1262170374393463	-0.036541663110256195	0.0	0.0
s0_yd	5	single	-1	true	695,17	0.16015625	-1	1					0.06202766299247742	0.040052056312561035	0.15323741734027863	0.21609607338905334	0.24870282411575317	0.0	0.0
s0_yd	5	single	-1	true	738,105	0.85546875	-1	1					0.022536462172865868	0.017057493329048157	0.1778281033039093	0.06461022794246674	0.6052122116088867	0.0	0.0
s0_yd	5	single	-1	true	759,12	0.40625	-1	1					0.04547540843486786	0.05787868797779083	0.2770470380783081	0.20242023468017578	0.37313178181648254	0.0	0.0
s0_yd	5	single	-1	true	134,397	0.3359375	-1	1					0.24465753138065338	0.25269171595573425	0.1343882530927658	0.17501923441886902	0.7117511630058289	0.0	0.0
s0_yd	5	single	-1	true	143,411	0.3359375	-1	1					0.16517159342765808	0.18231375515460968	0.09941483289003372	0.13654831051826477	0.3936498761177063	0.0	0.0
s0_yd	5	single	-1	true	163,438	0.3359375	-1	1					0.049878090620040894	0.04718846455216408	0.18758894503116608	0.17775213718414307	0.3291771411895752	0.0	0.0
s0_yd	5	single	-1	true	177,411	0.3359375	-1	1					0.15223637223243713	0.16085664927959442	0.22767403721809387	0.31075263023376465	0.8662813901901245	0.0	0.0
s0_yd	5	single	-1	true	190,464	0.3359375	-1	1					0.12736330926418304	0.10923641920089722	0.1242169588804245	0.3174431025981903	0.4381047487258911	0.0	0.0
s0_yd	5	single	-1	true	208,417	0.3359375	-1	1					0.283293217420578	0.3013029992580414	0.2214958667755127	0.24880658090114594	0.1703018844127655	0.0	0.0
s0_yd	5	single	-1	true	216,409	0.3359375	-1	1					0.1342782825231552	0.1495550572872162	0.1006058007478714	0.16392040252685547	0.49584710597991943	0.0	0.0
s0_yd	5	single	-1	true	218,393	0.3359375	-1	1					0.13270969688892365	0.14597608149051666	0.15092307329177856	0.18416227400302887	0.38201600313186646	0.0	0.0
s0_yd	5	single	-1	true	254,487	0.3359375	-1	1					0.1006430834531784	0.1312808096408844	0.20637913048267365	0.13852214813232422	0.021752536296844482	0.0	0.0
s0_yd	5	single	-1	true	269,505	0.3359375	-1	1					0.1955479383468628	0.18383906781673431	0.17372706532478333	0.09118480980396271	0.015483270399272442	0.0	0.0
s0_yd	5	single	-1	true	287,488	0.3359375	-1	1					0.16812506318092346	0.14762435853481293	0.19986867904663086	0.20947551727294922	-0.05539625510573387	0.0	0.0
s0_yd	5	single	-1	true	312,406	0.3359375	-1	1					0.005231253802776337	0.003348220605403185	0.015370791777968407	0.029809091240167618	-0.08218690007925034	0.0	0.0
s0_yd	5	single	-1	true	316,400	0.3359375	-1	1					0.07464537024497986	0.055835213512182236	0.1341601312160492	0.08100549876689911	0.21159622073173523	0.0	0.0
s0_yd	5	single	-1	true	335,401	0.3359375	-1	1					0.017918730154633522	0.011469410732388496	0.03910999745130539	0.09381832182407379	0.39211052656173706	0.0	0.0
s0_yd	5	single	-1	true	906,98	0.85546875	-1	1					0.22517526149749756	0.1894567310810089	0.26957085728645325	0.1966773271560669	0.7778764963150024	0.0	0.0
s0_yd	5	single	-1	true	976,34	0.1953125	-1	1					0.3440014123916626	0.2960745096206665	0.13299882411956787	0.17371073365211487	0.04128885269165039	0.0	0.0
s0_yd	5	single	-1	true	982,61	0.1953125	-1	1					0.15094520151615143	0.15584895014762878	0.10327467322349548	0.23282024264335632	0.2535655200481415	0.0	0.0
s0_yd	5	single	-1	true	88,20	0.1953125	-1	1					0.3238224983215332	0.3181409239768982	0.2505885660648346	0.22924767434597015	0.012805832549929619	0.0	0.0
s0_yd	5	single	-1	true	95,102	0.1953125	-1	1					0.1943534016609192	0.24353612959384918	0.23516426980495453	0.19723086059093475	0.248976469039917	0.0	0.0
s0_yd	5	single	-1	true	265,741	0.0859375	-1	1					0.10699741542339325	0.08466604351997375	0.06720544397830963	0.11747223883867264	-0.3984791040420532	0.0	0.0
s0_yd	5	single	-1	true	298,646	0.0859375	-1	1					0.09513743221759796	0.0939127504825592	0.08152259886264801	0.15143319964408875	0.003278429387137294	0.0	0.0
s0_yd	5	single	-1	true	324,697	0.0859375	-1	1					0.052837055176496506	0.039486438035964966	0.08262486755847931	0.08907603472471237	-0.11183598637580872	0.0	0.0
s0_yd	5	single	-1	true	365,742	0.0859375	-1	1					0.05145258828997612	0.042923979461193085	0.06635035574436188	0.16763648390769958	0.008982432074844837	0.0	0.0
s0_yd	5	single	-1	true	172,543	0.0859375	-1	1					0.03544342517852783	0.03577665239572525	0.06786681711673737	0.09503121674060822	-0.04597827419638634	0.0	0.0
s0_yd	5	single	-1	true	199,581	0.0859375	-1	1					0.09875914454460144	0.07784880697727203	0.23953846096992493	0.1389106661081314	0.6592662930488586	0.0	0.0
s0_yd	5	single	-1	true	203,582	0.0859375	-1	1					0.06263222545385361	0.04775523394346237	0.22403787076473236	0.1805236041545868	0.6053906679153442	0.0	0.0
s0_yd	5	single	-1	true	206,568	0.0859375	-1	1					0.020441412925720215	0.020226243883371353	0.07400329411029816	0.11529728025197983	0.18826542794704437	0.0	0.0
s0_yd	5	single	-1	true	235,587	0.0859375	-1	1					0.056344013661146164	0.0430208295583725	0.1325061172246933	0.19717928767204285	0.6847635507583618	0.0	0.0
s0_yd	5	single	-1	wrong	242,861	0.0	-1	1					0.009080357849597931	0.00683260802179575	0.030731871724128723	0.10621412098407745	0.3114699721336365	0.0	0.0
s0_yd	5	single	-1	wrong	697,270	0.0	-1	1					0.030722038820385933	0.023841936141252518	0.14636604487895966	0.16831141710281372	0.12419187277555466	0.0	0.0
s0_yd	5	single	-1	wrong	615,675	0.0	-1	1					0.11296296119689941	0.1064593493938446	0.09780079871416092	0.1469365656375885	-0.08086984604597092	0.0	0.0
s0_yd	5	single	-1	wrong	110,941	0.0	-1	1					0.10919451713562012	0.10928098857402802	0.12918721139431	0.2501363158226013	0.1313069611787796	0.0	0.0
s0_yd	5	single	-1	wrong	469,651	0.0	-1	1					0.21158559620380402	0.2032182365655899	0.16785959899425507	0.15278339385986328	0.3992096781730652	0.0	0.0
s0_yd	5	single	-1	wrong	714,952	0.0	-1	1					0.079505056142807	0.0732857808470726	0.07713460922241211	0.15592902898788452	0.30607643723487854	0.0	0.0
s0_yd	5	single	-1	wrong	247,136	0.0	-1	1					0.023915495723485947	0.03194701671600342	0.18431028723716736	0.13624374568462372	0.17562395334243774	0.0	0.0
s0_yd	5	single	-1	wrong	871,6	0.0	-1	1					0.025176528841257095	0.02594679594039917	0.04558528587222099	0.1926015317440033	-0.2087516486644745	0.0	0.0
s0_yd	5	single	-1	wrong	66,336	0.0	-1	1					0.07901056855916977	0.07013894617557526	0.08480464667081833	0.11038932204246521	0.019319143146276474	0.0	0.0
s0_yd	5	single	-1	wrong	951,906	0.0	-1	1					0.05233174189925194	0.07084549963474274	0.2107943445444107	0.16542533040046692	0.3603293299674988	0.0	0.0
s0_yd	5	single	-1	wrong	634,731	0.0	-1	1					0.08904388546943665	0.06365408003330231	0.14832496643066406	0.1967352330684662	0.4640037417411804	0.0	0.0
s0_yd	5	single	-1	wrong	481,44	0.0	-1	1					0.04772938787937164	0.034706562757492065	0.15119227766990662	0.19649876654148102	-0.012763794511556625	0.0	0.0
s0_yd	5	single	-1	wrong	376,335	0.0	-1	1					0.012621201574802399	0.00816582702100277	0.02162761054933071	0.12174391746520996	0.22032344341278076	0.0	0.0
s0_yd	5	single	-1	wrong	867,239	0.0	-1	1					0.028153125196695328	0.02203318104147911	0.07414156198501587	0.15895578265190125	0.02534089982509613	0.0	0.0
s0_yd	5	single	-1	wrong	1009,1018	0.0	-1	1					0.04165183752775192	0.03301069512963295	0.1342552751302719	0.10833816230297089	0.26972144842147827	0.0	0.0
s0_yd	5	single	-1	wrong	843,684	0.0	-1	1					0.09614738821983337	0.08075957745313644	0.23283113539218903	0.3731269836425781	0.668136477470398	0.0	0.0
s0_yd	5	single	-1	wrong	255,708	0.0	-1	1					0.06450068950653076	0.10556848347187042	0.1043066680431366	0.13657332956790924	-0.2029246687889099	0.0	0.0
s0_yd	5	single	-1	wrong	1019,256	0.0	-1	1					0.018236415460705757	0.013284229673445225	0.06913988292217255	0.12076733261346817	0.17940007150173187	0.0	0.0
s0_yd	5	single	-1	wrong	175,306	0.0	-1	1					0.04994221031665802	0.03991232067346573	0.1156909316778183	0.049422185868024826	0.1436767429113388	0.0	0.0
s0_yd	5	single	-1	wrong	858,751	0.0	-1	1					0.08547672629356384	0.08806559443473816	0.1238175630569458	0.2604520320892334	0.015012665651738644	0.0	0.0
s0_yd	5	single	-1	wrong	854,27	0.0	-1	1					0.3811478018760681	0.424397736787796	0.14101876318454742	0.20770390331745148	-0.0038810581900179386	0.0	0.0
s0_yd	5	single	-1	wrong	314,540	0.0	-1	1					0.04773816466331482	0.04077952727675438	0.06420416384935379	0.09254973381757736	-0.2314939796924591	0.0	0.0
s0_yd	5	single	-1	wrong	297,263	0.0	-1	1					0.015137658454477787	0.012947325594723225	0.06303969025611877	0.057009994983673096	-0.18678294122219086	0.0	0.0
s0_yd	5	single	-1	wrong	553,309	0.0	-1	1					0.03312128037214279	0.0210123248398304	0.10862046480178833	0.03823787346482277	0.17380249500274658	0.0	0.0
s0_yd	5	single	-1	wrong	581,199	0.0	-1	1					0.08978693932294846	0.06236754357814789	0.16137808561325073	0.11716807633638382	0.14782670140266418	0.0	0.0
s0_yd	5	single	-1	wrong	46,380	0.0	-1	1					0.10436567664146423	0.07998068630695343	0.2457825392484665	0.09044863283634186	0.12792259454727173	0.0	0.0
s0_yd	5	single	-1	wrong	664,612	0.0	-1	1					0.019745618104934692	0.01197129487991333	0.11484332382678986	0.1701885610818863	0.48402905464172363	0.0	0.0
s0_yd	5	single	-1	wrong	296,575	0.0	-1	1					0.022743014618754387	0.014945022761821747	0.0819333866238594	0.06593802571296692	-0.020956408232450485	0.0	0.0
s0_yd	5	single	-1	wrong	175,237	0.0	-1	1					0.09361852705478668	0.08553075790405273	0.13405007123947144	0.09163151681423187	0.2728065550327301	0.0	0.0
s0_yd	5	single	-1	wrong	805,656	0.0	-1	1					0.06314194947481155	0.039394840598106384	0.10869979113340378	0.10975324362516403	0.04578893631696701	0.0	0.0
s0_yd	5	single	-1	wrong	513,189	0.0	-1	1					0.055496882647275925	0.03405337780714035	0.07856979966163635	0.13936540484428406	0.2770047187805176	0.0	0.0
s0_yd	5	single	-1	wrong	560,22	0.0	-1	1					0.04926055297255516	0.029863156378269196	0.06731773167848587	0.198678120970726	0.11707086861133575	0.0	0.0
s0_yd	5	single	-1	wrong	847,1006	0.0	-1	1					0.03719458356499672	0.028968101367354393	0.10759694874286652	0.14964284002780914	-0.20960557460784912	0.0	0.0
s0_yd	5	single	-1	wrong	14,327	0.0	-1	1					0.04318631812930107	0.02965507283806801	0.04699161648750305	0.10376366972923279	0.1626514494419098	0.0	0.0
s0_yd	5	single	-1	wrong	695,152	0.0	-1	1					0.07916536927223206	0.06743941456079483	0.29176995158195496	0.31340906023979187	0.46913737058639526	0.0	0.0
s0_yd	5	single	-1	wrong	26,660	0.0	-1	1					0.12899631261825562	0.09534887969493866	0.2245853990316391	0.40064215660095215	0.5497721433639526	0.0	0.0
s0_yd	5	single	-1	wrong	341,601	0.0	-1	1					0.18545305728912354	0.1644112914800644	0.07767350971698761	0.12628120183944702	-0.0697883889079094	0.0	0.0
s0_yd	5	single	-1	wrong	149,187	0.0	-1	1					0.2750023305416107	0.27644574642181396	0.11407593637704849	0.13956719636917114	0.5562901496887207	0.0	0.0
s0_yd	5	single	-1	wrong	624,188	0.0	-1	1					0.028286661952733994	0.01922384835779667	0.06545999646186829	0.17729508876800537	-0.1333177089691162	0.0	0.0
s0_yd	5	single	-1	wrong	955,967	0.0	-1	1					0.020366517826914787	0.01189920213073492	0.055675338953733444	0.17089778184890747	0.5245910882949829	0.0	0.0
s0_yd	5	single	-1	wrong	1000,202	0.0	-1	1					0.021674778312444687	0.014459850266575813	0.061010442674160004	0.17646583914756775	0.1982506960630417	0.0	0.0
s0_yd	5	single	-1	wrong	597,255	0.0	-1	1					0.15093034505844116	0.13771554827690125	0.11261758208274841	0.2520856559276581	0.32186615467071533	0.0	0.0
s0_yd	5	single	-1	wrong	521,342	0.0	-1	1					0.03407580778002739	0.022826116532087326	0.16308052837848663	0.11161136627197266	-0.043895695358514786	0.0	0.0
s0_yd	5	single	-1	wrong	544,517	0.0	-1	1					0.08093881607055664	0.06685113161802292	0.12876254320144653	0.12288685142993927	0.3932511806488037	0.0	0.0
s0_yd	5	single	-1	wrong	576,793	0.0	-1	1					0.02781442180275917	0.017973873764276505	0.12680727243423462	0.1022258847951889	0.4310736656188965	0.0	0.0
s0_yd	5	single	-1	wrong	937,900	0.0	-1	1					0.1258401870727539	0.12174159288406372	0.08712603151798248	0.1505994200706482	0.18252091109752655	0.0	0.0
s0_yd	5	single	-1	wrong	405,400	0.0	-1	1					0.07579189538955688	0.05140072852373123	0.09907440841197968	0.0963355004787445	0.2323513925075531	0.0	0.0
s0_yd	5	single	-1	wrong	106,964	0.0	-1	1					0.04537428170442581	0.038385991007089615	0.09654200077056885	0.17645584046840668	0.08874291181564331	0.0	0.0
s0_yd	5	single	-1	wrong	429,592	0.0	-1	1					0.05604259669780731	0.04599697142839432	0.0949992686510086	0.31798213720321655	0.4307938814163208	0.0	0.0
s0_yd	5	single	-1	wrong	595,376	0.0	-1	1					0.02067449688911438	0.016245698556303978	0.1892094910144806	0.2307037115097046	0.5360028743743896	0.0	0.0
s0_yd	5	single	-1	wrong	625,334	0.0	-1	1					0.0034776092506945133	0.0017829552525654435	0.01799231395125389	0.13073110580444336	-0.07714172452688217	0.0	0.0
s0_yd	5	single	-1	wrong	700,754	0.0	-1	1					0.1777361035346985	0.18780162930488586	0.10052365064620972	0.15681692957878113	0.13226008415222168	0.0	0.0
s0_yd	5	single	-1	wrong	540,50	0.0	-1	1					0.19700881838798523	0.20101764798164368	0.12932780385017395	0.13290658593177795	-0.42971691489219666	0.0	0.0
s0_yd	5	single	-1	wrong	998,475	0.0	-1	1					0.019157834351062775	0.01949593983590603	0.08812282979488373	0.1157480776309967	-0.00483907014131546	0.0	0.0
s0_yd	5	single	-1	wrong	972,288	0.0	-1	1					0.025051863864064217	0.018029753118753433	0.08176949620246887	0.09342887997627258	-0.1233595758676529	0.0	0.0
s0_yd	5	single	-1	wrong	272,590	0.0	-1	1					0.006780868396162987	0.004199091345071793	0.06751024723052979	0.07264702022075653	0.12371346354484558	0.0	0.0
s0_yd	5	single	-1	wrong	835,294	0.0	-1	1					0.08677791804075241	0.07189545035362244	0.13808146119117737	0.12432887405157089	0.08297298848628998	0.0	0.0
s0_yd	5	single	-1	wrong	922,950	0.0	-1	1					0.016316499561071396	0.012662116438150406	0.050538070499897	0.11891673505306244	0.01633843407034874	0.0	0.0
s0_yd	5	single	-1	wrong	970,250	0.0	-1	1					0.08471234142780304	0.11752691864967346	0.08897189795970917	0.23456637561321259	-0.06506793200969696	0.0	0.0
s0_yd	5	single	-1	wrong	690,480	0.0	-1	1					0.08623020350933075	0.06352412700653076	0.30221083760261536	0.217600017786026	0.3674556016921997	0.0	0.0
s0_yd	5	single	-1	wrong	766,377	0.0	-1	1					0.03043367713689804	0.024614103138446808	0.11728402227163315	0.15838032960891724	0.21911174058914185	0.0	0.0
s0_yd	5	single	-1	wrong	139,315	0.0	-1	1					0.188203364610672	0.19476400315761566	0.196084126830101	0.16514547169208527	0.4247099757194519	0.0	0.0
s0_yd	5	single	-1	wrong	101,287	0.0	-1	1					0.012632395140826702	0.010393030010163784	0.03922102600336075	0.03471950441598892	0.11392632871866226	0.0	0.0
s0_yd	5	single	-1	wrong	252,990	0.0	-1	1					0.07862775027751923	0.0802653580904007	0.09264813363552094	0.20784863829612732	-0.002760404720902443	0.0	0.0
s0_yd	5	single	-1	wrong	475,111	0.0	-1	1					0.0590241476893425	0.046270065009593964	0.1916285902261734	0.1754690408706665	0.024606196209788322	0.0	0.0
s0_yd	5	single	-1	wrong	612,918	0.0	-1	1					0.07487408816814423	0.05543665960431099	0.06638088822364807	0.09654005616903305	-0.22268307209014893	0.0	0.0
s0_yd	5	single	-1	wrong	530,963	0.0	-1	1					0.020991820842027664	0.021596591919660568	0.05572294071316719	0.056885235011577606	0.22499093413352966	0.0	0.0
s0_yd	5	single	-1	wrong	524,645	0.0	-1	1					0.13208672404289246	0.16461482644081116	0.1615077555179596	0.10340473800897598	0.04876401275396347	0.0	0.0
s0_yd	5	single	-1	wrong	797,139	0.0	-1	1					0.04924163594841957	0.08145830035209656	0.16477873921394348	0.14987996220588684	0.23403918743133545	0.0	0.0
s0_yd	5	single	-1	wrong	1001,182	0.0	-1	1					0.05189059302210808	0.03707936778664589	0.039536572992801666	0.12928304076194763	-0.2721370458602905	0.0	0.0
s0_yd	5	single	-1	wrong	521,219	0.0	-1	1					0.02418997511267662	0.01435649860650301	0.12896429002285004	0.1402280628681183	0.38114434480667114	0.0	0.0
s0_yd	5	single	-1	wrong	381,846	0.0	-1	1					0.043596066534519196	0.033882368355989456	0.057034656405448914	0.13339024782180786	0.04393825680017471	0.0	0.0
s0_yd	5	single	-1	wrong	1001,138	0.0	-1	1					0.1052006334066391	0.09202966839075089	0.09530550241470337	0.16528084874153137	0.17534223198890686	0.0	0.0
s0_yd	5	single	-1	wrong	827,48	0.0	-1	1					0.052081093192100525	0.030159730464220047	0.023811565712094307	0.13623657822608948	-0.1432870477437973	0.0	0.0
s0_yd	5	single	-1	wrong	379,998	0.0	-1	1					0.04514005407691002	0.025555822998285294	0.07827671617269516	0.18532592058181763	-0.03845127671957016	0.0	0.0
s0_yd	5	single	-1	wrong	373,621	0.0	-1	1					0.14356361329555511	0.1019347757101059	0.15463049709796906	0.1255282759666443	0.3871646523475647	0.0	0.0
s0_yd	5	single	-1	wrong	854,733	0.0	-1	1					0.28338515758514404	0.33004820346832275	0.15054695308208466	0.1898496448993683	-0.01684059202671051	0.0	0.0
s0_yd	5	single	-1	wrong	43,977	0.0	-1	1					0.0103354062885046	0.0096798837184906	0.08216580748558044	0.06328113377094269	0.17183032631874084	0.0	0.0
s0_yd	5	single	-1	wrong	340,526	0.0	-1	1					0.031872861087322235	0.031964581459760666	0.08887261152267456	0.03805723041296005	-0.32521533966064453	0.0	0.0
s0_yd	5	single	-1	wrong	399,806	0.0	-1	1					0.05234723538160324	0.061013415455818176	0.23651136457920074	0.2656460404396057	0.13380980491638184	0.0	0.0
s0_yd	5	single	-1	wrong	556,1	0.0	-1	1					0.01313022617250681	0.012455267831683159	0.03018208220601082	0.06246541067957878	-0.06929053366184235	0.0	0.0
s0_yd	5	single	-1	wrong	149,911	0.0	-1	1					0.08492352813482285	0.09704086184501648	0.20817558467388153	0.1601715385913849	0.3030818998813629	0.0	0.0
s0_yd	5	single	-1	wrong	715,274	0.0	-1	1					0.030771516263484955	0.019333966076374054	0.08029957860708237	0.14685654640197754	0.6541279554367065	0.0	0.0
s0_yd	5	single	-1	wrong	656,344	0.0	-1	1					0.03555624186992645	0.01813471131026745	0.13077041506767273	0.07970163226127625	0.45058131217956543	0.0	0.0
s0_yd	5	single	-1	wrong	910,157	0.0	-1	1					0.3542426824569702	0.3672267198562622	0.1714455783367157	0.22487245500087738	0.23649412393569946	0.0	0.0
s0_yd	5	single	-1	wrong	466,107	0.0	-1	1					0.020623454824090004	0.014699598774313927	0.11933313310146332	0.04213018715381622	0.25834131240844727	0.0	0.0
s0_yd	5	single	-1	wrong	265,349	0.0	-1	1					0.08664460480213165	0.07457482069730759	0.07530048489570618	0.04579418897628784	-0.3368409276008606	0.0	0.0
s0_yd	5	single	-1	wrong	566,603	0.0	-1	1					0.032310448586940765	0.03375887870788574	0.046625517308712006	0.11121669411659241	-0.13402602076530457	0.0	0.0
s0_yd	5	single	-1	wrong	250,234	0.0	-1	1					0.09944257885217667	0.1276024878025055	0.11900255084037781	0.15853959321975708	0.45947080850601196	0.0	0.0
s0_yd	5	single	-1	wrong	770,546	0.0	-1	1					0.06225522607564926	0.07052063196897507	0.2856801450252533	0.2059464454650879	0.29648205637931824	0.0	0.0
s0_yd	5	single	-1	wrong	534,760	0.0	-1	1					0.07930101454257965	0.07693430781364441	0.07940084487199783	0.1415637582540512	0.2991979718208313	0.0	0.0
s0_yd	5	single	-1	wrong	441,120	0.0	-1	1					0.027083169668912888	0.018250597640872	0.07029856741428375	0.21724221110343933	0.5620167255401611	0.0	0.0
s0_yd	5	single	-1	wrong	971,892	0.0	-1	1					0.033031564205884933	0.036192744970321655	0.1861414611339569	0.2207871675491333	0.0392337366938591	0.0	0.0
s0_yd	5	single	-1	wrong	627,506	0.0	-1	1					0.037570174783468246	0.02169203944504261	0.11584636569023132	0.14506208896636963	0.14885681867599487	0.0	0.0
s0_yd	5	single	-1	wrong	88,743	0.0	-1	1					0.1897534430027008	0.1715049147605896	0.11884051561355591	0.16754508018493652	-0.18104073405265808	0.0	0.0
s0_yd	5	single	-1	wrong	904,644	0.0	-1	1					0.03777085244655609	0.03249182924628258	0.09747228026390076	0.19536109268665314	0.608945369720459	0.0	0.0
