arm	level	form	draw	cls	cand	world	n_moved	n_entries	read_banked	read_shaped_refit	read_frozen	read_twin	p_banked	p_shaped_refit	p_frozen	p_twin	dp_top	dp_lse	dp_marg
s2_so	2	delta	0	wrong	3,7	-0.0078125	24	17	-0.00023922324180603027	0.0009759441018104553	0.010145775973796844	0.003470085561275482	0.06885483860969543	0.05900470167398453	0.12456943094730377	0.07768892496824265	0.05057334899902344	-0.016014575958251953	-0.016642451286315918
s2_so	2	delta	0	wrong	0,4	0.0	0	17	0.0	0.0	0.0	0.0	0.06909406185150146	0.05802875757217407	0.11442365497350693	0.07421883940696716	0.0	-0.00325852632522583	0.0
s2_so	2	delta	0	wrong	6,6	0.0	1	17	-2.2351741790771484e-08	2.2351741790771484e-07	-3.203749656677246e-06	-1.959502696990967e-06	0.06909403949975967	0.05802898108959198	0.11442045122385025	0.07421687990427017	0.0004124641418457031	-0.0020479559898376465	0.0004126429557800293
s2_so	2	delta	0	wrong	7,3	0.0	0	17	0.0	0.0	0.0	0.0	0.06909406185150146	0.05802875757217407	0.11442365497350693	0.07421883940696716	0.0	-0.004179477691650391	0.0
s2_so	2	delta	0	wrong	1,7	-0.00390625	4	17	-4.143267869949341e-05	-3.28943133354187e-05	-3.0547380447387695e-07	-0.00013508647680282593	0.06905262917280197	0.057995863258838654	0.11442334949970245	0.07408375293016434	0.008635520935058594	-0.0024520158767700195	0.0022780001163482666
s2_so	2	delta	0	wrong	2,3	0.0	0	17	0.0	0.0	0.0	0.0	0.06909406185150146	0.05802875757217407	0.11442365497350693	0.07421883940696716	0.0	-0.0026029348373413086	0.0
s2_so	2	delta	0	wrong	5,1	-0.0078125	3	17	0.0006621256470680237	0.001185402274131775	0.00027383118867874146	0.0001656562089920044	0.06975618749856949	0.05921415984630585	0.11469748616218567	0.07438449561595917	0.006842613220214844	-0.002354145050048828	0.00044846534729003906
s2_so	2	delta	0	wrong	4,0	-0.00390625	9	17	-0.0021623969078063965	-0.001031193882226944	-0.0016433149576187134	0.00034677982330322266	0.06693166494369507	0.05699756368994713	0.11278034001588821	0.07456561923027039	0.0168304443359375	-0.002929985523223877	0.01545339822769165
s2_so	2	delta	0	wrong	2,4	0.0	0	17	0.0	0.0	0.0	0.0	0.06909406185150146	0.05802875757217407	0.11442365497350693	0.07421883940696716	0.0	-0.002827286720275879	-0.00037920475006103516
s2_so	2	delta	0	wrong	3,4	-0.00390625	5	17	-0.0016056746244430542	-0.0019084662199020386	-0.0025804489850997925	0.0005592703819274902	0.06748838722705841	0.056120291352272034	0.11184320598840714	0.07477810978889465	0.00836181640625	-0.012111544609069824	-0.01669377088546753
s2_so	2	delta	0	wrong	6,5	0.0	0	17	0.0	0.0	0.0	0.0	0.06909406185150146	0.05802875757217407	0.11442365497350693	0.07421883940696716	0.0	-8.58306884765625e-06	0.0
s2_so	2	delta	0	wrong	7,4	-0.015625	5	17	-0.000496305525302887	-0.001254536211490631	-4.836916923522949e-05	0.0009751543402671814	0.06859775632619858	0.05677422136068344	0.1143752858042717	0.07519399374723434	0.004458427429199219	-0.013798832893371582	8.052587509155273e-05
s2_so	2	delta	0	wrong	4,5	0.0	0	17	0.0	0.0	0.0	0.0	0.06909406185150146	0.05802875757217407	0.11442365497350693	0.07421883940696716	0.0	-4.0590763092041016e-05	0.0
s2_so	2	delta	0	wrong	4,2	0.0	0	17	0.0	0.0	0.0	0.0	0.06909406185150146	0.05802875757217407	0.11442365497350693	0.07421883940696716	0.0	-0.0029337406158447266	0.0
s2_so	2	delta	0	wrong	2,0	-0.046875	17	17	-0.005235619843006134	-0.004196740686893463	-0.0029510706663131714	-0.00020103156566619873	0.06385844200849533	0.05383201688528061	0.11147258430719376	0.07401780784130096	0.06375312805175781	0.020061910152435303	0.0632425844669342
s2_so	2	delta	0	wrong	4,3	0.0	0	17	0.0	0.0	0.0	0.0	0.06909406185150146	0.05802875757217407	0.11442365497350693	0.07421883940696716	0.0	-0.0002862215042114258	0.0
s2_so	2	delta	0	wrong	7,2	-0.01171875	13	17	-0.0007819384336471558	-0.00042206794023513794	-0.0010917261242866516	0.003155358135700226	0.06831212341785431	0.057606689631938934	0.11333192884922028	0.07737419754266739	0.01826763153076172	-0.015778660774230957	0.013994395732879639
s2_so	2	delta	0	wrong	6,2	0.0	0	17	0.0	0.0	0.0	0.0	0.06909406185150146	0.05802875757217407	0.11442365497350693	0.07421883940696716	0.0	-0.0017491579055786133	0.0
s2_so	2	delta	0	wrong	0,3	0.0	1	17	4.179775714874268e-06	1.0162591934204102e-05	-8.563697338104248e-05	2.8014183044433594e-06	0.06909824162721634	0.058038920164108276	0.11433801800012589	0.0742216408252716	0.000270843505859375	-0.005528688430786133	-0.007284790277481079
s2_so	2	delta	0	wrong	3,3	0.0	0	17	0.0	0.0	0.0	0.0	0.06909406185150146	0.05802875757217407	0.11442365497350693	0.07421883940696716	0.0	-0.002313077449798584	0.0
s2_so	2	delta	0	wrong	5,6	-0.08203125	47	17	-0.011854439973831177	-0.009388003498315811	-0.014667324721813202	0.003565959632396698	0.05723962187767029	0.04864075407385826	0.09975633025169373	0.07778479903936386	0.17694759368896484	0.0396193265914917	0.09035685658454895
s2_so	2	delta	0	wrong	5,7	0.0078125	54	17	0.00332486629486084	0.004097446799278259	0.005995936691761017	0.016183681786060333	0.0724189281463623	0.06212620437145233	0.12041959166526794	0.0904025211930275	0.18876361846923828	0.04201024770736694	0.09260183572769165
s2_so	2	delta	0	wrong	6,4	0.0	0	17	0.0	0.0	0.0	0.0	0.06909406185150146	0.05802875757217407	0.11442365497350693	0.07421883940696716	0.0	-0.00045424699783325195	0.0
s2_so	2	delta	0	wrong	5,3	-0.0078125	7	17	-0.0012681037187576294	-0.0006930455565452576	-0.0003767535090446472	4.659593105316162e-05	0.06782595813274384	0.057335712015628815	0.11404690146446228	0.07426543533802032	0.02333354949951172	0.003469526767730713	0.00638502836227417
s2_so	2	delta	0	wrong	1,5	0.0	0	17	0.0	0.0	0.0	0.0	0.06909406185150146	0.05802875757217407	0.11442365497350693	0.07421883940696716	0.0	-2.5391578674316406e-05	0.0
s2_so	2	delta	0	wrong	2,7	-0.0234375	13	17	-0.001399807631969452	-0.0009058192372322083	0.0045507922768592834	0.0036940500140190125	0.06769425421953201	0.057122938334941864	0.11897444725036621	0.07791288942098618	0.012129783630371094	-0.040526628494262695	-0.005093932151794434
s2_so	2	delta	0	wrong	1,2	0.0	0	17	0.0	0.0	0.0	0.0	0.06909406185150146	0.05802875757217407	0.11442365497350693	0.07421883940696716	0.0	-0.0024088025093078613	0.0
s2_so	2	delta	0	wrong	7,5	-0.0078125	3	17	9.926408529281616e-05	-6.188079714775085e-05	-0.00035865604877471924	0.0017541497945785522	0.06919332593679428	0.05796687677502632	0.11406499892473221	0.07597298920154572	0.0031795501708984375	-0.005150735378265381	0.003179609775543213
s2_so	2	delta	0	wrong	3,1	0.0	4	17	-2.594292163848877e-05	-0.0003610849380493164	-0.0007606223225593567	-0.0005444586277008057	0.06906811892986298	0.057667672634124756	0.11366303265094757	0.07367438077926636	0.005383491516113281	-0.012172102928161621	-0.017447978258132935
s2_so	2	delta	0	wrong	0,1	0.0	0	17	0.0	0.0	0.0	0.0	0.06909406185150146	0.05802875757217407	0.11442365497350693	0.07421883940696716	0.0	-0.00212019681930542	0.0
s2_so	2	delta	0	wrong	5,5	0.0	2	17	-2.193450927734375e-05	-7.242709398269653e-05	-0.00016849488019943237	-5.0440430641174316e-05	0.06907212734222412	0.057956330478191376	0.1142551600933075	0.07416839897632599	0.0011153221130371094	-0.008254289627075195	-0.003631383180618286
s2_so	2	delta	0	wrong	0,6	-0.09375	35	17	-0.001287609338760376	-0.0021429508924484253	-0.0036747753620147705	-0.002682983875274658	0.06780645251274109	0.05588580667972565	0.11074887961149216	0.0715358555316925	0.061779022216796875	-0.033146798610687256	-0.06001169979572296
s2_so	2	delta	0	wrong	3,6	-0.046875	24	17	-0.00985676795244217	-0.008224844932556152	-0.007257930934429169	-0.0007160604000091553	0.059237293899059296	0.04980391263961792	0.10716572403907776	0.07350277900695801	0.05823993682861328	-0.007541775703430176	0.008020401000976562
s2_so	2	delta	0	wrong	7,7	-0.08203125	46	17	-0.003015190362930298	-0.0022321492433547974	0.005871981382369995	0.009325049817562103	0.06607887148857117	0.055796608328819275	0.12029563635587692	0.08354388922452927	0.08600950241088867	-0.016240179538726807	0.050903499126434326
s2_so	2	delta	0	wrong	5,4	-0.01171875	4	17	-0.00035253167152404785	-0.0012101195752620697	-6.329268217086792e-05	0.0015567019581794739	0.06874153017997742	0.056818637996912	0.11436036229133606	0.07577554136514664	0.00851583480834961	-0.0025510191917419434	0.0003790855407714844
s2_so	2	delta	0	wrong	0,5	-0.00390625	1	17	4.842877388000488e-07	2.905726432800293e-06	-0.0006883889436721802	4.3213367462158203e-07	0.06909454613924026	0.05803166329860687	0.11373526602983475	0.07421927154064178	0.000995635986328125	-0.0007357597351074219	0.0009718537330627441
s2_so	2	delta	0	wrong	7,0	-0.06640625	30	17	-0.004895605146884918	-0.0038913562893867493	-0.007007725536823273	-0.001555711030960083	0.06419845670461655	0.05413740128278732	0.10741592943668365	0.07266312837600708	0.1693410873413086	0.06161379814147949	0.16759976744651794
s2_so	2	delta	0	wrong	1,4	0.0	0	17	0.0	0.0	0.0	0.0	0.06909406185150146	0.05802875757217407	0.11442365497350693	0.07421883940696716	0.0	-0.0007880926132202148	0.0
s2_so	2	delta	0	wrong	0,0	-0.046875	17	17	-0.007655605673789978	-0.005677010864019394	-0.0001742839813232422	-0.00032851845026016235	0.06143845617771149	0.05235174670815468	0.11424937099218369	0.073890320956707	0.052887916564941406	0.0073223114013671875	0.037880778312683105
s2_so	2	delta	0	wrong	4,4	0.0	0	17	0.0	0.0	0.0	0.0	0.06909406185150146	0.05802875757217407	0.11442365497350693	0.07421883940696716	0.0	-0.0008901357650756836	0.0
s2_so	2	delta	0	wrong	4,7	-0.00390625	5	17	-3.384798765182495e-05	-3.164634108543396e-05	1.0877847671508789e-05	0.0037728101015090942	0.06906021386384964	0.05799711123108864	0.11443453282117844	0.07799164950847626	0.008362770080566406	-0.006079316139221191	-4.607439041137695e-05
s2_so	2	delta	0	wrong	1,0	0.0	3	17	0.000105246901512146	8.509308099746704e-05	-0.0006217211484909058	-0.0005220323801040649	0.06919930875301361	0.05811385065317154	0.11380193382501602	0.0736968070268631	0.013040542602539062	-0.0040087103843688965	0.011939018964767456
s2_so	2	delta	0	wrong	2,2	0.0	0	17	0.0	0.0	0.0	0.0	0.06909406185150146	0.05802875757217407	0.11442365497350693	0.07421883940696716	0.0	-0.009610354900360107	0.0
s2_so	2	delta	0	wrong	2,1	0.0	0	17	0.0	0.0	0.0	0.0	0.06909406185150146	0.05802875757217407	0.11442365497350693	0.07421883940696716	0.0	-0.002087712287902832	0.0
s2_so	2	delta	0	wrong	6,7	0.0	0	17	0.0	0.0	0.0	0.0	0.06909406185150146	0.05802875757217407	0.11442365497350693	0.07421883940696716	0.0	-0.003662407398223877	-0.00016945600509643555
s2_so	2	delta	0	wrong	6,0	0.0	0	17	0.0	0.0	0.0	0.0	0.06909406185150146	0.05802875757217407	0.11442365497350693	0.07421883940696716	0.0	-0.00018203258514404297	0.0
s2_so	2	delta	0	wrong	0,2	0.0	0	17	0.0	0.0	0.0	0.0	0.06909406185150146	0.05802875757217407	0.11442365497350693	0.07421883940696716	0.0	-0.007610440254211426	-0.0029744505882263184
s2_so	2	delta	0	wrong	6,3	0.0	0	17	0.0	0.0	0.0	0.0	0.06909406185150146	0.05802875757217407	0.11442365497350693	0.07421883940696716	0.0	-7.62939453125e-06	0.0
s2_so	2	delta	1	wrong	3,7	-0.0078125	24	17	-0.00023922324180603027	0.0009759441018104553	0.010145775973796844	0.003470085561275482	0.06885483860969543	0.05900470167398453	0.12456943094730377	0.07768892496824265	0.05057334899902344	-0.016014575958251953	-0.016642451286315918
s2_so	2	delta	1	wrong	0,4	0.0	0	17	0.0	0.0	0.0	0.0	0.06909406185150146	0.05802875757217407	0.11442365497350693	0.07421883940696716	0.0	-0.00325852632522583	0.0
s2_so	2	delta	1	wrong	6,6	0.0	1	17	-2.2351741790771484e-08	2.2351741790771484e-07	-3.203749656677246e-06	-1.959502696990967e-06	0.06909403949975967	0.05802898108959198	0.11442045122385025	0.07421687990427017	0.0004124641418457031	-0.0020479559898376465	0.0004126429557800293
s2_so	2	delta	1	wrong	7,3	0.0	0	17	0.0	0.0	0.0	0.0	0.06909406185150146	0.05802875757217407	0.11442365497350693	0.07421883940696716	0.0	-0.004179477691650391	0.0
s2_so	2	delta	1	wrong	1,7	-0.00390625	4	17	-4.143267869949341e-05	-3.28943133354187e-05	-3.0547380447387695e-07	-0.00013508647680282593	0.06905262917280197	0.057995863258838654	0.11442334949970245	0.07408375293016434	0.008635520935058594	-0.0024520158767700195	0.0022780001163482666
s2_so	2	delta	1	wrong	2,3	0.0	0	17	0.0	0.0	0.0	0.0	0.06909406185150146	0.05802875757217407	0.11442365497350693	0.07421883940696716	0.0	-0.0026029348373413086	0.0
s2_so	2	delta	1	wrong	5,1	-0.0078125	3	17	0.0006621256470680237	0.001185402274131775	0.00027383118867874146	0.0001656562089920044	0.06975618749856949	0.05921415984630585	0.11469748616218567	0.07438449561595917	0.006842613220214844	-0.002354145050048828	0.00044846534729003906
s2_so	2	delta	1	wrong	4,0	-0.00390625	9	17	-0.0021623969078063965	-0.001031193882226944	-0.0016433149576187134	0.00034677982330322266	0.06693166494369507	0.05699756368994713	0.11278034001588821	0.07456561923027039	0.0168304443359375	-0.002929985523223877	0.01545339822769165
s2_so	2	delta	1	wrong	2,4	0.0	0	17	0.0	0.0	0.0	0.0	0.06909406185150146	0.05802875757217407	0.11442365497350693	0.07421883940696716	0.0	-0.002827286720275879	-0.00037920475006103516
s2_so	2	delta	1	wrong	3,4	-0.00390625	5	17	-0.0016056746244430542	-0.0019084662199020386	-0.0025804489850997925	0.0005592703819274902	0.06748838722705841	0.056120291352272034	0.11184320598840714	0.07477810978889465	0.00836181640625	-0.012111544609069824	-0.01669377088546753
s2_so	2	delta	1	wrong	6,5	0.0	0	17	0.0	0.0	0.0	0.0	0.06909406185150146	0.05802875757217407	0.11442365497350693	0.07421883940696716	0.0	-8.58306884765625e-06	0.0
s2_so	2	delta	1	wrong	7,4	-0.015625	5	17	-0.000496305525302887	-0.001254536211490631	-4.836916923522949e-05	0.0009751543402671814	0.06859775632619858	0.05677422136068344	0.1143752858042717	0.07519399374723434	0.004458427429199219	-0.013798832893371582	8.052587509155273e-05
s2_so	2	delta	1	wrong	4,5	0.0	0	17	0.0	0.0	0.0	0.0	0.06909406185150146	0.05802875757217407	0.11442365497350693	0.07421883940696716	0.0	-4.0590763092041016e-05	0.0
s2_so	2	delta	1	wrong	4,2	0.0	0	17	0.0	0.0	0.0	0.0	0.06909406185150146	0.05802875757217407	0.11442365497350693	0.07421883940696716	0.0	-0.0029337406158447266	0.0
s2_so	2	delta	1	wrong	2,0	-0.046875	17	17	-0.005235619843006134	-0.004196740686893463	-0.0029510706663131714	-0.00020103156566619873	0.06385844200849533	0.05383201688528061	0.11147258430719376	0.07401780784130096	0.06375312805175781	0.020061910152435303	0.0632425844669342
s2_so	2	delta	1	wrong	4,3	0.0	0	17	0.0	0.0	0.0	0.0	0.06909406185150146	0.05802875757217407	0.11442365497350693	0.07421883940696716	0.0	-0.0002862215042114258	0.0
s2_so	2	delta	1	wrong	7,2	-0.01171875	13	17	-0.0007819384336471558	-0.00042206794023513794	-0.0010917261242866516	0.003155358135700226	0.06831212341785431	0.057606689631938934	0.11333192884922028	0.07737419754266739	0.01826763153076172	-0.015778660774230957	0.013994395732879639
s2_so	2	delta	1	wrong	6,2	0.0	0	17	0.0	0.0	0.0	0.0	0.06909406185150146	0.05802875757217407	0.11442365497350693	0.07421883940696716	0.0	-0.0017491579055786133	0.0
s2_so	2	delta	1	wrong	0,3	0.0	1	17	4.179775714874268e-06	1.0162591934204102e-05	-8.563697338104248e-05	2.8014183044433594e-06	0.06909824162721634	0.058038920164108276	0.11433801800012589	0.0742216408252716	0.000270843505859375	-0.005528688430786133	-0.007284790277481079
s2_so	2	delta	1	wrong	3,3	0.0	0	17	0.0	0.0	0.0	0.0	0.06909406185150146	0.05802875757217407	0.11442365497350693	0.07421883940696716	0.0	-0.002313077449798584	0.0
s2_so	2	delta	1	wrong	5,6	-0.08203125	47	17	-0.011854439973831177	-0.009388003498315811	-0.014667324721813202	0.003565959632396698	0.05723962187767029	0.04864075407385826	0.09975633025169373	0.07778479903936386	0.17694759368896484	0.0396193265914917	0.09035685658454895
s2_so	2	delta	1	wrong	5,7	0.0078125	54	17	0.00332486629486084	0.004097446799278259	0.005995936691761017	0.016183681786060333	0.0724189281463623	0.06212620437145233	0.12041959166526794	0.0904025211930275	0.18876361846923828	0.04201024770736694	0.09260183572769165
s2_so	2	delta	1	wrong	6,4	0.0	0	17	0.0	0.0	0.0	0.0	0.06909406185150146	0.05802875757217407	0.11442365497350693	0.07421883940696716	0.0	-0.00045424699783325195	0.0
s2_so	2	delta	1	wrong	5,3	-0.0078125	7	17	-0.0012681037187576294	-0.0006930455565452576	-0.0003767535090446472	4.659593105316162e-05	0.06782595813274384	0.057335712015628815	0.11404690146446228	0.07426543533802032	0.02333354949951172	0.003469526767730713	0.00638502836227417
s2_so	2	delta	1	wrong	1,5	0.0	0	17	0.0	0.0	0.0	0.0	0.06909406185150146	0.05802875757217407	0.11442365497350693	0.07421883940696716	0.0	-2.5391578674316406e-05	0.0
s2_so	2	delta	1	wrong	2,7	-0.0234375	13	17	-0.001399807631969452	-0.0009058192372322083	0.0045507922768592834	0.0036940500140190125	0.06769425421953201	0.057122938334941864	0.11897444725036621	0.07791288942098618	0.012129783630371094	-0.040526628494262695	-0.005093932151794434
s2_so	2	delta	1	wrong	1,2	0.0	0	17	0.0	0.0	0.0	0.0	0.06909406185150146	0.05802875757217407	0.11442365497350693	0.07421883940696716	0.0	-0.0024088025093078613	0.0
s2_so	2	delta	1	wrong	7,5	-0.0078125	3	17	9.926408529281616e-05	-6.188079714775085e-05	-0.00035865604877471924	0.0017541497945785522	0.06919332593679428	0.05796687677502632	0.11406499892473221	0.07597298920154572	0.0031795501708984375	-0.005150735378265381	0.003179609775543213
s2_so	2	delta	1	wrong	3,1	0.0	4	17	-2.594292163848877e-05	-0.0003610849380493164	-0.0007606223225593567	-0.0005444586277008057	0.06906811892986298	0.057667672634124756	0.11366303265094757	0.07367438077926636	0.005383491516113281	-0.012172102928161621	-0.017447978258132935
s2_so	2	delta	1	wrong	0,1	0.0	0	17	0.0	0.0	0.0	0.0	0.06909406185150146	0.05802875757217407	0.11442365497350693	0.07421883940696716	0.0	-0.00212019681930542	0.0
s2_so	2	delta	1	wrong	5,5	0.0	2	17	-2.193450927734375e-05	-7.242709398269653e-05	-0.00016849488019943237	-5.0440430641174316e-05	0.06907212734222412	0.057956330478191376	0.1142551600933075	0.07416839897632599	0.0011153221130371094	-0.008254289627075195	-0.003631383180618286
s2_so	2	delta	1	wrong	0,6	-0.09375	35	17	-0.001287609338760376	-0.0021429508924484253	-0.0036747753620147705	-0.002682983875274658	0.06780645251274109	0.05588580667972565	0.11074887961149216	0.0715358555316925	0.061779022216796875	-0.033146798610687256	-0.06001169979572296
s2_so	2	delta	1	wrong	3,6	-0.046875	24	17	-0.00985676795244217	-0.008224844932556152	-0.007257930934429169	-0.0007160604000091553	0.059237293899059296	0.04980391263961792	0.10716572403907776	0.07350277900695801	0.05823993682861328	-0.007541775703430176	0.008020401000976562
s2_so	2	delta	1	wrong	7,7	-0.08203125	46	17	-0.003015190362930298	-0.0022321492433547974	0.005871981382369995	0.009325049817562103	0.06607887148857117	0.055796608328819275	0.12029563635587692	0.08354388922452927	0.08600950241088867	-0.016240179538726807	0.050903499126434326
s2_so	2	delta	1	wrong	5,4	-0.01171875	4	17	-0.00035253167152404785	-0.0012101195752620697	-6.329268217086792e-05	0.0015567019581794739	0.06874153017997742	0.056818637996912	0.11436036229133606	0.07577554136514664	0.00851583480834961	-0.0025510191917419434	0.0003790855407714844
s2_so	2	delta	1	wrong	0,5	-0.00390625	1	17	4.842877388000488e-07	2.905726432800293e-06	-0.0006883889436721802	4.3213367462158203e-07	0.06909454613924026	0.05803166329860687	0.11373526602983475	0.07421927154064178	0.000995635986328125	-0.0007357597351074219	0.0009718537330627441
s2_so	2	delta	1	wrong	7,0	-0.06640625	30	17	-0.004895605146884918	-0.0038913562893867493	-0.007007725536823273	-0.001555711030960083	0.06419845670461655	0.05413740128278732	0.10741592943668365	0.07266312837600708	0.1693410873413086	0.06161379814147949	0.16759976744651794
s2_so	2	delta	1	wrong	1,4	0.0	0	17	0.0	0.0	0.0	0.0	0.06909406185150146	0.05802875757217407	0.11442365497350693	0.07421883940696716	0.0	-0.0007880926132202148	0.0
s2_so	2	delta	1	wrong	0,0	-0.046875	17	17	-0.007655605673789978	-0.005677010864019394	-0.0001742839813232422	-0.00032851845026016235	0.06143845617771149	0.05235174670815468	0.11424937099218369	0.073890320956707	0.052887916564941406	0.0073223114013671875	0.037880778312683105
s2_so	2	delta	1	wrong	4,4	0.0	0	17	0.0	0.0	0.0	0.0	0.06909406185150146	0.05802875757217407	0.11442365497350693	0.07421883940696716	0.0	-0.0008901357650756836	0.0
s2_so	2	delta	1	wrong	4,7	-0.00390625	5	17	-3.384798765182495e-05	-3.164634108543396e-05	1.0877847671508789e-05	0.0037728101015090942	0.06906021386384964	0.05799711123108864	0.11443453282117844	0.07799164950847626	0.008362770080566406	-0.006079316139221191	-4.607439041137695e-05
s2_so	2	delta	1	wrong	1,0	0.0	3	17	0.000105246901512146	8.509308099746704e-05	-0.0006217211484909058	-0.0005220323801040649	0.06919930875301361	0.05811385065317154	0.11380193382501602	0.0736968070268631	0.013040542602539062	-0.0040087103843688965	0.011939018964767456
s2_so	2	delta	1	wrong	2,2	0.0	0	17	0.0	0.0	0.0	0.0	0.06909406185150146	0.05802875757217407	0.11442365497350693	0.07421883940696716	0.0	-0.009610354900360107	0.0
s2_so	2	delta	1	wrong	2,1	0.0	0	17	0.0	0.0	0.0	0.0	0.06909406185150146	0.05802875757217407	0.11442365497350693	0.07421883940696716	0.0	-0.002087712287902832	0.0
s2_so	2	delta	1	wrong	6,7	0.0	0	17	0.0	0.0	0.0	0.0	0.06909406185150146	0.05802875757217407	0.11442365497350693	0.07421883940696716	0.0	-0.003662407398223877	-0.00016945600509643555
s2_so	2	delta	1	wrong	6,0	0.0	0	17	0.0	0.0	0.0	0.0	0.06909406185150146	0.05802875757217407	0.11442365497350693	0.07421883940696716	0.0	-0.00018203258514404297	0.0
s2_so	2	delta	1	wrong	0,2	0.0	0	17	0.0	0.0	0.0	0.0	0.06909406185150146	0.05802875757217407	0.11442365497350693	0.07421883940696716	0.0	-0.007610440254211426	-0.0029744505882263184
s2_so	2	delta	1	wrong	6,3	0.0	0	17	0.0	0.0	0.0	0.0	0.06909406185150146	0.05802875757217407	0.11442365497350693	0.07421883940696716	0.0	-7.62939453125e-06	0.0
s2_so	2	delta	2	wrong	3,7	-0.0078125	24	17	-0.00023922324180603027	0.0009759441018104553	0.010145775973796844	0.003470085561275482	0.06885483860969543	0.05900470167398453	0.12456943094730377	0.07768892496824265	0.05057334899902344	-0.016014575958251953	-0.016642451286315918
s2_so	2	delta	2	wrong	0,4	0.0	0	17	0.0	0.0	0.0	0.0	0.06909406185150146	0.05802875757217407	0.11442365497350693	0.07421883940696716	0.0	-0.00325852632522583	0.0
s2_so	2	delta	2	wrong	6,6	0.0	1	17	-2.2351741790771484e-08	2.2351741790771484e-07	-3.203749656677246e-06	-1.959502696990967e-06	0.06909403949975967	0.05802898108959198	0.11442045122385025	0.07421687990427017	0.0004124641418457031	-0.0020479559898376465	0.0004126429557800293
s2_so	2	delta	2	wrong	7,3	0.0	0	17	0.0	0.0	0.0	0.0	0.06909406185150146	0.05802875757217407	0.11442365497350693	0.07421883940696716	0.0	-0.004179477691650391	0.0
s2_so	2	delta	2	wrong	1,7	-0.00390625	4	17	-4.143267869949341e-05	-3.28943133354187e-05	-3.0547380447387695e-07	-0.00013508647680282593	0.06905262917280197	0.057995863258838654	0.11442334949970245	0.07408375293016434	0.008635520935058594	-0.0024520158767700195	0.0022780001163482666
s2_so	2	delta	2	wrong	2,3	0.0	0	17	0.0	0.0	0.0	0.0	0.06909406185150146	0.05802875757217407	0.11442365497350693	0.07421883940696716	0.0	-0.0026029348373413086	0.0
s2_so	2	delta	2	wrong	5,1	-0.0078125	3	17	0.0006621256470680237	0.001185402274131775	0.00027383118867874146	0.0001656562089920044	0.06975618749856949	0.05921415984630585	0.11469748616218567	0.07438449561595917	0.006842613220214844	-0.002354145050048828	0.00044846534729003906
s2_so	2	delta	2	wrong	4,0	-0.00390625	9	17	-0.0021623969078063965	-0.001031193882226944	-0.0016433149576187134	0.00034677982330322266	0.06693166494369507	0.05699756368994713	0.11278034001588821	0.07456561923027039	0.0168304443359375	-0.002929985523223877	0.01545339822769165
s2_so	2	delta	2	wrong	2,4	0.0	0	17	0.0	0.0	0.0	0.0	0.06909406185150146	0.05802875757217407	0.11442365497350693	0.07421883940696716	0.0	-0.002827286720275879	-0.00037920475006103516
s2_so	2	delta	2	wrong	3,4	-0.00390625	5	17	-0.0016056746244430542	-0.0019084662199020386	-0.0025804489850997925	0.0005592703819274902	0.06748838722705841	0.056120291352272034	0.11184320598840714	0.07477810978889465	0.00836181640625	-0.012111544609069824	-0.01669377088546753
s2_so	2	delta	2	wrong	6,5	0.0	0	17	0.0	0.0	0.0	0.0	0.06909406185150146	0.05802875757217407	0.11442365497350693	0.07421883940696716	0.0	-8.58306884765625e-06	0.0
s2_so	2	delta	2	wrong	7,4	-0.015625	5	17	-0.000496305525302887	-0.001254536211490631	-4.836916923522949e-05	0.0009751543402671814	0.06859775632619858	0.05677422136068344	0.1143752858042717	0.07519399374723434	0.004458427429199219	-0.013798832893371582	8.052587509155273e-05
s2_so	2	delta	2	wrong	4,5	0.0	0	17	0.0	0.0	0.0	0.0	0.06909406185150146	0.05802875757217407	0.11442365497350693	0.07421883940696716	0.0	-4.0590763092041016e-05	0.0
s2_so	2	delta	2	wrong	4,2	0.0	0	17	0.0	0.0	0.0	0.0	0.06909406185150146	0.05802875757217407	0.11442365497350693	0.07421883940696716	0.0	-0.0029337406158447266	0.0
s2_so	2	delta	2	wrong	2,0	-0.046875	17	17	-0.005235619843006134	-0.004196740686893463	-0.0029510706663131714	-0.00020103156566619873	0.06385844200849533	0.05383201688528061	0.11147258430719376	0.07401780784130096	0.06375312805175781	0.020061910152435303	0.0632425844669342
s2_so	2	delta	2	wrong	4,3	0.0	0	17	0.0	0.0	0.0	0.0	0.06909406185150146	0.05802875757217407	0.11442365497350693	0.07421883940696716	0.0	-0.0002862215042114258	0.0
s2_so	2	delta	2	wrong	7,2	-0.01171875	13	17	-0.0007819384336471558	-0.00042206794023513794	-0.0010917261242866516	0.003155358135700226	0.06831212341785431	0.057606689631938934	0.11333192884922028	0.07737419754266739	0.01826763153076172	-0.015778660774230957	0.013994395732879639
s2_so	2	delta	2	wrong	6,2	0.0	0	17	0.0	0.0	0.0	0.0	0.06909406185150146	0.05802875757217407	0.11442365497350693	0.07421883940696716	0.0	-0.0017491579055786133	0.0
s2_so	2	delta	2	wrong	0,3	0.0	1	17	4.179775714874268e-06	1.0162591934204102e-05	-8.563697338104248e-05	2.8014183044433594e-06	0.06909824162721634	0.058038920164108276	0.11433801800012589	0.0742216408252716	0.000270843505859375	-0.005528688430786133	-0.007284790277481079
s2_so	2	delta	2	wrong	3,3	0.0	0	17	0.0	0.0	0.0	0.0	0.06909406185150146	0.05802875757217407	0.11442365497350693	0.07421883940696716	0.0	-0.002313077449798584	0.0
s2_so	2	delta	2	wrong	5,6	-0.08203125	47	17	-0.011854439973831177	-0.009388003498315811	-0.014667324721813202	0.003565959632396698	0.05723962187767029	0.04864075407385826	0.09975633025169373	0.07778479903936386	0.17694759368896484	0.0396193265914917	0.09035685658454895
s2_so	2	delta	2	wrong	5,7	0.0078125	54	17	0.00332486629486084	0.004097446799278259	0.005995936691761017	0.016183681786060333	0.0724189281463623	0.06212620437145233	0.12041959166526794	0.0904025211930275	0.18876361846923828	0.04201024770736694	0.09260183572769165
s2_so	2	delta	2	wrong	6,4	0.0	0	17	0.0	0.0	0.0	0.0	0.06909406185150146	0.05802875757217407	0.11442365497350693	0.07421883940696716	0.0	-0.00045424699783325195	0.0
s2_so	2	delta	2	wrong	5,3	-0.0078125	7	17	-0.0012681037187576294	-0.0006930455565452576	-0.0003767535090446472	4.659593105316162e-05	0.06782595813274384	0.057335712015628815	0.11404690146446228	0.07426543533802032	0.02333354949951172	0.003469526767730713	0.00638502836227417
s2_so	2	delta	2	wrong	1,5	0.0	0	17	0.0	0.0	0.0	0.0	0.06909406185150146	0.05802875757217407	0.11442365497350693	0.07421883940696716	0.0	-2.5391578674316406e-05	0.0
s2_so	2	delta	2	wrong	2,7	-0.0234375	13	17	-0.001399807631969452	-0.0009058192372322083	0.0045507922768592834	0.0036940500140190125	0.06769425421953201	0.057122938334941864	0.11897444725036621	0.07791288942098618	0.012129783630371094	-0.040526628494262695	-0.005093932151794434
s2_so	2	delta	2	wrong	1,2	0.0	0	17	0.0	0.0	0.0	0.0	0.06909406185150146	0.05802875757217407	0.11442365497350693	0.07421883940696716	0.0	-0.0024088025093078613	0.0
s2_so	2	delta	2	wrong	7,5	-0.0078125	3	17	9.926408529281616e-05	-6.188079714775085e-05	-0.00035865604877471924	0.0017541497945785522	0.06919332593679428	0.05796687677502632	0.11406499892473221	0.07597298920154572	0.0031795501708984375	-0.005150735378265381	0.003179609775543213
s2_so	2	delta	2	wrong	3,1	0.0	4	17	-2.594292163848877e-05	-0.0003610849380493164	-0.0007606223225593567	-0.0005444586277008057	0.06906811892986298	0.057667672634124756	0.11366303265094757	0.07367438077926636	0.005383491516113281	-0.012172102928161621	-0.017447978258132935
s2_so	2	delta	2	wrong	0,1	0.0	0	17	0.0	0.0	0.0	0.0	0.06909406185150146	0.05802875757217407	0.11442365497350693	0.07421883940696716	0.0	-0.00212019681930542	0.0
s2_so	2	delta	2	wrong	5,5	0.0	2	17	-2.193450927734375e-05	-7.242709398269653e-05	-0.00016849488019943237	-5.0440430641174316e-05	0.06907212734222412	0.057956330478191376	0.1142551600933075	0.07416839897632599	0.0011153221130371094	-0.008254289627075195	-0.003631383180618286
s2_so	2	delta	2	wrong	0,6	-0.09375	35	17	-0.001287609338760376	-0.0021429508924484253	-0.0036747753620147705	-0.002682983875274658	0.06780645251274109	0.05588580667972565	0.11074887961149216	0.0715358555316925	0.061779022216796875	-0.033146798610687256	-0.06001169979572296
s2_so	2	delta	2	wrong	3,6	-0.046875	24	17	-0.00985676795244217	-0.008224844932556152	-0.007257930934429169	-0.0007160604000091553	0.059237293899059296	0.04980391263961792	0.10716572403907776	0.07350277900695801	0.05823993682861328	-0.007541775703430176	0.008020401000976562
s2_so	2	delta	2	wrong	7,7	-0.08203125	46	17	-0.003015190362930298	-0.0022321492433547974	0.005871981382369995	0.009325049817562103	0.06607887148857117	0.055796608328819275	0.12029563635587692	0.08354388922452927	0.08600950241088867	-0.016240179538726807	0.050903499126434326
s2_so	2	delta	2	wrong	5,4	-0.01171875	4	17	-0.00035253167152404785	-0.0012101195752620697	-6.329268217086792e-05	0.0015567019581794739	0.06874153017997742	0.056818637996912	0.11436036229133606	0.07577554136514664	0.00851583480834961	-0.0025510191917419434	0.0003790855407714844
s2_so	2	delta	2	wrong	0,5	-0.00390625	1	17	4.842877388000488e-07	2.905726432800293e-06	-0.0006883889436721802	4.3213367462158203e-07	0.06909454613924026	0.05803166329860687	0.11373526602983475	0.07421927154064178	0.000995635986328125	-0.0007357597351074219	0.0009718537330627441
s2_so	2	delta	2	wrong	7,0	-0.06640625	30	17	-0.004895605146884918	-0.0038913562893867493	-0.007007725536823273	-0.001555711030960083	0.06419845670461655	0.05413740128278732	0.10741592943668365	0.07266312837600708	0.1693410873413086	0.06161379814147949	0.16759976744651794
s2_so	2	delta	2	wrong	1,4	0.0	0	17	0.0	0.0	0.0	0.0	0.06909406185150146	0.05802875757217407	0.11442365497350693	0.07421883940696716	0.0	-0.0007880926132202148	0.0
s2_so	2	delta	2	wrong	0,0	-0.046875	17	17	-0.007655605673789978	-0.005677010864019394	-0.0001742839813232422	-0.00032851845026016235	0.06143845617771149	0.05235174670815468	0.11424937099218369	0.073890320956707	0.052887916564941406	0.0073223114013671875	0.037880778312683105
s2_so	2	delta	2	wrong	4,4	0.0	0	17	0.0	0.0	0.0	0.0	0.06909406185150146	0.05802875757217407	0.11442365497350693	0.07421883940696716	0.0	-0.0008901357650756836	0.0
s2_so	2	delta	2	wrong	4,7	-0.00390625	5	17	-3.384798765182495e-05	-3.164634108543396e-05	1.0877847671508789e-05	0.0037728101015090942	0.06906021386384964	0.05799711123108864	0.11443453282117844	0.07799164950847626	0.008362770080566406	-0.006079316139221191	-4.607439041137695e-05
s2_so	2	delta	2	wrong	1,0	0.0	3	17	0.000105246901512146	8.509308099746704e-05	-0.0006217211484909058	-0.0005220323801040649	0.06919930875301361	0.05811385065317154	0.11380193382501602	0.0736968070268631	0.013040542602539062	-0.0040087103843688965	0.011939018964767456
s2_so	2	delta	2	wrong	2,2	0.0	0	17	0.0	0.0	0.0	0.0	0.06909406185150146	0.05802875757217407	0.11442365497350693	0.07421883940696716	0.0	-0.009610354900360107	0.0
s2_so	2	delta	2	wrong	2,1	0.0	0	17	0.0	0.0	0.0	0.0	0.06909406185150146	0.05802875757217407	0.11442365497350693	0.07421883940696716	0.0	-0.002087712287902832	0.0
s2_so	2	delta	2	wrong	6,7	0.0	0	17	0.0	0.0	0.0	0.0	0.06909406185150146	0.05802875757217407	0.11442365497350693	0.07421883940696716	0.0	-0.003662407398223877	-0.00016945600509643555
s2_so	2	delta	2	wrong	6,0	0.0	0	17	0.0	0.0	0.0	0.0	0.06909406185150146	0.05802875757217407	0.11442365497350693	0.07421883940696716	0.0	-0.00018203258514404297	0.0
s2_so	2	delta	2	wrong	0,2	0.0	0	17	0.0	0.0	0.0	0.0	0.06909406185150146	0.05802875757217407	0.11442365497350693	0.07421883940696716	0.0	-0.007610440254211426	-0.0029744505882263184
s2_so	2	delta	2	wrong	6,3	0.0	0	17	0.0	0.0	0.0	0.0	0.06909406185150146	0.05802875757217407	0.11442365497350693	0.07421883940696716	0.0	-7.62939453125e-06	0.0
s2_so	2	single	-1	true	5,0	0.19921875	-1	1					0.03514445573091507	0.030078813433647156	0.08444788306951523	0.04590538889169693	1.394437551498413	0.0	0.0
s2_so	2	single	-1	true	3,0	0.19921875	-1	1					0.043048664927482605	0.03345544636249542	0.13980041444301605	0.050348468124866486	0.37235701084136963	0.0	0.0
s2_so	2	single	-1	true	4,6	0.0234375	-1	1					0.0025094114243984222	0.004172835033386946	0.05305955931544304	0.1581885665655136	0.6473104953765869	0.0	0.0
s2_so	2	single	-1	true	1,3	0.0234375	-1	1					0.03811073303222656	0.033673305064439774	0.10006251931190491	0.0518280565738678	-2.668698310852051	0.0	0.0
s2_so	2	single	-1	true	3,2	0.15625	-1	1					0.07209227234125137	0.059662558138370514	0.23850345611572266	0.1436631828546524	0.3038793206214905	0.0	0.0
s2_so	2	single	-1	true	7,1	0.15625	-1	1					0.03680572658777237	0.054938048124313354	0.13936205208301544	0.0696793645620346	0.6232823133468628	0.0	0.0
s2_so	2	single	-1	true	5,0	0.19921875	-1	1					0.03514445573091507	0.030078813433647156	0.08444788306951523	0.04590538889169693	1.394437551498413	0.0	0.0
s2_so	2	single	-1	true	7,6	0.46875	-1	1					0.042973726987838745	0.040741272270679474	0.07447727024555206	0.056284792721271515	3.206818103790283	0.0	0.0
s2_so	2	single	-1	true	2,5	0.1640625	-1	1					0.04951169341802597	0.03591960668563843	0.03965906426310539	0.050210580229759216	-0.5506166219711304	0.0	0.0
s2_so	2	single	-1	true	5,2	0.1640625	-1	1					0.075753353536129	0.07207531481981277	0.13327519595623016	0.1417655646800995	1.3259599208831787	0.0	0.0
s2_so	2	single	-1	true	7,6	0.46875	-1	1					0.042973726987838745	0.040741272270679474	0.07447727024555206	0.056284792721271515	3.206818103790283	0.0	0.0
s2_so	2	single	-1	true	1,1	0.25	-1	1					0.03646639734506607	0.04107557237148285	0.082628533244133	0.03858114033937454	-2.278956413269043	0.0	0.0
s2_so	2	single	-1	true	0,7	0.21875	-1	1					0.023261502385139465	0.021153384819626808	0.11864662170410156	0.05456165224313736	2.159785747528076	0.0	0.0
s2_so	2	single	-1	true	2,6	0.46875	-1	1					0.042973726987838745	0.040741272270679474	0.07447727024555206	0.056284792721271515	2.414785385131836	0.0	0.0
s2_so	2	single	-1	true	1,6	0.15625	-1	1					0.012313948012888432	0.009999249130487442	0.05146680399775505	0.03521386533975601	0.3045792877674103	0.0	0.0
s2_so	2	single	-1	true	6,1	0.15625	-1	1					0.02680426649749279	0.03179457038640976	0.10037828981876373	0.14138555526733398	-3.4634885787963867	0.0	0.0
s2_so	2	single	-1	wrong	3,7	0.15625	-1	1					0.07209227234125137	0.059662558138370514	0.23850345611572266	0.1436631828546524	1.5971564054489136	0.0	0.0
s2_so	2	single	-1	wrong	0,4	0.0	-1	1					0.014798682183027267	0.01566825434565544	0.06200109049677849	0.05602387338876724	-0.260036438703537	0.0	0.0
s2_so	2	single	-1	wrong	6,6	0.0	-1	1					0.007090166676789522	0.008739639073610306	0.047101039439439774	0.12909124791622162	-0.8799525499343872	0.0	0.0
s2_so	2	single	-1	wrong	7,3	0.0	-1	1					0.09005986154079437	0.09542477875947952	0.0901624783873558	0.089412160217762	0.2335405945777893	0.0	0.0
s2_so	2	single	-1	wrong	1,7	0.0	-1	1					0.007792221382260323	0.010210618376731873	0.08521483838558197	0.05231310427188873	0.22422169148921967	0.0	0.0
s2_so	2	single	-1	wrong	2,3	0.0	-1	1					0.09005986154079437	0.09542477875947952	0.0901624783873558	0.089412160217762	-0.5584920048713684	0.0	0.0
s2_so	2	single	-1	wrong	5,1	0.0	-1	1					0.10103296488523483	0.10059860348701477	0.08575184643268585	0.10686593502759933	0.1160588413476944	0.0	0.0
s2_so	2	single	-1	wrong	4,0	0.0	-1	1					0.03781448304653168	0.032162465155124664	0.07754620909690857	0.06281916797161102	-0.6578464508056641	0.0	0.0
s2_so	2	single	-1	wrong	2,4	0.0	-1	1					0.025972452014684677	0.03360559791326523	0.08688577264547348	0.12965336441993713	-0.08539441972970963	0.0	0.0
s2_so	2	single	-1	wrong	3,4	0.0	-1	1					0.008770501241087914	0.009696859866380692	0.10550516098737717	0.19177572429180145	-0.8226659297943115	0.0	0.0
s2_so	2	single	-1	wrong	6,5	0.0	-1	1					0.015386197715997696	0.012880065478384495	0.04332519322633743	0.11951827257871628	-3.8453547954559326	0.0	0.0
s2_so	2	single	-1	wrong	7,4	0.0	-1	1					0.025972452014684677	0.03360559791326523	0.08688577264547348	0.12965336441993713	0.7066382169723511	0.0	0.0
s2_so	2	single	-1	wrong	4,5	0.0	-1	1					0.0077970754355192184	0.005030842497944832	0.033672820776700974	0.15629732608795166	-2.318091869354248	0.0	0.0
s2_so	2	single	-1	wrong	4,2	0.0	-1	1					0.00937588606029749	0.01600739359855652	0.15271347761154175	0.21250256896018982	-0.7263241410255432	0.0	0.0
s2_so	2	single	-1	wrong	2,0	0.0	-1	1					0.040711261332035065	0.04320206493139267	0.06572353839874268	0.027764756232500076	1.1096285581588745	0.0	0.0
s2_so	2	single	-1	wrong	4,3	0.0	-1	1					0.07380431145429611	0.06136156618595123	0.10722050070762634	0.20913788676261902	-2.3259670734405518	0.0	0.0
s2_so	2	single	-1	wrong	7,2	0.0	-1	1					0.016571102663874626	0.02407960407435894	0.09452797472476959	0.09058903157711029	1.8331834077835083	0.0	0.0
s2_so	2	single	-1	wrong	6,2	0.0	-1	1					0.008216757327318192	0.013363358564674854	0.14852052927017212	0.17505788803100586	-2.253587245941162	0.0	0.0
s2_so	2	single	-1	wrong	0,3	0.0	-1	1					0.06543321907520294	0.049641601741313934	0.09012801945209503	0.060464344918727875	-0.7331340312957764	0.0	0.0
s2_so	2	single	-1	wrong	3,3	0.0	-1	1					0.16081583499908447	0.13027064502239227	0.1492624580860138	0.17174988985061646	-1.2957634925842285	0.0	0.0
s2_so	2	single	-1	wrong	5,6	0.0	-1	1					0.009461939334869385	0.010398169979453087	0.04263804107904434	0.09428176283836365	2.699594497680664	0.0	0.0
s2_so	2	single	-1	wrong	5,7	0.1640625	-1	1					0.075753353536129	0.07207531481981277	0.13327519595623016	0.1417655646800995	2.619236946105957	0.0	0.0
s2_so	2	single	-1	wrong	6,4	0.0	-1	1					0.015973905101418495	0.020447399467229843	0.07260212302207947	0.22112928330898285	-3.3801326751708984	0.0	0.0
s2_so	2	single	-1	wrong	5,3	0.0	-1	1					0.20216204226016998	0.15710780024528503	0.11529684066772461	0.1449957937002182	-0.27368295192718506	0.0	0.0
s2_so	2	single	-1	wrong	1,5	0.0	-1	1					0.007078515365719795	0.0061323195695877075	0.03181314840912819	0.028573960065841675	-2.660822868347168	0.0	0.0
s2_so	2	single	-1	wrong	2,7	0.0	-1	1					0.016571102663874626	0.02407960407435894	0.09452797472476959	0.09058903157711029	2.334427833557129	0.0	0.0
s2_so	2	single	-1	wrong	1,2	0.0	-1	1					0.007792221382260323	0.010210618376731873	0.08521483838558197	0.05231310427188873	-1.0690553188323975	0.0	0.0
s2_so	2	single	-1	wrong	7,5	0.1640625	-1	1					0.04951169341802597	0.03591960668563843	0.03965906426310539	0.050210580229759216	0.24141591787338257	0.0	0.0
s2_so	2	single	-1	wrong	3,1	0.0	-1	1					0.08243010938167572	0.07602035999298096	0.1632014960050583	0.1274888813495636	-0.9060217142105103	0.0	0.0
s2_so	2	single	-1	wrong	0,1	0.0	-1	1					0.02200969122350216	0.02766355127096176	0.0954323336482048	0.0484999381005764	-0.3433922529220581	0.0	0.0
s2_so	2	single	-1	wrong	5,5	0.0	-1	1					0.01310792751610279	0.010074147954583168	0.031300295144319534	0.08667166531085968	-0.265807569026947	0.0	0.0
s2_so	2	single	-1	wrong	0,6	0.0	-1	1					0.013494277372956276	0.0117697324603796	0.07933149486780167	0.03593364357948303	2.240143299102783	0.0	0.0
s2_so	2	single	-1	wrong	3,6	0.0	-1	1					0.0051371012814342976	0.005655394867062569	0.12306907773017883	0.09779087454080582	1.6775139570236206	0.0	0.0
s2_so	2	single	-1	wrong	7,7	0.0	-1	1					0.016571102663874626	0.02407960407435894	0.09452797472476959	0.09058903157711029	3.126460552215576	0.0	0.0
s2_so	2	single	-1	wrong	5,4	0.0	-1	1					0.015301843173801899	0.0179983451962471	0.0426592156291008	0.18999627232551575	0.1994146704673767	0.0	0.0
s2_so	2	single	-1	wrong	0,5	0.0	-1	1					0.010350745171308517	0.007707546465098858	0.03756110370159149	0.02743442729115486	-0.7252587080001831	0.0	0.0
s2_so	2	single	-1	wrong	7,0	0.0	-1	1					0.040711261332035065	0.04320206493139267	0.06572353839874268	0.027764756232500076	1.9016611576080322	0.0	0.0
s2_so	2	single	-1	wrong	1,4	0.0	-1	1					0.009876517578959465	0.01045617088675499	0.053363583981990814	0.07232637703418732	-2.1956005096435547	0.0	0.0
s2_so	2	single	-1	wrong	0,0	0.0	-1	1					0.01629880629479885	0.01381898857653141	0.08706501126289368	0.031071603298187256	0.9349865913391113	0.0	0.0
s2_so	2	single	-1	wrong	4,4	0.0	-1	1					0.0032542068511247635	0.006498404778540134	0.0815688893198967	0.2859475612640381	-1.8528695106506348	0.0	0.0
s2_so	2	single	-1	wrong	4,7	0.0	-1	1					0.00937588606029749	0.01600739359855652	0.15271347761154175	0.21250256896018982	0.5669528841972351	0.0	0.0
s2_so	2	single	-1	wrong	1,0	0.0	-1	1					0.023434242233633995	0.022472865879535675	0.06022380292415619	0.017857981845736504	-1.000577688217163	0.0	0.0
s2_so	2	single	-1	wrong	2,2	0.0	-1	1					0.016571102663874626	0.02407960407435894	0.09452797472476959	0.09058903157711029	1.0411509275436401	0.0	0.0
s2_so	2	single	-1	wrong	2,1	0.15625	-1	1					0.03680572658777237	0.054938048124313354	0.13936205208301544	0.0696793645620346	-0.16875022649765015	0.0	0.0
s2_so	2	single	-1	wrong	6,7	0.0	-1	1					0.008216757327318192	0.013363358564674854	0.14852052927017212	0.17505788803100586	-0.9603102207183838	0.0	0.0
s2_so	2	single	-1	wrong	6,0	0.0	-1	1					0.023225273936986923	0.021981827914714813	0.07390597462654114	0.07471197098493576	-2.1851096153259277	0.0	0.0
s2_so	2	single	-1	wrong	0,2	0.21875	-1	1					0.023261502385139465	0.021153384819626808	0.11864662170410156	0.05456165224313736	0.8665088415145874	0.0	0.0
s2_so	2	single	-1	wrong	6,3	0.0	-1	1					0.07318948209285736	0.05632875859737396	0.07789604365825653	0.1787233054637909	-3.8532299995422363	0.0	0.0
s2_so	2	single	-1	wrong	3,5	0.0	-1	1					0.013002326712012291	0.009018819779157639	0.056672438979148865	0.08601212501525879	-1.2878880500793457	0.0	0.0
s2_so	2	single	-1	wrong	4,1	0.0	-1	1					0.021191846579313278	0.02594531513750553	0.12211409956216812	0.16708414256572723	-1.936225175857544	0.0	0.0
s2_so	3	delta	0	true	4,7	0.0	0	25	0.0	0.0	0.0	0.0	0.062348008155822754	0.06332610547542572	0.1172158420085907	0.09197039902210236	0.0	-0.005753844976425171	-0.0008515119552612305
s2_so	3	delta	0	true	5,7	0.0	0	25	0.0	0.0	0.0	0.0	0.062348008155822754	0.06332610547542572	0.1172158420085907	0.09197039902210236	0.0	-0.0005740523338317871	0.0
s2_so	3	delta	0	true	14,6	0.0	0	25	0.0	0.0	0.0	0.0	0.062348008155822754	0.06332610547542572	0.1172158420085907	0.09197039902210236	0.0	-0.012690424919128418	-0.04499232769012451
s2_so	3	delta	0	true	14,7	0.0	0	25	0.0	0.0	0.0	0.0	0.062348008155822754	0.06332610547542572	0.1172158420085907	0.09197039902210236	0.0	-0.0008365511894226074	0.0
s2_so	3	delta	0	true	15,6	0.0	0	25	0.0	0.0	0.0	0.0	0.062348008155822754	0.06332610547542572	0.1172158420085907	0.09197039902210236	0.0	-0.001407921314239502	-0.008008360862731934
s2_so	3	delta	0	true	15,7	0.0	0	25	0.0	0.0	0.0	0.0	0.062348008155822754	0.06332610547542572	0.1172158420085907	0.09197039902210236	0.0	-8.58306884765625e-06	0.0
s2_so	3	delta	0	true	0,14	0.0	7	25	-0.0007852800190448761	-0.0009696744382381439	-0.0028732940554618835	-0.0008811801671981812	0.06156272813677788	0.062356431037187576	0.11434254795312881	0.09108921885490417	0.0038285255432128906	-0.011485397815704346	-0.009328484535217285
s2_so	3	delta	0	true	0,15	0.0	0	25	0.0	0.0	0.0	0.0	0.062348008155822754	0.06332610547542572	0.1172158420085907	0.09197039902210236	0.0	-0.0013189315795898438	-0.0004659891128540039
s2_so	3	delta	0	true	1,15	0.0	0	25	0.0	0.0	0.0	0.0	0.062348008155822754	0.06332610547542572	0.1172158420085907	0.09197039902210236	0.0	-0.002044111490249634	-0.0004475116729736328
s2_so	3	delta	0	true	8,0	-0.00390625	3	25	-0.00016367807984352112	-0.00033867359161376953	-0.0004420429468154907	-6.931275129318237e-05	0.06218433007597923	0.06298743188381195	0.11677379906177521	0.09190108627080917	0.002373933792114258	-0.01376950740814209	-0.03995335102081299
s2_so	3	delta	0	true	8,1	0.0	0	25	0.0	0.0	0.0	0.0	0.062348008155822754	0.06332610547542572	0.1172158420085907	0.09197039902210236	0.0	-1.004338264465332e-05	0.0
s2_so	3	delta	0	true	9,0	-0.10546875	48	25	-0.003573283553123474	-0.004335328936576843	-0.02579134702682495	-0.003540635108947754	0.05877472460269928	0.05899077653884888	0.09142449498176575	0.0884297639131546	0.051779985427856445	-0.09360390901565552	-0.19812625646591187
s2_so	3	delta	0	true	9,1	0.0	0	25	0.0	0.0	0.0	0.0	0.062348008155822754	0.06332610547542572	0.1172158420085907	0.09197039902210236	0.0	-0.0012064576148986816	-0.014769554138183594
s2_so	3	delta	0	true	2,8	0.0	0	25	0.0	0.0	0.0	0.0	0.062348008155822754	0.06332610547542572	0.1172158420085907	0.09197039902210236	0.0	-7.531046867370605e-05	0.0
s2_so	3	delta	0	true	3,8	0.0	0	25	0.0	0.0	0.0	0.0	0.062348008155822754	0.06332610547542572	0.1172158420085907	0.09197039902210236	0.0	-1.0132789611816406e-06	0.0
s2_so	3	delta	0	true	12,4	0.0	0	25	0.0	0.0	0.0	0.0	0.062348008155822754	0.06332610547542572	0.1172158420085907	0.09197039902210236	0.0	-6.693601608276367e-05	0.0
s2_so	3	delta	0	true	12,5	0.0	0	25	0.0	0.0	0.0	0.0	0.062348008155822754	0.06332610547542572	0.1172158420085907	0.09197039902210236	0.0	-0.0006850361824035645	0.0
s2_so	3	delta	0	true	13,4	0.0	0	25	0.0	0.0	0.0	0.0	0.062348008155822754	0.06332610547542572	0.1172158420085907	0.09197039902210236	0.0	-0.00022932887077331543	0.0
s2_so	3	delta	0	true	13,5	0.0	0	25	0.0	0.0	0.0	0.0	0.062348008155822754	0.06332610547542572	0.1172158420085907	0.09197039902210236	0.0	-0.0014951229095458984	-0.000759124755859375
s2_so	3	delta	0	true	1,4	0.0	5	25	-0.0020629987120628357	-0.0003011375665664673	-0.0024418383836746216	-0.002128809690475464	0.06028500944375992	0.06302496790885925	0.11477400362491608	0.08984158933162689	0.0015957355499267578	-0.02450275421142578	-0.016568303108215332
s2_so	3	delta	0	true	8,8	0.0	0	25	0.0	0.0	0.0	0.0	0.062348008155822754	0.06332610547542572	0.1172158420085907	0.09197039902210236	0.0	-1.7285346984863281e-06	0.0
s2_so	3	delta	0	true	8,9	0.0	0	25	0.0	0.0	0.0	0.0	0.062348008155822754	0.06332610547542572	0.1172158420085907	0.09197039902210236	0.0	-0.0014056563377380371	0.0
s2_so	3	delta	0	true	9,8	0.0	0	25	0.0	0.0	0.0	0.0	0.062348008155822754	0.06332610547542572	0.1172158420085907	0.09197039902210236	0.0	-0.00023883581161499023	0.0
s2_so	3	delta	0	true	10,10	0.0	0	25	0.0	0.0	0.0	0.0	0.062348008155822754	0.06332610547542572	0.1172158420085907	0.09197039902210236	0.0	-0.011568725109100342	-0.0013419389724731445
s2_so	3	delta	0	true	10,11	0.0	1	25	-0.00018977373838424683	-0.0005789026618003845	2.0638108253479004e-06	-4.92781400680542e-05	0.06215823441743851	0.06274720281362534	0.11721790581941605	0.0919211208820343	0.002118825912475586	0.00035622715950012207	0.001318514347076416
s2_so	3	delta	0	true	12,8	0.0	0	25	0.0	0.0	0.0	0.0	0.062348008155822754	0.06332610547542572	0.1172158420085907	0.09197039902210236	0.0	-9.328126907348633e-06	0.0
s2_so	3	delta	0	true	12,9	0.0	0	25	0.0	0.0	0.0	0.0	0.062348008155822754	0.06332610547542572	0.1172158420085907	0.09197039902210236	0.0	-0.017131447792053223	-0.00468975305557251
s2_so	3	delta	0	true	0,13	0.0	0	25	0.0	0.0	0.0	0.0	0.062348008155822754	0.06332610547542572	0.1172158420085907	0.09197039902210236	0.0	-0.012945860624313354	-0.0033457279205322266
s2_so	3	delta	0	true	10,4	0.0	0	25	0.0	0.0	0.0	0.0	0.062348008155822754	0.06332610547542572	0.1172158420085907	0.09197039902210236	0.0	-0.000415802001953125	0.0
s2_so	3	delta	0	true	10,5	0.0	0	25	0.0	0.0	0.0	0.0	0.062348008155822754	0.06332610547542572	0.1172158420085907	0.09197039902210236	0.0	-0.0027533769607543945	0.0
s2_so	3	delta	0	true	0,14	0.0	7	25	-0.0007852800190448761	-0.0009696744382381439	-0.0028732940554618835	-0.0008811801671981812	0.06156272813677788	0.062356431037187576	0.11434254795312881	0.09108921885490417	0.0038285255432128906	-0.011485397815704346	-0.009328484535217285
s2_so	3	delta	0	true	0,15	0.0	0	25	0.0	0.0	0.0	0.0	0.062348008155822754	0.06332610547542572	0.1172158420085907	0.09197039902210236	0.0	-0.0013189315795898438	-0.0004659891128540039
s2_so	3	delta	0	true	1,15	0.0	0	25	0.0	0.0	0.0	0.0	0.062348008155822754	0.06332610547542572	0.1172158420085907	0.09197039902210236	0.0	-0.002044111490249634	-0.0004475116729736328
s2_so	3	delta	0	true	8,5	0.0	0	25	0.0	0.0	0.0	0.0	0.062348008155822754	0.06332610547542572	0.1172158420085907	0.09197039902210236	0.0	-3.865361213684082e-05	0.0
s2_so	3	delta	0	true	12,2	0.0078125	2	25	-0.0018380656838417053	-0.0014410130679607391	0.0003408268094062805	-0.0003386586904525757	0.06050994247198105	0.06188509240746498	0.11755666881799698	0.09163174033164978	0.0018508434295654297	-0.0030079185962677	-0.0010867118835449219
s2_so	3	delta	0	true	13,2	0.0	2	25	-0.001856137067079544	-0.0016982555389404297	-0.00011199712753295898	-0.0003112107515335083	0.06049187108874321	0.06162784993648529	0.11710384488105774	0.09165918827056885	0.002816438674926758	-0.0027827322483062744	-0.0004235506057739258
s2_so	3	delta	0	true	13,3	-0.00390625	1	25	-0.0001557469367980957	-0.0005729719996452332	-1.3709068298339844e-06	-2.753734588623047e-05	0.06219226121902466	0.06275313347578049	0.11721447110176086	0.09194286167621613	0.00046062469482421875	-0.0014783143997192383	-0.0003395676612854004
s2_so	3	delta	0	true	10,11	0.0	1	25	-0.00018977373838424683	-0.0005789026618003845	2.0638108253479004e-06	-4.92781400680542e-05	0.06215823441743851	0.06274720281362534	0.11721790581941605	0.0919211208820343	0.002118825912475586	0.00035622715950012207	0.001318514347076416
s2_so	3	delta	0	true	11,10	0.0	0	25	0.0	0.0	0.0	0.0	0.062348008155822754	0.06332610547542572	0.1172158420085907	0.09197039902210236	0.0	-2.5510787963867188e-05	0.0
s2_so	3	delta	0	true	11,11	0.0	0	25	0.0	0.0	0.0	0.0	0.062348008155822754	0.06332610547542572	0.1172158420085907	0.09197039902210236	0.0	-7.18235969543457e-06	0.0
s2_so	3	delta	0	wrong	3,3	0.0	0	25	0.0	0.0	0.0	0.0	0.062348008155822754	0.06332610547542572	0.1172158420085907	0.09197039902210236	0.0	-1.424551010131836e-05	0.0
s2_so	3	delta	0	wrong	2,13	0.0	0	25	0.0	0.0	0.0	0.0	0.062348008155822754	0.06332610547542572	0.1172158420085907	0.09197039902210236	0.0	-0.00018072128295898438	0.0
s2_so	3	delta	0	wrong	15,3	0.0	0	25	0.0	0.0	0.0	0.0	0.062348008155822754	0.06332610547542572	0.1172158420085907	0.09197039902210236	0.0	-1.1920928955078125e-07	0.0
s2_so	3	delta	0	wrong	14,9	0.0	0	25	0.0	0.0	0.0	0.0	0.062348008155822754	0.06332610547542572	0.1172158420085907	0.09197039902210236	0.0	-0.0192144513130188	-0.001721799373626709
s2_so	3	delta	0	wrong	1,0	-0.12109375	62	25	-0.014549952000379562	-0.014123328030109406	7.59512186050415e-05	-0.01245243102312088	0.04779805615544319	0.049202777445316315	0.11729179322719574	0.07951796799898148	0.09437012672424316	-0.05638366937637329	-0.1503009796142578
s2_so	3	delta	0	wrong	12,0	-0.01171875	10	25	-0.0023644044995307922	-0.002290874719619751	-0.0006658732891082764	-0.0005255937576293945	0.05998360365629196	0.06103523075580597	0.11654996871948242	0.09144480526447296	0.007858037948608398	-0.03287529945373535	-0.07618427276611328
s2_so	3	delta	0	wrong	15,1	0.0	0	25	0.0	0.0	0.0	0.0	0.062348008155822754	0.06332610547542572	0.1172158420085907	0.09197039902210236	0.0	-2.1457672119140625e-06	0.0
s2_so	3	delta	0	wrong	0,6	-0.12890625	73	25	-0.013907082378864288	-0.014767546206712723	-0.021743185818195343	-0.011447042226791382	0.048440925776958466	0.048558559268713	0.09547265619039536	0.08052335679531097	0.12605857849121094	-0.06452071666717529	-0.16652372479438782
s2_so	3	delta	0	wrong	10,0	-0.0703125	50	25	-0.01080453023314476	-0.01158970594406128	-0.003918536007404327	-0.002082139253616333	0.051543477922677994	0.05173639953136444	0.11329730600118637	0.08988825976848602	0.07339143753051758	-0.04010897874832153	-0.1223260760307312
s2_so	3	delta	0	wrong	1,8	0.0	0	25	0.0	0.0	0.0	0.0	0.062348008155822754	0.06332610547542572	0.1172158420085907	0.09197039902210236	0.0	-0.0002345442771911621	0.0
s2_so	3	delta	0	wrong	14,13	0.0	0	25	0.0	0.0	0.0	0.0	0.062348008155822754	0.06332610547542572	0.1172158420085907	0.09197039902210236	0.0	-0.0001481175422668457	0.0
s2_so	3	delta	0	wrong	12,15	0.0	0	25	0.0	0.0	0.0	0.0	0.062348008155822754	0.06332610547542572	0.1172158420085907	0.09197039902210236	0.0	-9.924173355102539e-05	0.0
s2_so	3	delta	0	wrong	10,15	0.0	0	25	0.0	0.0	0.0	0.0	0.062348008155822754	0.06332610547542572	0.1172158420085907	0.09197039902210236	0.0	-0.00010469555854797363	0.0
s2_so	3	delta	0	wrong	5,1	0.0	0	25	0.0	0.0	0.0	0.0	0.062348008155822754	0.06332610547542572	0.1172158420085907	0.09197039902210236	0.0	-3.8057565689086914e-05	0.0
s2_so	3	delta	0	wrong	13,0	-0.01171875	12	25	-0.0024324655532836914	-0.0024788565933704376	-0.0006493926048278809	-0.00028210878372192383	0.05991554260253906	0.06084724888205528	0.11656644940376282	0.09168829023838043	0.009012460708618164	-0.04910135269165039	-0.10154247283935547
s2_so	3	delta	0	wrong	14,3	0.0	0	25	0.0	0.0	0.0	0.0	0.062348008155822754	0.06332610547542572	0.1172158420085907	0.09197039902210236	0.0	-0.0009629428386688232	0.0
s2_so	3	delta	0	wrong	5,11	0.0	0	25	0.0	0.0	0.0	0.0	0.062348008155822754	0.06332610547542572	0.1172158420085907	0.09197039902210236	0.0	-0.00018906593322753906	0.0
s2_so	3	delta	0	wrong	15,8	0.0	0	25	0.0	0.0	0.0	0.0	0.062348008155822754	0.06332610547542572	0.1172158420085907	0.09197039902210236	0.0	-5.960464477539063e-08	0.0
s2_so	3	delta	0	wrong	4,1	0.0	0	25	0.0	0.0	0.0	0.0	0.062348008155822754	0.06332610547542572	0.1172158420085907	0.09197039902210236	0.0	-0.0005564093589782715	-0.01419609785079956
s2_so	3	delta	0	wrong	13,11	0.0	0	25	0.0	0.0	0.0	0.0	0.062348008155822754	0.06332610547542572	0.1172158420085907	0.09197039902210236	0.0	-0.0014129877090454102	-0.00044906139373779297
s2_so	3	delta	0	wrong	2,14	0.0	0	25	0.0	0.0	0.0	0.0	0.062348008155822754	0.06332610547542572	0.1172158420085907	0.09197039902210236	0.0	-0.0009645819664001465	0.0
s2_so	3	delta	0	wrong	8,15	0.0	0	25	0.0	0.0	0.0	0.0	0.062348008155822754	0.06332610547542572	0.1172158420085907	0.09197039902210236	0.0	-1.6093254089355469e-06	0.0
s2_so	3	delta	0	wrong	15,14	0.0	0	25	0.0	0.0	0.0	0.0	0.062348008155822754	0.06332610547542572	0.1172158420085907	0.09197039902210236	0.0	-1.8477439880371094e-06	0.0
s2_so	3	delta	0	wrong	11,0	0.0	0	25	0.0	0.0	0.0	0.0	0.062348008155822754	0.06332610547542572	0.1172158420085907	0.09197039902210236	0.0	-0.0022882819175720215	-0.006191134452819824
s2_so	3	delta	0	wrong	1,10	0.0	5	25	-0.0001414865255355835	-0.0001353919506072998	0.00022104382514953613	-0.0004856288433074951	0.06220652163028717	0.06319071352481842	0.11743688583374023	0.09148477017879486	0.0037086009979248047	-0.016407936811447144	-0.009397625923156738
s2_so	3	delta	0	wrong	0,7	0.0	15	25	-0.001478239893913269	-0.002408672124147415	-0.0033379793167114258	-0.0017736703157424927	0.060869768261909485	0.060917433351278305	0.11387786269187927	0.09019672870635986	0.008552789688110352	-0.019854605197906494	-0.014577269554138184
s2_so	3	delta	0	wrong	14,1	0.0	0	25	0.0	0.0	0.0	0.0	0.062348008155822754	0.06332610547542572	0.1172158420085907	0.09197039902210236	0.0	-1.5020370483398438e-05	0.0
s2_so	3	delta	0	wrong	1,1	0.0	0	25	0.0	0.0	0.0	0.0	0.062348008155822754	0.06332610547542572	0.1172158420085907	0.09197039902210236	0.0	-0.004251331090927124	-0.027661800384521484
s2_so	3	delta	0	wrong	6,9	-0.1328125	129	25	-0.03158421069383621	-0.024897120893001556	-0.009546883404254913	-0.02604435384273529	0.030763797461986542	0.038428984582424164	0.10766895860433578	0.06592604517936707	0.259380578994751	-0.007371068000793457	-0.05830585956573486
s2_so	3	delta	0	wrong	14,11	0.0	0	25	0.0	0.0	0.0	0.0	0.062348008155822754	0.06332610547542572	0.1172158420085907	0.09197039902210236	0.0	-0.0003935098648071289	0.0
s2_so	3	delta	0	wrong	9,15	0.0	0	25	0.0	0.0	0.0	0.0	0.062348008155822754	0.06332610547542572	0.1172158420085907	0.09197039902210236	0.0	-0.0005543828010559082	0.0
s2_so	3	delta	0	wrong	15,11	0.0	0	25	0.0	0.0	0.0	0.0	0.062348008155822754	0.06332610547542572	0.1172158420085907	0.09197039902210236	0.0	-1.043081283569336e-06	0.0
s2_so	3	delta	0	wrong	2,1	0.0	0	25	0.0	0.0	0.0	0.0	0.062348008155822754	0.06332610547542572	0.1172158420085907	0.09197039902210236	0.0	-1.8388032913208008e-05	0.0
s2_so	3	delta	0	wrong	14,14	0.0	0	25	0.0	0.0	0.0	0.0	0.062348008155822754	0.06332610547542572	0.1172158420085907	0.09197039902210236	0.0	-0.0009996891021728516	0.0
s2_so	3	delta	0	wrong	5,15	0.0	0	25	0.0	0.0	0.0	0.0	0.062348008155822754	0.06332610547542572	0.1172158420085907	0.09197039902210236	0.0	-7.450580596923828e-06	0.0
s2_so	3	delta	0	wrong	3,14	0.0	0	25	0.0	0.0	0.0	0.0	0.062348008155822754	0.06332610547542572	0.1172158420085907	0.09197039902210236	0.0	-1.7255544662475586e-05	0.0
s2_so	3	delta	0	wrong	5,14	0.0	0	25	0.0	0.0	0.0	0.0	0.062348008155822754	0.06332610547542572	0.1172158420085907	0.09197039902210236	0.0	-0.0015950798988342285	0.0
s2_so	3	delta	0	wrong	4,2	0.0	0	25	0.0	0.0	0.0	0.0	0.062348008155822754	0.06332610547542572	0.1172158420085907	0.09197039902210236	0.0	-0.004287093877792358	-0.0013456940650939941
s2_so	3	delta	0	wrong	12,12	0.0	0	25	0.0	0.0	0.0	0.0	0.062348008155822754	0.06332610547542572	0.1172158420085907	0.09197039902210236	0.0	-8.00788402557373e-05	0.0
s2_so	3	delta	0	wrong	11,1	0.0	0	25	0.0	0.0	0.0	0.0	0.062348008155822754	0.06332610547542572	0.1172158420085907	0.09197039902210236	0.0	-1.6689300537109375e-06	0.0
s2_so	3	delta	0	wrong	6,1	0.0	0	25	0.0	0.0	0.0	0.0	0.062348008155822754	0.06332610547542572	0.1172158420085907	0.09197039902210236	0.0	-0.007802695035934448	-0.03158164024353027
s2_so	3	delta	0	wrong	9,2	-0.00390625	2	25	-0.00022017210721969604	-0.0007237792015075684	5.1937997341156006e-05	0.0006522834300994873	0.06212783604860306	0.06260232627391815	0.11726778000593185	0.09262268245220184	0.0004036426544189453	-0.013516783714294434	-0.0069846510887146
s2_so	3	delta	0	wrong	10,14	-0.00390625	3	25	-0.001969102770090103	-0.001977052539587021	-3.152340650558472e-05	-0.00038902461528778076	0.06037890538573265	0.0613490529358387	0.11718431860208511	0.09158137440681458	0.005404233932495117	-0.004704177379608154	0.0007596015930175781
s2_so	3	delta	0	wrong	10,2	0.0	6	25	-0.0021171830594539642	-0.0022277161478996277	-0.00027117133140563965	-0.00042438507080078125	0.06023082509636879	0.06109838932752609	0.11694467067718506	0.09154601395130157	0.00906682014465332	-0.009076714515686035	-0.0018235445022583008
s2_so	3	delta	0	wrong	4,5	0.0	0	25	0.0	0.0	0.0	0.0	0.062348008155822754	0.06332610547542572	0.1172158420085907	0.09197039902210236	0.0	-0.004185527563095093	0.0
s2_so	3	delta	0	wrong	2,6	0.0	0	25	0.0	0.0	0.0	0.0	0.062348008155822754	0.06332610547542572	0.1172158420085907	0.09197039902210236	0.0	-0.012362480163574219	-0.043807148933410645
s2_so	3	delta	0	wrong	14,5	0.0	0	25	0.0	0.0	0.0	0.0	0.062348008155822754	0.06332610547542572	0.1172158420085907	0.09197039902210236	0.0	-0.0006344914436340332	0.0
s2_so	3	delta	0	wrong	3,13	0.0	0	25	0.0	0.0	0.0	0.0	0.062348008155822754	0.06332610547542572	0.1172158420085907	0.09197039902210236	0.0	-8.612871170043945e-06	0.0
s2_so	3	delta	1	true	4,6	0.03515625	86	25	-0.005665060132741928	-0.005747314542531967	0.02428213506937027	0.0027815476059913635	0.0520002506673336	0.05189979448914528	0.12107528746128082	0.09650583565235138	0.32068705558776855	0.08098483085632324	0.13617855310440063
s2_so	3	delta	1	true	5,6	-0.00390625	58	25	0.0011280104517936707	0.005317606031894684	-0.0022639110684394836	-0.0031404271721839905	0.0587933212518692	0.06296471506357193	0.09452924132347107	0.09058386087417603	0.28609299659729004	0.05204051733016968	0.15848076343536377
s2_so	3	delta	1	true	14,6	0.0078125	58	25	-0.011788297444581985	-0.013481825590133667	-0.016174621880054474	-0.00955965369939804	0.045877013355493546	0.04416528344154358	0.08061853051185608	0.08416463434696198	0.14788413047790527	0.029441922903060913	0.00932931900024414
s2_so	3	delta	1	true	14,7	0.0	0	25	0.0	0.0	0.0	0.0	0.05766531080007553	0.057647109031677246	0.09679315239191055	0.09372428804636002	0.0	-0.002637624740600586	0.0
s2_so	3	delta	1	true	15,7	0.0	0	25	0.0	0.0	0.0	0.0	0.05766531080007553	0.057647109031677246	0.09679315239191055	0.09372428804636002	0.0	-3.9696693420410156e-05	0.0
s2_so	3	delta	1	true	0,15	0.0	0	25	0.0	0.0	0.0	0.0	0.05766531080007553	0.057647109031677246	0.09679315239191055	0.09372428804636002	0.0	-0.0015984773635864258	-1.8477439880371094e-05
s2_so	3	delta	1	true	1,14	0.0	0	25	0.0	0.0	0.0	0.0	0.05766531080007553	0.057647109031677246	0.09679315239191055	0.09372428804636002	0.0	-0.018134653568267822	-0.0020722150802612305
s2_so	3	delta	1	true	8,0	-0.0859375	41	25	-0.008415870368480682	-0.009124305099248886	-0.014447666704654694	-0.002947896718978882	0.04924944043159485	0.04852280393242836	0.08234548568725586	0.09077639132738113	0.13203787803649902	0.03679797053337097	0.048303306102752686
s2_so	3	delta	1	true	9,0	-0.16796875	96	25	-0.01087537407875061	-0.011287637054920197	-0.024009592831134796	-0.002723008394241333	0.04678993672132492	0.04635947197675705	0.07278355956077576	0.09100127965211868	0.393082857131958	0.09926190972328186	0.17993593215942383
s2_so	3	delta	1	true	9,1	-0.00390625	7	25	-0.0015826188027858734	-0.000859573483467102	-0.00037254393100738525	-0.0012137815356254578	0.05608269199728966	0.056787535548210144	0.09642060846090317	0.09251050651073456	0.012681961059570312	-0.0153464674949646	-0.031036317348480225
s2_so	3	delta	1	true	2,8	0.0	0	25	0.0	0.0	0.0	0.0	0.05766531080007553	0.057647109031677246	0.09679315239191055	0.09372428804636002	0.0	-0.00018256902694702148	0.0
s2_so	3	delta	1	true	3,8	0.0	0	25	0.0	0.0	0.0	0.0	0.05766531080007553	0.057647109031677246	0.09679315239191055	0.09372428804636002	0.0	-1.9073486328125e-06	0.0
s2_so	3	delta	1	true	3,9	0.0	0	25	0.0	0.0	0.0	0.0	0.05766531080007553	0.057647109031677246	0.09679315239191055	0.09372428804636002	0.0	-0.0009123086929321289	0.0
s2_so	3	delta	1	true	12,5	0.0	0	25	0.0	0.0	0.0	0.0	0.05766531080007553	0.057647109031677246	0.09679315239191055	0.09372428804636002	0.0	-0.0019224286079406738	-0.0006843805313110352
s2_so	3	delta	1	true	13,5	0.00390625	1	25	5.301088094711304e-06	9.894371032714844e-06	-0.00015600770711898804	-9.535998106002808e-05	0.05767061188817024	0.05765700340270996	0.09663714468479156	0.09362892806529999	0.000759124755859375	-0.003040790557861328	-0.0007529258728027344
s2_so	3	delta	1	true	0,5	0.0	6	25	0.00330318883061409	0.0028943978250026703	-0.002166561782360077	-0.0005623027682304382	0.06096849963068962	0.060541506856679916	0.09462659060955048	0.09316198527812958	0.006764650344848633	-0.016281723976135254	-0.023992478847503662
s2_so	3	delta	1	true	1,5	0.0	5	25	0.004775185137987137	0.00472608208656311	-0.001280665397644043	7.018446922302246e-06	0.06244049593806267	0.062373191118240356	0.09551248699426651	0.09373130649328232	0.006433963775634766	-0.007795661687850952	-0.006878316402435303
s2_so	3	delta	1	true	8,8	0.0	0	25	0.0	0.0	0.0	0.0	0.05766531080007553	0.057647109031677246	0.09679315239191055	0.09372428804636002	0.0	-4.32133674621582e-06	0.0
s2_so	3	delta	1	true	9,8	0.0	0	25	0.0	0.0	0.0	0.0	0.05766531080007553	0.057647109031677246	0.09679315239191055	0.09372428804636002	0.0	-0.00042617321014404297	0.0
s2_so	3	delta	1	true	10,10	0.05859375	23	25	0.0006857626140117645	-0.00012435764074325562	-0.003824867308139801	-0.0017345398664474487	0.058351073414087296	0.05752275139093399	0.09296828508377075	0.09198974817991257	0.02698063850402832	-0.006537050008773804	-0.004144787788391113
s2_so	3	delta	1	true	11,11	0.0	0	25	0.0	0.0	0.0	0.0	0.05766531080007553	0.057647109031677246	0.09679315239191055	0.09372428804636002	0.0	-8.821487426757812e-06	0.0
s2_so	3	delta	1	true	12,8	0.0	0	25	0.0	0.0	0.0	0.0	0.05766531080007553	0.057647109031677246	0.09679315239191055	0.09372428804636002	0.0	-2.7358531951904297e-05	0.0
s2_so	3	delta	1	true	12,9	0.00390625	2	25	-7.830560207366943e-06	-5.917996168136597e-05	0.0004769936203956604	-1.1175870895385742e-06	0.057657480239868164	0.05758792906999588	0.09727014601230621	0.09372317045927048	0.00125885009765625	-0.03266805410385132	-0.02848285436630249
s2_so	3	delta	1	true	13,8	0.0	0	25	0.0	0.0	0.0	0.0	0.05766531080007553	0.057647109031677246	0.09679315239191055	0.09372428804636002	0.0	-0.001004636287689209	0.0
s2_so	3	delta	1	true	13,9	0.01953125	24	25	-0.0025559253990650177	0.0005426406860351562	-0.0006334707140922546	-0.0026292577385902405	0.05510938540101051	0.0581897497177124	0.0961596816778183	0.09109503030776978	0.02779841423034668	-0.034505695104599	-0.025649726390838623
s2_so	3	delta	1	true	0,12	0.0	0	25	0.0	0.0	0.0	0.0	0.05766531080007553	0.057647109031677246	0.09679315239191055	0.09372428804636002	0.0	-0.0017316937446594238	-0.0003503561019897461
s2_so	3	delta	1	true	1,12	-0.00390625	1	25	-5.186349153518677e-05	-0.00010040402412414551	-2.2143125534057617e-05	-0.00039612501859664917	0.057613447308540344	0.0575467050075531	0.0967710092663765	0.09332816302776337	0.0002758502960205078	-0.004287093877792358	-0.0045084357261657715
s2_so	3	delta	1	true	1,13	-0.0078125	5	25	-0.0005402900278568268	-0.0010645799338817596	-3.907829523086548e-05	-0.0017403140664100647	0.057125020772218704	0.056582529097795486	0.09675407409667969	0.09198397397994995	0.004217624664306641	-0.010471075773239136	-0.004898786544799805
s2_so	3	delta	1	true	10,4	0.0	0	25	0.0	0.0	0.0	0.0	0.05766531080007553	0.057647109031677246	0.09679315239191055	0.09372428804636002	0.0	-0.001516789197921753	0.0
s2_so	3	delta	1	true	10,5	0.0	0	25	0.0	0.0	0.0	0.0	0.05766531080007553	0.057647109031677246	0.09679315239191055	0.09372428804636002	0.0	-0.013591289520263672	-0.003908932209014893
s2_so	3	delta	1	true	11,4	0.0	0	25	0.0	0.0	0.0	0.0	0.05766531080007553	0.057647109031677246	0.09679315239191055	0.09372428804636002	0.0	-9.328126907348633e-06	0.0
s2_so	3	delta	1	true	11,5	0.0	0	25	0.0	0.0	0.0	0.0	0.05766531080007553	0.057647109031677246	0.09679315239191055	0.09372428804636002	0.0	-0.00016838312149047852	0.0
s2_so	3	delta	1	true	0,15	0.0	0	25	0.0	0.0	0.0	0.0	0.05766531080007553	0.057647109031677246	0.09679315239191055	0.09372428804636002	0.0	-0.0015984773635864258	-1.8477439880371094e-05
s2_so	3	delta	1	true	1,15	0.0	0	25	0.0	0.0	0.0	0.0	0.05766531080007553	0.057647109031677246	0.09679315239191055	0.09372428804636002	0.0	-0.0024326443672180176	0.0
s2_so	3	delta	1	true	8,4	0.0	0	25	0.0	0.0	0.0	0.0	0.05766531080007553	0.057647109031677246	0.09679315239191055	0.09372428804636002	0.0	-4.231929779052734e-06	0.0
s2_so	3	delta	1	true	9,4	0.0	0	25	0.0	0.0	0.0	0.0	0.05766531080007553	0.057647109031677246	0.09679315239191055	0.09372428804636002	0.0	-0.0017467737197875977	0.0
s2_so	3	delta	1	true	9,5	0.0	2	25	0.00019806623458862305	0.00036913156509399414	-0.0025773048400878906	-0.00012048333883285522	0.057863377034664154	0.05801624059677124	0.09421584755182266	0.09360380470752716	0.0009427070617675781	-0.012758582830429077	-0.012208104133605957
s2_so	3	delta	1	true	12,3	0.0	0	25	0.0	0.0	0.0	0.0	0.05766531080007553	0.057647109031677246	0.09679315239191055	0.09372428804636002	0.0	-0.0005419552326202393	0.0
s2_so	3	delta	1	true	13,3	0.0	0	25	0.0	0.0	0.0	0.0	0.05766531080007553	0.057647109031677246	0.09679315239191055	0.09372428804636002	0.0	-0.0030184388160705566	0.0
s2_so	3	delta	1	true	10,10	0.05859375	23	25	0.0006857626140117645	-0.00012435764074325562	-0.003824867308139801	-0.0017345398664474487	0.058351073414087296	0.05752275139093399	0.09296828508377075	0.09198974817991257	0.02698063850402832	-0.006537050008773804	-0.004144787788391113
s2_so	3	delta	1	wrong	3,3	0.0	0	25	0.0	0.0	0.0	0.0	0.05766531080007553	0.057647109031677246	0.09679315239191055	0.09372428804636002	0.0	-1.3768672943115234e-05	0.0
s2_so	3	delta	1	wrong	2,13	0.0	0	25	0.0	0.0	0.0	0.0	0.05766531080007553	0.057647109031677246	0.09679315239191055	0.09372428804636002	0.0	-0.0005087852478027344	0.0
s2_so	3	delta	1	wrong	15,3	0.0	0	25	0.0	0.0	0.0	0.0	0.05766531080007553	0.057647109031677246	0.09679315239191055	0.09372428804636002	0.0	-3.5762786865234375e-07	0.0
s2_so	3	delta	1	wrong	14,9	0.0	1	25	8.744001388549805e-05	3.7997961044311523e-07	-7.599592208862305e-07	-0.0004447326064109802	0.05775275081396103	0.05764748901128769	0.09679239243268967	0.09327955543994904	3.5762786865234375e-06	-0.03543761372566223	-0.011870265007019043
s2_so	3	delta	1	wrong	1,0	-0.19140625	109	25	-0.02131897211074829	-0.021209411323070526	0.016306765377521515	-0.013542808592319489	0.03634633868932724	0.03643769770860672	0.11309991776943207	0.08018147945404053	0.3790557384490967	0.09267669916152954	0.1445080041885376
s2_so	3	delta	1	wrong	12,0	-0.109375	55	25	-0.010322734713554382	-0.01082434132695198	-0.013541392982006073	-0.004494592547416687	0.04734257608652115	0.046822767704725266	0.08325175940990448	0.08922969549894333	0.2130570411682129	0.06822958588600159	0.10263508558273315
s2_so	3	delta	1	wrong	15,1	0.0	0	25	0.0	0.0	0.0	0.0	0.05766531080007553	0.057647109031677246	0.09679315239191055	0.09372428804636002	0.0	-0.0002396702766418457	-0.002955317497253418
s2_so	3	delta	1	wrong	0,6	-0.203125	118	25	-0.019905734807252884	-0.021860867738723755	-0.025821886956691742	-0.015273019671440125	0.03775957599282265	0.03578624129295349	0.07097126543521881	0.07845126837491989	0.45003247261047363	0.10224014520645142	0.18090051412582397
s2_so	3	delta	1	wrong	10,0	-0.140625	77	25	-0.012276627123355865	-0.013695057481527328	-0.006642170250415802	-0.006861746311187744	0.045388683676719666	0.04395205155014992	0.09015098214149475	0.08686254173517227	0.3986692428588867	0.08410245180130005	0.24075865745544434
s2_so	3	delta	1	wrong	1,8	0.0	0	25	0.0	0.0	0.0	0.0	0.05766531080007553	0.057647109031677246	0.09679315239191055	0.09372428804636002	0.0	-0.00048732757568359375	-0.000125885009765625
s2_so	3	delta	1	wrong	14,13	0.0	0	25	0.0	0.0	0.0	0.0	0.05766531080007553	0.057647109031677246	0.09679315239191055	0.09372428804636002	0.0	-0.00041413307189941406	0.0
s2_so	3	delta	1	wrong	12,15	0.0	0	25	0.0	0.0	0.0	0.0	0.05766531080007553	0.057647109031677246	0.09679315239191055	0.09372428804636002	0.0	-0.00010928511619567871	0.0
s2_so	3	delta	1	wrong	10,15	0.0	0	25	0.0	0.0	0.0	0.0	0.05766531080007553	0.057647109031677246	0.09679315239191055	0.09372428804636002	0.0	-0.0001327991485595703	0.0
s2_so	3	delta	1	wrong	5,1	0.0	3	25	-0.0001674443483352661	-0.0002895668148994446	-0.0007492080330848694	0.00020457804203033447	0.057497866451740265	0.0573575422167778	0.09604394435882568	0.09392886608839035	0.002058744430541992	-0.02117675542831421	-0.024932503700256348
s2_so	3	delta	1	wrong	13,0	-0.10546875	57	25	-0.010117702186107635	-0.01129104197025299	-0.0068116337060928345	-0.0043487548828125	0.047547608613967896	0.046356067061424255	0.08998151868581772	0.08937553316354752	0.2478015422821045	0.05716985464096069	0.12296837568283081
s2_so	3	delta	1	wrong	14,3	0.0	0	25	0.0	0.0	0.0	0.0	0.05766531080007553	0.057647109031677246	0.09679315239191055	0.09372428804636002	0.0	-0.0007421970367431641	0.0
s2_so	3	delta	1	wrong	5,11	0.0	0	25	0.0	0.0	0.0	0.0	0.05766531080007553	0.057647109031677246	0.09679315239191055	0.09372428804636002	0.0	-0.0004208683967590332	0.0
s2_so	3	delta	1	wrong	15,8	0.0	0	25	0.0	0.0	0.0	0.0	0.05766531080007553	0.057647109031677246	0.09679315239191055	0.09372428804636002	0.0	-1.1920928955078125e-07	0.0
s2_so	3	delta	1	wrong	4,1	-0.00390625	5	25	-0.00029414892196655273	-0.00033786147832870483	0.0021660923957824707	-0.0006702914834022522	0.05737116187810898	0.05730924755334854	0.09895924478769302	0.09305399656295776	0.011616945266723633	-0.006474703550338745	-0.016953229904174805
s2_so	3	delta	1	wrong	13,11	0.0	0	25	0.0	0.0	0.0	0.0	0.05766531080007553	0.057647109031677246	0.09679315239191055	0.09372428804636002	0.0	-0.0006542801856994629	0.0
s2_so	3	delta	1	wrong	2,14	0.0	0	25	0.0	0.0	0.0	0.0	0.05766531080007553	0.057647109031677246	0.09679315239191055	0.09372428804636002	0.0	-0.0012035071849822998	0.0
s2_so	3	delta	1	wrong	8,15	0.0	0	25	0.0	0.0	0.0	0.0	0.05766531080007553	0.057647109031677246	0.09679315239191055	0.09372428804636002	0.0	-1.9073486328125e-06	0.0
s2_so	3	delta	1	wrong	15,14	0.0	0	25	0.0	0.0	0.0	0.0	0.05766531080007553	0.057647109031677246	0.09679315239191055	0.09372428804636002	0.0	-1.0818243026733398e-05	0.0
s2_so	3	delta	1	wrong	11,0	-0.0859375	40	25	-0.006365135312080383	-0.006091363728046417	-0.006111316382884979	-0.0054669007658958435	0.05130017548799515	0.05155574530363083	0.09068183600902557	0.08825738728046417	0.07323241233825684	-0.009968698024749756	-0.03944423794746399
s2_so	3	delta	1	wrong	1,10	-0.00390625	14	25	-0.000271674245595932	-0.0006665773689746857	-0.001850225031375885	-0.0008471757173538208	0.0573936365544796	0.05698053166270256	0.09494292736053467	0.0928771123290062	0.01524662971496582	-0.007366597652435303	-0.0026297569274902344
s2_so	3	delta	1	wrong	0,7	-0.015625	20	25	-0.0009432137012481689	-0.0018609613180160522	-0.006989866495132446	-0.003174014389514923	0.05672209709882736	0.055786147713661194	0.0898032858967781	0.09055027365684509	0.017568588256835938	-0.019644081592559814	-0.016521155834197998
s2_so	3	delta	1	wrong	14,1	0.0	0	25	0.0	0.0	0.0	0.0	0.05766531080007553	0.057647109031677246	0.09679315239191055	0.09372428804636002	0.0	-0.0012106895446777344	-0.0030716657638549805
s2_so	3	delta	1	wrong	1,1	-0.01953125	9	25	-0.0010410025715827942	-0.0013013407588005066	0.004196368157863617	-0.002782285213470459	0.05662430822849274	0.05634576827287674	0.10098952054977417	0.09094200283288956	0.023297548294067383	-0.006411552429199219	-0.005308210849761963
s2_so	3	delta	1	wrong	6,9	-0.16796875	149	25	-0.03184715285897255	-0.02565159648656845	-0.011727310717105865	-0.030674509704113007	0.02581815794110298	0.031995512545108795	0.08506584167480469	0.06304977834224701	0.29113101959228516	-0.017237544059753418	-0.09502443671226501
s2_so	3	delta	1	wrong	14,11	0.0	0	25	0.0	0.0	0.0	0.0	0.05766531080007553	0.057647109031677246	0.09679315239191055	0.09372428804636002	0.0	-0.0001920461654663086	0.0
s2_so	3	delta	1	wrong	9,15	0.0	0	25	0.0	0.0	0.0	0.0	0.05766531080007553	0.057647109031677246	0.09679315239191055	0.09372428804636002	0.0	-0.0006277561187744141	0.0
s2_so	3	delta	1	wrong	15,11	0.0	0	25	0.0	0.0	0.0	0.0	0.05766531080007553	0.057647109031677246	0.09679315239191055	0.09372428804636002	0.0	-1.9669532775878906e-06	0.0
s2_so	3	delta	1	wrong	2,1	0.0	0	25	0.0	0.0	0.0	0.0	0.05766531080007553	0.057647109031677246	0.09679315239191055	0.09372428804636002	0.0	-0.0011934638023376465	-0.003519892692565918
s2_so	3	delta	1	wrong	14,14	0.0	0	25	0.0	0.0	0.0	0.0	0.05766531080007553	0.057647109031677246	0.09679315239191055	0.09372428804636002	0.0	-0.0010921061038970947	0.0
s2_so	3	delta	1	wrong	5,15	0.0	0	25	0.0	0.0	0.0	0.0	0.05766531080007553	0.057647109031677246	0.09679315239191055	0.09372428804636002	0.0	-1.1444091796875e-05	0.0
s2_so	3	delta	1	wrong	3,14	0.0	0	25	0.0	0.0	0.0	0.0	0.05766531080007553	0.057647109031677246	0.09679315239191055	0.09372428804636002	0.0	-2.0265579223632812e-05	0.0
s2_so	3	delta	1	wrong	5,14	-0.00390625	1	25	9.313225746154785e-07	1.9855797290802002e-05	-0.00017286092042922974	-0.00010708719491958618	0.057666242122650146	0.05766696482896805	0.09662029147148132	0.09361720085144043	0.00035262107849121094	-0.007808566093444824	-0.0018050670623779297
s2_so	3	delta	1	wrong	4,2	-0.00390625	3	25	-4.561617970466614e-05	-0.00037052854895591736	0.0004192963242530823	0.0006543770432472229	0.057619694620370865	0.05727658048272133	0.09721244871616364	0.09437866508960724	0.0008075237274169922	-0.010851442813873291	-0.0012331008911132812
s2_so	3	delta	1	wrong	12,12	0.0	0	25	0.0	0.0	0.0	0.0	0.05766531080007553	0.057647109031677246	0.09679315239191055	0.09372428804636002	0.0	-0.00048786401748657227	0.0
s2_so	3	delta	1	wrong	11,1	0.0	0	25	0.0	0.0	0.0	0.0	0.05766531080007553	0.057647109031677246	0.09679315239191055	0.09372428804636002	0.0	-0.00028336048126220703	-0.0012267827987670898
s2_so	3	delta	1	wrong	6,1	-0.0234375	12	25	-0.002835463732481003	-0.002418026328086853	-0.00129612535238266	-0.0036343634128570557	0.05482984706759453	0.05522908270359039	0.0954970270395279	0.09008992463350296	0.029679059982299805	-0.0029899775981903076	-0.008856713771820068
s2_so	3	delta	1	wrong	9,2	0.0	3	25	-8.456408977508545e-06	-1.7218291759490967e-05	-1.3142824172973633e-05	-0.00013658404350280762	0.05765685439109802	0.057629890739917755	0.09678000956773758	0.09358770400285721	0.003858327865600586	-0.014212995767593384	-0.004100024700164795
s2_so	3	delta	1	wrong	10,14	-0.0234375	13	25	-0.00012972578406333923	-0.0003086104989051819	-8.497387170791626e-05	-0.0006008073687553406	0.05753558501601219	0.057338498532772064	0.09670817852020264	0.09312348067760468	0.008704900741577148	-0.021057724952697754	-0.009737253189086914
s2_so	3	delta	1	wrong	10,2	0.02734375	31	25	-0.003709666430950165	-0.003963891416788101	-0.0032357797026634216	-0.0006323978304862976	0.053955644369125366	0.053683217614889145	0.09355737268924713	0.09309189021587372	0.03243446350097656	-0.0020053982734680176	-0.0036182403564453125
s2_so	3	delta	1	wrong	4,5	0.0	0	25	0.0	0.0	0.0	0.0	0.05766531080007553	0.057647109031677246	0.09679315239191055	0.09372428804636002	0.0	-0.009846210479736328	-0.006279110908508301
s2_so	3	delta	1	wrong	2,6	-0.11328125	56	25	-0.01076827198266983	-0.012026295065879822	-0.01622171700000763	-0.0002759993076324463	0.0468970388174057	0.045620813965797424	0.08057143539190292	0.09344828873872757	0.1457674503326416	0.027934134006500244	0.006540775299072266
s2_so	3	delta	1	wrong	14,5	0.0	0	25	0.0	0.0	0.0	0.0	0.05766531080007553	0.057647109031677246	0.09679315239191055	0.09372428804636002	0.0	-0.0013392269611358643	-4.875659942626953e-05
s2_so	3	delta	1	wrong	3,13	0.0	0	25	0.0	0.0	0.0	0.0	0.05766531080007553	0.057647109031677246	0.09679315239191055	0.09372428804636002	0.0	-2.0265579223632812e-05	0.0
s2_so	3	delta	2	true	4,6	0.0078125	96	25	0.007937774062156677	0.00936814397573471	0.051294006407260895	0.018987439572811127	0.036517541855573654	0.03973274305462837	0.1207042708992958	0.06228161230683327	0.23211359977722168	0.03327381610870361	0.08003014326095581
s2_so	3	delta	2	true	4,7	0.0	6	25	0.0001896992325782776	0.0006507057696580887	0.00430549681186676	0.0008101984858512878	0.028769467025995255	0.03101530484855175	0.07371576130390167	0.04410437121987343	0.0056040287017822266	-0.020816683769226074	-0.003922760486602783
s2_so	3	delta	2	true	5,6	0.03515625	53	25	0.007626935839653015	0.013096977025270462	0.011035770177841187	0.0030635185539722443	0.03620670363306999	0.043461576104164124	0.0804460346698761	0.046357691287994385	0.11844372749328613	-0.003164738416671753	0.01326608657836914
s2_so	3	delta	2	true	14,7	0.0	0	25	0.0	0.0	0.0	0.0	0.028579767793416977	0.03036459907889366	0.06941026449203491	0.04329417273402214	0.0	-0.004419773817062378	-0.00044974684715270996
s2_so	3	delta	2	true	15,6	0.00390625	6	25	0.00021092593669891357	0.0003974996507167816	0.0009907782077789307	0.001333523541688919	0.02879069373011589	0.030762098729610443	0.07040104269981384	0.04462769627571106	0.004636049270629883	-0.024644166231155396	-0.02488008141517639
s2_so	3	delta	2	true	0,14	-0.01171875	29	25	-0.0003005731850862503	-0.0006781965494155884	0.0005826056003570557	-0.0009176470339298248	0.028279194608330727	0.029686402529478073	0.06999287009239197	0.042376525700092316	0.02438950538635254	-0.018199443817138672	-0.009576559066772461
s2_so	3	delta	2	true	0,15	0.0	1	25	-6.767362356185913e-05	0.0001272205263376236	-0.0006106346845626831	-8.471310138702393e-06	0.028512094169855118	0.030491819605231285	0.06879962980747223	0.04328570142388344	1.8358230590820312e-05	-0.01057550311088562	-0.003627568483352661
s2_so	3	delta	2	true	8,1	0.0	0	25	0.0	0.0	0.0	0.0	0.028579767793416977	0.03036459907889366	0.06941026449203491	0.04329417273402214	0.0	-2.7805566787719727e-05	0.0
s2_so	3	delta	2	true	9,0	-0.17578125	108	25	0.004716988652944565	0.00473678857088089	-0.006420314311981201	0.015707049518823624	0.03329675644636154	0.03510138764977455	0.06298995018005371	0.059001222252845764	0.31308770179748535	0.07486605644226074	0.144342839717865
s2_so	3	delta	2	true	2,8	0.0	0	25	0.0	0.0	0.0	0.0	0.028579767793416977	0.03036459907889366	0.06941026449203491	0.04329417273402214	0.0	-0.0003078281879425049	0.0
s2_so	3	delta	2	true	2,9	-0.06640625	29	25	-0.009303625673055649	-0.007864058017730713	-0.004065066576004028	0.005088981240987778	0.019276142120361328	0.02250054106116295	0.06534519791603088	0.04838315397500992	0.03969216346740723	-0.03502878546714783	-0.04536545276641846
s2_so	3	delta	2	true	3,8	0.0	0	25	0.0	0.0	0.0	0.0	0.028579767793416977	0.03036459907889366	0.06941026449203491	0.04329417273402214	0.0	-9.08970832824707e-06	0.0
s2_so	3	delta	2	true	12,4	0.0	0	25	0.0	0.0	0.0	0.0	0.028579767793416977	0.03036459907889366	0.06941026449203491	0.04329417273402214	0.0	-0.0004050731658935547	0.0
s2_so	3	delta	2	true	13,4	0.0	0	25	0.0	0.0	0.0	0.0	0.028579767793416977	0.03036459907889366	0.06941026449203491	0.04329417273402214	0.0	-0.003498643636703491	-0.0045646727085113525
s2_so	3	delta	2	true	0,5	-0.03515625	33	25	0.007772378623485565	0.009737860411405563	-0.0018667057156562805	0.0003613196313381195	0.03635214641690254	0.040102459490299225	0.06754355877637863	0.04365549236536026	0.04673457145690918	0.00797078013420105	0.0057520270347595215
s2_so	3	delta	2	true	1,5	-0.015625	18	25	0.008358187973499298	0.0078132264316082	0.0016690567135810852	0.00044171884655952454	0.036937955766916275	0.03817782551050186	0.071079321205616	0.043735891580581665	0.025543928146362305	0.004590123891830444	0.008956611156463623
s2_so	3	delta	2	true	8,8	0.0	0	25	0.0	0.0	0.0	0.0	0.028579767793416977	0.03036459907889366	0.06941026449203491	0.04329417273402214	0.0	-5.066394805908203e-06	0.0
s2_so	3	delta	2	true	8,9	-0.00390625	1	25	2.1807849407196045e-05	5.370005965232849e-06	2.7567148208618164e-06	1.6722828149795532e-05	0.028601575642824173	0.030369969084858894	0.06941302120685577	0.043310895562171936	0.0007231235504150391	-0.012875467538833618	-0.013345181941986084
s2_so	3	delta	2	true	9,8	0.0	0	25	0.0	0.0	0.0	0.0	0.028579767793416977	0.03036459907889366	0.06941026449203491	0.04329417273402214	0.0	-0.0018458664417266846	0.0
s2_so	3	delta	2	true	9,9	-0.11328125	147	25	0.019871041178703308	0.01537683978676796	0.008751079440116882	0.03769158944487572	0.048450808972120285	0.04574143886566162	0.0781613439321518	0.08098576217889786	0.37331414222717285	0.1373564600944519	0.15608304738998413
s2_so	3	delta	2	true	10,10	0.0	0	25	0.0	0.0	0.0	0.0	0.028579767793416977	0.03036459907889366	0.06941026449203491	0.04329417273402214	0.0	-0.02703717350959778	-0.00807046890258789
s2_so	3	delta	2	true	10,11	0.00390625	1	25	2.1709129214286804e-05	0.00010266713798046112	1.564621925354004e-07	-2.650544047355652e-05	0.028601476922631264	0.030467266216874123	0.06941042095422745	0.043267667293548584	0.0010991096496582031	-0.005347073078155518	-0.002318143844604492
s2_so	3	delta	2	true	11,10	0.0	0	25	0.0	0.0	0.0	0.0	0.028579767793416977	0.03036459907889366	0.06941026449203491	0.04329417273402214	0.0	-0.00026988983154296875	0.0
s2_so	3	delta	2	true	12,8	0.0	0	25	0.0	0.0	0.0	0.0	0.028579767793416977	0.03036459907889366	0.06941026449203491	0.04329417273402214	0.0	-8.216500282287598e-05	0.0
s2_so	3	delta	2	true	13,8	0.0	0	25	0.0	0.0	0.0	0.0	0.028579767793416977	0.03036459907889366	0.06941026449203491	0.04329417273402214	0.0	-0.0015437304973602295	-0.002057015895843506
s2_so	3	delta	2	true	13,9	0.015625	46	25	-0.003472220152616501	9.9916011095047e-05	-0.0017298609018325806	0.004225313663482666	0.025107547640800476	0.03046451508998871	0.06768040359020233	0.047519486397504807	0.06397509574890137	-0.03579634428024292	-0.04029923677444458
s2_so	3	delta	2	true	0,12	0.0	0	25	0.0	0.0	0.0	0.0	0.028579767793416977	0.03036459907889366	0.06941026449203491	0.04329417273402214	0.0	-0.008852988481521606	-0.006154179573059082
s2_so	3	delta	2	true	1,12	0.0	2	25	-7.658824324607849e-05	-9.780935943126678e-05	-0.0001955479383468628	-0.0002597533166408539	0.0285031795501709	0.030266789719462395	0.06921471655368805	0.04303441941738129	0.0009653568267822266	-0.008597880601882935	-0.005743741989135742
s2_so	3	delta	2	true	10,4	0.0	0	25	0.0	0.0	0.0	0.0	0.028579767793416977	0.03036459907889366	0.06941026449203491	0.04329417273402214	0.0	-0.004201263189315796	-0.005084961652755737
s2_so	3	delta	2	true	10,5	0.0	2	25	3.880634903907776e-05	4.09688800573349e-05	-1.1071562767028809e-05	-0.00013677403330802917	0.028618574142456055	0.030405567958950996	0.06939919292926788	0.04315739870071411	0.0010228157043457031	-0.00805675983428955	-0.0024985074996948242
s2_so	3	delta	2	true	11,4	0.0	0	25	0.0	0.0	0.0	0.0	0.028579767793416977	0.03036459907889366	0.06941026449203491	0.04329417273402214	0.0	-0.00015413761138916016	0.0
s2_so	3	delta	2	true	0,14	-0.01171875	29	25	-0.0003005731850862503	-0.0006781965494155884	0.0005826056003570557	-0.0009176470339298248	0.028279194608330727	0.029686402529478073	0.06999287009239197	0.042376525700092316	0.02438950538635254	-0.018199443817138672	-0.009576559066772461
s2_so	3	delta	2	true	0,15	0.0	1	25	-6.767362356185913e-05	0.0001272205263376236	-0.0006106346845626831	-8.471310138702393e-06	0.028512094169855118	0.030491819605231285	0.06879962980747223	0.04328570142388344	1.8358230590820312e-05	-0.01057550311088562	-0.003627568483352661
s2_so	3	delta	2	true	1,14	0.0	0	25	0.0	0.0	0.0	0.0	0.028579767793416977	0.03036459907889366	0.06941026449203491	0.04329417273402214	0.0	-0.05198737978935242	-0.01862245798110962
s2_so	3	delta	2	true	1,15	0.0	0	25	0.0	0.0	0.0	0.0	0.028579767793416977	0.03036459907889366	0.06941026449203491	0.04329417273402214	0.0	-0.007916033267974854	-0.001991748809814453
s2_so	3	delta	2	true	8,5	0.0	0	25	0.0	0.0	0.0	0.0	0.028579767793416977	0.03036459907889366	0.06941026449203491	0.04329417273402214	0.0	-0.0001138448715209961	0.0
s2_so	3	delta	2	true	9,5	-0.02734375	19	25	0.006061796098947525	0.006882503628730774	-0.000382348895072937	0.004556138068437576	0.0346415638923645	0.037247102707624435	0.06902791559696198	0.04785031080245972	0.022967815399169922	2.2202730178833008e-05	-0.001361459493637085
s2_so	3	delta	2	true	13,3	-0.00390625	1	25	-0.0003081951290369034	-8.34483653306961e-05	-0.0014926791191101074	-0.00016481801867485046	0.028271572664380074	0.030281150713562965	0.0679175853729248	0.04312935471534729	0.00030922889709472656	-0.004883378744125366	-0.002590656280517578
s2_so	3	delta	2	true	10,11	0.00390625	1	25	2.1709129214286804e-05	0.00010266713798046112	1.564621925354004e-07	-2.650544047355652e-05	0.028601476922631264	0.030467266216874123	0.06941042095422745	0.043267667293548584	0.0010991096496582031	-0.005347073078155518	-0.002318143844604492
s2_so	3	delta	2	true	11,11	0.0	0	25	0.0	0.0	0.0	0.0	0.028579767793416977	0.03036459907889366	0.06941026449203491	0.04329417273402214	0.0	-5.289912223815918e-05	0.0
s2_so	3	delta	2	wrong	3,3	0.0	0	25	0.0	0.0	0.0	0.0	0.028579767793416977	0.03036459907889366	0.06941026449203491	0.04329417273402214	0.0	-3.6150217056274414e-05	0.0
s2_so	3	delta	2	wrong	2,13	0.0	0	25	0.0	0.0	0.0	0.0	0.028579767793416977	0.03036459907889366	0.06941026449203491	0.04329417273402214	0.0	-0.0010364949703216553	0.0
s2_so	3	delta	2	wrong	15,3	0.0	0	25	0.0	0.0	0.0	0.0	0.028579767793416977	0.03036459907889366	0.06941026449203491	0.04329417273402214	0.0	-4.470348358154297e-07	0.0
s2_so	3	delta	2	wrong	14,9	-0.0703125	28	25	-0.008142057806253433	-0.006359759718179703	-0.003201916813850403	0.0007503889501094818	0.020437709987163544	0.02400483936071396	0.06620834767818451	0.04404456168413162	0.03319382667541504	-0.03715619444847107	-0.04867565631866455
s2_so	3	delta	2	wrong	1,0	-0.20703125	121	25	-0.004602072760462761	-0.004869258031249046	0.037297919392585754	0.0028941594064235687	0.023977695032954216	0.025495341047644615	0.10670818388462067	0.04618833214044571	0.3396484851837158	0.07432189583778381	0.15052932500839233
s2_so	3	delta	2	wrong	12,0	-0.0390625	41	25	-0.0018454007804393768	-0.0009657777845859528	0.003164350986480713	0.0012114644050598145	0.0267343670129776	0.02939882129430771	0.07257461547851562	0.044505637139081955	0.05058145523071289	-0.03337523341178894	-0.04609036445617676
s2_so	3	delta	2	wrong	15,1	0.0	0	25	0.0	0.0	0.0	0.0	0.028579767793416977	0.03036459907889366	0.06941026449203491	0.04329417273402214	0.0	-8.374452590942383e-05	0.0
s2_so	3	delta	2	wrong	0,6	-0.21875	141	25	-0.010824840515851974	-0.010113615542650223	-0.005935601890087128	0.00010295584797859192	0.017754927277565002	0.02025098353624344	0.06347466260194778	0.04339712858200073	0.4302375316619873	0.12557122111320496	0.22244107723236084
s2_so	3	delta	2	wrong	10,0	-0.12890625	80	25	-0.0035967379808425903	-0.0018684621900320053	0.008632704615592957	0.0042969658970832825	0.024983029812574387	0.028496136888861656	0.07804296910762787	0.04759113863110542	0.23131394386291504	0.04131266474723816	0.08253860473632812
s2_so	3	delta	2	wrong	1,8	0.0	0	25	0.0	0.0	0.0	0.0	0.028579767793416977	0.03036459907889366	0.06941026449203491	0.04329417273402214	0.0	-0.0013624727725982666	-0.00032019615173339844
s2_so	3	delta	2	wrong	14,13	0.0	0	25	0.0	0.0	0.0	0.0	0.028579767793416977	0.03036459907889366	0.06941026449203491	0.04329417273402214	0.0	-0.0008687078952789307	0.0
s2_so	3	delta	2	wrong	12,15	0.0	0	25	0.0	0.0	0.0	0.0	0.028579767793416977	0.03036459907889366	0.06941026449203491	0.04329417273402214	0.0	-0.0002949237823486328	0.0
s2_so	3	delta	2	wrong	10,15	0.0	0	25	0.0	0.0	0.0	0.0	0.028579767793416977	0.03036459907889366	0.06941026449203491	0.04329417273402214	0.0	-0.0012201666831970215	-0.000751197338104248
s2_so	3	delta	2	wrong	5,1	0.0	0	25	0.0	0.0	0.0	0.0	0.028579767793416977	0.03036459907889366	0.06941026449203491	0.04329417273402214	0.0	-0.001202017068862915	0.0
s2_so	3	delta	2	wrong	13,0	-0.046875	48	25	-0.00042681582272052765	6.692856550216675e-05	0.007930584251880646	0.0019229240715503693	0.02815295197069645	0.030431527644395828	0.07734084874391556	0.04521709680557251	0.08274412155151367	-0.015572130680084229	-0.027872443199157715
s2_so	3	delta	2	wrong	14,3	0.0	0	25	0.0	0.0	0.0	0.0	0.028579767793416977	0.03036459907889366	0.06941026449203491	0.04329417273402214	0.0	-0.0021153390407562256	-0.0006906092166900635
s2_so	3	delta	2	wrong	5,11	0.0	0	25	0.0	0.0	0.0	0.0	0.028579767793416977	0.03036459907889366	0.06941026449203491	0.04329417273402214	0.0	-0.00022432208061218262	0.0
s2_so	3	delta	2	wrong	15,8	0.0	0	25	0.0	0.0	0.0	0.0	0.028579767793416977	0.03036459907889366	0.06941026449203491	0.04329417273402214	0.0	-5.364418029785156e-07	0.0
s2_so	3	delta	2	wrong	4,1	0.0	4	25	1.1857599020004272e-05	2.8196722269058228e-05	0.0009421780705451965	-1.2051314115524292e-05	0.02859162539243698	0.03039279580116272	0.07035244256258011	0.043282121419906616	0.0011513233184814453	-0.016053050756454468	-0.012544065713882446
s2_so	3	delta	2	wrong	13,11	0.0	0	25	0.0	0.0	0.0	0.0	0.028579767793416977	0.03036459907889366	0.06941026449203491	0.04329417273402214	0.0	-0.0016819536685943604	-0.0006101429462432861
s2_so	3	delta	2	wrong	2,14	0.0	0	25	0.0	0.0	0.0	0.0	0.028579767793416977	0.03036459907889366	0.06941026449203491	0.04329417273402214	0.0	-0.0019488036632537842	0.0
s2_so	3	delta	2	wrong	8,15	0.0	0	25	0.0	0.0	0.0	0.0	0.028579767793416977	0.03036459907889366	0.06941026449203491	0.04329417273402214	0.0	-4.023313522338867e-05	0.0
s2_so	3	delta	2	wrong	15,14	0.0	0	25	0.0	0.0	0.0	0.0	0.028579767793416977	0.03036459907889366	0.06941026449203491	0.04329417273402214	0.0	-8.434057235717773e-06	0.0
s2_so	3	delta	2	wrong	11,0	0.0	1	25	4.822388291358948e-06	1.8037855625152588e-05	0.0020413845777511597	-1.7583370208740234e-06	0.028584590181708336	0.030382636934518814	0.07145164906978607	0.043292414397001266	6.222724914550781e-05	-0.044856518507003784	-0.04165750741958618
s2_so	3	delta	2	wrong	1,10	-0.0078125	30	25	0.0008320175111293793	0.0009876340627670288	0.0007590875029563904	0.0008865110576152802	0.029411785304546356	0.03135223314166069	0.0701693519949913	0.04418068379163742	0.02681899070739746	-0.022195667028427124	-0.004020065069198608
s2_so	3	delta	2	wrong	0,7	-0.03125	50	25	-0.0014489907771348953	-0.0021911226212978363	-0.0006327629089355469	0.0008684061467647552	0.02713077701628208	0.028173476457595825	0.06877750158309937	0.044162578880786896	0.05930972099304199	-0.003843635320663452	-0.0021461844444274902
s2_so	3	delta	2	wrong	14,1	0.0	0	25	0.0	0.0	0.0	0.0	0.028579767793416977	0.03036459907889366	0.06941026449203491	0.04329417273402214	0.0	-0.000141829252243042	0.0
s2_so	3	delta	2	wrong	1,1	-0.00390625	8	25	-0.00019576400518417358	-0.0003456026315689087	0.0018916875123977661	-0.00029545649886131287	0.028384003788232803	0.030018996447324753	0.07130195200443268	0.04299871623516083	0.013874053955078125	-0.010890752077102661	-0.0048046112060546875
s2_so	3	delta	2	wrong	6,9	-0.25390625	165	25	-0.016700003296136856	-0.014201890677213669	0.002048105001449585	0.004504252225160599	0.01187976449728012	0.016162708401679993	0.0714583694934845	0.04779842495918274	0.6462740898132324	0.23676693439483643	0.413097083568573
s2_so	3	delta	2	wrong	14,11	0.0	0	25	0.0	0.0	0.0	0.0	0.028579767793416977	0.03036459907889366	0.06941026449203491	0.04329417273402214	0.0	-0.0008884668350219727	0.0
s2_so	3	delta	2	wrong	9,15	0.0	0	25	0.0	0.0	0.0	0.0	0.028579767793416977	0.03036459907889366	0.06941026449203491	0.04329417273402214	0.0	-0.0043998658657073975	-0.0008477866649627686
s2_so	3	delta	2	wrong	15,11	0.0	0	25	0.0	0.0	0.0	0.0	0.028579767793416977	0.03036459907889366	0.06941026449203491	0.04329417273402214	0.0	-7.241964340209961e-06	0.0
s2_so	3	delta	2	wrong	2,1	0.0	0	25	0.0	0.0	0.0	0.0	0.028579767793416977	0.03036459907889366	0.06941026449203491	0.04329417273402214	0.0	-0.00016072392463684082	0.0
s2_so	3	delta	2	wrong	14,14	0.0	0	25	0.0	0.0	0.0	0.0	0.028579767793416977	0.03036459907889366	0.06941026449203491	0.04329417273402214	0.0	-0.001940697431564331	0.0
s2_so	3	delta	2	wrong	5,15	0.0	0	25	0.0	0.0	0.0	0.0	0.028579767793416977	0.03036459907889366	0.06941026449203491	0.04329417273402214	0.0	-0.00013959407806396484	0.0
s2_so	3	delta	2	wrong	3,14	0.0	0	25	0.0	0.0	0.0	0.0	0.028579767793416977	0.03036459907889366	0.06941026449203491	0.04329417273402214	0.0	-3.808736801147461e-05	0.0
s2_so	3	delta	2	wrong	5,14	0.0	0	25	0.0	0.0	0.0	0.0	0.028579767793416977	0.03036459907889366	0.06941026449203491	0.04329417273402214	0.0	-0.0011925101280212402	0.0
s2_so	3	delta	2	wrong	4,2	0.0	4	25	5.37186861038208e-06	1.023709774017334e-05	0.0006827712059020996	0.0005255118012428284	0.02858513966202736	0.030374836176633835	0.07009303569793701	0.04381968453526497	0.0022847652435302734	-0.025158733129501343	-0.00895613431930542
s2_so	3	delta	2	wrong	12,12	0.0	0	25	0.0	0.0	0.0	0.0	0.028579767793416977	0.03036459907889366	0.06941026449203491	0.04329417273402214	0.0	-0.0008913576602935791	-0.0013189911842346191
s2_so	3	delta	2	wrong	11,1	0.0	0	25	0.0	0.0	0.0	0.0	0.028579767793416977	0.03036459907889366	0.06941026449203491	0.04329417273402214	0.0	-3.2961368560791016e-05	0.0
s2_so	3	delta	2	wrong	6,1	-0.01171875	11	25	-0.00023247301578521729	-0.00041634775698184967	-7.648766040802002e-05	-0.0007321499288082123	0.02834729477763176	0.029948251321911812	0.06933377683162689	0.04256202280521393	0.01905226707458496	-0.012419342994689941	-0.0032329559326171875
s2_so	3	delta	2	wrong	9,2	-0.015625	19	25	-0.00014951825141906738	-0.000267714262008667	-0.00013781338930130005	0.004208140075206757	0.02843024954199791	0.030096884816884995	0.06927245110273361	0.0475023128092289	0.01589179039001465	-0.022278279066085815	-0.01252293586730957
s2_so	3	delta	2	wrong	10,14	-0.01171875	6	25	-0.0011190809309482574	-0.0006627105176448822	0.00019621104001998901	0.000225897878408432	0.02746068686246872	0.02970188856124878	0.0696064755320549	0.04352007061243057	0.005960941314697266	-0.011368095874786377	-0.004549920558929443
s2_so	3	delta	2	wrong	10,2	0.0	13	25	-0.0012150295078754425	-0.0007686931639909744	0.00016833841800689697	0.0013527311384677887	0.027364738285541534	0.029595905914902687	0.06957860291004181	0.04464690387248993	0.014415502548217773	-0.00998881459236145	-0.003836333751678467
s2_so	3	delta	2	wrong	4,5	-0.01171875	8	25	0.00480453297495842	0.002603083848953247	0.001720525324344635	0.0002552904188632965	0.0333843007683754	0.03296768292784691	0.07113078981637955	0.04354946315288544	0.010171890258789062	-0.004340678453445435	0.004083514213562012
s2_so	3	delta	2	wrong	2,6	-0.05859375	23	25	0.0003409404307603836	0.0005705300718545914	-0.00048761069774627686	0.004992511123418808	0.02892070822417736	0.030935129150748253	0.06892265379428864	0.04828668385744095	0.0032808780670166016	-0.1260458528995514	-0.08730372786521912
s2_so	3	delta	2	wrong	14,5	-0.00390625	1	25	-4.451721906661987e-06	-3.535859286785126e-05	7.450580596923828e-08	-0.00013137608766555786	0.028575316071510315	0.03032924048602581	0.06941033899784088	0.04316279664635658	0.0015141963958740234	-0.0013042092323303223	-7.209181785583496e-05
s2_so	3	delta	2	wrong	3,13	0.0	0	25	0.0	0.0	0.0	0.0	0.028579767793416977	0.03036459907889366	0.06941026449203491	0.04329417273402214	0.0	-9.191036224365234e-05	0.0
s2_so	3	single	-1	true	4,6	0.23828125	-1	1					0.028345884755253792	0.032975174486637115	0.2044636309146881	0.08447878807783127	2.601562023162842	0.0	0.0
s2_so	3	single	-1	true	4,7	0.23828125	-1	1					0.037415552884340286	0.03840365260839462	0.20466595888137817	0.086116261780262	1.5667668581008911	0.0	0.0
s2_so	3	single	-1	true	5,6	0.23828125	-1	1					0.04455485939979553	0.06810784339904785	0.09880957007408142	0.053887829184532166	1.2471916675567627	0.0	0.0
s2_so	3	single	-1	true	5,7	0.23828125	-1	1					0.04472858086228371	0.0658731535077095	0.13114257156848907	0.05451060086488724	0.21239659190177917	0.0	0.0
s2_so	3	single	-1	true	14,6	0.23828125	-1	1					0.0013567015994340181	0.002611280418932438	0.03515052795410156	0.033549338579177856	1.6660751104354858	0.0	0.0
s2_so	3	single	-1	true	14,7	0.23828125	-1	1					0.007513375487178564	0.008401898667216301	0.04934465512633324	0.043587587773799896	0.6312801241874695	0.0	0.0
s2_so	3	single	-1	true	15,6	0.23828125	-1	1					0.0373501293361187	0.04112481698393822	0.07230322808027267	0.09028322994709015	0.41471531987190247	0.0	0.0
s2_so	3	single	-1	true	15,7	0.23828125	-1	1					0.034723393619060516	0.036621205508708954	0.09661832451820374	0.08838975429534912	-0.620079755783081	0.0	0.0
s2_so	3	single	-1	true	0,14	0.1484375	-1	1					0.006175350397825241	0.008004475384950638	0.04916297644376755	0.025764714926481247	1.6959766149520874	0.0	0.0
s2_so	3	single	-1	true	0,15	0.1484375	-1	1					0.017940115183591843	0.021628374233841896	0.08292312175035477	0.047818489372730255	0.6491594910621643	0.0	0.0
s2_so	3	single	-1	true	1,14	0.1484375	-1	1					0.01786377839744091	0.0234355665743351	0.039046719670295715	0.03026086837053299	1.4648091793060303	0.0	0.0
s2_so	3	single	-1	true	1,15	0.1484375	-1	1					0.016604572534561157	0.023338250815868378	0.11093974113464355	0.04892289638519287	0.41799214482307434	0.0	0.0
s2_so	3	single	-1	true	8,0	0.0	-1	1					0.005330345593392849	0.009947220794856548	0.06157078593969345	0.04168816655874252	1.0948697328567505	0.0	0.0
s2_so	3	single	-1	true	8,1	0.0	-1	1					0.002295912243425846	0.007040821947157383	0.051195502281188965	0.037674784660339355	-0.684280514717102	0.0	0.0
s2_so	3	single	-1	true	9,0	0.0	-1	1					0.017444968223571777	0.019408460706472397	0.048649951815605164	0.07537253201007843	2.8327293395996094	0.0	0.0
s2_so	3	single	-1	true	9,1	0.0	-1	1					0.0036644265055656433	0.007433502469211817	0.04971980303525925	0.06804097443819046	1.0535790920257568	0.0	0.0
s2_so	3	single	-1	true	2,8	0.04296875	-1	1					0.002931642811745405	0.0055134836584329605	0.028544142842292786	0.130748450756073	-1.2105811834335327	0.0	0.0
s2_so	3	single	-1	true	2,9	0.04296875	-1	1					0.00413860147818923	0.006219995208084583	0.02737351879477501	0.12707924842834473	1.8432916402816772	0.0	0.0
s2_so	3	single	-1	true	3,8	0.04296875	-1	1					0.03367558494210243	0.03556841239333153	0.06722232699394226	0.0601838156580925	-2.0925745964050293	0.0	0.0
s2_so	3	single	-1	true	3,9	0.04296875	-1	1					0.024807441979646683	0.023697173222899437	0.07717987895011902	0.06083974987268448	0.9612983465194702	0.0	0.0
s2_so	3	single	-1	true	12,4	0.04296875	-1	1					0.024062857031822205	0.026737015694379807	0.11826396733522415	0.05420104041695595	0.06288090348243713	0.0	0.0
s2_so	3	single	-1	true	12,5	0.04296875	-1	1					0.12444797158241272	0.10846666246652603	0.06639686226844788	0.03953941538929939	0.2397686243057251	0.0	0.0
s2_so	3	single	-1	true	13,4	0.1015625	-1	1					0.008220266550779343	0.014350015670061111	0.11139372736215591	0.06654585897922516	0.19048258662223816	0.0	0.0
s2_so	3	single	-1	true	13,5	0.1015625	-1	1					0.13527673482894897	0.11873416602611542	0.07523107528686523	0.055250249803066254	0.3673703074455261	0.0	0.0
s2_so	3	single	-1	true	0,4	0.15625	-1	1					0.024655984714627266	0.03091108612716198	0.08085285127162933	0.04722459614276886	1.4950480461120605	0.0	0.0
s2_so	3	single	-1	true	0,5	0.15625	-1	1					0.11312423646450043	0.101935476064682	0.07452095299959183	0.03926854953169823	1.671935796737671	0.0	0.0
s2_so	3	single	-1	true	1,4	0.15625	-1	1					0.025847364217042923	0.03031109645962715	0.11484254896640778	0.058959268033504486	1.263880729675293	0.0	0.0
s2_so	3	single	-1	true	1,5	0.15625	-1	1					0.12164811044931412	0.1055997759103775	0.10930068045854568	0.04014229029417038	1.4407684803009033	0.0	0.0
s2_so	3	single	-1	true	8,8	0.15625	-1	1					0.03334915637969971	0.03636451065540314	0.050145816057920456	0.06391813606023788	-1.8074398040771484	0.0	0.0
s2_so	3	single	-1	true	8,9	0.15625	-1	1					0.02146933600306511	0.0318634919822216	0.05651865899562836	0.06164071708917618	1.2464330196380615	0.0	0.0
s2_so	3	single	-1	true	9,8	0.15625	-1	1					0.09477598965167999	0.08374439179897308	0.08513876795768738	0.11173737794160843	-0.06958012282848358	0.0	0.0
s2_so	3	single	-1	true	9,9	0.15625	-1	1					0.07244008779525757	0.07003957033157349	0.08710166811943054	0.1030084639787674	2.98429274559021	0.0	0.0
s2_so	3	single	-1	true	10,10	0.4296875	-1	1					0.06251975893974304	0.058196671307086945	0.08293627947568893	0.05922561138868332	1.0503673553466797	0.0	0.0
s2_so	3	single	-1	true	10,11	0.4296875	-1	1					0.017836371436715126	0.022094547748565674	0.08465995639562607	0.034422047436237335	0.24259987473487854	0.0	0.0
s2_so	3	single	-1	true	11,10	0.4296875	-1	1					0.017494063824415207	0.022741150110960007	0.06738047301769257	0.03856687247753143	-0.206690713763237	0.0	0.0
s2_so	3	single	-1	true	11,11	0.4296875	-1	1					0.012176057323813438	0.018321754410862923	0.050892360508441925	0.022193916141986847	-1.014458179473877	0.0	0.0
s2_so	3	single	-1	true	12,8	0.30078125	-1	1					0.093016617000103	0.06996451318264008	0.077817402780056	0.05992519110441208	-1.2118415832519531	0.0	0.0
s2_so	3	single	-1	true	12,9	0.30078125	-1	1					0.057186760008335114	0.046015068888664246	0.08009308576583862	0.056725092232227325	1.8420312404632568	0.0	0.0
s2_so	3	single	-1	true	13,8	0.30078125	-1	1					0.07530730962753296	0.06619759649038315	0.06193218380212784	0.07699204981327057	-1.0842399597167969	0.0	0.0
s2_so	3	single	-1	true	13,9	0.30078125	-1	1					0.0504436120390892	0.05208977684378624	0.07550273090600967	0.07401580363512039	1.9696329832077026	0.0	0.0
s2_so	3	single	-1	true	0,12	0.05859375	-1	1					0.007757280953228474	0.010669784620404243	0.05920863151550293	0.03597884625196457	0.8543081283569336	0.0	0.0
s2_so	3	single	-1	true	0,13	0.05859375	-1	1					0.007664388045668602	0.009136274456977844	0.05626106262207031	0.04152790084481239	1.6979939937591553	0.0	0.0
s2_so	3	single	-1	true	1,12	0.05859375	-1	1					0.004156935028731823	0.008262919262051582	0.07606594264507294	0.041381675750017166	0.623140811920166	0.0	0.0
s2_so	3	single	-1	true	1,13	0.05859375	-1	1					0.025679167360067368	0.026119153946638107	0.0714183896780014	0.04534362256526947	1.4668265581130981	0.0	0.0
s2_so	3	single	-1	true	10,4	0.1015625	-1	1					0.008220266550779343	0.014350015670061111	0.11139372736215591	0.06654585897922516	0.45757555961608887	0.0	0.0
s2_so	3	single	-1	true	10,5	0.1015625	-1	1					0.13527673482894897	0.11873416602611542	0.07523107528686523	0.055250249803066254	0.6344632506370544	0.0	0.0
s2_so	3	single	-1	true	11,4	0.05859375	-1	1					0.013778164982795715	0.022758720442652702	0.08814113587141037	0.04869518801569939	-0.7994825839996338	0.0	0.0
s2_so	3	single	-1	true	11,5	0.05859375	-1	1					0.046665944159030914	0.05767585337162018	0.04388384148478508	0.034175626933574677	-0.6225948333740234	0.0	0.0
s2_so	3	single	-1	true	0,14	0.1484375	-1	1					0.006175350397825241	0.008004475384950638	0.04916297644376755	0.025764714926481247	1.6959766149520874	0.0	0.0
s2_so	3	single	-1	true	0,15	0.1484375	-1	1					0.017940115183591843	0.021628374233841896	0.08292312175035477	0.047818489372730255	0.6491594910621643	0.0	0.0
s2_so	3	single	-1	true	1,14	0.1484375	-1	1					0.01786377839744091	0.0234355665743351	0.039046719670295715	0.03026086837053299	1.4648091793060303	0.0	0.0
s2_so	3	single	-1	true	1,15	0.1484375	-1	1					0.016604572534561157	0.023338250815868378	0.11093974113464355	0.04892289638519287	0.41799214482307434	0.0	0.0
s2_so	3	single	-1	true	8,4	0.1484375	-1	1					0.009662682190537453	0.023208970203995705	0.06565956771373749	0.05399896949529648	-0.532717227935791	0.0	0.0
s2_so	3	single	-1	true	8,5	0.1484375	-1	1					0.04349502548575401	0.057259541004896164	0.04989667609333992	0.04547114670276642	-0.35582947731018066	0.0	0.0
s2_so	3	single	-1	true	9,4	0.1484375	-1	1					0.041928645223379135	0.04791383817791939	0.09194928407669067	0.09080494940280914	1.2051424980163574	0.0	0.0
s2_so	3	single	-1	true	9,5	0.1484375	-1	1					0.1496351808309555	0.13923364877700806	0.09274822473526001	0.07871244102716446	1.3820302486419678	0.0	0.0
s2_so	3	single	-1	true	12,2	0.12890625	-1	1					0.0048454138450324535	0.005566297098994255	0.08951088041067123	0.04554081708192825	0.5052716732025146	0.0	0.0
s2_so	3	single	-1	true	12,3	0.12890625	-1	1					0.009085109457373619	0.012500142678618431	0.05911881476640701	0.042615655809640884	-0.34456512331962585	0.0	0.0
s2_so	3	single	-1	true	13,2	0.12890625	-1	1					0.004095879383385181	0.007527406793087721	0.06708703935146332	0.06718311458826065	0.6328732967376709	0.0	0.0
s2_so	3	single	-1	true	13,3	0.12890625	-1	1					0.01023212168365717	0.01576213538646698	0.041478171944618225	0.05370849370956421	-0.21696344017982483	0.0	0.0
s2_so	3	single	-1	true	10,10	0.4296875	-1	1					0.06251975893974304	0.058196671307086945	0.08293627947568893	0.05922561138868332	1.0503673553466797	0.0	0.0
s2_so	3	single	-1	true	10,11	0.4296875	-1	1					0.017836371436715126	0.022094547748565674	0.08465995639562607	0.034422047436237335	0.24259987473487854	0.0	0.0
s2_so	3	single	-1	true	11,10	0.4296875	-1	1					0.017494063824415207	0.022741150110960007	0.06738047301769257	0.03856687247753143	-0.206690713763237	0.0	0.0
s2_so	3	single	-1	true	11,11	0.4296875	-1	1					0.012176057323813438	0.018321754410862923	0.050892360508441925	0.022193916141986847	-1.014458179473877	0.0	0.0
s2_so	3	single	-1	wrong	3,3	0.0	-1	1					0.0258578360080719	0.02822505682706833	0.08201414346694946	0.04861574247479439	-1.2252980470657349	0.0	0.0
s2_so	3	single	-1	wrong	2,13	0.0	-1	1					0.001659937435761094	0.002852025907486677	0.045196905732154846	0.10125383734703064	0.2670872211456299	0.0	0.0
s2_so	3	single	-1	wrong	15,3	0.0	-1	1					0.011840937659144402	0.017735589295625687	0.03767035901546478	0.08341538161039352	-1.6203176975250244	0.0	0.0
s2_so	3	single	-1	wrong	14,9	0.0	-1	1					0.007629458326846361	0.0075204502791166306	0.03482045978307724	0.049619268625974655	1.817638635635376	0.0	0.0
s2_so	3	single	-1	wrong	1,0	0.0	-1	1					0.003620814997702837	0.007853779010474682	0.1447257101535797	0.04261395335197449	2.891467571258545	0.0	0.0
s2_so	3	single	-1	wrong	12,0	0.0	-1	1					0.006835234351456165	0.00844549760222435	0.047043003141880035	0.04385770857334137	1.6904678344726562	0.0	0.0
s2_so	3	single	-1	wrong	15,1	0.0	-1	1					0.013949248008430004	0.018763761967420578	0.0815928727388382	0.08131445944309235	-1.3644349575042725	0.0	0.0
s2_so	3	single	-1	wrong	0,6	0.0	-1	1					0.002054823562502861	0.004371935501694679	0.05499999225139618	0.03922952339053154	3.1226348876953125	0.0	0.0
s2_so	3	single	-1	wrong	10,0	0.0	-1	1					0.0031090276315808296	0.0071950629353523254	0.0706658735871315	0.051699198782444	2.085162401199341	0.0	0.0
s2_so	3	single	-1	wrong	1,8	0.0	-1	1					0.027054278180003166	0.03357004374265671	0.07256624102592468	0.06033726781606674	-0.01084182970225811	0.0	0.0
s2_so	3	single	-1	wrong	14,13	0.23828125	-1	1					0.007513375487178564	0.008401898667216301	0.04934465512633324	0.043587587773799896	0.24143405258655548	0.0	0.0
s2_so	3	single	-1	wrong	12,15	0.0	-1	1					0.01604267954826355	0.020281706005334854	0.1409556269645691	0.04757796600461006	-0.7830077409744263	0.0	0.0
s2_so	3	single	-1	wrong	10,15	0.0	-1	1					0.04551173746585846	0.04544583708047867	0.12792712450027466	0.0661015659570694	-0.38831305503845215	0.0	0.0
s2_so	3	single	-1	wrong	5,1	0.0	-1	1					0.020581478253006935	0.0400121696293354	0.10374093055725098	0.05166789889335632	-0.5319586396217346	0.0	0.0
s2_so	3	single	-1	wrong	13,0	0.0	-1	1					0.0031090276315808296	0.0071950629353523254	0.0706658735871315	0.051699198782444	1.8180694580078125	0.0	0.0
s2_so	3	single	-1	wrong	14,3	0.0	-1	1					0.002745650243014097	0.00475000124424696	0.032334618270397186	0.042238086462020874	-0.3689577579498291	0.0	0.0
s2_so	3	single	-1	wrong	5,11	0.0	-1	1					0.00615727249532938	0.014041906222701073	0.08600156009197235	0.030923649668693542	-0.5953709483146667	0.0	0.0
s2_so	3	single	-1	wrong	15,8	0.0	-1	1					0.02069089561700821	0.025159239768981934	0.05406980216503143	0.11551927775144577	-2.4875941276550293	0.0	0.0
s2_so	3	single	-1	wrong	4,1	0.0	-1	1					0.010419977828860283	0.014863856136798859	0.20178012549877167	0.08359919488430023	0.8224117159843445	0.0	0.0
s2_so	3	single	-1	wrong	13,11	0.4296875	-1	1					0.017836371436715126	0.022094547748565674	0.08465995639562607	0.034422047436237335	-0.02449309080839157	0.0	0.0
s2_so	3	single	-1	wrong	2,14	0.0	-1	1					0.000398426316678524	0.0011470380704849958	0.03717458248138428	0.06526925414800644	0.2650699019432068	0.0	0.0
s2_so	3	single	-1	wrong	8,15	0.0	-1	1					0.010240824893116951	0.01811124198138714	0.07514286786317825	0.056052275002002716	-1.378605842590332	0.0	0.0
s2_so	3	single	-1	wrong	15,14	0.0	-1	1					0.009111277759075165	0.012810236774384975	0.06379472464323044	0.059830788522958755	-1.0119431018829346	0.0	0.0
s2_so	3	single	-1	wrong	11,0	0.0	-1	1					0.013914230279624462	0.018000125885009766	0.06891170889139175	0.034333258867263794	0.8281043767929077	0.0	0.0
s2_so	3	single	-1	wrong	1,10	0.05859375	-1	1					0.025679167360067368	0.026119153946638107	0.0714183896780014	0.04534362256526947	1.8566726446151733	0.0	0.0
s2_so	3	single	-1	wrong	0,7	0.05859375	-1	1					0.007664388045668602	0.009136274456977844	0.05626106262207031	0.04152790084481239	2.0878398418426514	0.0	0.0
s2_so	3	single	-1	wrong	14,1	0.0	-1	1					0.0003969060198869556	0.001399533124640584	0.04932183027267456	0.03437025845050812	-0.11307509243488312	0.0	0.0
s2_so	3	single	-1	wrong	1,1	0.0	-1	1					0.003307012841105461	0.006564498879015446	0.14689910411834717	0.04545750096440315	1.112317442893982	0.0	0.0
s2_so	3	single	-1	wrong	6,9	0.0	-1	1					0.020073167979717255	0.024280458688735962	0.07128970324993134	0.051063165068626404	3.274198532104492	0.0	0.0
s2_so	3	single	-1	wrong	14,11	0.0	-1	1					0.008824927732348442	0.009136117994785309	0.0414251834154129	0.026117030531167984	-0.17648740112781525	0.0	0.0
s2_so	3	single	-1	wrong	9,15	0.0	-1	1					0.027177030220627785	0.034398891031742096	0.13526201248168945	0.08816225826740265	0.359253853559494	0.0	0.0
s2_so	3	single	-1	wrong	15,11	0.0	-1	1					0.009933186694979668	0.014074844308197498	0.06386826932430267	0.052217841148376465	-1.4278473854064941	0.0	0.0
s2_so	3	single	-1	wrong	2,1	0.0	-1	1					0.0003917145368177444	0.0013832745607942343	0.04916905611753464	0.07416417449712753	-0.08742192387580872	0.0	0.0
s2_so	3	single	-1	wrong	14,14	0.0	-1	1					0.0028817234560847282	0.004701170139014721	0.03436090052127838	0.027366317808628082	0.23941674828529358	0.0	0.0
s2_so	3	single	-1	wrong	5,15	0.0	-1	1					0.01577766239643097	0.0351966954767704	0.17472553253173828	0.05435748025774956	-1.2262837886810303	0.0	0.0
s2_so	3	single	-1	wrong	3,14	0.0	-1	1					0.01180032268166542	0.014042722061276436	0.061407655477523804	0.03019651025533676	-0.6169235110282898	0.0	0.0
s2_so	3	single	-1	wrong	5,14	0.0	-1	1					0.003950132057070732	0.0116763636469841	0.10696174204349518	0.036901023238897324	-0.17946678400039673	0.0	0.0
s2_so	3	single	-1	wrong	4,2	0.0	-1	1					0.02184116467833519	0.02593906782567501	0.13425076007843018	0.1016031801700592	1.4163658618927002	0.0	0.0
s2_so	3	single	-1	wrong	12,12	0.0	-1	1					0.022155776619911194	0.01951955445110798	0.06337276846170425	0.04079169034957886	-0.5778590440750122	0.0	0.0
s2_so	3	single	-1	wrong	11,1	0.0	-1	1					0.00800737552344799	0.013788322918117046	0.07501751184463501	0.03666482865810394	-0.9510458707809448	0.0	0.0
s2_so	3	single	-1	wrong	6,1	0.0	-1	1					0.0009802572894841433	0.0031481371261179447	0.06201229989528656	0.0368308499455452	1.343484878540039	0.0	0.0
s2_so	3	single	-1	wrong	9,2	0.0	-1	1					0.008923366665840149	0.011872055940330029	0.08341524004936218	0.09659602493047714	1.6475332975387573	0.0	0.0
s2_so	3	single	-1	wrong	10,14	0.0	-1	1					0.0033285741228610277	0.006007835268974304	0.06671591848134995	0.03775147348642349	0.6585040092468262	0.0	0.0
s2_so	3	single	-1	wrong	10,2	0.12890625	-1	1					0.004095879383385181	0.007527406793087721	0.06708703935146332	0.06718311458826065	0.8999663591384888	0.0	0.0
s2_so	3	single	-1	wrong	4,5	0.0	-1	1					0.04677077382802963	0.047420889139175415	0.1705188900232315	0.07692863047122955	1.150862693786621	0.0	0.0
s2_so	3	single	-1	wrong	2,6	0.0	-1	1					0.0024800091050565243	0.004427153617143631	0.03399600461125374	0.08708421885967255	1.6917283535003662	0.0	0.0
s2_so	3	single	-1	wrong	14,5	0.0	-1	1					0.01199425756931305	0.014388851821422577	0.03673887997865677	0.04241509735584259	0.21537597477436066	0.0	0.0
s2_so	3	single	-1	wrong	3,13	0.0	-1	1					0.023971717804670334	0.02286023460328579	0.0581590011715889	0.044884487986564636	-0.6149061918258667	0.0	0.0
s2_so	3	single	-1	wrong	9,10	0.0	-1	1					0.01771055907011032	0.01991267502307892	0.08692188560962677	0.08289717882871628	1.7979342937469482	0.0	0.0
s2_so	3	single	-1	wrong	8,11	0.0	-1	1					0.012317762710154057	0.019632108509540558	0.04968567192554474	0.028114795684814453	-0.747692883014679	0.0	0.0
s2_so	3	single	-1	wrong	2,5	0.0	-1	1					0.008798276074230671	0.011799046769738197	0.03865978494286537	0.09724954515695572	0.24102912843227386	0.0	0.0
s2_so	3	single	-1	wrong	13,7	0.4296875	-1	1					0.06251975893974304	0.058196671307086945	0.08293627947568893	0.05922561138868332	0.7832744121551514	0.0	0.0
s2_so	3	single	-1	wrong	11,8	0.0	-1	1					0.028961503878235817	0.035643793642520905	0.035035837441682816	0.04805512726306915	-2.074205160140991	0.0	0.0
s2_so	3	single	-1	wrong	2,15	0.0	-1	1					0.004667839966714382	0.007493904791772366	0.0826982706785202	0.10653099417686462	-0.7817472219467163	0.0	0.0
s2_so	3	single	-1	wrong	12,14	0.0	-1	1					0.00478301802650094	0.005637876223772764	0.10140448808670044	0.029089078307151794	0.2638093829154968	0.0	0.0
s2_so	3	single	-1	wrong	12,10	0.0	-1	1					0.03239300101995468	0.029401063919067383	0.09712818264961243	0.04408997669816017	0.6556727886199951	0.0	0.0
s2_so	3	single	-1	wrong	15,9	0.0	-1	1					0.025622745975852013	0.033279094845056534	0.047303106635808945	0.11829395592212677	0.5662786364555359	0.0	0.0
s2_so	3	single	-1	wrong	12,1	0.0	-1	1					0.0012902887538075447	0.0032280604355037212	0.06582923233509064	0.04299148544669151	-0.08868244290351868	0.0	0.0
s2_so	3	single	-1	wrong	0,2	0.0	-1	1					0.0036001205444335938	0.005463390611112118	0.043181903660297394	0.04264242947101593	1.93743896484375	0.0	0.0
s2_so	3	single	-1	wrong	7,9	0.30078125	-1	1					0.0504436120390892	0.05208977684378624	0.07550273090600967	0.07401580363512039	2.2367258071899414	0.0	0.0
s2_so	3	single	-1	wrong	11,14	0.0	-1	1					0.00465032272040844	0.009361224249005318	0.05917777121067047	0.025410866364836693	-0.5985540747642517	0.0	0.0
s2_so	3	single	-1	wrong	2,12	0.0	-1	1					0.0010067136026918888	0.002114342525601387	0.017577094957232475	0.07393018156290054	-0.5765985250473022	0.0	0.0
s2_so	3	single	-1	wrong	0,8	0.0	-1	1					0.013259423896670341	0.017994310706853867	0.07016420364379883	0.05797151103615761	0.2203255295753479	0.0	0.0
s2_so	3	single	-1	wrong	3,5	0.0	-1	1					0.021637989208102226	0.024393822997808456	0.0712532252073288	0.04029892385005951	-0.6409643292427063	0.0	0.0
s2_so	3	single	-1	wrong	1,9	0.0	-1	1					0.015668533742427826	0.021895643323659897	0.11084527522325516	0.057160988450050354	3.0430309772491455	0.0	0.0
s2_so	3	single	-1	wrong	8,7	0.0	-1	1					0.04126621410250664	0.03900815173983574	0.047627635300159454	0.04917077347636223	0.06007464975118637	0.0	0.0
s2_so	3	single	-1	wrong	11,3	0.0	-1	1					0.007315941620618105	0.014366528019309044	0.046486638486385345	0.04084400832653046	-1.2069284915924072	0.0	0.0
s2_so	3	single	-1	wrong	5,8	0.0	-1	1					0.07717850804328918	0.0918290838599205	0.07840238511562347	0.07211460173130035	-1.6551179885864258	0.0	0.0
s2_so	3	single	-1	wrong	4,14	0.0	-1	1					0.012609980069100857	0.021113982424139977	0.11360910534858704	0.06093892455101013	1.1749036312103271	0.0	0.0
s2_so	3	single	-1	wrong	7,3	0.12890625	-1	1					0.01023212168365717	0.01576213538646698	0.041478171944618225	0.05370849370956421	0.05012953281402588	0.0	0.0
s2_so	3	single	-1	wrong	13,13	0.4296875	-1	1					0.06251975893974304	0.058196671307086945	0.08293627947568893	0.05922561138868332	0.39342838525772095	0.0	0.0
s2_so	3	single	-1	wrong	3,6	0.0	-1	1					0.009946765378117561	0.01131692249327898	0.0829603299498558	0.04382319003343582	0.8097349405288696	0.0	0.0
s2_so	3	single	-1	wrong	1,3	0.0	-1	1					0.017196625471115112	0.027876712381839752	0.04294262453913689	0.04823146015405655	0.85643470287323	0.0	0.0
s2_so	3	single	-1	wrong	5,2	0.0	-1	1					0.008076081052422523	0.019678622484207153	0.12997236847877502	0.06315742433071136	0.0619954988360405	0.0	0.0
s2_so	3	single	-1	wrong	3,7	0.0	-1	1					0.023971717804670334	0.02286023460328579	0.0581590011715889	0.044884487986564636	-0.22506015002727509	0.0	0.0
s2_so	3	single	-1	wrong	7,8	0.30078125	-1	1					0.07530730962753296	0.06619759649038315	0.06193218380212784	0.07699204981327057	-0.8171470165252686	0.0	0.0
s2_so	3	single	-1	wrong	11,12	0.0	-1	1					0.006225659511983395	0.009597407653927803	0.05067194253206253	0.03411673754453659	-1.4402225017547607	0.0	0.0
s2_so	3	single	-1	wrong	11,9	0.0	-1	1					0.013829967007040977	0.019390909001231194	0.06358342617750168	0.048089202493429184	0.9796677231788635	0.0	0.0
s2_so	3	single	-1	wrong	9,14	0.0	-1	1					0.0064859469421207905	0.010139101184904575	0.09007138013839722	0.05403827875852585	1.4060709476470947	0.0	0.0
s2_so	3	single	-1	wrong	5,13	0.23828125	-1	1					0.04472858086228371	0.0658731535077095	0.13114257156848907	0.05451060086488724	-0.17744949460029602	0.0	0.0
s2_so	3	single	-1	wrong	15,12	0.0	-1	1					0.009064946323633194	0.014224108308553696	0.03473357856273651	0.07760585099458694	-1.8536114692687988	0.0	0.0
s2_so	3	single	-1	wrong	14,2	0.0	-1	1					0.001677601132541895	0.002941749757155776	0.05996352806687355	0.046350933611392975	0.4808790385723114	0.0	0.0
s2_so	3	single	-1	wrong	10,13	0.4296875	-1	1					0.06251975893974304	0.058196671307086945	0.08293627947568893	0.05922561138868332	0.6605213284492493	0.0	0.0
s2_so	3	single	-1	wrong	3,4	0.0	-1	1					0.01617947779595852	0.020184755325317383	0.09958861768245697	0.05979343503713608	-0.8178520202636719	0.0	0.0
s2_so	3	single	-1	wrong	3,11	0.0	-1	1					0.030901432037353516	0.028526734560728073	0.08537448197603226	0.026507718488574028	-1.0328277349472046	0.0	0.0
s2_so	3	single	-1	wrong	14,4	0.0	-1	1					0.0010924332309514284	0.0026723863556981087	0.06138888746500015	0.048701897263526917	0.038488276302814484	0.0	0.0
s2_so	3	single	-1	wrong	9,12	0.0	-1	1					0.01804351434111595	0.02174881473183632	0.06664662063121796	0.0658993124961853	0.5644024610519409	0.0	0.0
s2_so	3	single	-1	wrong	2,2	0.0	-1	1					0.0004281337314750999	0.0011053949128836393	0.04763643071055412	0.124796062707901	0.5065321922302246	0.0	0.0
s2_so	3	single	-1	wrong	5,5	0.0	-1	1					0.04744233191013336	0.06957895308732986	0.10584039986133575	0.046740900725126266	-0.20350757241249084	0.0	0.0
s2_so	3	single	-1	wrong	11,15	0.0	-1	1					0.010109461843967438	0.019299043342471123	0.0893401950597763	0.041531872004270554	-1.6453710794448853	0.0	0.0
s2_so	3	single	-1	wrong	14,15	0.0	-1	1					0.010721324011683464	0.013607623055577278	0.0762997567653656	0.052651260048151016	-0.8074003458023071	0.0	0.0
s2_so	3	single	-1	wrong	11,2	0.0	-1	1					0.007616255898028612	0.012232763692736626	0.09509935230016708	0.04196120798587799	-0.3570917844772339	0.0	0.0
s2_so	3	single	-1	wrong	13,1	0.0	-1	1					0.0005970860947854817	0.0024635421577841043	0.08056814968585968	0.047674521803855896	0.038919251412153244	0.0	0.0
s2_so	3	single	-1	wrong	3,1	0.0	-1	1					0.009695926681160927	0.0128365159034729	0.11021881550550461	0.04492946341633797	-0.9694153070449829	0.0	0.0
s2_so	3	single	-1	wrong	8,2	0.0	-1	1					0.006484503857791424	0.011548569425940514	0.028026055544614792	0.060487642884254456	-0.09032642841339111	0.0	0.0
s2_so	3	single	-1	wrong	4,15	0.0	-1	1					0.02304600179195404	0.03024100512266159	0.20604893565177917	0.08766528964042664	0.12808646261692047	0.0	0.0
s2_so	4	delta	0	true	3,21	0.0	0	65	0.0	0.0	0.0	0.0	0.01632293313741684	0.019454486668109894	0.04193183034658432	0.015547476708889008	0.0	0.0	0.0
s2_so	4	delta	0	true	5,18	0.0	0	65	0.0	0.0	0.0	0.0	0.01632293313741684	0.019454486668109894	0.04193183034658432	0.015547476708889008	0.0	-1.7404556274414062e-05	0.0
s2_so	4	delta	0	true	5,26	0.0	0	65	0.0	0.0	0.0	0.0	0.01632293313741684	0.019454486668109894	0.04193183034658432	0.015547476708889008	0.0	-0.0004868507385253906	0.0
s2_so	4	delta	0	true	6,24	0.0	0	65	0.0	0.0	0.0	0.0	0.01632293313741684	0.019454486668109894	0.04193183034658432	0.015547476708889008	0.0	-0.016921579837799072	-0.0022898316383361816
s2_so	4	delta	0	true	6,29	0.0	0	65	0.0	0.0	0.0	0.0	0.01632293313741684	0.019454486668109894	0.04193183034658432	0.015547476708889008	0.0	-0.0018801093101501465	-0.00020685791969299316
s2_so	4	delta	0	true	41,28	0.0	0	65	0.0	0.0	0.0	0.0	0.01632293313741684	0.019454486668109894	0.04193183034658432	0.015547476708889008	0.0	-0.0022530555725097656	0.0
s2_so	4	delta	0	true	42,25	0.0	0	65	0.0	0.0	0.0	0.0	0.01632293313741684	0.019454486668109894	0.04193183034658432	0.015547476708889008	0.0	-0.0006296634674072266	0.0
s2_so	4	delta	0	true	48,63	0.0	0	65	0.0	0.0	0.0	0.0	0.01632293313741684	0.019454486668109894	0.04193183034658432	0.015547476708889008	0.0	-0.0005706548690795898	0.0
s2_so	4	delta	0	true	52,57	0.0	0	65	0.0	0.0	0.0	0.0	0.01632293313741684	0.019454486668109894	0.04193183034658432	0.015547476708889008	0.0	0.0	0.0
s2_so	4	delta	0	true	52,61	0.0	0	65	0.0	0.0	0.0	0.0	0.01632293313741684	0.019454486668109894	0.04193183034658432	0.015547476708889008	0.0	-5.960464477539063e-08	0.0
s2_so	4	delta	0	true	54,57	0.0	0	65	0.0	0.0	0.0	0.0	0.01632293313741684	0.019454486668109894	0.04193183034658432	0.015547476708889008	0.0	-1.5735626220703125e-05	0.0
s2_so	4	delta	0	true	54,62	0.0	0	65	0.0	0.0	0.0	0.0	0.01632293313741684	0.019454486668109894	0.04193183034658432	0.015547476708889008	0.0	-0.0002617835998535156	0.0
s2_so	4	delta	0	true	17,48	-0.00390625	2	65	-8.758530020713806e-05	-0.0001662634313106537	0.0004298016428947449	4.452653229236603e-06	0.0162353478372097	0.01928822323679924	0.042361631989479065	0.015551929362118244	0.00122833251953125	-0.008085012435913086	0.0007764995098114014
s2_so	4	delta	0	true	18,51	0.0	0	65	0.0	0.0	0.0	0.0	0.01632293313741684	0.019454486668109894	0.04193183034658432	0.015547476708889008	0.0	0.0	0.0
s2_so	4	delta	0	true	19,55	0.0	0	65	0.0	0.0	0.0	0.0	0.01632293313741684	0.019454486668109894	0.04193183034658432	0.015547476708889008	0.0	-1.1920928955078125e-05	0.0
s2_so	4	delta	0	true	21,48	0.0	0	65	0.0	0.0	0.0	0.0	0.01632293313741684	0.019454486668109894	0.04193183034658432	0.015547476708889008	0.0	-2.5033950805664062e-05	0.0
s2_so	4	delta	0	true	23,49	0.0	0	65	0.0	0.0	0.0	0.0	0.01632293313741684	0.019454486668109894	0.04193183034658432	0.015547476708889008	0.0	0.0	0.0
s2_so	4	delta	0	true	25,40	0.0	0	65	0.0	0.0	0.0	0.0	0.01632293313741684	0.019454486668109894	0.04193183034658432	0.015547476708889008	0.0	-0.012471556663513184	-3.6656856536865234e-05
s2_so	4	delta	0	true	27,47	0.0	0	65	0.0	0.0	0.0	0.0	0.01632293313741684	0.019454486668109894	0.04193183034658432	0.015547476708889008	0.0	-3.30805778503418e-05	0.0
s2_so	4	delta	0	true	30,44	0.0	0	65	0.0	0.0	0.0	0.0	0.01632293313741684	0.019454486668109894	0.04193183034658432	0.015547476708889008	0.0	-5.996227264404297e-05	0.0
s2_so	4	delta	0	true	31,46	0.02734375	21	65	0.0013872720301151276	0.002330297604203224	-0.003209538757801056	0.0011025313287973404	0.017710205167531967	0.021784784272313118	0.038722291588783264	0.016650008037686348	0.010641813278198242	-0.027860283851623535	-0.006784602999687195
s2_so	4	delta	0	true	35,56	0.0	0	65	0.0	0.0	0.0	0.0	0.01632293313741684	0.019454486668109894	0.04193183034658432	0.015547476708889008	0.0	0.0	0.0
s2_so	4	delta	0	true	39,63	0.0	0	65	0.0	0.0	0.0	0.0	0.01632293313741684	0.019454486668109894	0.04193183034658432	0.015547476708889008	0.0	-9.5367431640625e-07	0.0
s2_so	4	delta	0	true	33,53	0.0	0	65	0.0	0.0	0.0	0.0	0.01632293313741684	0.019454486668109894	0.04193183034658432	0.015547476708889008	0.0	-5.960464477539063e-08	0.0
s2_so	4	delta	0	true	35,52	0.0	0	65	0.0	0.0	0.0	0.0	0.01632293313741684	0.019454486668109894	0.04193183034658432	0.015547476708889008	0.0	0.0	0.0
s2_so	4	delta	0	true	36,49	0.0	0	65	0.0	0.0	0.0	0.0	0.01632293313741684	0.019454486668109894	0.04193183034658432	0.015547476708889008	0.0	0.0	0.0
s2_so	4	delta	0	true	38,41	0.0	0	65	0.0	0.0	0.0	0.0	0.01632293313741684	0.019454486668109894	0.04193183034658432	0.015547476708889008	0.0	0.0	0.0
s2_so	4	delta	0	true	38,43	0.0	0	65	0.0	0.0	0.0	0.0	0.01632293313741684	0.019454486668109894	0.04193183034658432	0.015547476708889008	0.0	-1.7881393432617188e-07	0.0
s2_so	4	delta	0	true	1,59	0.0	0	65	0.0	0.0	0.0	0.0	0.01632293313741684	0.019454486668109894	0.04193183034658432	0.015547476708889008	0.0	-0.00011265277862548828	0.0
s2_so	4	delta	0	true	1,60	-0.0078125	7	65	-0.0004541594535112381	-0.0004965011030435562	0.007121860980987549	0.0011133179068565369	0.0158687736839056	0.018957985565066338	0.04905369132757187	0.016660794615745544	0.002789020538330078	-0.018382549285888672	-0.0020987093448638916
s2_so	4	delta	0	true	3,60	0.0	0	65	0.0	0.0	0.0	0.0	0.01632293313741684	0.019454486668109894	0.04193183034658432	0.015547476708889008	0.0	-1.1086463928222656e-05	0.0
s2_so	4	delta	0	true	4,61	0.0	0	65	0.0	0.0	0.0	0.0	0.01632293313741684	0.019454486668109894	0.04193183034658432	0.015547476708889008	0.0	-0.009026408195495605	-0.0013031959533691406
s2_so	4	delta	0	true	3,26	0.0	0	65	0.0	0.0	0.0	0.0	0.01632293313741684	0.019454486668109894	0.04193183034658432	0.015547476708889008	0.0	-7.224082946777344e-05	0.0
s2_so	4	delta	0	true	3,30	0.0	0	65	0.0	0.0	0.0	0.0	0.01632293313741684	0.019454486668109894	0.04193183034658432	0.015547476708889008	0.0	-1.7881393432617188e-07	0.0
s2_so	4	delta	0	true	4,31	0.01171875	12	65	-0.0005399379879236221	-0.0001262575387954712	-0.00022211670875549316	0.00019305944442749023	0.015782995149493217	0.019328229129314423	0.04170971363782883	0.015740536153316498	0.00397181510925293	-0.022224903106689453	-0.00959545373916626
s2_so	4	delta	0	true	36,38	0.0	0	65	0.0	0.0	0.0	0.0	0.01632293313741684	0.019454486668109894	0.04193183034658432	0.015547476708889008	0.0	0.0	0.0
s2_so	4	delta	0	true	38,38	0.0	0	65	0.0	0.0	0.0	0.0	0.01632293313741684	0.019454486668109894	0.04193183034658432	0.015547476708889008	0.0	0.0	0.0
s2_so	4	delta	0	true	39,34	0.0	0	65	0.0	0.0	0.0	0.0	0.01632293313741684	0.019454486668109894	0.04193183034658432	0.015547476708889008	0.0	-7.796287536621094e-05	0.0
s2_so	4	delta	0	true	49,43	-0.00390625	24	65	-0.0011553112417459488	-0.0010328106582164764	-0.0007220134139060974	0.0003597252070903778	0.01516762189567089	0.018421676009893417	0.04120981693267822	0.015907201915979385	0.016355514526367188	-0.007727086544036865	0.0037836432456970215
s2_so	4	delta	0	true	51,42	0.0	0	65	0.0	0.0	0.0	0.0	0.01632293313741684	0.019454486668109894	0.04193183034658432	0.015547476708889008	0.0	-0.0038164854049682617	0.0
s2_so	4	delta	0	true	53,40	0.0	0	65	0.0	0.0	0.0	0.0	0.01632293313741684	0.019454486668109894	0.04193183034658432	0.015547476708889008	0.0	-7.152557373046875e-07	0.0
s2_so	4	delta	0	true	5,27	0.0	0	65	0.0	0.0	0.0	0.0	0.01632293313741684	0.019454486668109894	0.04193183034658432	0.015547476708889008	0.0	-6.639957427978516e-05	0.0
s2_so	4	delta	0	true	7,29	0.0	0	65	0.0	0.0	0.0	0.0	0.01632293313741684	0.019454486668109894	0.04193183034658432	0.015547476708889008	0.0	-4.172325134277344e-07	0.0
s2_so	4	delta	0	true	7,30	0.0	0	65	0.0	0.0	0.0	0.0	0.01632293313741684	0.019454486668109894	0.04193183034658432	0.015547476708889008	0.0	-5.960464477539063e-08	0.0
s2_so	4	delta	0	true	9,37	0.0	0	65	0.0	0.0	0.0	0.0	0.01632293313741684	0.019454486668109894	0.04193183034658432	0.015547476708889008	0.0	-0.0009229183197021484	-0.0005797147750854492
s2_so	4	delta	0	true	11,36	0.0	0	65	0.0	0.0	0.0	0.0	0.01632293313741684	0.019454486668109894	0.04193183034658432	0.015547476708889008	0.0	-3.349781036376953e-05	0.0
s2_so	4	delta	0	true	13,34	0.0	0	65	0.0	0.0	0.0	0.0	0.01632293313741684	0.019454486668109894	0.04193183034658432	0.015547476708889008	0.0	-2.0265579223632812e-06	0.0
s2_so	4	delta	0	true	14,39	-0.0703125	178	65	-0.007815100252628326	-0.0057227639481425285	-0.018607445061206818	0.004940235987305641	0.008507832884788513	0.013731722719967365	0.023324385285377502	0.02048771269619465	0.378070592880249	0.32561132311820984	0.2546699643135071
s2_so	4	delta	0	wrong	14,5	-0.14453125	234	65	-0.013724871911108494	-0.014806036837399006	-0.007752850651741028	0.008991219103336334	0.002598060993477702	0.004648449830710888	0.03417897969484329	0.024538695812225342	0.5811820030212402	0.45159411430358887	0.43154826760292053
s2_so	4	delta	0	wrong	24,35	0.0	0	65	0.0	0.0	0.0	0.0	0.01632293313741684	0.019454486668109894	0.04193183034658432	0.015547476708889008	0.0	-7.271766662597656e-05	0.0
s2_so	4	delta	0	wrong	53,17	0.0	0	65	0.0	0.0	0.0	0.0	0.01632293313741684	0.019454486668109894	0.04193183034658432	0.015547476708889008	0.0	-4.506111145019531e-05	0.0
s2_so	4	delta	0	wrong	2,47	0.0	0	65	0.0	0.0	0.0	0.0	0.01632293313741684	0.019454486668109894	0.04193183034658432	0.015547476708889008	0.0	-0.00048661231994628906	0.0
s2_so	4	delta	0	wrong	53,20	0.0	0	65	0.0	0.0	0.0	0.0	0.01632293313741684	0.019454486668109894	0.04193183034658432	0.015547476708889008	0.0	-5.960464477539063e-08	0.0
s2_so	4	delta	0	wrong	1,11	0.0	0	65	0.0	0.0	0.0	0.0	0.01632293313741684	0.019454486668109894	0.04193183034658432	0.015547476708889008	0.0	-0.004058837890625	-0.0002504587173461914
s2_so	4	delta	0	wrong	12,42	-0.00390625	23	65	-7.814168930053711e-05	0.0003301277756690979	0.003818754106760025	-0.0010854974389076233	0.016244791448116302	0.01978461444377899	0.045750584453344345	0.014461979269981384	0.020275354385375977	-0.03237354755401611	-0.001986265182495117
s2_so	4	delta	0	wrong	63,12	0.0	0	65	0.0	0.0	0.0	0.0	0.01632293313741684	0.019454486668109894	0.04193183034658432	0.015547476708889008	0.0	0.0	0.0
s2_so	4	delta	0	wrong	35,29	0.0	0	65	0.0	0.0	0.0	0.0	0.01632293313741684	0.019454486668109894	0.04193183034658432	0.015547476708889008	0.0	0.0	0.0
s2_so	4	delta	0	wrong	40,44	0.0	0	65	0.0	0.0	0.0	0.0	0.01632293313741684	0.019454486668109894	0.04193183034658432	0.015547476708889008	0.0	-0.004357814788818359	-8.477270603179932e-05
s2_so	4	delta	0	wrong	50,30	-0.00390625	2	65	3.967806696891785e-05	9.695813059806824e-05	-0.00011352449655532837	7.054302841424942e-05	0.016362611204385757	0.019551444798707962	0.04181830585002899	0.015618019737303257	0.0010569095611572266	-0.012032508850097656	-0.000578075647354126
s2_so	4	delta	0	wrong	30,15	0.0	0	65	0.0	0.0	0.0	0.0	0.01632293313741684	0.019454486668109894	0.04193183034658432	0.015547476708889008	0.0	-1.1920928955078125e-07	0.0
s2_so	4	delta	0	wrong	11,22	0.0	0	65	0.0	0.0	0.0	0.0	0.01632293313741684	0.019454486668109894	0.04193183034658432	0.015547476708889008	0.0	-0.00027871131896972656	0.0
s2_so	4	delta	0	wrong	25,30	-0.00390625	1	65	0.00020623765885829926	0.0003179088234901428	0.00020956993103027344	0.00020083412528038025	0.01652917079627514	0.019772395491600037	0.042141400277614594	0.015748310834169388	0.00016760826110839844	-0.003255903720855713	0.00016768276691436768
s2_so	4	delta	0	wrong	59,0	0.0	0	65	0.0	0.0	0.0	0.0	0.01632293313741684	0.019454486668109894	0.04193183034658432	0.015547476708889008	0.0	-3.5762786865234375e-07	0.0
s2_so	4	delta	0	wrong	45,5	0.0	0	65	0.0	0.0	0.0	0.0	0.01632293313741684	0.019454486668109894	0.04193183034658432	0.015547476708889008	0.0	-5.6862831115722656e-05	0.0
s2_so	4	delta	0	wrong	62,18	0.0	0	65	0.0	0.0	0.0	0.0	0.01632293313741684	0.019454486668109894	0.04193183034658432	0.015547476708889008	0.0	-1.0728836059570312e-06	0.0
s2_so	4	delta	0	wrong	7,50	0.0	0	65	0.0	0.0	0.0	0.0	0.01632293313741684	0.019454486668109894	0.04193183034658432	0.015547476708889008	0.0	-5.435943603515625e-05	0.0
s2_so	4	delta	0	wrong	17,3	0.0	0	65	0.0	0.0	0.0	0.0	0.01632293313741684	0.019454486668109894	0.04193183034658432	0.015547476708889008	0.0	-3.6597251892089844e-05	0.0
s2_so	4	delta	0	wrong	28,4	0.0	0	65	0.0	0.0	0.0	0.0	0.01632293313741684	0.019454486668109894	0.04193183034658432	0.015547476708889008	0.0	0.0	0.0
s2_so	4	delta	0	wrong	19,21	0.0	0	65	0.0	0.0	0.0	0.0	0.01632293313741684	0.019454486668109894	0.04193183034658432	0.015547476708889008	0.0	-2.7418136596679688e-06	0.0
s2_so	4	delta	0	wrong	8,55	-0.0078125	3	65	0.00036571361124515533	6.102956831455231e-05	-3.256648778915405e-05	6.585568189620972e-05	0.016688646748661995	0.019515516236424446	0.041899263858795166	0.015613332390785217	0.0009667873382568359	-0.017538487911224365	-0.0012819021940231323
s2_so	4	delta	0	wrong	1,6	0.0	0	65	0.0	0.0	0.0	0.0	0.01632293313741684	0.019454486668109894	0.04193183034658432	0.015547476708889008	0.0	-1.5497207641601562e-06	0.0
s2_so	4	delta	0	wrong	58,49	0.0	0	65	0.0	0.0	0.0	0.0	0.01632293313741684	0.019454486668109894	0.04193183034658432	0.015547476708889008	0.0	-8.344650268554688e-07	0.0
s2_so	4	delta	0	wrong	16,21	0.0	0	65	0.0	0.0	0.0	0.0	0.01632293313741684	0.019454486668109894	0.04193183034658432	0.015547476708889008	0.0	0.0	0.0
s2_so	4	delta	0	wrong	39,2	0.0	0	65	0.0	0.0	0.0	0.0	0.01632293313741684	0.019454486668109894	0.04193183034658432	0.015547476708889008	0.0	-1.7881393432617188e-06	0.0
s2_so	4	delta	0	wrong	50,1	-0.03125	54	65	-0.0025825491175055504	-0.003160376101732254	-0.006405964493751526	0.0010684020817279816	0.01374038401991129	0.01629411056637764	0.035525865852832794	0.01661587879061699	0.04108452796936035	0.00808262825012207	0.008338212966918945
s2_so	4	delta	0	wrong	14,25	-0.14453125	221	65	0.002865459769964218	0.012895017862319946	-0.01661168411374092	7.203593850135803e-05	0.019188392907381058	0.03234950453042984	0.0253201462328434	0.015619512647390366	0.4918632507324219	0.4306640625	0.3534986674785614
s2_so	4	delta	0	wrong	21,33	0.0	0	65	0.0	0.0	0.0	0.0	0.01632293313741684	0.019454486668109894	0.04193183034658432	0.015547476708889008	0.0	-4.172325134277344e-07	0.0
s2_so	4	delta	0	wrong	46,51	0.0	0	65	0.0	0.0	0.0	0.0	0.01632293313741684	0.019454486668109894	0.04193183034658432	0.015547476708889008	0.0	-5.960464477539063e-08	0.0
s2_so	4	delta	0	wrong	58,23	0.0	0	65	0.0	0.0	0.0	0.0	0.01632293313741684	0.019454486668109894	0.04193183034658432	0.015547476708889008	0.0	-3.2186508178710938e-06	0.0
s2_so	4	delta	0	wrong	10,17	-0.03515625	109	65	-0.0007187547162175179	0.00027669966220855713	-0.011828819289803505	-0.0016403160989284515	0.015604178421199322	0.01973118633031845	0.030103011056780815	0.013907160609960556	0.12086939811706543	0.10536578297615051	0.03567194938659668
s2_so	4	delta	0	wrong	32,0	0.0	0	65	0.0	0.0	0.0	0.0	0.01632293313741684	0.019454486668109894	0.04193183034658432	0.015547476708889008	0.0	-8.106231689453125e-06	0.0
s2_so	4	delta	0	wrong	37,27	-0.0078125	10	65	0.0001571960747241974	0.001226678490638733	-0.00035109370946884155	4.60110604763031e-05	0.016480129212141037	0.020681165158748627	0.04158073663711548	0.01559348776936531	0.003134012222290039	-0.020156502723693848	-0.0021960437297821045
s2_so	4	delta	0	wrong	45,46	0.0	0	65	0.0	0.0	0.0	0.0	0.01632293313741684	0.019454486668109894	0.04193183034658432	0.015547476708889008	0.0	-1.1920928955078125e-07	0.0
s2_so	4	delta	0	wrong	23,32	0.0	0	65	0.0	0.0	0.0	0.0	0.01632293313741684	0.019454486668109894	0.04193183034658432	0.015547476708889008	0.0	-1.0251998901367188e-05	0.0
s2_so	4	delta	0	wrong	31,21	-0.01171875	11	65	0.002827771008014679	0.0023861881345510483	-0.0010020136833190918	-0.0003809221088886261	0.01915070414543152	0.021840674802660942	0.04092981666326523	0.015166554600000381	0.005372285842895508	-0.01432257890701294	-0.0016116499900817871
s2_so	4	delta	0	wrong	33,19	0.0	0	65	0.0	0.0	0.0	0.0	0.01632293313741684	0.019454486668109894	0.04193183034658432	0.015547476708889008	0.0	-0.0001424551010131836	0.0
s2_so	4	delta	0	wrong	13,46	0.0	0	65	0.0	0.0	0.0	0.0	0.01632293313741684	0.019454486668109894	0.04193183034658432	0.015547476708889008	0.0	-5.960464477539062e-07	0.0
s2_so	4	delta	0	wrong	6,48	0.0	2	65	-8.797645568847656e-05	-0.00016240403056144714	0.0005872324109077454	-2.8390437364578247e-05	0.016234956681728363	0.019292082637548447	0.042519062757492065	0.01551908627152443	0.0010333061218261719	-0.009165406227111816	-0.000635489821434021
s2_so	4	delta	0	wrong	24,54	-0.0078125	9	65	0.0005478039383888245	0.0014026612043380737	0.002461053431034088	7.336307317018509e-05	0.016870737075805664	0.020857147872447968	0.04439288377761841	0.015620839782059193	0.005759716033935547	-0.012426972389221191	-0.0014964640140533447
s2_so	4	delta	0	wrong	63,5	0.0	0	65	0.0	0.0	0.0	0.0	0.01632293313741684	0.019454486668109894	0.04193183034658432	0.015547476708889008	0.0	-6.556510925292969e-07	0.0
s2_so	4	delta	0	wrong	31,59	-0.015625	13	65	-0.002438325434923172	-0.0010647587478160858	0.0007369033992290497	-0.00043343938887119293	0.013884607702493668	0.018389727920293808	0.04266873374581337	0.015114037320017815	0.003858327865600586	-0.01953911781311035	-0.0038067251443862915
s2_so	4	delta	0	wrong	38,12	0.0	0	65	0.0	0.0	0.0	0.0	0.01632293313741684	0.019454486668109894	0.04193183034658432	0.015547476708889008	0.0	0.0	0.0
s2_so	4	delta	0	wrong	23,38	0.0	0	65	0.0	0.0	0.0	0.0	0.01632293313741684	0.019454486668109894	0.04193183034658432	0.015547476708889008	0.0	-1.1920928955078125e-07	0.0
s2_so	4	delta	0	wrong	30,37	0.0	0	65	0.0	0.0	0.0	0.0	0.01632293313741684	0.019454486668109894	0.04193183034658432	0.015547476708889008	0.0	-8.881092071533203e-06	0.0
s2_so	4	delta	0	wrong	42,40	0.0	0	65	0.0	0.0	0.0	0.0	0.01632293313741684	0.019454486668109894	0.04193183034658432	0.015547476708889008	0.0	-0.00010901689529418945	0.0
s2_so	4	delta	0	wrong	42,62	0.0	0	65	0.0	0.0	0.0	0.0	0.01632293313741684	0.019454486668109894	0.04193183034658432	0.015547476708889008	0.0	-1.4960765838623047e-05	0.0
s2_so	4	delta	1	true	6,18	0.0	0	65	0.0	0.0	0.0	0.0	0.02811655029654503	0.03380723297595978	0.11525841802358627	0.03183050826191902	0.0	-2.8565526008605957e-05	-0.0007720291614532471
s2_so	4	delta	1	true	56,38	0.0	0	65	0.0	0.0	0.0	0.0	0.02811655029654503	0.03380723297595978	0.11525841802358627	0.03183050826191902	0.0	-1.043081283569336e-07	0.0
s2_so	4	delta	1	true	0,28	0.0	0	65	0.0	0.0	0.0	0.0	0.02811655029654503	0.03380723297595978	0.11525841802358627	0.03183050826191902	0.0	-0.002106279134750366	-0.0009784698486328125
s2_so	4	delta	1	true	4,24	0.0	0	65	0.0	0.0	0.0	0.0	0.02811655029654503	0.03380723297595978	0.11525841802358627	0.03183050826191902	0.0	-0.00020059943199157715	-0.00031006336212158203
s2_so	4	delta	1	true	5,29	0.0	0	65	0.0	0.0	0.0	0.0	0.02811655029654503	0.03380723297595978	0.11525841802358627	0.03183050826191902	0.0	-3.129243850708008e-07	0.0
s2_so	4	delta	1	true	5,31	0.0	0	65	0.0	0.0	0.0	0.0	0.02811655029654503	0.03380723297595978	0.11525841802358627	0.03183050826191902	0.0	-1.6242265701293945e-06	0.0
s2_so	4	delta	1	true	40,31	0.0	0	65	0.0	0.0	0.0	0.0	0.02811655029654503	0.03380723297595978	0.11525841802358627	0.03183050826191902	0.0	-2.1085143089294434e-05	0.0
s2_so	4	delta	1	true	41,27	0.0	0	65	0.0	0.0	0.0	0.0	0.02811655029654503	0.03380723297595978	0.11525841802358627	0.03183050826191902	0.0	-0.002911597490310669	-0.0006660819053649902
s2_so	4	delta	1	true	55,57	0.0	0	65	0.0	0.0	0.0	0.0	0.02811655029654503	0.03380723297595978	0.11525841802358627	0.03183050826191902	0.0	-4.470348358154297e-08	0.0
s2_so	4	delta	1	true	21,53	0.0	0	65	0.0	0.0	0.0	0.0	0.02811655029654503	0.03380723297595978	0.11525841802358627	0.03183050826191902	0.0	0.0	0.0
s2_so	4	delta	1	true	23,49	0.0	0	65	0.0	0.0	0.0	0.0	0.02811655029654503	0.03380723297595978	0.11525841802358627	0.03183050826191902	0.0	0.0	0.0
s2_so	4	delta	1	true	25,41	0.0	0	65	0.0	0.0	0.0	0.0	0.02811655029654503	0.03380723297595978	0.11525841802358627	0.03183050826191902	0.0	-0.0015439540147781372	0.0
s2_so	4	delta	1	true	27,45	0.0	0	65	0.0	0.0	0.0	0.0	0.02811655029654503	0.03380723297595978	0.11525841802358627	0.03183050826191902	0.0	-2.975761890411377e-05	0.0
s2_so	4	delta	1	true	27,47	0.0	0	65	0.0	0.0	0.0	0.0	0.02811655029654503	0.03380723297595978	0.11525841802358627	0.03183050826191902	0.0	-1.341104507446289e-07	0.0
s2_so	4	delta	1	true	28,42	0.0	0	65	0.0	0.0	0.0	0.0	0.02811655029654503	0.03380723297595978	0.11525841802358627	0.03183050826191902	0.0	0.0	0.0
s2_so	4	delta	1	true	30,42	0.0	0	65	0.0	0.0	0.0	0.0	0.02811655029654503	0.03380723297595978	0.11525841802358627	0.03183050826191902	0.0	-7.450580596923828e-08	0.0
s2_so	4	delta	1	true	33,57	0.0	0	65	0.0	0.0	0.0	0.0	0.02811655029654503	0.03380723297595978	0.11525841802358627	0.03183050826191902	0.0	0.0	0.0
s2_so	4	delta	1	true	34,59	0.0	0	65	0.0	0.0	0.0	0.0	0.02811655029654503	0.03380723297595978	0.11525841802358627	0.03183050826191902	0.0	0.0	0.0
s2_so	4	delta	1	true	37,59	0.0	0	65	0.0	0.0	0.0	0.0	0.02811655029654503	0.03380723297595978	0.11525841802358627	0.03183050826191902	0.0	-3.2782554626464844e-07	0.0
s2_so	4	delta	1	true	38,63	0.0	0	65	0.0	0.0	0.0	0.0	0.02811655029654503	0.03380723297595978	0.11525841802358627	0.03183050826191902	0.0	0.0	0.0
s2_so	4	delta	1	true	39,56	0.0	0	65	0.0	0.0	0.0	0.0	0.02811655029654503	0.03380723297595978	0.11525841802358627	0.03183050826191902	0.0	-7.003545761108398e-07	0.0
s2_so	4	delta	1	true	35,55	0.0	0	65	0.0	0.0	0.0	0.0	0.02811655029654503	0.03380723297595978	0.11525841802358627	0.03183050826191902	0.0	0.0	0.0
s2_so	4	delta	1	true	36,48	0.0	0	65	0.0	0.0	0.0	0.0	0.02811655029654503	0.03380723297595978	0.11525841802358627	0.03183050826191902	0.0	0.0	0.0
s2_so	4	delta	1	true	38,54	0.0	0	65	0.0	0.0	0.0	0.0	0.02811655029654503	0.03380723297595978	0.11525841802358627	0.03183050826191902	0.0	0.0	0.0
s2_so	4	delta	1	true	39,54	0.0	0	65	0.0	0.0	0.0	0.0	0.02811655029654503	0.03380723297595978	0.11525841802358627	0.03183050826191902	0.0	-1.952052116394043e-06	0.0
s2_so	4	delta	1	true	33,43	0.0	0	65	0.0	0.0	0.0	0.0	0.02811655029654503	0.03380723297595978	0.11525841802358627	0.03183050826191902	0.0	-4.917383193969727e-07	0.0
s2_so	4	delta	1	true	34,42	0.0	0	65	0.0	0.0	0.0	0.0	0.02811655029654503	0.03380723297595978	0.11525841802358627	0.03183050826191902	0.0	-1.4901161193847656e-08	0.0
s2_so	4	delta	1	true	34,46	0.0	0	65	0.0	0.0	0.0	0.0	0.02811655029654503	0.03380723297595978	0.11525841802358627	0.03183050826191902	0.0	0.0	0.0
s2_so	4	delta	1	true	35,47	0.0	0	65	0.0	0.0	0.0	0.0	0.02811655029654503	0.03380723297595978	0.11525841802358627	0.03183050826191902	0.0	0.0	0.0
s2_so	4	delta	1	true	39,42	0.0	0	65	0.0	0.0	0.0	0.0	0.02811655029654503	0.03380723297595978	0.11525841802358627	0.03183050826191902	0.0	-0.00020201504230499268	0.0
s2_so	4	delta	1	true	1,60	0.0	0	65	0.0	0.0	0.0	0.0	0.02811655029654503	0.03380723297595978	0.11525841802358627	0.03183050826191902	0.0	-0.0003526359796524048	0.0
s2_so	4	delta	1	true	3,61	0.0	0	65	0.0	0.0	0.0	0.0	0.02811655029654503	0.03380723297595978	0.11525841802358627	0.03183050826191902	0.0	0.0	0.0
s2_so	4	delta	1	true	7,57	0.0	0	65	0.0	0.0	0.0	0.0	0.02811655029654503	0.03380723297595978	0.11525841802358627	0.03183050826191902	0.0	0.0	0.0
s2_so	4	delta	1	true	0,25	-0.00390625	11	65	-0.0004100799560546875	8.296221494674683e-05	0.0007374510169029236	-0.000395115464925766	0.02770647034049034	0.033890195190906525	0.1159958690404892	0.031435392796993256	0.005674600601196289	-0.04071633517742157	-0.04490545392036438
s2_so	4	delta	1	true	4,24	0.0	0	65	0.0	0.0	0.0	0.0	0.02811655029654503	0.03380723297595978	0.11525841802358627	0.03183050826191902	0.0	-0.00020059943199157715	-0.00031006336212158203
s2_so	4	delta	1	true	33,35	0.0	0	65	0.0	0.0	0.0	0.0	0.02811655029654503	0.03380723297595978	0.11525841802358627	0.03183050826191902	0.0	0.0	0.0
s2_so	4	delta	1	true	33,37	0.0	0	65	0.0	0.0	0.0	0.0	0.02811655029654503	0.03380723297595978	0.11525841802358627	0.03183050826191902	0.0	-1.341104507446289e-07	0.0
s2_so	4	delta	1	true	34,39	0.0	0	65	0.0	0.0	0.0	0.0	0.02811655029654503	0.03380723297595978	0.11525841802358627	0.03183050826191902	0.0	-2.086162567138672e-07	0.0
s2_so	4	delta	1	true	35,37	0.0	0	65	0.0	0.0	0.0	0.0	0.02811655029654503	0.03380723297595978	0.11525841802358627	0.03183050826191902	0.0	0.0	0.0
s2_so	4	delta	1	true	38,34	0.0	0	65	0.0	0.0	0.0	0.0	0.02811655029654503	0.03380723297595978	0.11525841802358627	0.03183050826191902	0.0	0.0	0.0
s2_so	4	delta	1	true	38,36	0.0	0	65	0.0	0.0	0.0	0.0	0.02811655029654503	0.03380723297595978	0.11525841802358627	0.03183050826191902	0.0	0.0	0.0
s2_so	4	delta	1	true	39,32	0.0	0	65	0.0	0.0	0.0	0.0	0.02811655029654503	0.03380723297595978	0.11525841802358627	0.03183050826191902	0.0	-8.857250213623047e-05	-0.00011414289474487305
s2_so	4	delta	1	true	48,40	0.0	0	65	0.0	0.0	0.0	0.0	0.02811655029654503	0.03380723297595978	0.11525841802358627	0.03183050826191902	0.0	-0.0010326504707336426	-0.0003871321678161621
s2_so	4	delta	1	true	2,28	0.0	0	65	0.0	0.0	0.0	0.0	0.02811655029654503	0.03380723297595978	0.11525841802358627	0.03183050826191902	0.0	-7.3462724685668945e-06	0.0
s2_so	4	delta	1	true	4,24	0.0	0	65	0.0	0.0	0.0	0.0	0.02811655029654503	0.03380723297595978	0.11525841802358627	0.03183050826191902	0.0	-0.00020059943199157715	-0.00031006336212158203
s2_so	4	delta	1	true	11,35	0.0	0	65	0.0	0.0	0.0	0.0	0.02811655029654503	0.03380723297595978	0.11525841802358627	0.03183050826191902	0.0	0.0	0.0
s2_so	4	delta	1	true	12,32	-0.00390625	1	65	-5.21540641784668e-08	-1.1548399925231934e-05	5.804002285003662e-06	7.528811693191528e-06	0.02811649814248085	0.033795684576034546	0.11526422202587128	0.03183803707361221	0.0005040168762207031	-0.0035451501607894897	-0.003973722457885742
s2_so	4	delta	1	true	14,37	-0.00390625	13	65	-0.0007945913821458817	-0.0006866343319416046	-0.005414910614490509	-0.001377299427986145	0.027321958914399147	0.03312059864401817	0.10984350740909576	0.030453208833932877	0.00920248031616211	-0.03432337939739227	-0.010795772075653076
s2_so	4	delta	1	wrong	14,5	-0.0859375	59	65	-0.004355167970061302	-0.006616141647100449	-0.013072803616523743	-0.0003987811505794525	0.023761382326483727	0.02719109132885933	0.10218561440706253	0.03143172711133957	0.055190086364746094	-0.04042510688304901	-0.05387002229690552
s2_so	4	delta	1	wrong	24,35	0.0	0	65	0.0	0.0	0.0	0.0	0.02811655029654503	0.03380723297595978	0.11525841802358627	0.03183050826191902	0.0	-1.341104507446289e-07	0.0
s2_so	4	delta	1	wrong	53,17	0.0	0	65	0.0	0.0	0.0	0.0	0.02811655029654503	0.03380723297595978	0.11525841802358627	0.03183050826191902	0.0	-1.2889504432678223e-05	0.0
s2_so	4	delta	1	wrong	2,47	0.0	0	65	0.0	0.0	0.0	0.0	0.02811655029654503	0.03380723297595978	0.11525841802358627	0.03183050826191902	0.0	-8.240342140197754e-06	0.0
s2_so	4	delta	1	wrong	53,20	0.0	0	65	0.0	0.0	0.0	0.0	0.02811655029654503	0.03380723297595978	0.11525841802358627	0.03183050826191902	0.0	0.0	0.0
s2_so	4	delta	1	wrong	1,11	0.0	0	65	0.0	0.0	0.0	0.0	0.02811655029654503	0.03380723297595978	0.11525841802358627	0.03183050826191902	0.0	-1.017749309539795e-05	0.0
s2_so	4	delta	1	wrong	12,42	-0.00390625	3	65	-2.9206275939941406e-05	-3.7029385566711426e-05	-0.0011081770062446594	-0.00032967329025268555	0.028087344020605087	0.033770203590393066	0.11415024101734161	0.031500834971666336	0.0030508041381835938	-0.0003809630870819092	-0.0017590522766113281
s2_so	4	delta	1	wrong	63,12	0.0	0	65	0.0	0.0	0.0	0.0	0.02811655029654503	0.03380723297595978	0.11525841802358627	0.03183050826191902	0.0	0.0	0.0
s2_so	4	delta	1	wrong	35,29	0.0	0	65	0.0	0.0	0.0	0.0	0.02811655029654503	0.03380723297595978	0.11525841802358627	0.03183050826191902	0.0	0.0	0.0
s2_so	4	delta	1	wrong	40,44	0.0	0	65	0.0	0.0	0.0	0.0	0.02811655029654503	0.03380723297595978	0.11525841802358627	0.03183050826191902	0.0	-1.8849968910217285e-05	0.0
s2_so	4	delta	1	wrong	50,30	0.0	0	65	0.0	0.0	0.0	0.0	0.02811655029654503	0.03380723297595978	0.11525841802358627	0.03183050826191902	0.0	-3.318488597869873e-05	0.0
s2_so	4	delta	1	wrong	30,15	0.0	0	65	0.0	0.0	0.0	0.0	0.02811655029654503	0.03380723297595978	0.11525841802358627	0.03183050826191902	0.0	0.0	0.0
s2_so	4	delta	1	wrong	11,22	0.0	0	65	0.0	0.0	0.0	0.0	0.02811655029654503	0.03380723297595978	0.11525841802358627	0.03183050826191902	0.0	-9.387731552124023e-07	0.0
s2_so	4	delta	1	wrong	25,30	0.0	0	65	0.0	0.0	0.0	0.0	0.02811655029654503	0.03380723297595978	0.11525841802358627	0.03183050826191902	0.0	-2.498924732208252e-05	0.0
s2_so	4	delta	1	wrong	59,0	0.0	0	65	0.0	0.0	0.0	0.0	0.02811655029654503	0.03380723297595978	0.11525841802358627	0.03183050826191902	0.0	0.0	0.0
s2_so	4	delta	1	wrong	45,5	0.0	0	65	0.0	0.0	0.0	0.0	0.02811655029654503	0.03380723297595978	0.11525841802358627	0.03183050826191902	0.0	-5.811452865600586e-07	0.0
s2_so	4	delta	1	wrong	62,18	0.0	0	65	0.0	0.0	0.0	0.0	0.02811655029654503	0.03380723297595978	0.11525841802358627	0.03183050826191902	0.0	0.0	0.0
s2_so	4	delta	1	wrong	7,50	0.0	0	65	0.0	0.0	0.0	0.0	0.02811655029654503	0.03380723297595978	0.11525841802358627	0.03183050826191902	0.0	-7.450580596923828e-08	0.0
s2_so	4	delta	1	wrong	17,3	0.0	0	65	0.0	0.0	0.0	0.0	0.02811655029654503	0.03380723297595978	0.11525841802358627	0.03183050826191902	0.0	-1.6391277313232422e-07	0.0
s2_so	4	delta	1	wrong	28,4	0.0	0	65	0.0	0.0	0.0	0.0	0.02811655029654503	0.03380723297595978	0.11525841802358627	0.03183050826191902	0.0	0.0	0.0
s2_so	4	delta	1	wrong	19,21	0.0	0	65	0.0	0.0	0.0	0.0	0.02811655029654503	0.03380723297595978	0.11525841802358627	0.03183050826191902	0.0	-1.4901161193847656e-08	0.0
s2_so	4	delta	1	wrong	8,55	0.0	0	65	0.0	0.0	0.0	0.0	0.02811655029654503	0.03380723297595978	0.11525841802358627	0.03183050826191902	0.0	-8.089840412139893e-05	0.0
s2_so	4	delta	1	wrong	1,6	0.0	0	65	0.0	0.0	0.0	0.0	0.02811655029654503	0.03380723297595978	0.11525841802358627	0.03183050826191902	0.0	0.0	0.0
s2_so	4	delta	1	wrong	58,49	0.0	0	65	0.0	0.0	0.0	0.0	0.02811655029654503	0.03380723297595978	0.11525841802358627	0.03183050826191902	0.0	-1.4901161193847656e-08	0.0
s2_so	4	delta	1	wrong	16,21	0.0	0	65	0.0	0.0	0.0	0.0	0.02811655029654503	0.03380723297595978	0.11525841802358627	0.03183050826191902	0.0	0.0	0.0
s2_so	4	delta	1	wrong	39,2	0.0	0	65	0.0	0.0	0.0	0.0	0.02811655029654503	0.03380723297595978	0.11525841802358627	0.03183050826191902	0.0	-1.4901161193847656e-08	0.0
s2_so	4	delta	1	wrong	50,1	0.0	0	65	0.0	0.0	0.0	0.0	0.02811655029654503	0.03380723297595978	0.11525841802358627	0.03183050826191902	0.0	-0.0016130954027175903	0.0
s2_so	4	delta	1	wrong	14,25	-0.03125	29	65	-0.002244412899017334	-0.0008893311023712158	-0.008404918015003204	-0.0016002096235752106	0.025872137397527695	0.03291790187358856	0.10685350000858307	0.03023029863834381	0.0203702449798584	-0.06246428191661835	-0.07791805267333984
s2_so	4	delta	1	wrong	21,33	0.0	0	65	0.0	0.0	0.0	0.0	0.02811655029654503	0.03380723297595978	0.11525841802358627	0.03183050826191902	0.0	0.0	0.0
s2_so	4	delta	1	wrong	46,51	0.0	0	65	0.0	0.0	0.0	0.0	0.02811655029654503	0.03380723297595978	0.11525841802358627	0.03183050826191902	0.0	0.0	0.0
s2_so	4	delta	1	wrong	58,23	0.0	0	65	0.0	0.0	0.0	0.0	0.02811655029654503	0.03380723297595978	0.11525841802358627	0.03183050826191902	0.0	-2.9802322387695312e-08	0.0
s2_so	4	delta	1	wrong	10,17	0.0	6	65	8.790194988250732e-05	-9.107589721679688e-05	-8.738785982131958e-05	-0.00026015564799308777	0.028204452246427536	0.03371615707874298	0.11517103016376495	0.031570352613925934	0.005118608474731445	-0.006443992257118225	0.00021660327911376953
s2_so	4	delta	1	wrong	32,0	0.0	0	65	0.0	0.0	0.0	0.0	0.02811655029654503	0.03380723297595978	0.11525841802358627	0.03183050826191902	0.0	-1.4901161193847656e-08	0.0
s2_so	4	delta	1	wrong	37,27	0.0	0	65	0.0	0.0	0.0	0.0	0.02811655029654503	0.03380723297595978	0.11525841802358627	0.03183050826191902	0.0	-0.0002617686986923218	0.0
s2_so	4	delta	1	wrong	45,46	0.0	0	65	0.0	0.0	0.0	0.0	0.02811655029654503	0.03380723297595978	0.11525841802358627	0.03183050826191902	0.0	0.0	0.0
s2_so	4	delta	1	wrong	23,32	0.0	0	65	0.0	0.0	0.0	0.0	0.02811655029654503	0.03380723297595978	0.11525841802358627	0.03183050826191902	0.0	-1.1920928955078125e-07	0.0
s2_so	4	delta	1	wrong	31,21	0.0	0	65	0.0	0.0	0.0	0.0	0.02811655029654503	0.03380723297595978	0.11525841802358627	0.03183050826191902	0.0	-0.00020365417003631592	0.0
s2_so	4	delta	1	wrong	33,19	0.0	0	65	0.0	0.0	0.0	0.0	0.02811655029654503	0.03380723297595978	0.11525841802358627	0.03183050826191902	0.0	-4.0978193283081055e-06	0.0
s2_so	4	delta	1	wrong	13,46	0.0	0	65	0.0	0.0	0.0	0.0	0.02811655029654503	0.03380723297595978	0.11525841802358627	0.03183050826191902	0.0	0.0	0.0
s2_so	4	delta	1	wrong	6,48	0.0	0	65	0.0	0.0	0.0	0.0	0.02811655029654503	0.03380723297595978	0.11525841802358627	0.03183050826191902	0.0	-1.940131187438965e-05	0.0
s2_so	4	delta	1	wrong	24,54	0.0	0	65	0.0	0.0	0.0	0.0	0.02811655029654503	0.03380723297595978	0.11525841802358627	0.03183050826191902	0.0	-0.00012581050395965576	0.0
s2_so	4	delta	1	wrong	63,5	0.0	0	65	0.0	0.0	0.0	0.0	0.02811655029654503	0.03380723297595978	0.11525841802358627	0.03183050826191902	0.0	0.0	0.0
s2_so	4	delta	1	wrong	31,59	0.0	0	65	0.0	0.0	0.0	0.0	0.02811655029654503	0.03380723297595978	0.11525841802358627	0.03183050826191902	0.0	-0.0002025514841079712	0.0
s2_so	4	delta	1	wrong	38,12	0.0	0	65	0.0	0.0	0.0	0.0	0.02811655029654503	0.03380723297595978	0.11525841802358627	0.03183050826191902	0.0	0.0	0.0
s2_so	4	delta	1	wrong	23,38	0.0	0	65	0.0	0.0	0.0	0.0	0.02811655029654503	0.03380723297595978	0.11525841802358627	0.03183050826191902	0.0	0.0	0.0
s2_so	4	delta	1	wrong	30,37	0.0	0	65	0.0	0.0	0.0	0.0	0.02811655029654503	0.03380723297595978	0.11525841802358627	0.03183050826191902	0.0	-2.7418136596679688e-06	0.0
s2_so	4	delta	1	wrong	42,40	0.0	0	65	0.0	0.0	0.0	0.0	0.02811655029654503	0.03380723297595978	0.11525841802358627	0.03183050826191902	0.0	-2.2351741790771484e-07	0.0
s2_so	4	delta	1	wrong	42,62	0.0	0	65	0.0	0.0	0.0	0.0	0.02811655029654503	0.03380723297595978	0.11525841802358627	0.03183050826191902	0.0	-1.4901161193847656e-08	0.0
s2_so	4	delta	2	true	1,16	0.0	0	65	0.0	0.0	0.0	0.0	0.0257966797798872	0.03135666996240616	0.06506770849227905	0.024377873167395592	0.0	-0.0028682947158813477	-0.0020586252212524414
s2_so	4	delta	2	true	2,21	0.0	0	65	0.0	0.0	0.0	0.0	0.0257966797798872	0.03135666996240616	0.06506770849227905	0.024377873167395592	0.0	-0.0003535151481628418	0.0
s2_so	4	delta	2	true	57,34	0.0	0	65	0.0	0.0	0.0	0.0	0.0257966797798872	0.03135666996240616	0.06506770849227905	0.024377873167395592	0.0	-1.1920928955078125e-07	0.0
s2_so	4	delta	2	true	57,38	0.0	0	65	0.0	0.0	0.0	0.0	0.0257966797798872	0.03135666996240616	0.06506770849227905	0.024377873167395592	0.0	-3.8743019104003906e-07	0.0
s2_so	4	delta	2	true	58,37	0.0	0	65	0.0	0.0	0.0	0.0	0.0257966797798872	0.03135666996240616	0.06506770849227905	0.024377873167395592	0.0	-0.00017306208610534668	0.0
s2_so	4	delta	2	true	63,38	0.0	0	65	0.0	0.0	0.0	0.0	0.0257966797798872	0.03135666996240616	0.06506770849227905	0.024377873167395592	0.0	0.0	0.0
s2_so	4	delta	2	true	40,26	-0.00390625	8	65	0.0004090927541255951	0.00043848901987075806	0.00018450617790222168	-0.0001847725361585617	0.026205772534012794	0.031795158982276917	0.06525221467018127	0.02419310063123703	0.0037751197814941406	-0.023022621870040894	-0.00779569149017334
s2_so	4	delta	2	true	46,26	0.0	0	65	0.0	0.0	0.0	0.0	0.0257966797798872	0.03135666996240616	0.06506770849227905	0.024377873167395592	0.0	-5.602836608886719e-06	0.0
s2_so	4	delta	2	true	46,31	0.0	0	65	0.0	0.0	0.0	0.0	0.0257966797798872	0.03135666996240616	0.06506770849227905	0.024377873167395592	0.0	-1.1920928955078125e-07	0.0
s2_so	4	delta	2	true	53,58	0.0	0	65	0.0	0.0	0.0	0.0	0.0257966797798872	0.03135666996240616	0.06506770849227905	0.024377873167395592	0.0	-2.980232238769531e-07	0.0
s2_so	4	delta	2	true	55,63	0.0	0	65	0.0	0.0	0.0	0.0	0.0257966797798872	0.03135666996240616	0.06506770849227905	0.024377873167395592	0.0	-5.066394805908203e-07	0.0
s2_so	4	delta	2	true	16,53	0.0	0	65	0.0	0.0	0.0	0.0	0.0257966797798872	0.03135666996240616	0.06506770849227905	0.024377873167395592	0.0	0.0	0.0
s2_so	4	delta	2	true	18,55	0.0	0	65	0.0	0.0	0.0	0.0	0.0257966797798872	0.03135666996240616	0.06506770849227905	0.024377873167395592	0.0	0.0	0.0
s2_so	4	delta	2	true	21,52	0.0	0	65	0.0	0.0	0.0	0.0	0.0257966797798872	0.03135666996240616	0.06506770849227905	0.024377873167395592	0.0	-1.4901161193847656e-07	0.0
s2_so	4	delta	2	true	22,52	0.0	0	65	0.0	0.0	0.0	0.0	0.0257966797798872	0.03135666996240616	0.06506770849227905	0.024377873167395592	0.0	-1.4901161193847656e-07	0.0
s2_so	4	delta	2	true	24,43	0.05078125	57	65	-0.002960972487926483	-0.0013838224112987518	-0.00154876708984375	-0.0009696874767541885	0.022835707291960716	0.029972847551107407	0.0635189414024353	0.023408185690641403	0.0631418228149414	0.008700817823410034	-0.003016829490661621
s2_so	4	delta	2	true	26,46	0.0	0	65	0.0	0.0	0.0	0.0	0.0257966797798872	0.03135666996240616	0.06506770849227905	0.024377873167395592	0.0	-0.0006909370422363281	0.0
s2_so	4	delta	2	true	27,40	0.0	0	65	0.0	0.0	0.0	0.0	0.0257966797798872	0.03135666996240616	0.06506770849227905	0.024377873167395592	0.0	-0.008576363325119019	-0.0023887455463409424
s2_so	4	delta	2	true	29,41	0.0	0	65	0.0	0.0	0.0	0.0	0.0257966797798872	0.03135666996240616	0.06506770849227905	0.024377873167395592	0.0	-0.005608886480331421	0.0
s2_so	4	delta	2	true	32,58	0.0	0	65	0.0	0.0	0.0	0.0	0.0257966797798872	0.03135666996240616	0.06506770849227905	0.024377873167395592	0.0	-1.4901161193847656e-05	0.0
s2_so	4	delta	2	true	39,56	0.0	0	65	0.0	0.0	0.0	0.0	0.0257966797798872	0.03135666996240616	0.06506770849227905	0.024377873167395592	0.0	-0.0001443028450012207	0.0
s2_so	4	delta	2	true	39,57	0.0	0	65	0.0	0.0	0.0	0.0	0.0257966797798872	0.03135666996240616	0.06506770849227905	0.024377873167395592	0.0	-2.473592758178711e-06	0.0
s2_so	4	delta	2	true	39,62	0.0	0	65	0.0	0.0	0.0	0.0	0.0257966797798872	0.03135666996240616	0.06506770849227905	0.024377873167395592	0.0	-3.477931022644043e-05	0.0
s2_so	4	delta	2	true	37,49	0.0	0	65	0.0	0.0	0.0	0.0	0.0257966797798872	0.03135666996240616	0.06506770849227905	0.024377873167395592	0.0	-4.559755325317383e-05	0.0
s2_so	4	delta	2	true	38,51	0.0	0	65	0.0	0.0	0.0	0.0	0.0257966797798872	0.03135666996240616	0.06506770849227905	0.024377873167395592	0.0	0.0	0.0
s2_so	4	delta	2	true	39,55	0.0	0	65	0.0	0.0	0.0	0.0	0.0257966797798872	0.03135666996240616	0.06506770849227905	0.024377873167395592	0.0	-1.749396324157715e-05	0.0
s2_so	4	delta	2	true	35,41	0.0	0	65	0.0	0.0	0.0	0.0	0.0257966797798872	0.03135666996240616	0.06506770849227905	0.024377873167395592	0.0	-8.940696716308594e-08	0.0
s2_so	4	delta	2	true	0,59	-0.00390625	7	65	-0.00011906400322914124	-0.00012159347534179688	0.0019546598196029663	-0.00024363212287425995	0.025677615776658058	0.03123507648706436	0.06702236831188202	0.024134241044521332	0.0034224987030029297	-0.027814030647277832	-0.0076934099197387695
s2_so	4	delta	2	true	1,58	0.0	0	65	0.0	0.0	0.0	0.0	0.0257966797798872	0.03135666996240616	0.06506770849227905	0.024377873167395592	0.0	-0.0013391673564910889	0.0
s2_so	4	delta	2	true	4,56	0.0	0	65	0.0	0.0	0.0	0.0	0.0257966797798872	0.03135666996240616	0.06506770849227905	0.024377873167395592	0.0	-0.0011539757251739502	0.0
s2_so	4	delta	2	true	6,58	0.0	0	65	0.0	0.0	0.0	0.0	0.0257966797798872	0.03135666996240616	0.06506770849227905	0.024377873167395592	0.0	-0.0002907216548919678	0.0
s2_so	4	delta	2	true	1,25	0.0	0	65	0.0	0.0	0.0	0.0	0.0257966797798872	0.03135666996240616	0.06506770849227905	0.024377873167395592	0.0	-0.009059160947799683	-0.0008109509944915771
s2_so	4	delta	2	true	1,30	0.0	0	65	0.0	0.0	0.0	0.0	0.0257966797798872	0.03135666996240616	0.06506770849227905	0.024377873167395592	0.0	-0.0003866255283355713	0.0
s2_so	4	delta	2	true	2,28	0.0	0	65	0.0	0.0	0.0	0.0	0.0257966797798872	0.03135666996240616	0.06506770849227905	0.024377873167395592	0.0	-0.0007954537868499756	-0.000518500804901123
s2_so	4	delta	2	true	5,31	0.0	0	65	0.0	0.0	0.0	0.0	0.0257966797798872	0.03135666996240616	0.06506770849227905	0.024377873167395592	0.0	-1.9252300262451172e-05	0.0
s2_so	4	delta	2	true	7,24	0.0	0	65	0.0	0.0	0.0	0.0	0.0257966797798872	0.03135666996240616	0.06506770849227905	0.024377873167395592	0.0	-3.6656856536865234e-06	0.0
s2_so	4	delta	2	true	34,35	0.0	0	65	0.0	0.0	0.0	0.0	0.0257966797798872	0.03135666996240616	0.06506770849227905	0.024377873167395592	0.0	0.0	0.0
s2_so	4	delta	2	true	35,33	0.0	0	65	0.0	0.0	0.0	0.0	0.0257966797798872	0.03135666996240616	0.06506770849227905	0.024377873167395592	0.0	0.0	0.0
s2_so	4	delta	2	true	36,36	0.0	0	65	0.0	0.0	0.0	0.0	0.0257966797798872	0.03135666996240616	0.06506770849227905	0.024377873167395592	0.0	0.0	0.0
s2_so	4	delta	2	true	48,41	0.01171875	77	65	-0.004627620801329613	-0.006517210975289345	-0.007631324231624603	-0.0031395945698022842	0.021169058978557587	0.024839458987116814	0.05743638426065445	0.021238278597593307	0.06128430366516113	-0.0017597079277038574	-0.02584037184715271
s2_so	4	delta	2	true	50,47	0.0	0	65	0.0	0.0	0.0	0.0	0.0257966797798872	0.03135666996240616	0.06506770849227905	0.024377873167395592	0.0	-0.00013193488121032715	0.0
s2_so	4	delta	2	true	0,29	0.0	0	65	0.0	0.0	0.0	0.0	0.0257966797798872	0.03135666996240616	0.06506770849227905	0.024377873167395592	0.0	-0.3296090066432953	-0.18006181716918945
s2_so	4	delta	2	true	3,24	0.0	0	65	0.0	0.0	0.0	0.0	0.0257966797798872	0.03135666996240616	0.06506770849227905	0.024377873167395592	0.0	-1.1235475540161133e-05	0.0
s2_so	4	delta	2	true	4,27	0.0	31	65	-0.001990700140595436	-0.001982748508453369	0.0004891082644462585	-0.0008136704564094543	0.023805979639291763	0.02937392145395279	0.06555681675672531	0.023564202710986137	0.015230655670166016	-0.012365400791168213	-0.009828329086303711
s2_so	4	delta	2	true	8,36	0.0	2	65	-1.301988959312439e-05	-8.874386548995972e-05	-0.0006908029317855835	-0.0006123632192611694	0.025783659890294075	0.0312679260969162	0.06437690556049347	0.023765509948134422	0.0008602142333984375	-0.002970665693283081	-0.0012624561786651611
s2_so	4	delta	2	true	10,37	0.0	6	65	0.00013267435133457184	3.221258521080017e-05	-0.0014703497290611267	-0.0005740579217672348	0.02592935413122177	0.03138888254761696	0.06359735876321793	0.023803815245628357	0.007585048675537109	-0.004745513200759888	-0.00612795352935791
s2_so	4	delta	2	true	12,38	0.0	1	65	-1.163966953754425e-05	-7.257983088493347e-05	-0.000690847635269165	-0.0001473650336265564	0.025785040110349655	0.031284090131521225	0.06437686085700989	0.024230508133769035	0.0005173683166503906	-0.0022835135459899902	-0.0024840831756591797
s2_so	4	delta	2	true	15,37	0.0	2	65	-6.4391642808914185e-06	-6.028264760971069e-05	-0.0013115406036376953	-0.00048726052045822144	0.025790240615606308	0.03129638731479645	0.06375616788864136	0.02389061264693737	0.0012781620025634766	-0.006542474031448364	-0.004048168659210205
s2_so	4	delta	2	wrong	14,5	-0.13671875	213	65	-0.022519506514072418	-0.023976560682058334	-0.017713360488414764	0.0011775735765695572	0.003277173498645425	0.007380110211670399	0.04735434800386429	0.02555544674396515	0.41144514083862305	0.2426723837852478	0.17755204439163208
s2_so	4	delta	2	wrong	24,35	0.0	0	65	0.0	0.0	0.0	0.0	0.0257966797798872	0.03135666996240616	0.06506770849227905	0.024377873167395592	0.0	-1.1980533599853516e-05	0.0
s2_so	4	delta	2	wrong	53,17	0.0	0	65	0.0	0.0	0.0	0.0	0.0257966797798872	0.03135666996240616	0.06506770849227905	0.024377873167395592	0.0	-2.5480985641479492e-05	0.0
s2_so	4	delta	2	wrong	2,47	0.0	0	65	0.0	0.0	0.0	0.0	0.0257966797798872	0.03135666996240616	0.06506770849227905	0.024377873167395592	0.0	-0.0008052587509155273	-0.0006374716758728027
s2_so	4	delta	2	wrong	53,20	0.0	0	65	0.0	0.0	0.0	0.0	0.0257966797798872	0.03135666996240616	0.06506770849227905	0.024377873167395592	0.0	-1.7881393432617188e-07	0.0
s2_so	4	delta	2	wrong	1,11	0.0	0	65	0.0	0.0	0.0	0.0	0.0257966797798872	0.03135666996240616	0.06506770849227905	0.024377873167395592	0.0	-0.0023699700832366943	0.0
s2_so	4	delta	2	wrong	12,42	-0.00390625	22	65	7.847137749195099e-05	0.00024798884987831116	0.00395926833152771	-0.0006166566163301468	0.02587515115737915	0.03160465881228447	0.06902697682380676	0.023761216551065445	0.02402043342590332	0.007908016443252563	0.010890543460845947
s2_so	4	delta	2	wrong	63,12	0.0	0	65	0.0	0.0	0.0	0.0	0.0257966797798872	0.03135666996240616	0.06506770849227905	0.024377873167395592	0.0	0.0	0.0
s2_so	4	delta	2	wrong	35,29	0.0	0	65	0.0	0.0	0.0	0.0	0.0257966797798872	0.03135666996240616	0.06506770849227905	0.024377873167395592	0.0	0.0	0.0
s2_so	4	delta	2	wrong	40,44	0.0	0	65	0.0	0.0	0.0	0.0	0.0257966797798872	0.03135666996240616	0.06506770849227905	0.024377873167395592	0.0	-0.0027563273906707764	-0.0003362894058227539
s2_so	4	delta	2	wrong	50,30	0.0	1	65	3.56137752532959e-06	4.3995678424835205e-06	5.21540641784668e-08	1.187063753604889e-05	0.02580024115741253	0.03136106953024864	0.06506776064634323	0.02438974380493164	0.0002231597900390625	-0.005204230546951294	9.733438491821289e-05
s2_so	4	delta	2	wrong	30,15	0.0	0	65	0.0	0.0	0.0	0.0	0.0257966797798872	0.03135666996240616	0.06506770849227905	0.024377873167395592	0.0	-8.940696716308594e-08	0.0
s2_so	4	delta	2	wrong	11,22	0.0	0	65	0.0	0.0	0.0	0.0	0.0257966797798872	0.03135666996240616	0.06506770849227905	0.024377873167395592	0.0	-0.0001474916934967041	0.0
s2_so	4	delta	2	wrong	25,30	0.0	0	65	0.0	0.0	0.0	0.0	0.0257966797798872	0.03135666996240616	0.06506770849227905	0.024377873167395592	0.0	-0.002527683973312378	0.0
s2_so	4	delta	2	wrong	59,0	0.0	0	65	0.0	0.0	0.0	0.0	0.0257966797798872	0.03135666996240616	0.06506770849227905	0.024377873167395592	0.0	-2.682209014892578e-07	0.0
s2_so	4	delta	2	wrong	45,5	0.0	0	65	0.0	0.0	0.0	0.0	0.0257966797798872	0.03135666996240616	0.06506770849227905	0.024377873167395592	0.0	-1.9550323486328125e-05	0.0
s2_so	4	delta	2	wrong	62,18	0.0	0	65	0.0	0.0	0.0	0.0	0.0257966797798872	0.03135666996240616	0.06506770849227905	0.024377873167395592	0.0	-2.980232238769531e-07	0.0
s2_so	4	delta	2	wrong	7,50	0.0	0	65	0.0	0.0	0.0	0.0	0.0257966797798872	0.03135666996240616	0.06506770849227905	0.024377873167395592	0.0	-2.5212764739990234e-05	0.0
s2_so	4	delta	2	wrong	17,3	0.0	0	65	0.0	0.0	0.0	0.0	0.0257966797798872	0.03135666996240616	0.06506770849227905	0.024377873167395592	0.0	-1.0520219802856445e-05	0.0
s2_so	4	delta	2	wrong	28,4	0.0	0	65	0.0	0.0	0.0	0.0	0.0257966797798872	0.03135666996240616	0.06506770849227905	0.024377873167395592	0.0	0.0	0.0
s2_so	4	delta	2	wrong	19,21	0.0	0	65	0.0	0.0	0.0	0.0	0.0257966797798872	0.03135666996240616	0.06506770849227905	0.024377873167395592	0.0	-3.2782554626464844e-07	0.0
s2_so	4	delta	2	wrong	8,55	0.0	1	65	6.5583735704422e-06	3.4794211387634277e-06	1.862645149230957e-07	6.918050348758698e-05	0.02580323815345764	0.03136014938354492	0.06506789475679398	0.02444705367088318	0.001028299331665039	-0.005976676940917969	0.0007815957069396973
s2_so	4	delta	2	wrong	1,6	0.0	0	65	0.0	0.0	0.0	0.0	0.0257966797798872	0.03135666996240616	0.06506770849227905	0.024377873167395592	0.0	-3.2782554626464844e-07	0.0
s2_so	4	delta	2	wrong	58,49	0.0	0	65	0.0	0.0	0.0	0.0	0.0257966797798872	0.03135666996240616	0.06506770849227905	0.024377873167395592	0.0	-3.5762786865234375e-07	0.0
s2_so	4	delta	2	wrong	16,21	0.0	0	65	0.0	0.0	0.0	0.0	0.0257966797798872	0.03135666996240616	0.06506770849227905	0.024377873167395592	0.0	0.0	0.0
s2_so	4	delta	2	wrong	39,2	0.0	0	65	0.0	0.0	0.0	0.0	0.0257966797798872	0.03135666996240616	0.06506770849227905	0.024377873167395592	0.0	-2.682209014892578e-07	0.0
s2_so	4	delta	2	wrong	50,1	-0.02734375	31	65	-0.0025051068514585495	-0.003203973174095154	-0.002653844654560089	0.0007534157484769821	0.02329157292842865	0.028152696788311005	0.062413863837718964	0.025131288915872574	0.019366025924682617	-0.02132430672645569	-0.01311713457107544
s2_so	4	delta	2	wrong	14,25	-0.1328125	188	65	-0.00888303853571415	-0.0026759766042232513	-0.02481520175933838	-0.005786333233118057	0.01691364124417305	0.028680693358182907	0.040252506732940674	0.018591539934277534	0.35506343841552734	0.22385910153388977	0.16410911083221436
s2_so	4	delta	2	wrong	21,33	0.0	0	65	0.0	0.0	0.0	0.0	0.0257966797798872	0.03135666996240616	0.06506770849227905	0.024377873167395592	0.0	-8.940696716308594e-08	0.0
s2_so	4	delta	2	wrong	46,51	0.0	0	65	0.0	0.0	0.0	0.0	0.0257966797798872	0.03135666996240616	0.06506770849227905	0.024377873167395592	0.0	-2.9802322387695312e-08	0.0
s2_so	4	delta	2	wrong	58,23	0.0	0	65	0.0	0.0	0.0	0.0	0.0257966797798872	0.03135666996240616	0.06506770849227905	0.024377873167395592	0.0	-1.817941665649414e-06	0.0
s2_so	4	delta	2	wrong	10,17	-0.01171875	40	65	-0.00047136470675468445	-0.0013050660490989685	-0.008144531399011612	-0.0018342677503824234	0.025325315073132515	0.03005160391330719	0.05692317709326744	0.02254360541701317	0.0287628173828125	-0.07992994785308838	-0.0782230943441391
s2_so	4	delta	2	wrong	32,0	0.0	0	65	0.0	0.0	0.0	0.0	0.0257966797798872	0.03135666996240616	0.06506770849227905	0.024377873167395592	0.0	-4.6193599700927734e-06	0.0
s2_so	4	delta	2	wrong	37,27	0.0	2	65	4.664994776248932e-05	0.0003430284559726715	-1.1943280696868896e-05	-0.00018683448433876038	0.02584332972764969	0.03169969841837883	0.06505576521158218	0.02419103868305683	0.0007529258728027344	-0.013214945793151855	-0.0017076730728149414
s2_so	4	delta	2	wrong	45,46	0.0	0	65	0.0	0.0	0.0	0.0	0.0257966797798872	0.03135666996240616	0.06506770849227905	0.024377873167395592	0.0	-2.9802322387695312e-08	0.0
s2_so	4	delta	2	wrong	23,32	0.0	0	65	0.0	0.0	0.0	0.0	0.0257966797798872	0.03135666996240616	0.06506770849227905	0.024377873167395592	0.0	-3.6656856536865234e-06	0.0
s2_so	4	delta	2	wrong	31,21	0.0	0	65	0.0	0.0	0.0	0.0	0.0257966797798872	0.03135666996240616	0.06506770849227905	0.024377873167395592	0.0	-0.015094906091690063	-0.002637416124343872
s2_so	4	delta	2	wrong	33,19	0.0	0	65	0.0	0.0	0.0	0.0	0.0257966797798872	0.03135666996240616	0.06506770849227905	0.024377873167395592	0.0	-1.615285873413086e-05	0.0
s2_so	4	delta	2	wrong	13,46	0.0	0	65	0.0	0.0	0.0	0.0	0.0257966797798872	0.03135666996240616	0.06506770849227905	0.024377873167395592	0.0	-3.2782554626464844e-07	0.0
s2_so	4	delta	2	wrong	6,48	0.0	1	65	-3.3266842365264893e-06	-7.029622793197632e-06	0.00027164071798324585	-1.3226643204689026e-05	0.025793353095650673	0.03134964033961296	0.0653393492102623	0.024364646524190903	0.00015354156494140625	-0.005211621522903442	-0.0015355348587036133
s2_so	4	delta	2	wrong	24,54	-0.0078125	8	65	0.0006261151283979416	0.0006540194153785706	0.0009870082139968872	-0.0005584359169006348	0.02642279490828514	0.03201068937778473	0.06605471670627594	0.023819437250494957	0.003283977508544922	-0.018164992332458496	-0.006844997406005859
s2_so	4	delta	2	wrong	63,5	0.0	0	65	0.0	0.0	0.0	0.0	0.0257966797798872	0.03135666996240616	0.06506770849227905	0.024377873167395592	0.0	-1.4901161193847656e-07	0.0
s2_so	4	delta	2	wrong	31,59	0.0	1	65	-0.00011565908789634705	-0.0002471804618835449	2.0638108253479004e-06	-1.4659017324447632e-06	0.025681020691990852	0.031109489500522614	0.0650697723031044	0.024376407265663147	0.000415802001953125	-0.008323878049850464	-0.00040417909622192383
s2_so	4	delta	2	wrong	38,12	0.0	0	65	0.0	0.0	0.0	0.0	0.0257966797798872	0.03135666996240616	0.06506770849227905	0.024377873167395592	0.0	0.0	0.0
s2_so	4	delta	2	wrong	23,38	0.0	0	65	0.0	0.0	0.0	0.0	0.0257966797798872	0.03135666996240616	0.06506770849227905	0.024377873167395592	0.0	-8.940696716308594e-08	0.0
s2_so	4	delta	2	wrong	30,37	0.0	0	65	0.0	0.0	0.0	0.0	0.0257966797798872	0.03135666996240616	0.06506770849227905	0.024377873167395592	0.0	-0.00015977025032043457	0.0
s2_so	4	delta	2	wrong	42,40	0.0	0	65	0.0	0.0	0.0	0.0	0.0257966797798872	0.03135666996240616	0.06506770849227905	0.024377873167395592	0.0	-9.66787338256836e-05	0.0
s2_so	4	delta	2	wrong	42,62	0.0	0	65	0.0	0.0	0.0	0.0	0.0257966797798872	0.03135666996240616	0.06506770849227905	0.024377873167395592	0.0	-2.205371856689453e-06	0.0
s2_so	4	single	-1	true	0,18	0.30859375	-1	1					0.025493018329143524	0.03823360055685043	0.09759930521249771	0.0477718785405159	2.2256176471710205	0.0	0.0
s2_so	4	single	-1	true	1,18	0.30859375	-1	1					0.02642934024333954	0.03609127923846245	0.10689662396907806	0.049371588975191116	1.183656930923462	0.0	0.0
s2_so	4	single	-1	true	1,21	0.30859375	-1	1					0.021667208522558212	0.026543596759438515	0.10216371715068817	0.027506032958626747	0.7173148989677429	0.0	0.0
s2_so	4	single	-1	true	1,23	0.30859375	-1	1					0.044033072888851166	0.05641977861523628	0.13739244639873505	0.0332939475774765	0.8529277443885803	0.0	0.0
s2_so	4	single	-1	true	3,17	0.30859375	-1	1					0.01144102867692709	0.02201800048351288	0.058913927525281906	0.02112545445561409	0.41520798206329346	0.0	0.0
s2_so	4	single	-1	true	6,18	0.30859375	-1	1					0.04196235537528992	0.06279163807630539	0.06576576083898544	0.046708844602108	0.9517938494682312	0.0	0.0
s2_so	4	single	-1	true	6,19	0.30859375	-1	1					0.031590040773153305	0.05378572642803192	0.06548964977264404	0.04104221612215042	1.1955211162567139	0.0	0.0
s2_so	4	single	-1	true	7,16	0.30859375	-1	1					0.04139319062232971	0.0404127798974514	0.06838661432266235	0.044874612241983414	0.033317308872938156	0.0	0.0
s2_so	4	single	-1	true	59,37	0.30859375	-1	1					0.007843775674700737	0.013610618188977242	0.020447593182325363	0.01179097406566143	-0.17006877064704895	0.0	0.0
s2_so	4	single	-1	true	60,37	0.48046875	-1	1					0.028460059314966202	0.0376654788851738	0.024785831570625305	0.015218788757920265	0.25716498494148254	0.0	0.0
s2_so	4	single	-1	true	62,35	0.82421875	-1	1					0.004975819028913975	0.01392071507871151	0.012953978963196278	0.005747241899371147	-0.9351810216903687	0.0	0.0
s2_so	4	single	-1	true	63,34	0.82421875	-1	1					0.004661730490624905	0.009293636307120323	0.016356581822037697	0.010189859196543694	-0.7415851354598999	0.0	0.0
s2_so	4	single	-1	true	1,24	0.09375	-1	1					0.011809410527348518	0.015335891395807266	0.08413685858249664	0.02206435799598694	1.6780256032943726	0.0	0.0
s2_so	4	single	-1	true	1,26	0.09375	-1	1					0.015014316886663437	0.016641438007354736	0.09426713734865189	0.028783109039068222	1.916221261024475	0.0	0.0
s2_so	4	single	-1	true	2,25	0.09375	-1	1					0.01777583360671997	0.04249122738838196	0.07995478808879852	0.0139574334025383	1.2840607166290283	0.0	0.0
s2_so	4	single	-1	true	3,26	0.09375	-1	1					0.03250200301408768	0.050450995564460754	0.06359942257404327	0.02059493213891983	0.7805607318878174	0.0	0.0
s2_so	4	single	-1	true	4,30	0.09375	-1	1					0.004098272882401943	0.00589004997164011	0.014849187806248665	0.012781720608472824	1.1355109214782715	0.0	0.0
s2_so	4	single	-1	true	6,26	0.09375	-1	1					0.020870599895715714	0.02886723168194294	0.07202265411615372	0.02854502573609352	1.68435800075531	0.0	0.0
s2_so	4	single	-1	true	7,24	0.09375	-1	1					0.01910175383090973	0.024105634540319443	0.05057881027460098	0.024822145700454712	0.4042017459869385	0.0	0.0
s2_so	4	single	-1	true	7,28	0.09375	-1	1					0.011698578484356403	0.02460772916674614	0.07722551375627518	0.041533052921295166	-0.5370662808418274	0.0	0.0
s2_so	4	single	-1	true	40,27	0.07421875	-1	1					0.011157197877764702	0.02205427922308445	0.04090510681271553	0.013488288968801498	1.2490062713623047	0.0	0.0
s2_so	4	single	-1	true	40,30	0.07421875	-1	1					0.007147219032049179	0.010272795334458351	0.026562198996543884	0.010261530056595802	0.6354225873947144	0.0	0.0
s2_so	4	single	-1	true	42,27	0.07421875	-1	1					0.007317000534385443	0.016317937523126602	0.06391283869743347	0.018327761441469193	1.0952074527740479	0.0	0.0
s2_so	4	single	-1	true	43,31	0.07421875	-1	1					0.06023193895816803	0.05212991684675217	0.04314132779836655	0.013128788210451603	1.366196870803833	0.0	0.0
s2_so	4	single	-1	true	44,25	0.07421875	-1	1					0.006441865116357803	0.021076969802379608	0.05732681602239609	0.01598338596522808	0.2920158803462982	0.0	0.0
s2_so	4	single	-1	true	45,26	0.07421875	-1	1					0.019397389143705368	0.027051642537117004	0.046536389738321304	0.016073301434516907	0.8068588972091675	0.0	0.0
s2_so	4	single	-1	true	46,25	0.07421875	-1	1					0.020696740597486496	0.03646307438611984	0.04688972234725952	0.013340543024241924	-0.1905004382133484	0.0	0.0
s2_so	4	single	-1	true	46,29	0.07421875	-1	1					0.004998444579541683	0.01343129575252533	0.033908262848854065	0.014678830280900002	-0.5877760052680969	0.0	0.0
s2_so	4	single	-1	true	47,24	0.07421875	-1	1					0.020904310047626495	0.025530308485031128	0.02760167047381401	0.008475616574287415	0.08614704757928848	0.0	0.0
s2_so	4	single	-1	true	48,56	0.0625	-1	1					0.003116148291155696	0.004203712102025747	0.02056349255144596	0.008538926020264626	1.4132579565048218	0.0	0.0
s2_so	4	single	-1	true	48,62	0.0625	-1	1					0.000961183337494731	0.003770991927012801	0.02233634516596794	0.011089183390140533	1.3331398963928223	0.0	0.0
s2_so	4	single	-1	true	49,61	0.0625	-1	1					0.01673116534948349	0.02744784578680992	0.11139394342899323	0.006466343998908997	0.7510020732879639	0.0	0.0
s2_so	4	single	-1	true	50,60	0.0625	-1	1					0.016507163643836975	0.01946408860385418	0.03588470444083214	0.019728366285562515	1.7951934337615967	0.0	0.0
s2_so	4	single	-1	true	50,62	0.0625	-1	1					0.0029444938991218805	0.008563142269849777	0.02284940332174301	0.01174101047217846	1.1793410778045654	0.0	0.0
s2_so	4	single	-1	true	51,56	0.0625	-1	1					0.012875059619545937	0.012895634397864342	0.0356990247964859	0.013581965118646622	0.5516459941864014	0.0	0.0
s2_so	4	single	-1	true	51,57	0.0625	-1	1					0.0139458067715168	0.017412040382623672	0.048392076045274734	0.0062212529592216015	0.18133291602134705	0.0	0.0
s2_so	4	single	-1	true	52,60	0.0625	-1	1					0.005345187149941921	0.011952496133744717	0.0689588189125061	0.03076775372028351	0.2137475460767746	0.0	0.0
s2_so	4	single	-1	true	53,58	0.0625	-1	1					0.04449951648712158	0.05002773553133011	0.06314624845981598	0.02056274563074112	-0.20999181270599365	0.0	0.0
s2_so	4	single	-1	true	54,60	0.0625	-1	1					0.012235130183398724	0.01819351315498352	0.06822161376476288	0.03916860371828079	1.2833857536315918	0.0	0.0
s2_so	4	single	-1	true	54,63	0.0625	-1	1					0.007712843362241983	0.02037356235086918	0.02583206444978714	0.007363832555711269	0.17735596001148224	0.0	0.0
s2_so	4	single	-1	true	17,49	0.0625	-1	1					0.0027860007248818874	0.004951013717800379	0.04874226450920105	0.031773097813129425	0.46968162059783936	0.0	0.0
s2_so	4	single	-1	true	18,50	0.0625	-1	1					0.0038277064450085163	0.006664883811026812	0.05715392529964447	0.013170350342988968	-0.6616496443748474	0.0	0.0
s2_so	4	single	-1	true	18,51	0.0625	-1	1					0.012909909710288048	0.02124728262424469	0.09867684543132782	0.022214330732822418	-1.3347060680389404	0.0	0.0
s2_so	4	single	-1	true	19,48	0.0625	-1	1					0.011443682946264744	0.0148470439016819	0.04683244228363037	0.009453161619603634	0.8674490451812744	0.0	0.0
s2_so	4	single	-1	true	20,51	0.0625	-1	1					0.01568474993109703	0.028497491031885147	0.05328045040369034	0.017643753439188004	-0.051899462938308716	0.0	0.0
s2_so	4	single	-1	true	24,42	0.38671875	-1	1					0.008979888632893562	0.01738867536187172	0.05822958052158356	0.01610512100160122	1.6687471866607666	0.0	0.0
s2_so	4	single	-1	true	26,44	0.38671875	-1	1					0.033085897564888	0.03660893067717552	0.10352405160665512	0.029547013342380524	1.4831962585449219	0.0	0.0
s2_so	4	single	-1	true	26,47	0.38671875	-1	1					0.012073167599737644	0.031826201826334	0.0244295671582222	0.012053841724991798	0.5670784711837769	0.0	0.0
s2_so	4	single	-1	true	27,45	0.38671875	-1	1					0.10051660239696503	0.09985142946243286	0.09489600360393524	0.01614779233932495	1.1593132019042969	0.0	0.0
s2_so	4	single	-1	true	29,41	0.38671875	-1	1					0.016358274966478348	0.02826247364282608	0.0326366201043129	0.020769085735082626	1.2410874366760254	0.0	0.0
s2_so	4	single	-1	true	33,59	0.38671875	-1	1					0.012577571906149387	0.018925100564956665	0.04764951020479202	0.006294681690633297	-0.4136509895324707	0.0	0.0
s2_so	4	single	-1	true	35,57	0.38671875	-1	1					0.007544871419668198	0.011037158779799938	0.009906074963510036	0.0030610207468271255	-1.0317802429199219	0.0	0.0
s2_so	4	single	-1	true	35,58	0.38671875	-1	1					0.01498081348836422	0.015457983128726482	0.031214429065585136	0.010460376739501953	-0.525854229927063	0.0	0.0
s2_so	4	single	-1	true	36,59	0.38671875	-1	1					0.045735448598861694	0.05252286419272423	0.04274328798055649	0.011019784957170486	-1.2248573303222656	0.0	0.0
s2_so	4	single	-1	true	38,57	0.38671875	-1	1					0.060633305460214615	0.06642019748687744	0.042187027633190155	0.009985996410250664	-1.535689353942871	0.0	0.0
s2_so	4	single	-1	true	36,49	0.05078125	-1	1					0.02088335156440735	0.0311944168061018	0.04642455279827118	0.019127385690808296	-1.1228373050689697	0.0	0.0
s2_so	4	single	-1	true	37,48	0.05078125	-1	1					0.032705292105674744	0.04364591836929321	0.05305832251906395	0.008674750104546547	1.3175134658813477	0.0	0.0
s2_so	4	single	-1	true	38,50	0.05078125	-1	1					0.004877760075032711	0.01215403713285923	0.05493628978729248	0.015450000762939453	-0.38680437207221985	0.0	0.0
s2_so	4	single	-1	true	38,55	0.05078125	-1	1					0.0045955590903759	0.00962397176772356	0.03917485103011131	0.025690529495477676	-1.138723611831665	0.0	0.0
s2_so	4	single	-1	true	32,47	0.05078125	-1	1					0.009834681637585163	0.02255924418568611	0.03139582648873329	0.020364981144666672	-0.23819085955619812	0.0	0.0
s2_so	4	single	-1	true	36,41	0.05078125	-1	1					0.02446470595896244	0.04127621278166771	0.045000143349170685	0.022038903087377548	-0.3616347312927246	0.0	0.0
s2_so	4	single	-1	true	39,40	0.05078125	-1	1					0.006597704254090786	0.01874404400587082	0.03145216032862663	0.015996485948562622	0.95577073097229	0.0	0.0
s2_so	4	single	-1	true	1,58	0.01953125	-1	1					0.04683154076337814	0.0391179695725441	0.1495274007320404	0.040133245289325714	1.034226655960083	0.0	0.0
s2_so	4	single	-1	true	2,56	0.01953125	-1	1					0.04264235869050026	0.05076727643609047	0.050415873527526855	0.01877477578818798	0.8049139976501465	0.0	0.0
s2_so	4	single	-1	true	2,60	0.01953125	-1	1					0.04226987808942795	0.06099177896976471	0.1164662167429924	0.03198063001036644	1.3406484127044678	0.0	0.0
s2_so	4	single	-1	true	3,62	0.01953125	-1	1					0.007994890213012695	0.022725015878677368	0.07002195715904236	0.023007618263363838	-0.3171647787094116	0.0	0.0
s2_so	4	single	-1	true	4,61	0.01953125	-1	1					0.003255946561694145	0.006671701092272997	0.05460616201162338	0.008167866617441177	1.0773096084594727	0.0	0.0
s2_so	4	single	-1	true	6,61	0.01953125	-1	1					0.04561065882444382	0.06669522821903229	0.08866699039936066	0.01468784548342228	0.7123078107833862	0.0	0.0
s2_so	4	single	-1	true	7,61	0.01953125	-1	1					0.03392154723405838	0.04879389703273773	0.10711369663476944	0.015879333019256592	-0.32965293526649475	0.0	0.0
s2_so	4	single	-1	true	7,63	0.01953125	-1	1					0.00965213030576706	0.02934354543685913	0.023137109354138374	0.011041708290576935	-0.9455053806304932	0.0	0.0
s2_so	4	single	-1	true	0,26	0.09375	-1	1					0.02557879313826561	0.02748209238052368	0.13753893971443176	0.03117820993065834	2.958181858062744	0.0	0.0
s2_so	4	single	-1	true	1,29	0.09375	-1	1					0.009086095727980137	0.019862163811922073	0.07441657036542892	0.025879671797156334	0.9804849028587341	0.0	0.0
s2_so	4	single	-1	true	2,31	0.09375	-1	1					0.038828954100608826	0.05666067451238632	0.04129493236541748	0.01468813419342041	1.1523998975753784	0.0	0.0
s2_so	4	single	-1	true	4,26	0.09375	-1	1					0.003189787734299898	0.005644123535603285	0.041149552911520004	0.018641198053956032	2.0493597984313965	0.0	0.0
s2_so	4	single	-1	true	7,30	0.09375	-1	1					0.04858768731355667	0.04151502251625061	0.05631714314222336	0.03398756682872772	-0.2714516818523407	0.0	0.0
s2_so	4	single	-1	true	7,31	0.09375	-1	1					0.035090960562229156	0.032580725848674774	0.04684789478778839	0.025819364935159683	-0.027724364772439003	0.0	0.0
s2_so	4	single	-1	true	33,38	0.48046875	-1	1					0.07285396754741669	0.06329149007797241	0.052147697657346725	0.013542961329221725	-0.14753088355064392	0.0	0.0
s2_so	4	single	-1	true	34,33	0.82421875	-1	1					0.017272241413593292	0.026191338896751404	0.061666421592235565	0.008906291797757149	-0.31932854652404785	0.0	0.0
s2_so	4	single	-1	true	36,32	0.515625	-1	1					0.17649200558662415	0.15152272582054138	0.09013064950704575	0.031042031943798065	-0.45442265272140503	0.0	0.0
s2_so	4	single	-1	true	38,38	0.171875	-1	1					0.07744040340185165	0.07335367798805237	0.07293710112571716	0.033452313393354416	-1.1339561939239502	0.0	0.0
s2_so	4	single	-1	true	49,42	0.171875	-1	1					0.004163151606917381	0.009708663448691368	0.046053893864154816	0.013086729682981968	1.2974932193756104	0.0	0.0
s2_so	4	single	-1	true	50,42	0.171875	-1	1					0.005088770762085915	0.012138212099671364	0.02324775978922844	0.011890269815921783	1.851507306098938	0.0	0.0
s2_so	4	single	-1	true	52,40	0.171875	-1	1					0.00991083960980177	0.025457393378019333	0.03726787120103836	0.012198780663311481	0.03186574950814247	0.0	0.0
s2_so	4	single	-1	true	52,42	0.171875	-1	1					0.015856079757213593	0.03196024149656296	0.04667239263653755	0.016875922679901123	0.27006131410598755	0.0	0.0
s2_so	4	single	-1	true	0,27	0.09375	-1	1					0.03424464911222458	0.05884764343500137	0.1501217782497406	0.025186510756611824	2.657916784286499	0.0	0.0
s2_so	4	single	-1	true	1,25	0.09375	-1	1					0.034357279539108276	0.048193830996751785	0.12246093153953552	0.022842630743980408	1.377760410308838	0.0	0.0
s2_so	4	single	-1	true	1,31	0.09375	-1	1					0.02911168709397316	0.030046425759792328	0.06370928883552551	0.02062680572271347	1.2460994720458984	0.0	0.0
s2_so	4	single	-1	true	3,28	0.09375	-1	1					0.03632344305515289	0.0717233344912529	0.07123761624097824	0.02517681196331978	-0.398902952671051	0.0	0.0
s2_so	4	single	-1	true	6,31	0.09375	-1	1					0.062146686017513275	0.05946774780750275	0.042671605944633484	0.023324111476540565	1.0142364501953125	0.0	0.0
s2_so	4	single	-1	true	8,38	0.0	-1	1					0.005793196614831686	0.008738869801163673	0.019273292273283005	0.011611049063503742	1.4446778297424316	0.0	0.0
s2_so	4	single	-1	true	9,37	0.0	-1	1					0.022904232144355774	0.023925036191940308	0.038825422525405884	0.008082855492830276	0.8449792861938477	0.0	0.0
s2_so	4	single	-1	true	11,32	0.0625	-1	1					0.020393550395965576	0.022764068096876144	0.08579209446907043	0.025678640231490135	1.0873804092407227	0.0	0.0
s2_so	4	single	-1	true	12,34	0.0	-1	1					0.004161200486123562	0.013708663173019886	0.04476217180490494	0.015889985486865044	0.9446172118186951	0.0	0.0
s2_so	4	single	-1	true	12,37	0.0	-1	1					0.007100978866219521	0.01532028242945671	0.01839660108089447	0.009614979848265648	1.1642696857452393	0.0	0.0
s2_so	4	single	-1	true	12,39	0.0	-1	1					0.002043732674792409	0.006606578826904297	0.02947484888136387	0.017083337530493736	1.2998825311660767	0.0	0.0
s2_so	4	single	-1	true	14,37	0.0	-1	1					0.007687706034630537	0.011874524876475334	0.015019116923213005	0.013725215569138527	2.23390793800354	0.0	0.0
s2_so	4	single	-1	wrong	14,5	0.0	-1	1					0.0014251619577407837	0.003189179114997387	0.038781002163887024	0.026072170585393906	2.686000347137451	0.0	0.0
s2_so	4	single	-1	wrong	24,35	0.0	-1	1					0.010578356683254242	0.028182227164506912	0.028120294213294983	0.004159025847911835	0.5064035654067993	0.0	0.0
s2_so	4	single	-1	wrong	53,17	0.0	-1	1					0.00594383105635643	0.010773147456347942	0.028808675706386566	0.013864882290363312	0.3066500723361969	0.0	0.0
s2_so	4	single	-1	wrong	2,47	0.0	-1	1					0.02194422110915184	0.06292534619569778	0.03949341922998428	0.011562472209334373	0.4490925669670105	0.0	0.0
s2_so	4	single	-1	wrong	53,20	0.0	-1	1					0.061353594064712524	0.06167175993323326	0.022085949778556824	0.010001519694924355	-0.2266382873058319	0.0	0.0
s2_so	4	single	-1	wrong	1,11	0.0	-1	1					0.013397211208939552	0.0215894915163517	0.11329209804534912	0.02773469313979149	1.00412917137146	0.0	0.0
s2_so	4	single	-1	wrong	12,42	0.0	-1	1					0.007986137643456459	0.02207888662815094	0.05258607119321823	0.013788746669888496	1.6167834997177124	0.0	0.0
s2_so	4	single	-1	wrong	63,12	0.0	-1	1					0.007571914698928595	0.01515017356723547	0.024119757115840912	0.00568694993853569	-1.0867416858673096	0.0	0.0
s2_so	4	single	-1	wrong	35,29	0.0	-1	1					0.005754710640758276	0.011441010981798172	0.01771622523665428	0.006499070208519697	-0.5795959234237671	0.0	0.0
s2_so	4	single	-1	wrong	40,44	0.0	-1	1					0.01886015757918358	0.02747010439634323	0.0570661835372448	0.017892032861709595	1.0919603109359741	0.0	0.0
s2_so	4	single	-1	wrong	50,30	0.0	-1	1					0.018424928188323975	0.019532931968569756	0.017496787011623383	0.009337086230516434	1.3632174730300903	0.0	0.0
s2_so	4	single	-1	wrong	30,15	0.0	-1	1					0.04057452455163002	0.03852566331624985	0.06418485939502716	0.024434776976704597	-0.26531893014907837	0.0	0.0
s2_so	4	single	-1	wrong	11,22	0.171875	-1	1					0.052600882947444916	0.051439814269542694	0.09427652508020401	0.02007794752717018	0.8062252998352051	0.0	0.0
s2_so	4	single	-1	wrong	25,30	0.0	-1	1					0.11357611417770386	0.08984829485416412	0.040424201637506485	0.011243133805692196	1.1568396091461182	0.0	0.0
s2_so	4	single	-1	wrong	59,0	0.0	-1	1					0.008156711235642433	0.010588969103991985	0.030755802989006042	0.015161451883614063	-0.23106752336025238	0.0	0.0
s2_so	4	single	-1	wrong	45,5	0.0	-1	1					0.026894142851233482	0.028257116675376892	0.11284560710191727	0.02277854084968567	0.38087838888168335	0.0	0.0
s2_so	4	single	-1	wrong	62,18	0.0	-1	1					0.04519170522689819	0.0657845288515091	0.053699903190135956	0.029250256717205048	-0.07984255254268646	0.0	0.0
s2_so	4	single	-1	wrong	7,50	0.0	-1	1					0.0029011040460318327	0.006472673267126083	0.05316808074712753	0.016300832852721214	0.4033617079257965	0.0	0.0
s2_so	4	single	-1	wrong	17,3	0.0	-1	1					0.0034301141276955605	0.007547799963504076	0.025868428871035576	0.06100093573331833	0.46635138988494873	0.0	0.0
s2_so	4	single	-1	wrong	28,4	0.0	-1	1					0.002268449403345585	0.007833077572286129	0.016682568937540054	0.014866897836327553	-1.0251182317733765	0.0	0.0
s2_so	4	single	-1	wrong	19,21	0.0	-1	1					0.028518717736005783	0.031152140349149704	0.05248392000794411	0.017207790166139603	0.1457739919424057	0.0	0.0
s2_so	4	single	-1	wrong	8,55	0.0	-1	1					0.015372230671346188	0.014920307323336601	0.026887817308306694	0.009494511410593987	1.439910650253296	0.0	0.0
s2_so	4	single	-1	wrong	1,6	0.0	-1	1					0.0031167606357485056	0.008403425104916096	0.07765311002731323	0.014228075742721558	-0.0856979489326477	0.0	0.0
s2_so	4	single	-1	wrong	58,49	0.0	-1	1					0.0030341525562107563	0.008038148283958435	0.05411983281373978	0.017608946189284325	0.0036922618746757507	0.0	0.0
s2_so	4	single	-1	wrong	16,21	0.0	-1	1					0.0043770186603069305	0.0075022331438958645	0.030559752136468887	0.03451225906610489	-1.34623122215271	0.0	0.0
s2_so	4	single	-1	wrong	39,2	0.0	-1	1					0.037088342010974884	0.058522529900074005	0.04089042544364929	0.017964720726013184	0.0038916822522878647	0.0	0.0
s2_so	4	single	-1	wrong	50,1	0.0	-1	1					0.0033775782212615013	0.005695552099496126	0.02142782136797905	0.019408054649829865	1.8000106811523438	0.0	0.0
s2_so	4	single	-1	wrong	14,25	0.0	-1	1					0.019399192184209824	0.034434713423252106	0.026682907715439796	0.016481760889291763	2.5735201835632324	0.0	0.0
s2_so	4	single	-1	wrong	21,33	0.0	-1	1					0.037059981375932693	0.05970989167690277	0.0631985291838646	0.005581425502896309	-0.13547541201114655	0.0	0.0
s2_so	4	single	-1	wrong	46,51	0.0	-1	1					0.015238417312502861	0.026670945808291435	0.07035000622272491	0.018778612837195396	-0.5641317367553711	0.0	0.0
s2_so	4	single	-1	wrong	58,23	0.0	-1	1					0.005807456560432911	0.012409891933202744	0.0742475837469101	0.02847244217991829	0.09068646281957626	0.0	0.0
s2_so	4	single	-1	wrong	10,17	0.0	-1	1					0.017078865319490433	0.019375469535589218	0.01728000119328499	0.011348778381943703	1.9117138385772705	0.0	0.0
s2_so	4	single	-1	wrong	32,0	0.0	-1	1					0.024669043719768524	0.029781710356473923	0.03027542494237423	0.018719445914030075	0.19616621732711792	0.0	0.0
s2_so	4	single	-1	wrong	37,27	0.0	-1	1					0.04116121679544449	0.07278963923454285	0.03373432159423828	0.016549766063690186	1.4944794178009033	0.0	0.0
s2_so	4	single	-1	wrong	45,46	0.0	-1	1					0.006986841093748808	0.016197444871068	0.051382213830947876	0.010558141395449638	-0.26630479097366333	0.0	0.0
s2_so	4	single	-1	wrong	23,32	0.0	-1	1					0.20152929425239563	0.17966170608997345	0.13943475484848022	0.03151393309235573	0.17948278784751892	0.0	0.0
s2_so	4	single	-1	wrong	31,21	0.0	-1	1					0.050942763686180115	0.05738271400332451	0.07202064990997314	0.022963974624872208	1.5009045600891113	0.0	0.0
s2_so	4	single	-1	wrong	33,19	0.0	-1	1					0.005756525322794914	0.012370084412395954	0.03916763514280319	0.01488229539245367	0.34981968998908997	0.0	0.0
s2_so	4	single	-1	wrong	13,46	0.0	-1	1					0.0032773283310234547	0.01214293111115694	0.025859683752059937	0.010047325864434242	0.034626975655555725	0.0	0.0
s2_so	4	single	-1	wrong	6,48	0.0	-1	1					0.0031714625656604767	0.008310450240969658	0.05956152454018593	0.01623658277094364	1.2071269750595093	0.0	0.0
s2_so	4	single	-1	wrong	24,54	0.0	-1	1					0.03598415479063988	0.03602845221757889	0.062015146017074585	0.014609286561608315	1.4036165475845337	0.0	0.0
s2_so	4	single	-1	wrong	63,5	0.0	-1	1					0.004032552242279053	0.005447144620120525	0.029811006039381027	0.009785614907741547	-0.06984023004770279	0.0	0.0
s2_so	4	single	-1	wrong	31,59	0.0	-1	1					0.02082095667719841	0.029289619997143745	0.05070850998163223	0.017411362379789352	1.4475030899047852	0.0	0.0
s2_so	4	single	-1	wrong	38,12	0.0	-1	1					0.016037197783589363	0.03467912971973419	0.03544539958238602	0.02474084310233593	-1.5906507968902588	0.0	0.0
s2_so	4	single	-1	wrong	23,38	0.0	-1	1					0.22060860693454742	0.17693179845809937	0.06840615719556808	0.0213492289185524	-0.3248317539691925	0.0	0.0
s2_so	4	single	-1	wrong	30,37	0.0	-1	1					0.008759534917771816	0.012803779914975166	0.02767084911465645	0.01918230950832367	0.05444340035319328	0.0	0.0
s2_so	4	single	-1	wrong	42,40	0.0	-1	1					0.0008967437315732241	0.004478034097701311	0.043218597769737244	0.01171068288385868	0.7317178249359131	0.0	0.0
s2_so	4	single	-1	wrong	42,62	0.0	-1	1					0.003987621050328016	0.013028938323259354	0.04217473790049553	0.013712477870285511	0.2977471351623535	0.0	0.0
s2_so	4	single	-1	wrong	63,30	0.0	-1	1					0.034319400787353516	0.030267886817455292	0.016139842569828033	0.007601267192512751	-0.5577086806297302	0.0	0.0
s2_so	4	single	-1	wrong	17,26	0.0	-1	1					0.0067079379223287106	0.008633594028651714	0.0339881032705307	0.034373730421066284	1.6199692487716675	0.0	0.0
s2_so	4	single	-1	wrong	47,0	0.0	-1	1					0.007198886480182409	0.011597372591495514	0.027928445488214493	0.010917052626609802	-0.6147292256355286	0.0	0.0
s2_so	4	single	-1	wrong	4,4	0.0	-1	1					0.00036707823164761066	0.001509090419858694	0.012150218710303307	0.00999722070991993	1.1613634824752808	0.0	0.0
s2_so	4	single	-1	wrong	22,13	0.0	-1	1					0.0021538822911679745	0.009743085131049156	0.06655678153038025	0.026612699031829834	-0.7784764766693115	0.0	0.0
s2_so	4	single	-1	wrong	3,51	0.0	-1	1					0.020207099616527557	0.04625815525650978	0.0880642682313919	0.02048117108643055	-0.13153138756752014	0.0	0.0
s2_so	4	single	-1	wrong	26,29	0.0	-1	1					0.013638773001730442	0.02773008681833744	0.0556110143661499	0.017672214657068253	1.004771113395691	0.0	0.0
s2_so	4	single	-1	wrong	41,40	0.0	-1	1					0.005057117901742458	0.010518603026866913	0.04367944598197937	0.011541684158146381	1.5263627767562866	0.0	0.0
s2_so	4	single	-1	wrong	37,2	0.0	-1	1					0.0030126753263175488	0.007280033081769943	0.03704351186752319	0.012470506131649017	0.17911078035831451	0.0	0.0
s2_so	4	single	-1	wrong	47,50	0.0	-1	1					0.0042349668219685555	0.008671119809150696	0.02097272500395775	0.0070467921905219555	0.08530697971582413	0.0	0.0
s2_so	4	single	-1	wrong	19,16	0.0	-1	1					0.007549203000962734	0.009447645395994186	0.042029280215501785	0.025728631764650345	0.7356002330780029	0.0	0.0
s2_so	4	single	-1	wrong	31,2	0.0	-1	1					0.005151417106389999	0.01524564903229475	0.04328443855047226	0.019717654213309288	1.0841768980026245	0.0	0.0
s2_so	4	single	-1	wrong	10,49	0.0	-1	1					0.0202975794672966	0.02369326539337635	0.024737879633903503	0.009410545229911804	1.1267788410186768	0.0	0.0
s2_so	4	single	-1	wrong	48,31	0.0	-1	1					0.029052603989839554	0.025292489677667618	0.018852775916457176	0.006292627193033695	1.7607437372207642	0.0	0.0
s2_so	4	single	-1	wrong	37,20	0.0	-1	1					0.015482107177376747	0.01878579519689083	0.03962249308824539	0.015377335250377655	0.8961035013198853	0.0	0.0
s2_so	4	single	-1	wrong	2,8	0.0	-1	1					0.004312795586884022	0.012959634885191917	0.08809461444616318	0.010056155733764172	1.3452903032302856	0.0	0.0
s2_so	4	single	-1	wrong	57,59	0.0	-1	1					0.004473981447517872	0.0075099230743944645	0.01525601465255022	0.007403229828923941	-0.3690842390060425	0.0	0.0
s2_so	4	single	-1	wrong	40,17	0.0	-1	1					0.0065214065834879875	0.010761728510260582	0.03330595791339874	0.01173915434628725	1.1839189529418945	0.0	0.0
s2_so	4	single	-1	wrong	42,55	0.0	-1	1					0.008372927084565163	0.01277940347790718	0.0540943518280983	0.014416323974728584	0.4045177102088928	0.0	0.0
s2_so	4	single	-1	wrong	10,0	0.0	-1	1					0.018643241375684738	0.0220682043582201	0.018326973542571068	0.00891750305891037	1.3379945755004883	0.0	0.0
s2_so	4	single	-1	wrong	31,50	0.0	-1	1					0.017726732417941093	0.024614863097667694	0.06226739287376404	0.014169897884130478	2.460775136947632	0.0	0.0
s2_so	4	single	-1	wrong	47,60	0.0	-1	1					0.03403843939304352	0.040260814130306244	0.049238093197345734	0.021040229126811028	-0.15753036737442017	0.0	0.0
s2_so	4	single	-1	wrong	22,19	0.0	-1	1					0.005243814084678888	0.01348546426743269	0.052921175956726074	0.036237746477127075	0.19613653421401978	0.0	0.0
s2_so	4	single	-1	wrong	24,23	0.38671875	-1	1					0.030596718192100525	0.04181656241416931	0.06525216996669769	0.017986809834837914	1.0310128927230835	0.0	0.0
s2_so	4	single	-1	wrong	50,6	0.0	-1	1					0.007358648348599672	0.013240797445178032	0.017283331602811813	0.005885894410312176	0.27514737844467163	0.0	0.0
s2_so	4	single	-1	wrong	22,47	0.0	-1	1					0.001732363598421216	0.006599033251404762	0.045072901993989944	0.014811085537075996	-0.6884554028511047	0.0	0.0
s2_so	4	single	-1	wrong	57,46	0.0	-1	1					0.00048481213161721826	0.0019664191640913486	0.008537023328244686	0.008912431076169014	-0.18994030356407166	0.0	0.0
s2_so	4	single	-1	wrong	60,28	0.0	-1	1					0.05080144479870796	0.0833490788936615	0.038767412304878235	0.028891796246170998	-0.0442255474627018	0.0	0.0
s2_so	4	single	-1	wrong	58,41	0.0	-1	1					0.004092685412615538	0.009021149016916752	0.03635886311531067	0.023197205737233162	0.7648947834968567	0.0	0.0
s2_so	4	single	-1	wrong	4,43	0.0	-1	1					0.004073695745319128	0.009335406124591827	0.022251754999160767	0.02172577753663063	1.898470401763916	0.0	0.0
s2_so	4	single	-1	wrong	56,55	0.0	-1	1					0.005052726250141859	0.006678298115730286	0.045241810381412506	0.016961388289928436	0.33824408054351807	0.0	0.0
s2_so	4	single	-1	wrong	52,27	0.0	-1	1					0.031537529081106186	0.05928299203515053	0.047763168811798096	0.01719428040087223	0.39535531401634216	0.0	0.0
s2_so	4	single	-1	wrong	53,13	0.0	-1	1					0.01672213524580002	0.033672865480184555	0.06859971582889557	0.013077430427074432	-0.7914472818374634	0.0	0.0
s2_so	4	single	-1	wrong	48,12	0.0	-1	1					0.006079030688852072	0.011602693237364292	0.02018585428595543	0.007990472950041294	0.9879834651947021	0.0	0.0
s2_so	4	single	-1	wrong	16,22	0.0	-1	1					0.012187277898192406	0.014721672981977463	0.0345999076962471	0.04809369519352913	-0.9103531837463379	0.0	0.0
s2_so	4	single	-1	wrong	15,28	0.0	-1	1					0.0028677505906671286	0.009135963395237923	0.017199093475937843	0.022616175934672356	0.9979653358459473	0.0	0.0
s2_so	4	single	-1	wrong	20,7	0.0	-1	1					0.060141172260046005	0.08051754534244537	0.042098429054021835	0.016739599406719208	-0.6797106266021729	0.0	0.0
s2_so	4	single	-1	wrong	46,13	0.0	-1	1					0.002369653433561325	0.008228955790400505	0.05757559463381767	0.018458189442753792	-1.1154897212982178	0.0	0.0
s2_so	4	single	-1	wrong	20,59	0.0	-1	1					0.0019009052775800228	0.0056275553070008755	0.04076194390654564	0.009732145816087723	-0.39211505651474	0.0	0.0
s2_so	4	single	-1	wrong	28,13	0.0	-1	1					0.003968512639403343	0.013003401458263397	0.09066532552242279	0.02440493553876877	-1.6005717515945435	0.0	0.0
s2_so	4	single	-1	wrong	28,11	0.0	-1	1					0.03237935155630112	0.05046665668487549	0.0522286593914032	0.02097015455365181	-1.0492137670516968	0.0	0.0
s2_so	4	single	-1	wrong	27,63	0.0	-1	1					0.019822238013148308	0.048146188259124756	0.044759973883628845	0.003869223641231656	0.32898688316345215	0.0	0.0
s2_so	4	single	-1	wrong	38,7	0.0	-1	1					0.051707860082387924	0.059053465723991394	0.058269109576940536	0.03027370385825634	-1.6876718997955322	0.0	0.0
s2_so	4	single	-1	wrong	56,30	0.0	-1	1					0.009501881897449493	0.009594999253749847	0.03868569806218147	0.015547506511211395	0.41534996032714844	0.0	0.0
s2_so	4	single	-1	wrong	40,9	0.0	-1	1					0.008843103423714638	0.01547065656632185	0.04021948203444481	0.011918304488062859	0.3989839255809784	0.0	0.0
s2_so	4	single	-1	wrong	48,1	0.0	-1	1					0.0013126926496624947	0.002730858977884054	0.019832946360111237	0.015713689848780632	1.9538094997406006	0.0	0.0
s2_so	4	single	-1	wrong	50,21	0.0	-1	1					0.015668418258428574	0.01666002720594406	0.026073796674609184	0.010931150987744331	1.078160285949707	0.0	0.0
s2_so	4	single	-1	wrong	24,56	0.0	-1	1					0.008694544434547424	0.011803214438259602	0.034705474972724915	0.014611978083848953	1.0766987800598145	0.0	0.0
s2_so	5	delta	0	true	113,475	0.0	0	13	0.0	0.0	0.0	0.0	0.00959085300564766	0.017485417425632477	0.05924079567193985	0.024997085332870483	0.0	-2.9802322387695312e-08	0.0
s2_so	5	delta	0	true	776,806	0.0	0	13	0.0	0.0	0.0	0.0	0.00959085300564766	0.017485417425632477	0.05924079567193985	0.024997085332870483	0.0	0.0	0.0
s2_so	5	delta	0	true	789,890	-0.0078125	6	13	-2.1051615476608276e-05	-5.23347407579422e-05	-0.001864321529865265	-0.001031670719385147	0.009569801390171051	0.017433082684874535	0.057376474142074585	0.023965414613485336	0.0015605688095092773	-0.015653029084205627	-0.0013528168201446533
s2_so	5	delta	0	true	845,786	0.0	0	13	0.0	0.0	0.0	0.0	0.00959085300564766	0.017485417425632477	0.05924079567193985	0.024997085332870483	0.0	-1.4901161193847656e-08	0.0
s2_so	5	delta	0	true	311,122	0.0	0	13	0.0	0.0	0.0	0.0	0.00959085300564766	0.017485417425632477	0.05924079567193985	0.024997085332870483	0.0	0.0	0.0
s2_so	5	delta	0	true	349,61	0.0	0	13	0.0	0.0	0.0	0.0	0.00959085300564766	0.017485417425632477	0.05924079567193985	0.024997085332870483	0.0	-2.2351741790771484e-07	0.0
s2_so	5	delta	0	true	353,41	0.0	0	13	0.0	0.0	0.0	0.0	0.00959085300564766	0.017485417425632477	0.05924079567193985	0.024997085332870483	0.0	-7.748603820800781e-07	0.0
s2_so	5	delta	0	true	17,795	0.0	0	13	0.0	0.0	0.0	0.0	0.00959085300564766	0.017485417425632477	0.05924079567193985	0.024997085332870483	0.0	0.0	0.0
s2_so	5	delta	0	true	63,796	0.0	0	13	0.0	0.0	0.0	0.0	0.00959085300564766	0.017485417425632477	0.05924079567193985	0.024997085332870483	0.0	0.0	0.0
s2_so	5	delta	0	true	93,895	0.0	0	13	0.0	0.0	0.0	0.0	0.00959085300564766	0.017485417425632477	0.05924079567193985	0.024997085332870483	0.0	-1.3113021850585938e-06	0.0
s2_so	5	delta	0	true	440,232	0.0	0	13	0.0	0.0	0.0	0.0	0.00959085300564766	0.017485417425632477	0.05924079567193985	0.024997085332870483	0.0	-6.718933582305908e-05	0.0
s2_so	5	delta	0	true	675,773	0.0	0	13	0.0	0.0	0.0	0.0	0.00959085300564766	0.017485417425632477	0.05924079567193985	0.024997085332870483	0.0	-0.0005353391170501709	0.0
s2_so	5	delta	0	true	706,879	0.0	0	13	0.0	0.0	0.0	0.0	0.00959085300564766	0.017485417425632477	0.05924079567193985	0.024997085332870483	0.0	-1.1920928955078125e-07	0.0
s2_so	5	delta	0	true	717,834	-0.05078125	104	13	-0.005207090172916651	-0.009625783190131187	-0.025660213083028793	-0.0070962850004434586	0.0043837628327310085	0.00785963423550129	0.033580582588911057	0.017900800332427025	0.08389794826507568	-0.038236334919929504	0.0056095123291015625
s2_so	5	delta	0	true	720,813	0.00390625	1	13	-9.05897468328476e-06	-8.184835314750671e-05	-0.0002506151795387268	-9.321421384811401e-05	0.009581794030964375	0.01740356907248497	0.05899018049240112	0.02490387111902237	8.511543273925781e-05	-0.003176763653755188	-0.00021842122077941895
s2_so	5	delta	0	true	739,883	-0.046875	123	13	0.022528786212205887	0.04347626864910126	-0.016053155064582825	-0.0025153569877147675	0.032119639217853546	0.060961686074733734	0.043187640607357025	0.022481728345155716	0.1069713830947876	-0.028552547097206116	0.018562495708465576
s2_so	5	delta	0	true	755,844	0.0	0	13	0.0	0.0	0.0	0.0	0.00959085300564766	0.017485417425632477	0.05924079567193985	0.024997085332870483	0.0	-0.0038136541843414307	-0.00025807321071624756
s2_so	5	delta	0	true	788,810	0.0	0	13	0.0	0.0	0.0	0.0	0.00959085300564766	0.017485417425632477	0.05924079567193985	0.024997085332870483	0.0	-0.00040246546268463135	0.0
s2_so	5	delta	0	true	809,887	0.0	1	13	1.6596168279647827e-06	2.0874664187431335e-05	-1.9609928131103516e-05	-0.000599617138504982	0.009592512622475624	0.017506292089819908	0.059221185743808746	0.0243974681943655	6.783008575439453e-05	-0.0012021362781524658	-8.606910705566406e-05
s2_so	5	delta	0	true	821,769	0.0	0	13	0.0	0.0	0.0	0.0	0.00959085300564766	0.017485417425632477	0.05924079567193985	0.024997085332870483	0.0	-3.2782554626464844e-07	0.0
s2_so	5	delta	0	true	853,771	0.0	0	13	0.0	0.0	0.0	0.0	0.00959085300564766	0.017485417425632477	0.05924079567193985	0.024997085332870483	0.0	-1.4901161193847656e-07	0.0
s2_so	5	delta	0	true	894,888	0.0	0	13	0.0	0.0	0.0	0.0	0.00959085300564766	0.017485417425632477	0.05924079567193985	0.024997085332870483	0.0	-1.792609691619873e-05	0.0
s2_so	5	delta	0	true	137,14	0.0	0	13	0.0	0.0	0.0	0.0	0.00959085300564766	0.017485417425632477	0.05924079567193985	0.024997085332870483	0.0	-0.0076105594635009766	-0.0013445615768432617
s2_so	5	delta	0	true	143,100	0.0	0	13	0.0	0.0	0.0	0.0	0.00959085300564766	0.017485417425632477	0.05924079567193985	0.024997085332870483	0.0	-6.407499313354492e-07	0.0
s2_so	5	delta	0	true	144,74	0.0	0	13	0.0	0.0	0.0	0.0	0.00959085300564766	0.017485417425632477	0.05924079567193985	0.024997085332870483	0.0	-1.5497207641601562e-06	0.0
s2_so	5	delta	0	true	183,107	0.0	0	13	0.0	0.0	0.0	0.0	0.00959085300564766	0.017485417425632477	0.05924079567193985	0.024997085332870483	0.0	-1.4901161193847656e-08	0.0
s2_so	5	delta	0	true	201,41	0.0	0	13	0.0	0.0	0.0	0.0	0.00959085300564766	0.017485417425632477	0.05924079567193985	0.024997085332870483	0.0	-1.2278556823730469e-05	0.0
s2_so	5	delta	0	true	230,127	0.0	0	13	0.0	0.0	0.0	0.0	0.00959085300564766	0.017485417425632477	0.05924079567193985	0.024997085332870483	0.0	-1.4901161193847656e-08	0.0
s2_so	5	delta	0	true	403,349	0.0	0	13	0.0	0.0	0.0	0.0	0.00959085300564766	0.017485417425632477	0.05924079567193985	0.024997085332870483	0.0	-6.699562072753906e-05	0.0
s2_so	5	delta	0	true	407,351	0.0	0	13	0.0	0.0	0.0	0.0	0.00959085300564766	0.017485417425632477	0.05924079567193985	0.024997085332870483	0.0	-8.016824722290039e-06	0.0
s2_so	5	delta	0	true	429,364	0.0	0	13	0.0	0.0	0.0	0.0	0.00959085300564766	0.017485417425632477	0.05924079567193985	0.024997085332870483	0.0	-1.2516975402832031e-06	0.0
s2_so	5	delta	0	true	449,329	-0.0078125	16	13	4.682689905166626e-06	-0.00018869154155254364	-0.00416555255651474	0.0001479610800743103	0.009595535695552826	0.017296725884079933	0.05507524311542511	0.025145046412944794	0.008089661598205566	-0.03387555480003357	-0.005440384149551392
s2_so	5	delta	0	true	668,107	0.0	0	13	0.0	0.0	0.0	0.0	0.00959085300564766	0.017485417425632477	0.05924079567193985	0.024997085332870483	0.0	-7.003545761108398e-07	0.0
s2_so	5	delta	0	true	732,20	0.0	0	13	0.0	0.0	0.0	0.0	0.00959085300564766	0.017485417425632477	0.05924079567193985	0.024997085332870483	0.0	-0.0009176582098007202	0.0
s2_so	5	delta	0	true	738,68	0.0	0	13	0.0	0.0	0.0	0.0	0.00959085300564766	0.017485417425632477	0.05924079567193985	0.024997085332870483	0.0	-1.8328428268432617e-06	0.0
s2_so	5	delta	0	true	171,423	0.0	0	13	0.0	0.0	0.0	0.0	0.00959085300564766	0.017485417425632477	0.05924079567193985	0.024997085332870483	0.0	0.0	0.0
s2_so	5	delta	0	true	247,398	0.0	0	13	0.0	0.0	0.0	0.0	0.00959085300564766	0.017485417425632477	0.05924079567193985	0.024997085332870483	0.0	-0.00012797117233276367	0.0
s2_so	5	delta	0	true	903,49	0.0	7	13	1.541711390018463e-05	-0.0005324147641658783	-9.384006261825562e-05	0.0017197784036397934	0.009606270119547844	0.0169530026614666	0.059146955609321594	0.026716863736510277	0.0018284320831298828	-0.02450096607208252	-0.006579414010047913
s2_so	5	delta	0	true	933,117	0.0	0	13	0.0	0.0	0.0	0.0	0.00959085300564766	0.017485417425632477	0.05924079567193985	0.024997085332870483	0.0	-1.0058283805847168e-05	0.0
s2_so	5	delta	0	true	947,17	0.0	1	13	2.1688640117645264e-05	0.00016411393880844116	2.644956111907959e-06	-4.377402365207672e-05	0.009612541645765305	0.017649531364440918	0.05924344062805176	0.024953311309218407	0.0002573728561401367	-0.02509087324142456	-0.005973756313323975
s2_so	5	delta	0	true	979,53	0.0	0	13	0.0	0.0	0.0	0.0	0.00959085300564766	0.017485417425632477	0.05924079567193985	0.024997085332870483	0.0	-2.682209014892578e-07	0.0
s2_so	5	delta	0	true	14,10	-0.00390625	3	13	0.0002150256186723709	-1.0142102837562561e-05	0.0017629750072956085	-0.00020768865942955017	0.00980587862432003	0.017475275322794914	0.06100377067923546	0.024789396673440933	0.0004426240921020508	-0.006730750203132629	-0.0017785429954528809
s2_so	5	delta	0	true	116,117	0.0	0	13	0.0	0.0	0.0	0.0	0.00959085300564766	0.017485417425632477	0.05924079567193985	0.024997085332870483	0.0	-5.960464477539063e-08	0.0
s2_so	5	delta	0	true	263,745	0.0	0	13	0.0	0.0	0.0	0.0	0.00959085300564766	0.017485417425632477	0.05924079567193985	0.024997085332870483	0.0	-5.707144737243652e-06	0.0
s2_so	5	delta	0	true	356,750	0.0	0	13	0.0	0.0	0.0	0.0	0.00959085300564766	0.017485417425632477	0.05924079567193985	0.024997085332870483	0.0	-1.475214958190918e-06	0.0
s2_so	5	delta	0	true	371,743	0.0	0	13	0.0	0.0	0.0	0.0	0.00959085300564766	0.017485417425632477	0.05924079567193985	0.024997085332870483	0.0	-0.0003513246774673462	0.0
s2_so	5	delta	0	true	210,538	0.0	0	13	0.0	0.0	0.0	0.0	0.00959085300564766	0.017485417425632477	0.05924079567193985	0.024997085332870483	0.0	-8.940696716308594e-08	0.0
s2_so	5	delta	0	true	215,633	0.0	1	13	1.722574234008789e-05	0.00021110475063323975	-0.00026988983154296875	-4.262477159500122e-05	0.009608078747987747	0.017696522176265717	0.05897090584039688	0.024954460561275482	0.00028908252716064453	-0.0014961659908294678	-1.4454126358032227e-05
s2_so	5	delta	0	wrong	235,350	0.0	0	13	0.0	0.0	0.0	0.0	0.00959085300564766	0.017485417425632477	0.05924079567193985	0.024997085332870483	0.0	-8.185207843780518e-05	0.0
s2_so	5	delta	0	wrong	325,630	0.0	0	13	0.0	0.0	0.0	0.0	0.00959085300564766	0.017485417425632477	0.05924079567193985	0.024997085332870483	0.0	0.0	0.0
s2_so	5	delta	0	wrong	694,375	0.0	0	13	0.0	0.0	0.0	0.0	0.00959085300564766	0.017485417425632477	0.05924079567193985	0.024997085332870483	0.0	-1.385807991027832e-06	0.0
s2_so	5	delta	0	wrong	935,1005	0.0	0	13	0.0	0.0	0.0	0.0	0.00959085300564766	0.017485417425632477	0.05924079567193985	0.024997085332870483	0.0	-5.476176738739014e-05	0.0
s2_so	5	delta	0	wrong	748,1001	0.0	0	13	0.0	0.0	0.0	0.0	0.00959085300564766	0.017485417425632477	0.05924079567193985	0.024997085332870483	0.0	-6.379187107086182e-05	0.0
s2_so	5	delta	0	wrong	760,288	0.0	0	13	0.0	0.0	0.0	0.0	0.00959085300564766	0.017485417425632477	0.05924079567193985	0.024997085332870483	0.0	-1.043081283569336e-07	0.0
s2_so	5	delta	0	wrong	418,545	0.0	0	13	0.0	0.0	0.0	0.0	0.00959085300564766	0.017485417425632477	0.05924079567193985	0.024997085332870483	0.0	0.0	0.0
s2_so	5	delta	0	wrong	439,701	0.0	0	13	0.0	0.0	0.0	0.0	0.00959085300564766	0.017485417425632477	0.05924079567193985	0.024997085332870483	0.0	0.0	0.0
s2_so	5	delta	0	wrong	917,250	0.0	0	13	0.0	0.0	0.0	0.0	0.00959085300564766	0.017485417425632477	0.05924079567193985	0.024997085332870483	0.0	-0.00376322865486145	-0.0002997666597366333
s2_so	5	delta	0	wrong	887,160	0.0	0	13	0.0	0.0	0.0	0.0	0.00959085300564766	0.017485417425632477	0.05924079567193985	0.024997085332870483	0.0	-0.013760283589363098	-0.002630099654197693
s2_so	5	delta	0	wrong	387,481	0.0	0	13	0.0	0.0	0.0	0.0	0.00959085300564766	0.017485417425632477	0.05924079567193985	0.024997085332870483	0.0	0.0	0.0
s2_so	5	delta	0	wrong	216,146	-0.015625	24	13	0.007064180448651314	0.005789916962385178	0.0028382055461406708	0.0011467449367046356	0.016655033454298973	0.023275334388017654	0.06207900121808052	0.02614383026957512	0.00941765308380127	-0.06398238241672516	-0.020574793219566345
s2_so	5	delta	0	wrong	168,302	0.0	0	13	0.0	0.0	0.0	0.0	0.00959085300564766	0.017485417425632477	0.05924079567193985	0.024997085332870483	0.0	-2.5331974029541016e-07	0.0
s2_so	5	delta	0	wrong	534,932	0.0	0	13	0.0	0.0	0.0	0.0	0.00959085300564766	0.017485417425632477	0.05924079567193985	0.024997085332870483	0.0	-1.5348196029663086e-05	0.0
s2_so	5	delta	0	wrong	12,133	-0.07421875	79	13	-0.0007766233757138252	-0.00255022756755352	0.005527563393115997	0.003841463476419449	0.008814229629933834	0.014935189858078957	0.06476835906505585	0.028838548809289932	0.03445565700531006	-0.14506776630878448	-0.05137147009372711
s2_so	5	delta	0	wrong	813,181	0.0	0	13	0.0	0.0	0.0	0.0	0.00959085300564766	0.017485417425632477	0.05924079567193985	0.024997085332870483	0.0	-7.553398609161377e-05	0.0
s2_so	5	delta	0	wrong	946,165	0.0	0	13	0.0	0.0	0.0	0.0	0.00959085300564766	0.017485417425632477	0.05924079567193985	0.024997085332870483	0.0	-0.0006980746984481812	-0.00012107193470001221
s2_so	5	delta	0	wrong	600,283	0.0	0	13	0.0	0.0	0.0	0.0	0.00959085300564766	0.017485417425632477	0.05924079567193985	0.024997085332870483	0.0	-1.4901161193847656e-08	0.0
s2_so	5	delta	0	wrong	35,540	0.0	0	13	0.0	0.0	0.0	0.0	0.00959085300564766	0.017485417425632477	0.05924079567193985	0.024997085332870483	0.0	-7.450580596923828e-08	0.0
s2_so	5	delta	0	wrong	275,521	0.0	0	13	0.0	0.0	0.0	0.0	0.00959085300564766	0.017485417425632477	0.05924079567193985	0.024997085332870483	0.0	-1.977384090423584e-05	0.0
s2_so	5	delta	0	wrong	924,260	-0.0703125	80	13	-0.0033173030242323875	-0.005591924302279949	-0.008069485425949097	-0.004492165520787239	0.006273549981415272	0.011893493123352528	0.05117131024599075	0.020504919812083244	0.051126718521118164	-0.03673453629016876	-0.0030207931995391846
s2_so	5	delta	0	wrong	530,831	0.0	0	13	0.0	0.0	0.0	0.0	0.00959085300564766	0.017485417425632477	0.05924079567193985	0.024997085332870483	0.0	-0.0005487948656082153	-2.232193946838379e-05
s2_so	5	delta	0	wrong	527,113	0.0	0	13	0.0	0.0	0.0	0.0	0.00959085300564766	0.017485417425632477	0.05924079567193985	0.024997085332870483	0.0	-1.4901161193847656e-08	0.0
s2_so	5	delta	0	wrong	848,423	0.0	0	13	0.0	0.0	0.0	0.0	0.00959085300564766	0.017485417425632477	0.05924079567193985	0.024997085332870483	0.0	0.0	0.0
s2_so	5	delta	0	wrong	1013,854	-0.00390625	3	13	-0.00013015419244766235	-0.00032239779829978943	-0.0004859939217567444	-0.0007711350917816162	0.009460698813199997	0.017163019627332687	0.058754801750183105	0.024225950241088867	0.0008560419082641602	-0.009226396679878235	-0.0009555667638778687
s2_so	5	delta	0	wrong	630,0	0.0	0	13	0.0	0.0	0.0	0.0	0.00959085300564766	0.017485417425632477	0.05924079567193985	0.024997085332870483	0.0	-0.0001973360776901245	0.0
s2_so	5	delta	0	wrong	907,302	0.0	0	13	0.0	0.0	0.0	0.0	0.00959085300564766	0.017485417425632477	0.05924079567193985	0.024997085332870483	0.0	-2.086162567138672e-07	0.0
s2_so	5	delta	0	wrong	141,242	0.0	1	13	-3.3210963010787964e-06	-3.039836883544922e-06	-5.444139242172241e-05	-0.000636078417301178	0.00958753190934658	0.017482377588748932	0.05918635427951813	0.024361006915569305	0.00018966197967529297	-0.0006892532110214233	3.249943256378174e-05
s2_so	5	delta	0	wrong	517,182	0.0	1	13	-6.937608122825623e-05	-0.00046434998512268066	-0.0009380057454109192	4.59328293800354e-06	0.009521476924419403	0.017021067440509796	0.05830278992652893	0.025001678615808487	1.0251998901367188e-05	-0.038329124450683594	-0.008319452404975891
s2_so	5	delta	0	wrong	655,995	0.0	0	13	0.0	0.0	0.0	0.0	0.00959085300564766	0.017485417425632477	0.05924079567193985	0.024997085332870483	0.0	-4.127621650695801e-06	0.0
s2_so	5	delta	0	wrong	912,666	0.0	0	13	0.0	0.0	0.0	0.0	0.00959085300564766	0.017485417425632477	0.05924079567193985	0.024997085332870483	0.0	-9.417533874511719e-06	0.0
s2_so	5	delta	0	wrong	643,685	0.0	0	13	0.0	0.0	0.0	0.0	0.00959085300564766	0.017485417425632477	0.05924079567193985	0.024997085332870483	0.0	-0.002144426107406616	-0.00011515617370605469
s2_so	5	delta	0	wrong	610,299	0.0	0	13	0.0	0.0	0.0	0.0	0.00959085300564766	0.017485417425632477	0.05924079567193985	0.024997085332870483	0.0	0.0	0.0
s2_so	5	delta	0	wrong	424,462	0.0	0	13	0.0	0.0	0.0	0.0	0.00959085300564766	0.017485417425632477	0.05924079567193985	0.024997085332870483	0.0	0.0	0.0
s2_so	5	delta	0	wrong	439,87	0.0	0	13	0.0	0.0	0.0	0.0	0.00959085300564766	0.017485417425632477	0.05924079567193985	0.024997085332870483	0.0	0.0	0.0
s2_so	5	delta	0	wrong	558,87	0.0	0	13	0.0	0.0	0.0	0.0	0.00959085300564766	0.017485417425632477	0.05924079567193985	0.024997085332870483	0.0	-1.8775463104248047e-06	0.0
s2_so	5	delta	0	wrong	323,192	0.0	0	13	0.0	0.0	0.0	0.0	0.00959085300564766	0.017485417425632477	0.05924079567193985	0.024997085332870483	0.0	-0.0003151148557662964	0.0
s2_so	5	delta	0	wrong	1000,289	0.0	0	13	0.0	0.0	0.0	0.0	0.00959085300564766	0.017485417425632477	0.05924079567193985	0.024997085332870483	0.0	-8.881092071533203e-06	0.0
s2_so	5	delta	0	wrong	139,195	-0.04296875	54	13	0.0008252821862697601	0.0020429156720638275	0.0020122528076171875	-0.0022597983479499817	0.01041613519191742	0.019528333097696304	0.06125304847955704	0.0227372869849205	0.02384483814239502	-0.07104326784610748	-0.02288098633289337
s2_so	5	delta	0	wrong	506,806	0.0	0	13	0.0	0.0	0.0	0.0	0.00959085300564766	0.017485417425632477	0.05924079567193985	0.024997085332870483	0.0	-2.5331974029541016e-07	0.0
s2_so	5	delta	0	wrong	991,977	-0.00390625	1	13	6.609968841075897e-05	7.012858986854553e-05	-9.030848741531372e-05	-3.594160079956055e-05	0.009656952694058418	0.017555546015501022	0.059150487184524536	0.024961143732070923	1.728534698486328e-05	-0.005271449685096741	-0.0005686581134796143
s2_so	5	delta	0	wrong	401,847	0.0	0	13	0.0	0.0	0.0	0.0	0.00959085300564766	0.017485417425632477	0.05924079567193985	0.024997085332870483	0.0	-0.001115843653678894	0.0
s2_so	5	delta	0	wrong	802,416	0.0	0	13	0.0	0.0	0.0	0.0	0.00959085300564766	0.017485417425632477	0.05924079567193985	0.024997085332870483	0.0	0.0	0.0
s2_so	5	delta	0	wrong	772,271	0.0	0	13	0.0	0.0	0.0	0.0	0.00959085300564766	0.017485417425632477	0.05924079567193985	0.024997085332870483	0.0	-0.00022803246974945068	0.0
s2_so	5	delta	0	wrong	839,328	0.0	0	13	0.0	0.0	0.0	0.0	0.00959085300564766	0.017485417425632477	0.05924079567193985	0.024997085332870483	0.0	-0.0014982372522354126	0.0
s2_so	5	delta	0	wrong	597,679	0.0	0	13	0.0	0.0	0.0	0.0	0.00959085300564766	0.017485417425632477	0.05924079567193985	0.024997085332870483	0.0	-0.0007218867540359497	0.0
s2_so	5	delta	0	wrong	330,1019	0.0	0	13	0.0	0.0	0.0	0.0	0.00959085300564766	0.017485417425632477	0.05924079567193985	0.024997085332870483	0.0	-0.0029899179935455322	-0.00014597177505493164
s2_so	5	delta	0	wrong	1017,349	0.0	0	13	0.0	0.0	0.0	0.0	0.00959085300564766	0.017485417425632477	0.05924079567193985	0.024997085332870483	0.0	-0.0006873011589050293	0.0
s2_so	5	delta	1	true	6,413	-0.00390625	5	13	0.00048799440264701843	-2.8539448976516724e-05	0.0014301873743534088	-0.0005731415003538132	0.03638239577412605	0.050145313143730164	0.06373648345470428	0.02750927023589611	0.0006240606307983398	-0.023816972970962524	-0.010722994804382324
s2_so	5	delta	1	true	23,496	0.0	0	13	0.0	0.0	0.0	0.0	0.035894401371479034	0.05017385259270668	0.062306296080350876	0.028082411736249924	0.0	-7.450580596923828e-09	0.0
s2_so	5	delta	1	true	114,486	0.0	0	13	0.0	0.0	0.0	0.0	0.035894401371479034	0.05017385259270668	0.062306296080350876	0.028082411736249924	0.0	0.0	0.0
s2_so	5	delta	1	true	798,813	0.0	0	13	0.0	0.0	0.0	0.0	0.035894401371479034	0.05017385259270668	0.062306296080350876	0.028082411736249924	0.0	-1.4901161193847656e-08	0.0
s2_so	5	delta	1	true	319,12	0.0	0	13	0.0	0.0	0.0	0.0	0.035894401371479034	0.05017385259270668	0.062306296080350876	0.028082411736249924	0.0	-5.21540641784668e-08	0.0
s2_so	5	delta	1	true	355,36	0.0	0	13	0.0	0.0	0.0	0.0	0.035894401371479034	0.05017385259270668	0.062306296080350876	0.028082411736249924	0.0	-5.736947059631348e-07	0.0
s2_so	5	delta	1	true	361,104	0.0	0	13	0.0	0.0	0.0	0.0	0.035894401371479034	0.05017385259270668	0.062306296080350876	0.028082411736249924	0.0	0.0	0.0
s2_so	5	delta	1	true	1,884	0.0	0	13	0.0	0.0	0.0	0.0	0.035894401371479034	0.05017385259270668	0.062306296080350876	0.028082411736249924	0.0	-0.00022432953119277954	-7.069110870361328e-05
s2_so	5	delta	1	true	2,835	-0.16015625	127	13	-0.01661892607808113	-0.024419255554676056	-0.027611911296844482	-0.002716071903705597	0.019275475293397903	0.025754597038030624	0.03469438478350639	0.025366339832544327	0.08476459980010986	-0.09919105470180511	-0.07131251692771912
s2_so	5	delta	1	true	54,774	0.0	0	13	0.0	0.0	0.0	0.0	0.035894401371479034	0.05017385259270668	0.062306296080350876	0.028082411736249924	0.0	-2.9802322387695312e-08	0.0
s2_so	5	delta	1	true	83,811	0.0	0	13	0.0	0.0	0.0	0.0	0.035894401371479034	0.05017385259270668	0.062306296080350876	0.028082411736249924	0.0	0.0	0.0
s2_so	5	delta	1	true	84,865	0.0	0	13	0.0	0.0	0.0	0.0	0.035894401371479034	0.05017385259270668	0.062306296080350876	0.028082411736249924	0.0	-2.60770320892334e-07	0.0
s2_so	5	delta	1	true	100,809	0.0	0	13	0.0	0.0	0.0	0.0	0.035894401371479034	0.05017385259270668	0.062306296080350876	0.028082411736249924	0.0	-0.00010390579700469971	0.0
s2_so	5	delta	1	true	104,851	-0.05859375	124	13	-0.005058296024799347	-0.006578240543603897	-0.016178090125322342	-0.009424202144145966	0.030836105346679688	0.04359561204910278	0.046128205955028534	0.018658209592103958	0.07285857200622559	-0.11948159337043762	-0.08189956843852997
s2_so	5	delta	1	true	122,848	0.0	0	13	0.0	0.0	0.0	0.0	0.035894401371479034	0.05017385259270668	0.062306296080350876	0.028082411736249924	0.0	-1.3872981071472168e-05	0.0
s2_so	5	delta	1	true	457,214	0.0	0	13	0.0	0.0	0.0	0.0	0.035894401371479034	0.05017385259270668	0.062306296080350876	0.028082411736249924	0.0	-2.5331974029541016e-07	0.0
s2_so	5	delta	1	true	493,254	0.0	0	13	0.0	0.0	0.0	0.0	0.035894401371479034	0.05017385259270668	0.062306296080350876	0.028082411736249924	0.0	0.0	0.0
s2_so	5	delta	1	true	687,796	0.0	0	13	0.0	0.0	0.0	0.0	0.035894401371479034	0.05017385259270668	0.062306296080350876	0.028082411736249924	0.0	0.0	0.0
s2_so	5	delta	1	true	707,773	0.0	0	13	0.0	0.0	0.0	0.0	0.035894401371479034	0.05017385259270668	0.062306296080350876	0.028082411736249924	0.0	-3.0100345611572266e-06	0.0
s2_so	5	delta	1	true	734,789	0.0	0	13	0.0	0.0	0.0	0.0	0.035894401371479034	0.05017385259270668	0.062306296080350876	0.028082411736249924	0.0	0.0	0.0
s2_so	5	delta	1	true	821,826	0.0	0	13	0.0	0.0	0.0	0.0	0.035894401371479034	0.05017385259270668	0.062306296080350876	0.028082411736249924	0.0	0.0	0.0
s2_so	5	delta	1	true	863,820	0.0	0	13	0.0	0.0	0.0	0.0	0.035894401371479034	0.05017385259270668	0.062306296080350876	0.028082411736249924	0.0	0.0	0.0
s2_so	5	delta	1	true	867,879	0.0	0	13	0.0	0.0	0.0	0.0	0.035894401371479034	0.05017385259270668	0.062306296080350876	0.028082411736249924	0.0	0.0	0.0
s2_so	5	delta	1	true	205,82	0.0	0	13	0.0	0.0	0.0	0.0	0.035894401371479034	0.05017385259270668	0.062306296080350876	0.028082411736249924	0.0	-1.4901161193847656e-08	0.0
s2_so	5	delta	1	true	431,272	0.0	0	13	0.0	0.0	0.0	0.0	0.035894401371479034	0.05017385259270668	0.062306296080350876	0.028082411736249924	0.0	-2.22623348236084e-05	0.0
s2_so	5	delta	1	true	708,35	0.0	10	13	-0.000662975013256073	-0.0010380670428276062	-0.0004004724323749542	0.0002983361482620239	0.03523142635822296	0.049135785549879074	0.06190582364797592	0.028380747884511948	0.0008226633071899414	-0.08968998491764069	-0.07174214720726013
s2_so	5	delta	1	true	134,433	0.0	0	13	0.0	0.0	0.0	0.0	0.035894401371479034	0.05017385259270668	0.062306296080350876	0.028082411736249924	0.0	-0.001077316701412201	-3.781914710998535e-05
s2_so	5	delta	1	true	187,482	0.0	0	13	0.0	0.0	0.0	0.0	0.035894401371479034	0.05017385259270668	0.062306296080350876	0.028082411736249924	0.0	0.0	0.0
s2_so	5	delta	1	true	231,510	0.0	0	13	0.0	0.0	0.0	0.0	0.035894401371479034	0.05017385259270668	0.062306296080350876	0.028082411736249924	0.0	-2.4586915969848633e-07	0.0
s2_so	5	delta	1	true	290,450	0.0	0	13	0.0	0.0	0.0	0.0	0.035894401371479034	0.05017385259270668	0.062306296080350876	0.028082411736249924	0.0	-2.7976930141448975e-05	0.0
s2_so	5	delta	1	true	365,407	0.0	0	13	0.0	0.0	0.0	0.0	0.035894401371479034	0.05017385259270668	0.062306296080350876	0.028082411736249924	0.0	-2.436339855194092e-06	0.0
s2_so	5	delta	1	true	371,386	0.0	0	13	0.0	0.0	0.0	0.0	0.035894401371479034	0.05017385259270668	0.062306296080350876	0.028082411736249924	0.0	-0.00022440403699874878	0.0
s2_so	5	delta	1	true	910,26	0.0	0	13	0.0	0.0	0.0	0.0	0.035894401371479034	0.05017385259270668	0.062306296080350876	0.028082411736249924	0.0	-7.450580596923828e-09	0.0
s2_so	5	delta	1	true	924,45	0.0	0	13	0.0	0.0	0.0	0.0	0.035894401371479034	0.05017385259270668	0.062306296080350876	0.028082411736249924	0.0	-5.21540641784668e-08	0.0
s2_so	5	delta	1	true	942,86	0.0	0	13	0.0	0.0	0.0	0.0	0.035894401371479034	0.05017385259270668	0.062306296080350876	0.028082411736249924	0.0	0.0	0.0
s2_so	5	delta	1	true	970,107	0.0	0	13	0.0	0.0	0.0	0.0	0.035894401371479034	0.05017385259270668	0.062306296080350876	0.028082411736249924	0.0	0.0	0.0
s2_so	5	delta	1	true	6,29	0.0	0	13	0.0	0.0	0.0	0.0	0.035894401371479034	0.05017385259270668	0.062306296080350876	0.028082411736249924	0.0	-2.4586915969848633e-07	0.0
s2_so	5	delta	1	true	7,2	-0.21484375	252	13	-0.025220679119229317	-0.02280675806105137	0.005852732807397842	0.030541997402906418	0.010673722252249718	0.02736709453165531	0.06815902888774872	0.05862440913915634	0.29673564434051514	0.044606760144233704	0.07515627145767212
s2_so	5	delta	1	true	296,714	-0.03125	23	13	-0.0026970840990543365	-0.003697216510772705	-0.002863790839910507	-0.0019945651292800903	0.0331973172724247	0.046476636081933975	0.05944250524044037	0.026087846606969833	0.0083848237991333	-0.06261354684829712	-0.02638891339302063
s2_so	5	delta	1	true	298,730	0.0	0	13	0.0	0.0	0.0	0.0	0.035894401371479034	0.05017385259270668	0.062306296080350876	0.028082411736249924	0.0	-0.0003877505660057068	0.0
s2_so	5	delta	1	true	330,712	-0.01953125	26	13	-0.0023607127368450165	-0.0038605593144893646	-0.008062057197093964	-0.001667901873588562	0.03353368863463402	0.046313293278217316	0.05424423888325691	0.02641450986266136	0.006841301918029785	-0.08348080515861511	-0.031332701444625854
s2_so	5	delta	1	true	344,715	-0.0703125	76	13	-0.007080400362610817	-0.011190984398126602	-0.019957300275564194	-0.004906594753265381	0.028814001008868217	0.03898286819458008	0.04234899580478668	0.023175816982984543	0.03157377243041992	-0.13727273046970367	-0.08290278911590576
s2_so	5	delta	1	true	350,713	0.0	0	13	0.0	0.0	0.0	0.0	0.035894401371479034	0.05017385259270668	0.062306296080350876	0.028082411736249924	0.0	-0.005182482302188873	-0.001221969723701477
s2_so	5	delta	1	true	158,625	0.0	0	13	0.0	0.0	0.0	0.0	0.035894401371479034	0.05017385259270668	0.062306296080350876	0.028082411736249924	0.0	-1.4901161193847656e-08	0.0
s2_so	5	delta	1	true	192,515	0.0	0	13	0.0	0.0	0.0	0.0	0.035894401371479034	0.05017385259270668	0.062306296080350876	0.028082411736249924	0.0	0.0	0.0
s2_so	5	delta	1	true	205,580	0.0	0	13	0.0	0.0	0.0	0.0	0.035894401371479034	0.05017385259270668	0.062306296080350876	0.028082411736249924	0.0	-1.4156103134155273e-07	0.0
s2_so	5	delta	1	true	223,584	0.0	0	13	0.0	0.0	0.0	0.0	0.035894401371479034	0.05017385259270668	0.062306296080350876	0.028082411736249924	0.0	-7.450580596923828e-09	0.0
s2_so	5	delta	1	true	228,584	0.0	0	13	0.0	0.0	0.0	0.0	0.035894401371479034	0.05017385259270668	0.062306296080350876	0.028082411736249924	0.0	-2.086162567138672e-07	0.0
s2_so	5	delta	1	wrong	235,350	0.0	0	13	0.0	0.0	0.0	0.0	0.035894401371479034	0.05017385259270668	0.062306296080350876	0.028082411736249924	0.0	-1.1622905731201172e-06	0.0
s2_so	5	delta	1	wrong	325,630	0.0	0	13	0.0	0.0	0.0	0.0	0.035894401371479034	0.05017385259270668	0.062306296080350876	0.028082411736249924	0.0	0.0	0.0
s2_so	5	delta	1	wrong	694,375	0.0	0	13	0.0	0.0	0.0	0.0	0.035894401371479034	0.05017385259270668	0.062306296080350876	0.028082411736249924	0.0	-1.4901161193847656e-08	0.0
s2_so	5	delta	1	wrong	935,1005	0.0	0	13	0.0	0.0	0.0	0.0	0.035894401371479034	0.05017385259270668	0.062306296080350876	0.028082411736249924	0.0	-9.685754776000977e-07	0.0
s2_so	5	delta	1	wrong	748,1001	0.0	0	13	0.0	0.0	0.0	0.0	0.035894401371479034	0.05017385259270668	0.062306296080350876	0.028082411736249924	0.0	-1.6093254089355469e-06	0.0
s2_so	5	delta	1	wrong	760,288	0.0	0	13	0.0	0.0	0.0	0.0	0.035894401371479034	0.05017385259270668	0.062306296080350876	0.028082411736249924	0.0	0.0	0.0
s2_so	5	delta	1	wrong	418,545	0.0	0	13	0.0	0.0	0.0	0.0	0.035894401371479034	0.05017385259270668	0.062306296080350876	0.028082411736249924	0.0	0.0	0.0
s2_so	5	delta	1	wrong	439,701	0.0	0	13	0.0	0.0	0.0	0.0	0.035894401371479034	0.05017385259270668	0.062306296080350876	0.028082411736249924	0.0	0.0	0.0
s2_so	5	delta	1	wrong	917,250	0.0	0	13	0.0	0.0	0.0	0.0	0.035894401371479034	0.05017385259270668	0.062306296080350876	0.028082411736249924	0.0	-7.010996341705322e-06	0.0
s2_so	5	delta	1	wrong	887,160	0.0	0	13	0.0	0.0	0.0	0.0	0.035894401371479034	0.05017385259270668	0.062306296080350876	0.028082411736249924	0.0	-0.0008710026741027832	0.0
s2_so	5	delta	1	wrong	387,481	0.0	0	13	0.0	0.0	0.0	0.0	0.035894401371479034	0.05017385259270668	0.062306296080350876	0.028082411736249924	0.0	0.0	0.0
s2_so	5	delta	1	wrong	216,146	0.0	3	13	0.000682581216096878	0.0009705983102321625	8.989870548248291e-05	0.0006616488099098206	0.03657698258757591	0.05114445090293884	0.06239619478583336	0.028744060546159744	0.000555872917175293	-0.016337484121322632	-0.004817679524421692
s2_so	5	delta	1	wrong	168,302	0.0	0	13	0.0	0.0	0.0	0.0	0.035894401371479034	0.05017385259270668	0.062306296080350876	0.028082411736249924	0.0	0.0	0.0
s2_so	5	delta	1	wrong	534,932	0.0	0	13	0.0	0.0	0.0	0.0	0.035894401371479034	0.05017385259270668	0.062306296080350876	0.028082411736249924	0.0	-1.3634562492370605e-06	0.0
s2_so	5	delta	1	wrong	12,133	-0.01953125	12	13	-0.0011748969554901123	-0.0010243095457553864	0.002874363213777542	0.0020418018102645874	0.03471950441598892	0.049149543046951294	0.06518065929412842	0.03012421354651451	0.0027579069137573242	-0.07295776903629303	-0.04339119791984558
s2_so	5	delta	1	wrong	813,181	0.0	0	13	0.0	0.0	0.0	0.0	0.035894401371479034	0.05017385259270668	0.062306296080350876	0.028082411736249924	0.0	-2.2351741790771484e-06	0.0
s2_so	5	delta	1	wrong	946,165	0.0	0	13	0.0	0.0	0.0	0.0	0.035894401371479034	0.05017385259270668	0.062306296080350876	0.028082411736249924	0.0	-3.8601458072662354e-05	0.0
s2_so	5	delta	1	wrong	600,283	0.0	0	13	0.0	0.0	0.0	0.0	0.035894401371479034	0.05017385259270668	0.062306296080350876	0.028082411736249924	0.0	0.0	0.0
s2_so	5	delta	1	wrong	35,540	0.0	0	13	0.0	0.0	0.0	0.0	0.035894401371479034	0.05017385259270668	0.062306296080350876	0.028082411736249924	0.0	0.0	0.0
s2_so	5	delta	1	wrong	275,521	0.0	0	13	0.0	0.0	0.0	0.0	0.035894401371479034	0.05017385259270668	0.062306296080350876	0.028082411736249924	0.0	-3.3527612686157227e-07	0.0
s2_so	5	delta	1	wrong	924,260	-0.00390625	10	13	-0.0004560127854347229	-0.0020311959087848663	-0.0010788924992084503	-0.0007466934621334076	0.03543838858604431	0.048142656683921814	0.061227403581142426	0.027335718274116516	0.0017064809799194336	-0.05285809934139252	-0.031779080629348755
s2_so	5	delta	1	wrong	530,831	0.0	0	13	0.0	0.0	0.0	0.0	0.035894401371479034	0.05017385259270668	0.062306296080350876	0.028082411736249924	0.0	-1.872330904006958e-05	0.0
s2_so	5	delta	1	wrong	527,113	0.0	0	13	0.0	0.0	0.0	0.0	0.035894401371479034	0.05017385259270668	0.062306296080350876	0.028082411736249924	0.0	0.0	0.0
s2_so	5	delta	1	wrong	848,423	0.0	0	13	0.0	0.0	0.0	0.0	0.035894401371479034	0.05017385259270668	0.062306296080350876	0.028082411736249924	0.0	0.0	0.0
s2_so	5	delta	1	wrong	1013,854	0.0	0	13	0.0	0.0	0.0	0.0	0.035894401371479034	0.05017385259270668	0.062306296080350876	0.028082411736249924	0.0	-0.0001408010721206665	0.0
s2_so	5	delta	1	wrong	630,0	0.0	0	13	0.0	0.0	0.0	0.0	0.035894401371479034	0.05017385259270668	0.062306296080350876	0.028082411736249924	0.0	-8.07642936706543e-06	0.0
s2_so	5	delta	1	wrong	907,302	0.0	0	13	0.0	0.0	0.0	0.0	0.035894401371479034	0.05017385259270668	0.062306296080350876	0.028082411736249924	0.0	0.0	0.0
s2_so	5	delta	1	wrong	141,242	0.0	0	13	0.0	0.0	0.0	0.0	0.035894401371479034	0.05017385259270668	0.062306296080350876	0.028082411736249924	0.0	-6.295740604400635e-06	0.0
s2_so	5	delta	1	wrong	517,182	0.0	0	13	0.0	0.0	0.0	0.0	0.035894401371479034	0.05017385259270668	0.062306296080350876	0.028082411736249924	0.0	-0.004603222012519836	-0.008274197578430176
s2_so	5	delta	1	wrong	655,995	0.0	0	13	0.0	0.0	0.0	0.0	0.035894401371479034	0.05017385259270668	0.062306296080350876	0.028082411736249924	0.0	-6.183981895446777e-07	0.0
s2_so	5	delta	1	wrong	912,666	0.0	0	13	0.0	0.0	0.0	0.0	0.035894401371479034	0.05017385259270668	0.062306296080350876	0.028082411736249924	0.0	-2.9802322387695312e-08	0.0
s2_so	5	delta	1	wrong	643,685	0.0	0	13	0.0	0.0	0.0	0.0	0.035894401371479034	0.05017385259270668	0.062306296080350876	0.028082411736249924	0.0	-0.00017409026622772217	0.0
s2_so	5	delta	1	wrong	610,299	0.0	0	13	0.0	0.0	0.0	0.0	0.035894401371479034	0.05017385259270668	0.062306296080350876	0.028082411736249924	0.0	0.0	0.0
s2_so	5	delta	1	wrong	424,462	0.0	0	13	0.0	0.0	0.0	0.0	0.035894401371479034	0.05017385259270668	0.062306296080350876	0.028082411736249924	0.0	0.0	0.0
s2_so	5	delta	1	wrong	439,87	0.0	0	13	0.0	0.0	0.0	0.0	0.035894401371479034	0.05017385259270668	0.062306296080350876	0.028082411736249924	0.0	0.0	0.0
s2_so	5	delta	1	wrong	558,87	0.0	0	13	0.0	0.0	0.0	0.0	0.035894401371479034	0.05017385259270668	0.062306296080350876	0.028082411736249924	0.0	0.0	0.0
s2_so	5	delta	1	wrong	323,192	0.0	0	13	0.0	0.0	0.0	0.0	0.035894401371479034	0.05017385259270668	0.062306296080350876	0.028082411736249924	0.0	-7.748603820800781e-07	0.0
s2_so	5	delta	1	wrong	1000,289	0.0	0	13	0.0	0.0	0.0	0.0	0.035894401371479034	0.05017385259270668	0.062306296080350876	0.028082411736249924	0.0	-5.960464477539062e-07	0.0
s2_so	5	delta	1	wrong	139,195	-0.00390625	4	13	-5.520880222320557e-06	-1.2487173080444336e-05	0.0005849860608577728	-0.0005337223410606384	0.035888880491256714	0.050161365419626236	0.06289128214120865	0.027548689395189285	0.0008934736251831055	-0.028181016445159912	-0.00892379879951477
s2_so	5	delta	1	wrong	506,806	0.0	0	13	0.0	0.0	0.0	0.0	0.035894401371479034	0.05017385259270668	0.062306296080350876	0.028082411736249924	0.0	-7.450580596923828e-09	0.0
s2_so	5	delta	1	wrong	991,977	0.0	0	13	0.0	0.0	0.0	0.0	0.035894401371479034	0.05017385259270668	0.062306296080350876	0.028082411736249924	0.0	-2.3677945137023926e-05	0.0
s2_so	5	delta	1	wrong	401,847	0.0	0	13	0.0	0.0	0.0	0.0	0.035894401371479034	0.05017385259270668	0.062306296080350876	0.028082411736249924	0.0	-2.2836029529571533e-05	0.0
s2_so	5	delta	1	wrong	802,416	0.0	0	13	0.0	0.0	0.0	0.0	0.035894401371479034	0.05017385259270668	0.062306296080350876	0.028082411736249924	0.0	0.0	0.0
s2_so	5	delta	1	wrong	772,271	0.0	0	13	0.0	0.0	0.0	0.0	0.035894401371479034	0.05017385259270668	0.062306296080350876	0.028082411736249924	0.0	-1.8924474716186523e-06	0.0
s2_so	5	delta	1	wrong	839,328	0.0	0	13	0.0	0.0	0.0	0.0	0.035894401371479034	0.05017385259270668	0.062306296080350876	0.028082411736249924	0.0	-6.414949893951416e-06	0.0
s2_so	5	delta	1	wrong	597,679	0.0	0	13	0.0	0.0	0.0	0.0	0.035894401371479034	0.05017385259270668	0.062306296080350876	0.028082411736249924	0.0	-0.0001723840832710266	0.0
s2_so	5	delta	1	wrong	330,1019	0.0	0	13	0.0	0.0	0.0	0.0	0.035894401371479034	0.05017385259270668	0.062306296080350876	0.028082411736249924	0.0	-0.000322975218296051	0.0
s2_so	5	delta	1	wrong	1017,349	0.0	0	13	0.0	0.0	0.0	0.0	0.035894401371479034	0.05017385259270668	0.062306296080350876	0.028082411736249924	0.0	-9.514391422271729e-06	0.0
s2_so	5	delta	2	true	7,469	0.0	0	13	0.0	0.0	0.0	0.0	0.013677908107638359	0.032566823065280914	0.07675057649612427	0.01582524925470352	0.0	-0.00481867790222168	0.0
s2_so	5	delta	2	true	37,385	-0.20703125	255	13	-0.011087794788181782	-0.019917603582143784	-0.06726400554180145	-0.005222388543188572	0.0025901130866259336	0.01264921948313713	0.009486570954322815	0.01060286071151495	0.4782611131668091	0.3455074429512024	0.3616570234298706
s2_so	5	delta	2	true	42,433	0.0	0	13	0.0	0.0	0.0	0.0	0.013677908107638359	0.032566823065280914	0.07675057649612427	0.01582524925470352	0.0	-0.005988121032714844	-0.0007907524704933167
s2_so	5	delta	2	true	126,507	0.0	0	13	0.0	0.0	0.0	0.0	0.013677908107638359	0.032566823065280914	0.07675057649612427	0.01582524925470352	0.0	-4.172325134277344e-07	0.0
s2_so	5	delta	2	true	808,840	-0.0625	175	13	-0.006128215696662664	-0.016743618994951248	-0.014138385653495789	-0.005782093852758408	0.007549692410975695	0.015823204070329666	0.06261219084262848	0.010043155401945114	0.11304056644439697	0.10582888126373291	0.03349461406469345
s2_so	5	delta	2	true	869,818	0.0	0	13	0.0	0.0	0.0	0.0	0.013677908107638359	0.032566823065280914	0.07675057649612427	0.01582524925470352	0.0	0.0	0.0
s2_so	5	delta	2	true	877,806	0.0	0	13	0.0	0.0	0.0	0.0	0.013677908107638359	0.032566823065280914	0.07675057649612427	0.01582524925470352	0.0	0.0	0.0
s2_so	5	delta	2	true	294,109	0.0	0	13	0.0	0.0	0.0	0.0	0.013677908107638359	0.032566823065280914	0.07675057649612427	0.01582524925470352	0.0	-5.960464477539063e-08	0.0
s2_so	5	delta	2	true	315,104	0.0	0	13	0.0	0.0	0.0	0.0	0.013677908107638359	0.032566823065280914	0.07675057649612427	0.01582524925470352	0.0	-3.695487976074219e-05	0.0
s2_so	5	delta	2	true	316,116	0.0	0	13	0.0	0.0	0.0	0.0	0.013677908107638359	0.032566823065280914	0.07675057649612427	0.01582524925470352	0.0	-9.179115295410156e-06	0.0
s2_so	5	delta	2	true	348,107	0.0	0	13	0.0	0.0	0.0	0.0	0.013677908107638359	0.032566823065280914	0.07675057649612427	0.01582524925470352	0.0	-5.960464477539063e-08	0.0
s2_so	5	delta	2	true	451,146	-0.2109375	256	13	0.11697083711624146	0.11406628042459488	-0.026578828692436218	-0.0005768407136201859	0.13064874708652496	0.1466331034898758	0.05017174780368805	0.015248408541083336	0.44727623462677	0.35683631896972656	0.3302800953388214
s2_so	5	delta	2	true	463,209	0.0	0	13	0.0	0.0	0.0	0.0	0.013677908107638359	0.032566823065280914	0.07675057649612427	0.01582524925470352	0.0	-0.00017893314361572266	0.0
s2_so	5	delta	2	true	642,853	-0.2109375	256	13	-0.0015715938061475754	-0.015628620982170105	-0.051784124225378036	0.0022233109921216965	0.012106314301490784	0.01693820208311081	0.02496645227074623	0.018048560246825218	0.5933641195297241	0.3634631037712097	0.4763679504394531
s2_so	5	delta	2	true	642,878	0.0	0	13	0.0	0.0	0.0	0.0	0.013677908107638359	0.032566823065280914	0.07675057649612427	0.01582524925470352	0.0	-0.00011163949966430664	0.0
s2_so	5	delta	2	true	678,868	0.0	0	13	0.0	0.0	0.0	0.0	0.013677908107638359	0.032566823065280914	0.07675057649612427	0.01582524925470352	0.0	-3.930926322937012e-05	0.0
s2_so	5	delta	2	true	692,795	0.0	0	13	0.0	0.0	0.0	0.0	0.013677908107638359	0.032566823065280914	0.07675057649612427	0.01582524925470352	0.0	-3.4570693969726562e-06	0.0
s2_so	5	delta	2	true	778,880	0.0	0	13	0.0	0.0	0.0	0.0	0.013677908107638359	0.032566823065280914	0.07675057649612427	0.01582524925470352	0.0	-0.0004799067974090576	0.0
s2_so	5	delta	2	true	799,825	0.0	0	13	0.0	0.0	0.0	0.0	0.013677908107638359	0.032566823065280914	0.07675057649612427	0.01582524925470352	0.0	-8.881092071533203e-06	0.0
s2_so	5	delta	2	true	181,111	0.0	0	13	0.0	0.0	0.0	0.0	0.013677908107638359	0.032566823065280914	0.07675057649612427	0.01582524925470352	0.0	-8.255243301391602e-06	0.0
s2_so	5	delta	2	true	190,17	0.0	0	13	0.0	0.0	0.0	0.0	0.013677908107638359	0.032566823065280914	0.07675057649612427	0.01582524925470352	0.0	-0.017076611518859863	-0.005027897655963898
s2_so	5	delta	2	true	197,39	0.0	0	13	0.0	0.0	0.0	0.0	0.013677908107638359	0.032566823065280914	0.07675057649612427	0.01582524925470352	0.0	-0.00015968084335327148	0.0
s2_so	5	delta	2	true	234,41	0.0	0	13	0.0	0.0	0.0	0.0	0.013677908107638359	0.032566823065280914	0.07675057649612427	0.01582524925470352	0.0	-4.500150680541992e-06	0.0
s2_so	5	delta	2	true	407,308	0.0	0	13	0.0	0.0	0.0	0.0	0.013677908107638359	0.032566823065280914	0.07675057649612427	0.01582524925470352	0.0	-0.004951417446136475	0.0
s2_so	5	delta	2	true	424,337	0.0	0	13	0.0	0.0	0.0	0.0	0.013677908107638359	0.032566823065280914	0.07675057649612427	0.01582524925470352	0.0	0.0	0.0
s2_so	5	delta	2	true	428,299	0.0	0	13	0.0	0.0	0.0	0.0	0.013677908107638359	0.032566823065280914	0.07675057649612427	0.01582524925470352	0.0	-2.384185791015625e-07	0.0
s2_so	5	delta	2	true	430,331	0.0	0	13	0.0	0.0	0.0	0.0	0.013677908107638359	0.032566823065280914	0.07675057649612427	0.01582524925470352	0.0	-0.00022077560424804688	0.0
s2_so	5	delta	2	true	499,318	0.0	0	13	0.0	0.0	0.0	0.0	0.013677908107638359	0.032566823065280914	0.07675057649612427	0.01582524925470352	0.0	-3.758072853088379e-05	0.0
s2_so	5	delta	2	true	653,36	-0.0859375	139	13	0.00039317552000284195	-0.006341058760881424	-0.033968135714530945	0.002647930756211281	0.014071083627641201	0.02622576430439949	0.04278244078159332	0.018473180010914803	0.06170964241027832	-0.029986441135406494	-0.023923806846141815
s2_so	5	delta	2	true	665,15	0.00390625	4	13	-2.428237348794937e-05	-0.0002218186855316162	-8.721649646759033e-05	0.00031738169491291046	0.01365362573415041	0.0323450043797493	0.07666335999965668	0.016142630949616432	0.0007823705673217773	-0.04608532786369324	-0.00502379983663559
s2_so	5	delta	2	true	675,103	0.0	0	13	0.0	0.0	0.0	0.0	0.013677908107638359	0.032566823065280914	0.07675057649612427	0.01582524925470352	0.0	-0.00983014702796936	-0.0008909180760383606
s2_so	5	delta	2	true	760,106	0.0	0	13	0.0	0.0	0.0	0.0	0.013677908107638359	0.032566823065280914	0.07675057649612427	0.01582524925470352	0.0	-5.960464477539063e-08	0.0
s2_so	5	delta	2	true	158,458	0.0	0	13	0.0	0.0	0.0	0.0	0.013677908107638359	0.032566823065280914	0.07675057649612427	0.01582524925470352	0.0	-4.76837158203125e-07	0.0
s2_so	5	delta	2	true	182,465	0.0	0	13	0.0	0.0	0.0	0.0	0.013677908107638359	0.032566823065280914	0.07675057649612427	0.01582524925470352	0.0	-1.4901161193847656e-07	0.0
s2_so	5	delta	2	true	215,390	0.0	0	13	0.0	0.0	0.0	0.0	0.013677908107638359	0.032566823065280914	0.07675057649612427	0.01582524925470352	0.0	-1.0132789611816406e-06	0.0
s2_so	5	delta	2	true	285,456	0.0	0	13	0.0	0.0	0.0	0.0	0.013677908107638359	0.032566823065280914	0.07675057649612427	0.01582524925470352	0.0	-3.5762786865234375e-07	0.0
s2_so	5	delta	2	true	299,482	0.0	0	13	0.0	0.0	0.0	0.0	0.013677908107638359	0.032566823065280914	0.07675057649612427	0.01582524925470352	0.0	0.0	0.0
s2_so	5	delta	2	true	303,427	0.0	0	13	0.0	0.0	0.0	0.0	0.013677908107638359	0.032566823065280914	0.07675057649612427	0.01582524925470352	0.0	-0.00466543436050415	-0.0005382820963859558
s2_so	5	delta	2	true	309,493	-0.0078125	8	13	-0.0005998993292450905	-0.0008997246623039246	0.0002818778157234192	-0.0001691468060016632	0.013078008778393269	0.03166709840297699	0.07703245431184769	0.01565610244870186	0.000843048095703125	-0.06703639030456543	-0.007125154137611389
s2_so	5	delta	2	true	315,465	0.0	0	13	0.0	0.0	0.0	0.0	0.013677908107638359	0.032566823065280914	0.07675057649612427	0.01582524925470352	0.0	-2.980232238769531e-07	0.0
s2_so	5	delta	2	true	15,48	-0.125	154	13	0.01322881318628788	0.00941389799118042	0.0002063959836959839	0.019299037754535675	0.02690672129392624	0.041980721056461334	0.07695697247982025	0.0351242870092392	0.07364284992218018	-0.0028759241104125977	-0.013142772018909454
s2_so	5	delta	2	true	88,39	-0.0234375	34	13	0.002690361812710762	0.0013811774551868439	-0.010250359773635864	0.00027843937277793884	0.01636826992034912	0.03394800052046776	0.0665002167224884	0.01610368862748146	0.011831164360046387	-0.044617801904678345	-0.015325762331485748
s2_so	5	delta	2	true	106,97	0.0	0	13	0.0	0.0	0.0	0.0	0.013677908107638359	0.032566823065280914	0.07675057649612427	0.01582524925470352	0.0	-4.470348358154297e-07	0.0
s2_so	5	delta	2	true	258,644	-0.21875	256	13	-0.010902222245931625	-0.028155691921710968	-0.00840933620929718	0.023914635181427002	0.0027756860945373774	0.004411130212247372	0.06834124028682709	0.039739884436130524	0.6187723875045776	0.3635714054107666	0.5017761588096619
s2_so	5	delta	2	true	360,674	-0.01171875	17	13	-0.0005829250440001488	-0.001695176586508751	-0.002488359808921814	8.793734014034271e-05	0.01309498306363821	0.030871646478772163	0.07426221668720245	0.015913186594843864	0.0024726390838623047	-0.07287457585334778	-0.013251356780529022
s2_so	5	delta	2	true	374,699	0.0	0	13	0.0	0.0	0.0	0.0	0.013677908107638359	0.032566823065280914	0.07675057649612427	0.01582524925470352	0.0	0.0	0.0
s2_so	5	delta	2	true	377,754	-0.0078125	10	13	0.002798214554786682	0.0006397664546966553	-0.004732824862003326	5.448237061500549e-05	0.01647612266242504	0.03320658951997757	0.07201775163412094	0.015879731625318527	0.0016133785247802734	-0.04688858985900879	-0.009791046380996704
s2_so	5	delta	2	true	177,613	0.0	0	13	0.0	0.0	0.0	0.0	0.013677908107638359	0.032566823065280914	0.07675057649612427	0.01582524925470352	0.0	-3.5762786865234375e-07	0.0
s2_so	5	delta	2	wrong	235,350	0.0	0	13	0.0	0.0	0.0	0.0	0.013677908107638359	0.032566823065280914	0.07675057649612427	0.01582524925470352	0.0	-0.00017911195755004883	0.0
s2_so	5	delta	2	wrong	325,630	0.0	0	13	0.0	0.0	0.0	0.0	0.013677908107638359	0.032566823065280914	0.07675057649612427	0.01582524925470352	0.0	0.0	0.0
s2_so	5	delta	2	wrong	694,375	0.0	0	13	0.0	0.0	0.0	0.0	0.013677908107638359	0.032566823065280914	0.07675057649612427	0.01582524925470352	0.0	-1.2874603271484375e-05	0.0
s2_so	5	delta	2	wrong	935,1005	0.0	0	13	0.0	0.0	0.0	0.0	0.013677908107638359	0.032566823065280914	0.07675057649612427	0.01582524925470352	0.0	-0.0005366206169128418	-0.0003452673554420471
s2_so	5	delta	2	wrong	748,1001	0.0	0	13	0.0	0.0	0.0	0.0	0.013677908107638359	0.032566823065280914	0.07675057649612427	0.01582524925470352	0.0	-0.0023794174194335938	-0.00010965019464492798
s2_so	5	delta	2	wrong	760,288	0.0	0	13	0.0	0.0	0.0	0.0	0.013677908107638359	0.032566823065280914	0.07675057649612427	0.01582524925470352	0.0	-1.4901161193847656e-07	0.0
s2_so	5	delta	2	wrong	418,545	0.0	0	13	0.0	0.0	0.0	0.0	0.013677908107638359	0.032566823065280914	0.07675057649612427	0.01582524925470352	0.0	0.0	0.0
s2_so	5	delta	2	wrong	439,701	0.0	0	13	0.0	0.0	0.0	0.0	0.013677908107638359	0.032566823065280914	0.07675057649612427	0.01582524925470352	0.0	0.0	0.0
s2_so	5	delta	2	wrong	917,250	0.0	0	13	0.0	0.0	0.0	0.0	0.013677908107638359	0.032566823065280914	0.07675057649612427	0.01582524925470352	0.0	-0.002373218536376953	0.0
s2_so	5	delta	2	wrong	887,160	-0.03125	31	13	-0.0014609117060899734	-0.0028758831322193146	-0.012140989303588867	0.0008671283721923828	0.012216996401548386	0.0296909399330616	0.0646095871925354	0.016692377626895905	0.00632023811340332	-0.11603847146034241	-0.02631209045648575
s2_so	5	delta	2	wrong	387,481	0.0	0	13	0.0	0.0	0.0	0.0	0.013677908107638359	0.032566823065280914	0.07675057649612427	0.01582524925470352	0.0	0.0	0.0
s2_so	5	delta	2	wrong	216,146	-0.21875	149	13	0.028059883043169975	0.039091937243938446	0.01162751019001007	0.018288224935531616	0.041737791150808334	0.07165876030921936	0.08837808668613434	0.03411347419023514	0.06915903091430664	-0.033355891704559326	-0.018685579299926758
s2_so	5	delta	2	wrong	168,302	0.0	0	13	0.0	0.0	0.0	0.0	0.013677908107638359	0.032566823065280914	0.07675057649612427	0.01582524925470352	0.0	-1.4901161193847656e-07	0.0
s2_so	5	delta	2	wrong	534,932	0.0	0	13	0.0	0.0	0.0	0.0	0.013677908107638359	0.032566823065280914	0.07675057649612427	0.01582524925470352	0.0	-0.0007622838020324707	-0.0001415833830833435
s2_so	5	delta	2	wrong	12,133	-0.31640625	243	13	-0.004880729131400585	-0.014790084213018417	-0.002012602984905243	0.027172379195690155	0.008797178976237774	0.017776738852262497	0.07473797351121902	0.04299762845039368	0.2222355604171753	0.2563242018222809	0.10733654350042343
s2_so	5	delta	2	wrong	813,181	0.0	0	13	0.0	0.0	0.0	0.0	0.013677908107638359	0.032566823065280914	0.07675057649612427	0.01582524925470352	0.0	-0.002994537353515625	-1.8149614334106445e-05
s2_so	5	delta	2	wrong	946,165	0.0	1	13	-3.397651016712189e-05	-8.004158735275269e-05	1.9669532775878906e-06	8.488073945045471e-06	0.013643931597471237	0.03248678147792816	0.07675254344940186	0.015833737328648567	7.927417755126953e-05	-0.026106417179107666	-0.011043600738048553
s2_so	5	delta	2	wrong	600,283	0.0	0	13	0.0	0.0	0.0	0.0	0.013677908107638359	0.032566823065280914	0.07675057649612427	0.01582524925470352	0.0	0.0	0.0
s2_so	5	delta	2	wrong	35,540	0.0	0	13	0.0	0.0	0.0	0.0	0.013677908107638359	0.032566823065280914	0.07675057649612427	0.01582524925470352	0.0	-2.9802322387695312e-08	0.0
s2_so	5	delta	2	wrong	275,521	0.0	0	13	0.0	0.0	0.0	0.0	0.013677908107638359	0.032566823065280914	0.07675057649612427	0.01582524925470352	0.0	-4.70280647277832e-05	0.0
s2_so	5	delta	2	wrong	924,260	-0.25390625	207	13	-0.004126640036702156	-0.016351494938135147	-0.04738301783800125	-0.004230055026710033	0.009551268070936203	0.016215328127145767	0.029367556795477867	0.011595194227993488	0.15674006938934326	0.1470266878604889	0.054601363837718964
s2_so	5	delta	2	wrong	530,831	0.0	0	13	0.0	0.0	0.0	0.0	0.013677908107638359	0.032566823065280914	0.07675057649612427	0.01582524925470352	0.0	-0.001967132091522217	-3.524869680404663e-05
s2_so	5	delta	2	wrong	527,113	0.0	0	13	0.0	0.0	0.0	0.0	0.013677908107638359	0.032566823065280914	0.07675057649612427	0.01582524925470352	0.0	-5.960464477539063e-08	0.0
s2_so	5	delta	2	wrong	848,423	0.0	0	13	0.0	0.0	0.0	0.0	0.013677908107638359	0.032566823065280914	0.07675057649612427	0.01582524925470352	0.0	0.0	0.0
s2_so	5	delta	2	wrong	1013,854	-0.00390625	6	13	-0.000132095068693161	-0.0004598349332809448	-0.0012421458959579468	-8.301995694637299e-05	0.013545813038945198	0.03210698813199997	0.07550843060016632	0.01574222929775715	0.0010385513305664062	-0.03765237331390381	-0.005332432687282562
s2_so	5	delta	2	wrong	630,0	-0.00390625	1	13	-1.7134472727775574e-05	-0.00012269988656044006	-4.6700239181518555e-05	5.979463458061218e-05	0.013660773634910583	0.032444123178720474	0.07670387625694275	0.015885043889284134	0.0002739429473876953	-0.010686337947845459	-0.0017694681882858276
s2_so	5	delta	2	wrong	907,302	0.0	0	13	0.0	0.0	0.0	0.0	0.013677908107638359	0.032566823065280914	0.07675057649612427	0.01582524925470352	0.0	-3.5762786865234375e-07	0.0
s2_so	5	delta	2	wrong	141,242	0.0	0	13	0.0	0.0	0.0	0.0	0.013677908107638359	0.032566823065280914	0.07675057649612427	0.01582524925470352	0.0	-0.000964820384979248	0.0
s2_so	5	delta	2	wrong	517,182	-0.265625	157	13	-0.005135402083396912	-0.011862704530358315	-0.04596097022294998	0.0020133741199970245	0.008542506024241447	0.0207041185349226	0.030789608135819435	0.017838623374700546	0.07719576358795166	0.009265393018722534	-0.012348093092441559
s2_so	5	delta	2	wrong	655,995	0.0	0	13	0.0	0.0	0.0	0.0	0.013677908107638359	0.032566823065280914	0.07675057649612427	0.01582524925470352	0.0	-0.00024232268333435059	0.0
s2_so	5	delta	2	wrong	912,666	0.0	0	13	0.0	0.0	0.0	0.0	0.013677908107638359	0.032566823065280914	0.07675057649612427	0.01582524925470352	0.0	-1.8715858459472656e-05	0.0
s2_so	5	delta	2	wrong	643,685	-0.0078125	5	13	0.001917138695716858	-8.087977766990662e-05	-0.001656860113143921	-0.00014471076428890228	0.015595046803355217	0.03248594328761101	0.07509371638298035	0.01568053849041462	0.0007568597793579102	-0.02829587459564209	-0.0022023990750312805
s2_so	5	delta	2	wrong	610,299	0.0	0	13	0.0	0.0	0.0	0.0	0.013677908107638359	0.032566823065280914	0.07675057649612427	0.01582524925470352	0.0	0.0	0.0
s2_so	5	delta	2	wrong	424,462	0.0	0	13	0.0	0.0	0.0	0.0	0.013677908107638359	0.032566823065280914	0.07675057649612427	0.01582524925470352	0.0	0.0	0.0
s2_so	5	delta	2	wrong	439,87	0.0	0	13	0.0	0.0	0.0	0.0	0.013677908107638359	0.032566823065280914	0.07675057649612427	0.01582524925470352	0.0	0.0	0.0
s2_so	5	delta	2	wrong	558,87	0.0	0	13	0.0	0.0	0.0	0.0	0.013677908107638359	0.032566823065280914	0.07675057649612427	0.01582524925470352	0.0	-1.519918441772461e-06	0.0
s2_so	5	delta	2	wrong	323,192	0.0	0	13	0.0	0.0	0.0	0.0	0.013677908107638359	0.032566823065280914	0.07675057649612427	0.01582524925470352	0.0	-0.0001551508903503418	0.0
s2_so	5	delta	2	wrong	1000,289	0.0	0	13	0.0	0.0	0.0	0.0	0.013677908107638359	0.032566823065280914	0.07675057649612427	0.01582524925470352	0.0	-0.0002442300319671631	0.0
s2_so	5	delta	2	wrong	139,195	-0.1796875	163	13	-0.0010731518268585205	-0.0030322931706905365	0.013666979968547821	0.002421315759420395	0.012604756280779839	0.029534529894590378	0.09041755646467209	0.018246565014123917	0.09642815589904785	0.033209532499313354	0.0037769004702568054
s2_so	5	delta	2	wrong	506,806	0.0	0	13	0.0	0.0	0.0	0.0	0.013677908107638359	0.032566823065280914	0.07675057649612427	0.01582524925470352	0.0	-3.5762786865234375e-07	0.0
s2_so	5	delta	2	wrong	991,977	0.0	1	13	1.4800578355789185e-05	5.904585123062134e-06	-6.67572021484375e-06	1.601874828338623e-05	0.013692708685994148	0.032572727650403976	0.07674390077590942	0.015841268002986908	0.00021708011627197266	-0.013367325067520142	-0.00176972895860672
s2_so	5	delta	2	wrong	401,847	0.0	0	13	0.0	0.0	0.0	0.0	0.013677908107638359	0.032566823065280914	0.07675057649612427	0.01582524925470352	0.0	-0.011908560991287231	-9.199976921081543e-05
s2_so	5	delta	2	wrong	802,416	0.0	0	13	0.0	0.0	0.0	0.0	0.013677908107638359	0.032566823065280914	0.07675057649612427	0.01582524925470352	0.0	0.0	0.0
s2_so	5	delta	2	wrong	772,271	0.0	0	13	0.0	0.0	0.0	0.0	0.013677908107638359	0.032566823065280914	0.07675057649612427	0.01582524925470352	0.0	-0.0008167624473571777	0.0
s2_so	5	delta	2	wrong	839,328	0.0	0	13	0.0	0.0	0.0	0.0	0.013677908107638359	0.032566823065280914	0.07675057649612427	0.01582524925470352	0.0	-0.0011556446552276611	0.0
s2_so	5	delta	2	wrong	597,679	-0.015625	9	13	-0.0002393564209342003	-0.0011061280965805054	-0.00200064480304718	-2.0420178771018982e-05	0.013438551686704159	0.03146069496870041	0.07474993169307709	0.015804829075932503	0.0008002519607543945	-0.056568652391433716	-0.015831954777240753
s2_so	5	delta	2	wrong	330,1019	-0.0546875	38	13	-0.0017241183668375015	-0.003646843135356903	-0.007629513740539551	-0.0021052174270153046	0.011953789740800858	0.02891997992992401	0.06912106275558472	0.013720031827688217	0.010149836540222168	-0.05408748984336853	-0.016081228852272034
s2_so	5	delta	2	wrong	1017,349	0.0	0	13	0.0	0.0	0.0	0.0	0.013677908107638359	0.032566823065280914	0.07675057649612427	0.01582524925470352	0.0	-0.012372076511383057	-0.00035062432289123535
s2_so	5	single	-1	true	60,454	0.36328125	-1	1					0.01799062266945839	0.022964268922805786	0.10090713202953339	0.024104641750454903	-0.0042226603254675865	0.0	0.0
s2_so	5	single	-1	true	64,463	0.36328125	-1	1					0.0023349011316895485	0.0047791507095098495	0.006948493421077728	0.002627223962917924	-0.07869017124176025	0.0	0.0
s2_so	5	single	-1	true	68,478	0.36328125	-1	1					0.00011541879212018102	0.0005738931358791888	0.016200585290789604	0.0035506361164152622	-0.515616238117218	0.0	0.0
s2_so	5	single	-1	true	86,394	0.12109375	-1	1					0.05375128984451294	0.06687843799591064	0.01699712499976158	0.006609040778130293	0.7773165702819824	0.0	0.0
s2_so	5	single	-1	true	126,490	0.12109375	-1	1					0.09890152513980865	0.10594169795513153	0.051590025424957275	0.020030517131090164	0.21179264783859253	0.0	0.0
s2_so	5	single	-1	true	773,889	0.18359375	-1	1					0.14172440767288208	0.15409842133522034	0.012278552167117596	0.00810171477496624	0.9780243635177612	0.0	0.0
s2_so	5	single	-1	true	808,876	0.18359375	-1	1					0.005568084307014942	0.01268199272453785	0.05362952500581741	0.012799704447388649	0.4040912985801697	0.0	0.0
s2_so	5	single	-1	true	832,786	0.18359375	-1	1					0.00012559528113342822	0.0005875048227608204	0.008201919496059418	0.007766160182654858	-0.42520564794540405	0.0	0.0
s2_so	5	single	-1	true	835,895	0.18359375	-1	1					0.0039014145731925964	0.010960061103105545	0.011124495416879654	0.00687466561794281	0.3244020342826843	0.0	0.0
s2_so	5	single	-1	true	844,796	0.18359375	-1	1					0.03439226746559143	0.04562241584062576	0.006986758206039667	0.0033055550884455442	-0.49836036562919617	0.0	0.0
s2_so	5	single	-1	true	874,846	0.18359375	-1	1					0.00016357989807147533	0.0016601620009168983	0.019999785348773003	0.003574557136744261	-0.14913195371627808	0.0	0.0
s2_so	5	single	-1	true	258,74	0.0	-1	1					0.002184726297855377	0.004525815602391958	0.0020245681516826153	0.009240726009011269	0.13238710165023804	0.0	0.0
s2_so	5	single	-1	true	265,118	0.0	-1	1					0.01857556588947773	0.038311734795570374	0.09070397168397903	0.014307936653494835	-0.26603806018829346	0.0	0.0
s2_so	5	single	-1	true	276,74	0.2421875	-1	1					0.006460774224251509	0.013560152612626553	0.007157494314014912	0.011286016553640366	0.22878211736679077	0.0	0.0
s2_so	5	single	-1	true	280,126	0.0	-1	1					0.00490604480728507	0.010929033160209656	0.019433552399277687	0.008424408733844757	-0.22491037845611572	0.0	0.0
s2_so	5	single	-1	true	287,48	0.2421875	-1	1					0.007514668628573418	0.013731865212321281	0.08333051204681396	0.027147239074110985	0.20802628993988037	0.0	0.0
s2_so	5	single	-1	true	327,116	0.0	-1	1					0.00965816155076027	0.014336085878312588	0.01102597825229168	0.01883113384246826	-0.3095436692237854	0.0	0.0
s2_so	5	single	-1	true	4,789	0.2421875	-1	1					0.0016924060182645917	0.006495954934507608	0.018245747312903404	0.019516099244356155	0.25698769092559814	0.0	0.0
s2_so	5	single	-1	true	24,849	0.0	-1	1					0.006269394885748625	0.010997027158737183	0.013017460703849792	0.013698570430278778	1.179417610168457	0.0	0.0
s2_so	5	single	-1	true	30,780	0.2421875	-1	1					0.08377264440059662	0.06501607596874237	0.012561865150928497	0.00607107300311327	0.002425987273454666	0.0	0.0
s2_so	5	single	-1	true	38,823	0.0	-1	1					0.03593481704592705	0.04359947517514229	0.04002852737903595	0.027532236650586128	-0.17251995205879211	0.0	0.0
s2_so	5	single	-1	true	52,823	0.0	-1	1					0.017526254057884216	0.033969394862651825	0.03942817449569702	0.030804336071014404	-0.37519386410713196	0.0	0.0
s2_so	5	single	-1	true	52,878	0.0	-1	1					0.005591857712715864	0.027921680361032486	0.015608260408043861	0.006536029279232025	-0.19615352153778076	0.0	0.0
s2_so	5	single	-1	true	62,803	0.12109375	-1	1					0.03559346869587898	0.04236529394984245	0.02485346421599388	0.006416573189198971	-0.62076735496521	0.0	0.0
s2_so	5	single	-1	true	67,805	0.0	-1	1					0.0004556089988909662	0.0011027059517800808	0.0023984271101653576	0.009834074415266514	-0.8785900473594666	0.0	0.0
s2_so	5	single	-1	true	395,225	0.12109375	-1	1					0.004589544143527746	0.02025313302874565	0.04839814454317093	0.009818746708333492	0.581730842590332	0.0	0.0
s2_so	5	single	-1	true	408,148	0.12109375	-1	1					0.00023274707200471312	0.001936857937835157	0.024692969396710396	0.01980281062424183	0.3087615370750427	0.0	0.0
s2_so	5	single	-1	true	419,169	0.12109375	-1	1					0.0017532368656247854	0.004722157493233681	0.005068151745945215	0.007715628482401371	0.4416734576225281	0.0	0.0
s2_so	5	single	-1	true	492,222	0.12109375	-1	1					0.005489375442266464	0.009435898624360561	0.056401051580905914	0.014362845569849014	1.1161339282989502	0.0	0.0
s2_so	5	single	-1	true	648,780	0.30859375	-1	1					0.002427964936941862	0.004530012607574463	0.009035307914018631	0.011695319786667824	0.3213821053504944	0.0	0.0
s2_so	5	single	-1	true	667,803	0.12109375	-1	1					0.04115478694438934	0.04778777435421944	0.012421887367963791	0.005563286133110523	-0.36299780011177063	0.0	0.0
s2_so	5	single	-1	true	691,879	0.12109375	-1	1					0.032287679612636566	0.07664550840854645	0.005750558339059353	0.010808299295604229	0.13230518996715546	0.0	0.0
s2_so	5	single	-1	true	716,797	0.61328125	-1	1					0.0064011006616055965	0.01069625560194254	0.011529514566063881	0.006230155937373638	0.009763838723301888	0.0	0.0
s2_so	5	single	-1	true	762,787	0.87890625	-1	1					0.00408979831263423	0.00966539978981018	0.018348833546042442	0.007275775540620089	-0.41739726066589355	0.0	0.0
s2_so	5	single	-1	true	766,848	0.12109375	-1	1					0.007845907472074032	0.015334592200815678	0.024564797058701515	0.016863306984305382	0.8553694486618042	0.0	0.0
s2_so	5	single	-1	true	772,884	0.18359375	-1	1					0.0016430782852694392	0.0041640219278633595	0.012866144068539143	0.01912294700741768	0.7530620694160461	0.0	0.0
s2_so	5	single	-1	true	773,874	0.18359375	-1	1					0.01752692274749279	0.037509359419345856	0.0025097690522670746	0.005101686343550682	0.34114155173301697	0.0	0.0
s2_so	5	single	-1	true	805,768	0.18359375	-1	1					0.03404928743839264	0.03931129351258278	0.11496639996767044	0.01735677570104599	0.0007868537213653326	0.0	0.0
s2_so	5	single	-1	true	806,815	0.18359375	-1	1					0.0008615446276962757	0.0019478958565741777	0.00425016600638628	0.013403473421931267	0.2552465498447418	0.0	0.0
s2_so	5	single	-1	true	820,778	0.18359375	-1	1					0.003701272886246443	0.007040079683065414	0.007432125508785248	0.005173147656023502	-0.3916853368282318	0.0	0.0
s2_so	5	single	-1	true	834,849	0.18359375	-1	1					0.00017876754282042384	0.0008340743370354176	0.017943691462278366	0.008456839248538017	0.8043010234832764	0.0	0.0
s2_so	5	single	-1	true	852,824	0.18359375	-1	1					0.21477754414081573	0.24133805930614471	0.13368168473243713	0.060228779911994934	0.6064324378967285	0.0	0.0
s2_so	5	single	-1	true	859,798	0.18359375	-1	1					0.043187033385038376	0.05910288542509079	0.026990868151187897	0.009332639165222645	-0.33132204413414	0.0	0.0
s2_so	5	single	-1	true	871,866	0.18359375	-1	1					0.0012886913027614355	0.00610679155215621	0.012377835810184479	0.012896519154310226	0.0006289964076131582	0.0	0.0
s2_so	5	single	-1	true	879,893	0.18359375	-1	1					0.0020666932687163353	0.0057858736254274845	0.012403469532728195	0.014156853780150414	0.2175436168909073	0.0	0.0
s2_so	5	single	-1	true	893,790	0.18359375	-1	1					0.0073493123054504395	0.01800759695470333	0.05279509723186493	0.01264443714171648	0.05943072959780693	0.0	0.0
s2_so	5	single	-1	true	142,65	0.4921875	-1	1					0.021698860451579094	0.033283840864896774	0.08862960338592529	0.019448064267635345	0.38047364354133606	0.0	0.0
s2_so	5	single	-1	true	144,17	0.4921875	-1	1					0.012234970927238464	0.027693534269928932	0.03820723295211792	0.015543678775429726	0.9752466678619385	0.0	0.0
s2_so	5	single	-1	true	161,15	0.4921875	-1	1					0.027193740010261536	0.05435553193092346	0.07831299304962158	0.024901293218135834	0.9585539698600769	0.0	0.0
s2_so	5	single	-1	true	166,8	0.4921875	-1	1					0.05598520487546921	0.061606504023075104	0.051719821989536285	0.033321037888526917	0.8657289743423462	0.0	0.0
s2_so	5	single	-1	true	425,368	0.1875	-1	1					0.0028174351900815964	0.008720609359443188	0.004455211106687784	0.010709867812693119	0.64010089635849	0.0	0.0
s2_so	5	single	-1	true	443,257	0.1875	-1	1					0.001117899315431714	0.0038393549621105194	0.017148761078715324	0.0036948551423847675	0.9526156783103943	0.0	0.0
s2_so	5	single	-1	true	461,270	0.1875	-1	1					0.02622988261282444	0.06294431537389755	0.10170485079288483	0.013935251161456108	0.3778837025165558	0.0	0.0
s2_so	5	single	-1	true	491,262	0.1875	-1	1					0.0017220309237018228	0.0061171087436378	0.016169311478734016	0.01047116331756115	0.9015380144119263	0.0	0.0
s2_so	5	single	-1	true	658,8	0.1875	-1	1					0.02515232004225254	0.02614772692322731	0.09762707352638245	0.026045560836791992	1.2756855487823486	0.0	0.0
s2_so	5	single	-1	true	682,20	0.1875	-1	1					0.027154475450515747	0.02230123244225979	0.05415159463882446	0.017926650121808052	1.0265703201293945	0.0	0.0
s2_so	5	single	-1	true	689,6	0.1875	-1	1					0.03936217725276947	0.04635963588953018	0.10407161712646484	0.042055435478687286	1.3884265422821045	0.0	0.0
s2_so	5	single	-1	true	710,24	0.4921875	-1	1					0.11156514286994934	0.1307407021522522	0.14932866394519806	0.043418288230895996	0.35122278332710266	0.0	0.0
s2_so	5	single	-1	true	715,96	0.87890625	-1	1					0.30926457047462463	0.3027292788028717	0.32343339920043945	0.06837306171655655	0.5212210416793823	0.0	0.0
s2_so	5	single	-1	true	738,125	0.61328125	-1	1					0.0009350963518954813	0.0025899833999574184	0.0037756417877972126	0.0042181676253676414	-0.07950641214847565	0.0	0.0
s2_so	5	single	-1	true	753,121	0.87890625	-1	1					0.02495497092604637	0.030845966190099716	0.02046801522374153	0.004628559574484825	0.1154351606965065	0.0	0.0
s2_so	5	single	-1	true	753,126	0.61328125	-1	1					0.07590475678443909	0.07921390235424042	0.02763247676193714	0.009255439043045044	-0.040777359157800674	0.0	0.0
s2_so	5	single	-1	true	757,68	0.4921875	-1	1					0.011061293072998524	0.011088185012340546	0.04587122052907944	0.00703192874789238	0.3353278934955597	0.0	0.0
s2_so	5	single	-1	true	145,487	0.42578125	-1	1					0.03818577155470848	0.07077810168266296	0.012369128875434399	0.002846343908458948	-0.2880015969276428	0.0	0.0
s2_so	5	single	-1	true	145,510	0.42578125	-1	1					0.06643813103437424	0.11908967047929764	0.08284550905227661	0.01654178649187088	0.6394653916358948	0.0	0.0
s2_so	5	single	-1	true	211,449	0.3046875	-1	1					0.06417060643434525	0.1540064811706543	0.07475750893354416	0.017638083547353745	-0.3093673586845398	0.0	0.0
s2_so	5	single	-1	true	218,486	0.3046875	-1	1					0.06490898877382278	0.1055491715669632	0.05804736167192459	0.02444317750632763	-0.6337839365005493	0.0	0.0
s2_so	5	single	-1	true	229,427	0.3046875	-1	1					0.03681709244847298	0.05366525053977966	0.04887935146689415	0.02326934225857258	1.060244083404541	0.0	0.0
s2_so	5	single	-1	true	230,393	0.3046875	-1	1					0.035161927342414856	0.04955541342496872	0.15467742085456848	0.01583119109272957	1.0318480730056763	0.0	0.0
s2_so	5	single	-1	true	247,404	0.3046875	-1	1					0.010279051028192043	0.012076949700713158	0.07607089728116989	0.049243927001953125	0.47204285860061646	0.0	0.0
s2_so	5	single	-1	true	263,444	0.3046875	-1	1					0.0013896927703171968	0.0032902895472943783	0.01255908515304327	0.019837891682982445	0.6287868022918701	0.0	0.0
s2_so	5	single	-1	true	296,400	0.3046875	-1	1					0.0014788247644901276	0.005800220184028149	0.0029654570389539003	0.008457770571112633	0.9602892398834229	0.0	0.0
s2_so	5	single	-1	true	305,489	0.3046875	-1	1					0.0015398664399981499	0.004848791286349297	0.04041610285639763	0.013044781982898712	0.4947003722190857	0.0	0.0
s2_so	5	single	-1	true	314,509	0.3046875	-1	1					0.007312338799238205	0.009599930606782436	0.0814150795340538	0.016470815986394882	0.7495694160461426	0.0	0.0
s2_so	5	single	-1	true	333,401	0.3046875	-1	1					0.006049545481801033	0.014167426154017448	0.02625989355146885	0.0279913991689682	1.323652744293213	0.0	0.0
s2_so	5	single	-1	true	339,462	0.3046875	-1	1					0.019112631678581238	0.022615395486354828	0.011336570605635643	0.009824872016906738	-0.6487016081809998	0.0	0.0
s2_so	5	single	-1	true	340,442	0.3046875	-1	1					0.004915023222565651	0.00869925506412983	0.020716942846775055	0.016329649835824966	0.9191281795501709	0.0	0.0
s2_so	5	single	-1	true	367,477	0.3046875	-1	1					0.0015611074632033706	0.006395001895725727	0.013888594694435596	0.003401384223252535	-0.25953584909439087	0.0	0.0
s2_so	5	single	-1	true	945,2	0.4921875	-1	1					0.046158015727996826	0.06788617372512817	0.0955076813697815	0.05421197786927223	1.4742343425750732	0.0	0.0
s2_so	5	single	-1	true	14,14	0.2421875	-1	1					0.18595197796821594	0.11288708448410034	0.12150561809539795	0.04553354158997536	0.6693101525306702	0.0	0.0
s2_so	5	single	-1	true	62,81	0.2421875	-1	1					0.008861280977725983	0.01400082092732191	0.138568714261055	0.016707006841897964	0.2447950392961502	0.0	0.0
s2_so	5	single	-1	true	63,123	0.36328125	-1	1					0.014834132045507431	0.030046042054891586	0.006097128614783287	0.003381214337423444	-0.2513221502304077	0.0	0.0
s2_so	5	single	-1	true	90,98	0.36328125	-1	1					0.020204998552799225	0.019245337694883347	0.04597444832324982	0.029905419796705246	-0.33363714814186096	0.0	0.0
s2_so	5	single	-1	true	113,59	0.2421875	-1	1					0.03234976902604103	0.037158358842134476	0.03899514302611351	0.0281283687800169	0.31254836916923523	0.0	0.0
s2_so	5	single	-1	true	278,643	0.11328125	-1	1					0.0005645962664857507	0.0018682106165215373	0.06611388176679611	0.026034407317638397	0.9562370181083679	0.0	0.0
s2_so	5	single	-1	true	293,651	0.11328125	-1	1					0.03651207685470581	0.04600482061505318	0.061199575662612915	0.01843377575278282	0.6533791422843933	0.0	0.0
s2_so	5	single	-1	true	339,736	0.11328125	-1	1					0.00043420540168881416	0.001499089878052473	0.0186288021504879	0.01677723601460457	0.5766127109527588	0.0	0.0
s2_so	5	single	-1	true	341,696	0.11328125	-1	1					0.002581273904070258	0.005137891508638859	0.0033180364407598972	0.018515195697546005	-0.12942978739738464	0.0	0.0
s2_so	5	single	-1	true	345,688	0.11328125	-1	1					0.013315300457179546	0.017213284969329834	0.006869477219879627	0.030783310532569885	0.5008883476257324	0.0	0.0
s2_so	5	single	-1	true	368,717	0.11328125	-1	1					0.02372732385993004	0.03497622162103653	0.028944987803697586	0.023345690220594406	0.704041600227356	0.0	0.0
s2_so	5	single	-1	true	132,552	0.11328125	-1	1					0.020875975489616394	0.03976725786924362	0.03691306710243225	0.013294341042637825	1.2855116128921509	0.0	0.0
s2_so	5	single	-1	true	154,635	0.11328125	-1	1					0.0660785585641861	0.10253208130598068	0.026992054656147957	0.024105332791805267	0.825361967086792	0.0	0.0
s2_so	5	single	-1	true	174,587	0.11328125	-1	1					0.013485433533787727	0.01710624247789383	0.041225433349609375	0.014471283182501793	0.507265031337738	0.0	0.0
s2_so	5	single	-1	true	175,517	0.11328125	-1	1					0.1516316533088684	0.1719663441181183	0.022899821400642395	0.018216891214251518	0.07785405218601227	0.0	0.0
s2_so	5	single	-1	true	181,559	0.11328125	-1	1					0.009082907810807228	0.014618935063481331	0.036223217844963074	0.01068054512143135	0.8221418857574463	0.0	0.0
s2_so	5	single	-1	true	226,601	0.11328125	-1	1					0.011597655713558197	0.022479522973299026	0.03838582709431648	0.008329402655363083	0.15960492193698883	0.0	0.0
s2_so	5	single	-1	wrong	235,350	0.0	-1	1					0.00713071133941412	0.01198685634881258	0.08559951186180115	0.0132366344332695	0.41025978326797485	0.0	0.0
s2_so	5	single	-1	wrong	325,630	0.0	-1	1					0.0028332702349871397	0.007349708117544651	0.01848399080336094	0.018091369420289993	-0.7769365310668945	0.0	0.0
s2_so	5	single	-1	wrong	694,375	0.0	-1	1					0.00044201925629749894	0.001461297506466508	0.01572239398956299	0.01379807386547327	0.20364266633987427	0.0	0.0
s2_so	5	single	-1	wrong	935,1005	0.0	-1	1					0.016568686813116074	0.04061313346028328	0.002827704418450594	0.01040162518620491	0.4372270703315735	0.0	0.0
s2_so	5	single	-1	wrong	748,1001	0.0	-1	1					0.003919774666428566	0.011345806531608105	0.07535846531391144	0.008021833375096321	0.5512892007827759	0.0	0.0
s2_so	5	single	-1	wrong	760,288	0.0	-1	1					0.01449083723127842	0.01965213194489479	0.01729365810751915	0.0274858046323061	-0.09999331831932068	0.0	0.0
s2_so	5	single	-1	wrong	418,545	0.0	-1	1					0.00043489265954121947	0.0018331576138734818	0.008586892858147621	0.008048025891184807	-0.7593618035316467	0.0	0.0
s2_so	5	single	-1	wrong	439,701	0.0	-1	1					0.001102058682590723	0.002436269773170352	0.026049882173538208	0.00919736921787262	-0.42761439085006714	0.0	0.0
s2_so	5	single	-1	wrong	917,250	0.0	-1	1					0.005407419055700302	0.009772660210728645	0.01961529813706875	0.0031865458004176617	0.4972081780433655	0.0	0.0
s2_so	5	single	-1	wrong	887,160	0.0	-1	1					0.00019111255824100226	0.0009829270420596004	0.011209353804588318	0.018386926501989365	0.877316951751709	0.0	0.0
s2_so	5	single	-1	wrong	387,481	0.0	-1	1					0.009406767785549164	0.01922200433909893	0.020323496311903	0.00997952837496996	-0.3204064667224884	0.0	0.0
s2_so	5	single	-1	wrong	216,146	0.0	-1	1					0.0634743869304657	0.10215333104133606	0.08231399953365326	0.04560669884085655	1.0321153402328491	0.0	0.0
s2_so	5	single	-1	wrong	168,302	0.0	-1	1					0.02914109267294407	0.038420215249061584	0.015594439581036568	0.009872633032500744	-0.16021603345870972	0.0	0.0
s2_so	5	single	-1	wrong	534,932	0.0	-1	1					0.0038208835758268833	0.01034473441541195	0.015077406540513039	0.01788470521569252	0.4538074731826782	0.0	0.0
s2_so	5	single	-1	wrong	12,133	0.0	-1	1					0.008973285555839539	0.017436735332012177	0.07204431295394897	0.04401474818587303	1.2271727323532104	0.0	0.0
s2_so	5	single	-1	wrong	813,181	0.0	-1	1					0.0011435128981247544	0.005066392477601767	0.008480096235871315	0.015094715170562267	0.5082604885101318	0.0	0.0
s2_so	5	single	-1	wrong	946,165	0.0	-1	1					0.0008009971352294087	0.0030895117670297623	0.027508340775966644	0.01959180273115635	0.6800282001495361	0.0	0.0
s2_so	5	single	-1	wrong	600,283	0.0	-1	1					0.0006854177918285131	0.002045365748926997	0.01655725948512554	0.01149690616875887	-0.23426508903503418	0.0	0.0
s2_so	5	single	-1	wrong	35,540	0.0	-1	1					0.002900466090068221	0.006567646749317646	0.00975995697081089	0.005041380412876606	-0.2862170338630676	0.0	0.0
s2_so	5	single	-1	wrong	275,521	0.0	-1	1					0.010662166401743889	0.021479124203324318	0.039049915969371796	0.016491681337356567	0.30332762002944946	0.0	0.0
s2_so	5	single	-1	wrong	924,260	0.0	-1	1					0.008406796492636204	0.013022419065237045	0.016864122822880745	0.010093439370393753	1.1471226215362549	0.0	0.0
s2_so	5	single	-1	wrong	530,831	0.0	-1	1					0.0008442994439974427	0.0022561089135706425	0.02034911699593067	0.020313948392868042	0.5458367466926575	0.0	0.0
s2_so	5	single	-1	wrong	527,113	0.0	-1	1					0.004892020486295223	0.011209170334041119	0.046895965933799744	0.009550345130264759	-0.12319613993167877	0.0	0.0
s2_so	5	single	-1	wrong	848,423	0.0	-1	1					0.0008672094554640353	0.004116706550121307	0.005089836195111275	0.013551002368330956	-0.8342421650886536	0.0	0.0
s2_so	5	single	-1	wrong	1013,854	0.0	-1	1					0.0010685694869607687	0.006676161661744118	0.00329532939940691	0.005201409570872784	0.7473074197769165	0.0	0.0
s2_so	5	single	-1	wrong	630,0	0.0	-1	1					0.0020811024587601423	0.003416753374040127	0.01573382504284382	0.025959789752960205	0.5977188348770142	0.0	0.0
s2_so	5	single	-1	wrong	907,302	0.0	-1	1					0.025932254269719124	0.060569390654563904	0.09468293190002441	0.021044790744781494	-0.023744694888591766	0.0	0.0
s2_so	5	single	-1	wrong	141,242	0.0	-1	1					0.006331515498459339	0.009986955672502518	0.04627874493598938	0.016963984817266464	0.45007187128067017	0.0	0.0
s2_so	5	single	-1	wrong	517,182	0.0	-1	1					0.006250814534723759	0.012153420597314835	0.006410145666450262	0.020096411928534508	1.0290271043777466	0.0	0.0
s2_so	5	single	-1	wrong	655,995	0.0	-1	1					0.002430208958685398	0.006272315513342619	0.008150633424520493	0.007784263230860233	0.4136631488800049	0.0	0.0
s2_so	5	single	-1	wrong	912,666	0.0	-1	1					0.030536610633134842	0.047810494899749756	0.13417309522628784	0.02226507104933262	0.2154381424188614	0.0	0.0
s2_so	5	single	-1	wrong	643,685	0.0	-1	1					0.030305903404951096	0.04304441064596176	0.05091436952352524	0.016545280814170837	0.7138662338256836	0.0	0.0
s2_so	5	single	-1	wrong	610,299	0.0	-1	1					0.000683218939229846	0.0035100525710731745	0.017034325748682022	0.004750962369143963	-0.7512505054473877	0.0	0.0
s2_so	5	single	-1	wrong	424,462	0.0	-1	1					0.002638306003063917	0.006692199502140284	0.0013282771687954664	0.004886956419795752	-0.2685391902923584	0.0	0.0
s2_so	5	single	-1	wrong	439,87	0.0	-1	1					0.0005153538659214973	0.0015421052230522037	0.008409257978200912	0.019617479294538498	-0.32426393032073975	0.0	0.0
s2_so	5	single	-1	wrong	558,87	0.0	-1	1					0.011425894685089588	0.02081890217959881	0.05259176343679428	0.030850954353809357	0.029247766360640526	0.0	0.0
s2_so	5	single	-1	wrong	323,192	0.0	-1	1					0.002707399893552065	0.0047638812102377415	0.012920870445668697	0.014223732054233551	0.28915226459503174	0.0	0.0
s2_so	5	single	-1	wrong	1000,289	0.0	-1	1					0.002854844555258751	0.009188654832541943	0.024896379560232162	0.006432030349969864	0.41333428025245667	0.0	0.0
s2_so	5	single	-1	wrong	139,195	0.0	-1	1					0.010502240620553493	0.0275261290371418	0.09067100286483765	0.021068774163722992	1.0763237476348877	0.0	0.0
s2_so	5	single	-1	wrong	506,806	0.0	-1	1					0.07511533051729202	0.06806068122386932	0.055737368762493134	0.032606180757284164	-0.06853731721639633	0.0	0.0
s2_so	5	single	-1	wrong	991,977	0.0	-1	1					0.019096050411462784	0.03949171304702759	0.027739156037569046	0.007843303494155407	0.6513975858688354	0.0	0.0
s2_so	5	single	-1	wrong	401,847	0.0	-1	1					0.012367203831672668	0.031902190297842026	0.014192730188369751	0.013732965104281902	0.6483542919158936	0.0	0.0
s2_so	5	single	-1	wrong	802,416	0.0	-1	1					0.0007949225837364793	0.0030472553335130215	0.009208127856254578	0.009028964675962925	-0.6509531736373901	0.0	0.0
s2_so	5	single	-1	wrong	772,271	0.0	-1	1					0.0034184539690613747	0.008828844875097275	0.009767325595021248	0.0020917269866913557	0.4428277015686035	0.0	0.0
s2_so	5	single	-1	wrong	839,328	0.0	-1	1					0.00011163284943904728	0.0003839503042399883	0.004211874678730965	0.016089504584670067	0.4801609516143799	0.0	0.0
s2_so	5	single	-1	wrong	597,679	0.0	-1	1					0.0017361212521791458	0.005367867648601532	0.004231186583638191	0.005135606974363327	0.7627770900726318	0.0	0.0
s2_so	5	single	-1	wrong	330,1019	0.0	-1	1					0.0016759627033025026	0.005639137700200081	0.0010316434781998396	0.007840001955628395	0.8108044862747192	0.0	0.0
s2_so	5	single	-1	wrong	1017,349	0.0	-1	1					0.01747642457485199	0.04052429273724556	0.036395713686943054	0.013164203613996506	0.6586642265319824	0.0	0.0
s2_so	5	single	-1	wrong	575,423	0.0	-1	1					0.00491824047639966	0.03183268755674362	0.004451865795999765	0.01414504460990429	-0.5108271837234497	0.0	0.0
s2_so	5	single	-1	wrong	255,201	0.0	-1	1					0.01550231222063303	0.02864779718220234	0.02114276774227619	0.008322726003825665	0.8095930218696594	0.0	0.0
s2_so	5	single	-1	wrong	953,743	0.0	-1	1					0.0020318073220551014	0.0047927675768733025	0.011855718679726124	0.020594235509634018	0.9599007368087769	0.0	0.0
s2_so	5	single	-1	wrong	794,638	0.0	-1	1					0.0029083765111863613	0.004579680040478706	0.013624578714370728	0.013111326843500137	-0.28864559531211853	0.0	0.0
s2_so	5	single	-1	wrong	264,542	0.0	-1	1					0.0034629728179425	0.0062997909262776375	0.0025418507866561413	0.003178672632202506	-0.13515454530715942	0.0	0.0
s2_so	5	single	-1	wrong	887,576	0.0	-1	1					0.0018958167638629675	0.007109791040420532	0.012330611236393452	0.020124070346355438	0.14173315465450287	0.0	0.0
s2_so	5	single	-1	wrong	775,671	0.0	-1	1					0.017649082466959953	0.033543143421411514	0.006099454127252102	0.004305905196815729	0.019447408616542816	0.0	0.0
s2_so	5	single	-1	wrong	312,1000	0.0	-1	1					0.0005684003699570894	0.0024779769591987133	0.03308924660086632	0.023069245740771294	0.684678316116333	0.0	0.0
s2_so	5	single	-1	wrong	700,392	0.0	-1	1					0.04544275254011154	0.047457411885261536	0.08542603254318237	0.009280542843043804	1.157325267791748	0.0	0.0
s2_so	5	single	-1	wrong	857,285	0.0	-1	1					0.019630756229162216	0.04032434523105621	0.05189204961061478	0.01848556101322174	0.5325050354003906	0.0	0.0
s2_so	5	single	-1	wrong	208,241	0.0	-1	1					0.0177086740732193	0.06158196181058884	0.04165255278348923	0.019214538857340813	-0.17261584103107452	0.0	0.0
s2_so	5	single	-1	wrong	609,648	0.0	-1	1					0.003088171361014247	0.005197789054363966	0.03398064896464348	0.018106786534190178	0.5172668695449829	0.0	0.0
s2_so	5	single	-1	wrong	412,442	0.0	-1	1					0.0878000557422638	0.14702865481376648	0.03244186192750931	0.028037812560796738	1.268692135810852	0.0	0.0
s2_so	5	single	-1	wrong	383,374	0.0	-1	1					0.0011563075240701437	0.003458119696006179	0.015170864760875702	0.02394356206059456	-0.06488201022148132	0.0	0.0
s2_so	5	single	-1	wrong	115,1008	0.0	-1	1					0.0008758323965594172	0.0016637928783893585	0.02146007865667343	0.028067223727703094	1.1894114017486572	0.0	0.0
s2_so	5	single	-1	wrong	241,273	0.0	-1	1					0.009499846957623959	0.023389125242829323	0.017488284036517143	0.012509460560977459	0.6649957895278931	0.0	0.0
s2_so	5	single	-1	wrong	279,840	0.0	-1	1					0.0003301935794297606	0.0012918515130877495	0.012461347505450249	0.01153078954666853	0.35277944803237915	0.0	0.0
s2_so	5	single	-1	wrong	876,957	0.0	-1	1					0.006907491013407707	0.01904905028641224	0.017020825296640396	0.01714247465133667	-0.15001150965690613	0.0	0.0
s2_so	5	single	-1	wrong	408,606	0.0	-1	1					0.0002325412060599774	0.001593322493135929	0.00426948256790638	0.005317319184541702	-0.6321595311164856	0.0	0.0
s2_so	5	single	-1	wrong	812,410	0.0	-1	1					0.000721945078112185	0.00460928026586771	0.031222127377986908	0.011214615777134895	0.8666874766349792	0.0	0.0
s2_so	5	single	-1	wrong	44,926	0.0	-1	1					0.018120750784873962	0.022150922566652298	0.051072508096694946	0.010839158669114113	0.1609427034854889	0.0	0.0
s2_so	5	single	-1	wrong	323,1010	0.0	-1	1					0.001543878810480237	0.0034942408092319965	0.005780948791652918	0.026503000408411026	0.6734689474105835	0.0	0.0
s2_so	5	single	-1	wrong	465,39	0.0	-1	1					0.00041142833651974797	0.001452915370464325	0.019993964582681656	0.016861233860254288	0.8657631874084473	0.0	0.0
s2_so	5	single	-1	wrong	593,993	0.0	-1	1					0.00532193947583437	0.013280341401696205	0.023982852697372437	0.009257035329937935	1.0676743984222412	0.0	0.0
s2_so	5	single	-1	wrong	131,644	0.0	-1	1					0.009522847831249237	0.021863799542188644	0.23075023293495178	0.06998097151517868	1.7312307357788086	0.0	0.0
s2_so	5	single	-1	wrong	673,527	0.0	-1	1					0.0005505740409716964	0.002331808675080538	0.0061728027649223804	0.006299703381955624	0.5395991802215576	0.0	0.0
s2_so	5	single	-1	wrong	910,948	0.0	-1	1					0.015676049515604973	0.032318342477083206	0.10280138999223709	0.057707034051418304	0.515312910079956	0.0	0.0
s2_so	5	single	-1	wrong	568,79	0.0	-1	1					0.0009856447577476501	0.0028036744333803654	0.0005848875734955072	0.008448300883173943	0.2738785743713379	0.0	0.0
s2_so	5	single	-1	wrong	581,668	0.0	-1	1					0.0478203147649765	0.07113411277532578	0.08586274087429047	0.02329636923968792	0.6475512981414795	0.0	0.0
s2_so	5	single	-1	wrong	645,422	0.0	-1	1					0.03500307351350784	0.10555890947580338	0.04874517768621445	0.013300055637955666	-0.1375068575143814	0.0	0.0
s2_so	5	single	-1	wrong	619,270	0.0	-1	1					0.001902933930978179	0.009636126458644867	0.05380873754620552	0.007622468750923872	0.5580558776855469	0.0	0.0
s2_so	5	single	-1	wrong	494,583	0.0	-1	1					0.0021586453076452017	0.006160791963338852	0.01146908849477768	0.009002331644296646	-0.029784513637423515	0.0	0.0
s2_so	5	single	-1	wrong	37,1009	0.0	-1	1					0.002406073734164238	0.012408829294145107	0.005406847223639488	0.00787327066063881	1.720412015914917	0.0	0.0
s2_so	5	single	-1	wrong	912,206	0.0	-1	1					0.0037028577644377947	0.00794005673378706	0.014140607789158821	0.008169084787368774	0.9139679670333862	0.0	0.0
s2_so	5	single	-1	wrong	848,248	0.0	-1	1					0.001048814388923347	0.002842125715687871	0.008633926510810852	0.012872450053691864	-0.1012728214263916	0.0	0.0
s2_so	5	single	-1	wrong	894,403	0.0	-1	1					0.00240243598818779	0.005642902106046677	0.011544863693416119	0.02111409790813923	0.6394961476325989	0.0	0.0
s2_so	5	single	-1	wrong	532,398	0.0	-1	1					0.010409580543637276	0.023803746327757835	0.025124963372945786	0.00407487852498889	0.36698663234710693	0.0	0.0
s2_so	5	single	-1	wrong	444,31	0.0	-1	1					0.1264820694923401	0.16430683434009552	0.06947802007198334	0.017392590641975403	0.1923181414604187	0.0	0.0
s2_so	5	single	-1	wrong	683,673	0.0	-1	1					0.00242905062623322	0.004190389532595873	0.01835746318101883	0.009485969319939613	0.9330641627311707	0.0	0.0
s2_so	5	single	-1	wrong	781,639	0.0	-1	1					0.0021634758450090885	0.007387963123619556	0.015247805044054985	0.008340306580066681	0.011665238067507744	0.0	0.0
s2_so	5	single	-1	wrong	734,346	0.0	-1	1					0.013181406073272228	0.016649190336465836	0.07205420732498169	0.015064537525177002	0.7967512607574463	0.0	0.0
s2_so	5	single	-1	wrong	947,903	0.0	-1	1					0.011651153676211834	0.022517569363117218	0.10105006396770477	0.022122029215097427	1.5250352621078491	0.0	0.0
s2_so	5	single	-1	wrong	794,607	0.0	-1	1					0.0006194506422616541	0.0015306745190173388	0.004921562038362026	0.004355361685156822	-0.805944561958313	0.0	0.0
s2_so	5	single	-1	wrong	685,246	0.0	-1	1					0.01120738685131073	0.013356843031942844	0.02379821613430977	0.01084761694073677	0.2538995146751404	0.0	0.0
s2_so	5	single	-1	wrong	498,23	0.0	-1	1					0.07255158573389053	0.0657069981098175	0.050085000693798065	0.02282176911830902	0.7283905744552612	0.0	0.0
s2_so	5	single	-1	wrong	333,881	0.0	-1	1					0.014183085411787033	0.032604724168777466	0.02581808716058731	0.035834021866321564	1.1908057928085327	0.0	0.0
s2_so	5	single	-1	wrong	562,768	0.0	-1	1					0.018047811463475227	0.018199777230620384	0.028097672387957573	0.023615753278136253	0.22242861986160278	0.0	0.0
s2_so	5	single	-1	wrong	266,807	0.0	-1	1					0.0020757094025611877	0.0033955806866288185	0.026328440755605698	0.016710329800844193	-0.3306533396244049	0.0	0.0
