arm	level	form	draw	cls	cand	world	n_moved	n_entries	read_banked	read_shaped_refit	read_frozen	read_twin	p_banked	p_shaped_refit	p_frozen	p_twin	dp_top	dp_lse	dp_marg
s2_sv	2	delta	0	true	7,1	0.0078125	25	14	-0.002448037266731262	-0.0017481446266174316	-0.004028186202049255	-0.008303210139274597	0.19315095245838165	0.1917177438735962	0.18999166786670685	0.16702252626419067	0.022524714469909668	-0.06041437387466431	0.007016628980636597
s2_sv	2	delta	0	true	0,7	-0.0078125	27	14	0.005590870976448059	0.004489243030548096	-5.4210424423217773e-05	0.0005513280630111694	0.20118986070156097	0.19795513153076172	0.19396564364433289	0.17587706446647644	0.041430115699768066	-0.0038424134254455566	0.029998481273651123
s2_sv	2	delta	0	true	1,6	0.0	8	14	0.0010641515254974365	0.000482410192489624	-0.0007753074169158936	-0.00013756752014160156	0.19666314125061035	0.19394829869270325	0.1932445466518402	0.17518816888332367	0.0019516944885253906	-0.05888897180557251	-0.0048438310623168945
s2_sv	2	delta	0	wrong	3,7	0.00390625	1	14	-5.24669885635376e-05	-0.0004133880138397217	0.00019088387489318848	0.00013566017150878906	0.19554652273654938	0.1930525004863739	0.1942107379436493	0.17546139657497406	0.0006121397018432617	-0.034178316593170166	-0.0018661320209503174
s2_sv	2	delta	0	wrong	0,4	-0.00390625	1	14	-0.0018298625946044922	-0.0014612674713134766	-0.00027886033058166504	-0.00040286779403686523	0.19376912713050842	0.19200462102890015	0.19374099373817444	0.1749228686094284	0.0006458759307861328	-0.02088993787765503	-0.00026541948318481445
s2_sv	2	delta	0	wrong	6,6	-0.0078125	3	14	-0.0008088499307632446	-0.0007738471031188965	0.0007009357213973999	0.0012672394514083862	0.19479013979434967	0.19269204139709473	0.1947207897901535	0.17659297585487366	0.0019086599349975586	-0.014127910137176514	-0.002315014600753784
s2_sv	2	delta	0	wrong	7,3	0.0	1	14	-0.0010251998901367188	-0.0005150139331817627	-0.0008020699024200439	-7.253885269165039e-05	0.1945737898349762	0.19295087456703186	0.19321778416633606	0.17525319755077362	0.001820683479309082	-0.03926330804824829	0.001820683479309082
s2_sv	2	delta	0	wrong	1,7	0.0	4	14	0.0017606914043426514	0.0015453249216079712	-0.0007079243659973145	0.0011220723390579224	0.19735968112945557	0.1950112134218216	0.1933119297027588	0.1764478087425232	0.004055380821228027	-0.027212440967559814	0.0005077123641967773
s2_sv	2	delta	0	wrong	2,3	0.0	1	14	-0.0010251998901367188	-0.0005150139331817627	-0.0008020699024200439	-7.253885269165039e-05	0.1945737898349762	0.19295087456703186	0.19321778416633606	0.17525319755077362	0.0015950202941894531	-0.02003997564315796	0.0003401637077331543
s2_sv	2	delta	0	wrong	5,1	0.0	1	14	-4.2557716369628906e-05	-6.0439109802246094e-05	4.716217517852783e-05	-2.7865171432495117e-05	0.1955564320087433	0.19340544939041138	0.19406701624393463	0.17529787123203278	0.00015461444854736328	-0.01722663640975952	-0.0022011399269104004
s2_sv	2	delta	0	wrong	4,0	0.0	2	14	0.00042194128036499023	-8.504092693328857e-05	-0.0002963542938232422	0.0003427565097808838	0.1960209310054779	0.19338084757328033	0.19372349977493286	0.17566849291324615	0.004950284957885742	-0.016485989093780518	0.0030896365642547607
s2_sv	2	delta	0	wrong	2,4	0.0	0	14	0.0	0.0	0.0	0.0	0.19559898972511292	0.19346588850021362	0.1940198540687561	0.17532573640346527	0.0	-0.011593997478485107	0.0
s2_sv	2	delta	0	wrong	3,4	0.0	0	14	0.0	0.0	0.0	0.0	0.19559898972511292	0.19346588850021362	0.1940198540687561	0.17532573640346527	0.0	-0.021903693675994873	-0.002526789903640747
s2_sv	2	delta	0	wrong	6,5	0.0	1	14	-7.700920104980469e-05	-0.000561147928237915	3.0606985092163086e-05	8.575618267059326e-05	0.1955219805240631	0.1929047405719757	0.19405046105384827	0.17541149258613586	0.0003019571304321289	-0.0019718408584594727	0.00025556981563568115
s2_sv	2	delta	0	wrong	7,4	-0.01953125	9	14	-0.001857370138168335	-0.0014071464538574219	-0.0014994442462921143	0.001293957233428955	0.19374161958694458	0.1920587420463562	0.192520409822464	0.17661969363689423	0.005841612815856934	-0.059524357318878174	-0.0023278892040252686
s2_sv	2	delta	0	wrong	4,5	-0.00390625	2	14	-0.0004706531763076782	-0.001240372657775879	-0.00027632713317871094	0.00014610588550567627	0.19512833654880524	0.19222551584243774	0.1937435269355774	0.17547184228897095	0.002762913703918457	-0.008452236652374268	0.0013110488653182983
s2_sv	2	delta	0	wrong	4,2	0.0	1	14	0.001086413860321045	0.0004748404026031494	-0.00018586218357086182	0.0008354336023330688	0.19668540358543396	0.19394072890281677	0.19383399188518524	0.17616117000579834	0.0011464357376098633	-0.005042374134063721	0.0011000186204910278
s2_sv	2	delta	0	wrong	2,0	-0.0078125	3	14	0.0015377253293991089	0.0012209117412567139	2.980232238769531e-07	0.00012549757957458496	0.19713671505451202	0.19468680024147034	0.19402015209197998	0.17545123398303986	0.0019451379776000977	-0.031068623065948486	-0.008212804794311523
s2_sv	2	delta	0	wrong	4,3	0.0	1	14	-0.0010443031787872314	-0.0005435198545455933	-0.0006751716136932373	-7.839500904083252e-05	0.19455468654632568	0.19292236864566803	0.19334468245506287	0.17524734139442444	0.0003161430358886719	-0.011047661304473877	0.0003161430358886719
s2_sv	2	delta	0	wrong	7,2	0.0	1	14	-8.305907249450684e-05	-0.0005674511194229126	-0.0001081228256225586	0.0003724396228790283	0.1955159306526184	0.1928984373807907	0.19391173124313354	0.1756981760263443	0.0012500286102294922	-0.01710134744644165	-0.0010837912559509277
s2_sv	2	delta	0	wrong	6,2	0.0	0	14	0.0	0.0	0.0	0.0	0.19559898972511292	0.19346588850021362	0.1940198540687561	0.17532573640346527	0.0	-0.003624439239501953	0.0
s2_sv	2	delta	0	wrong	0,3	-0.03515625	13	14	-0.00708422064781189	-0.008173435926437378	-9.840726852416992e-05	-0.0015263259410858154	0.18851476907730103	0.18529245257377625	0.19392144680023193	0.17379941046237946	0.011536002159118652	-0.02299433946609497	0.006029278039932251
s2_sv	2	delta	0	wrong	3,3	0.0	0	14	0.0	0.0	0.0	0.0	0.19559898972511292	0.19346588850021362	0.1940198540687561	0.17532573640346527	0.0	-0.012466251850128174	-0.0010645389556884766
s2_sv	2	delta	0	wrong	5,6	-0.015625	10	14	-0.005948007106781006	-0.004616633057594299	0.0028027892112731934	-0.0013427436351776123	0.1896509826183319	0.18884925544261932	0.1968226432800293	0.17398299276828766	0.009915351867675781	-0.031350791454315186	0.008980631828308105
s2_sv	2	delta	0	wrong	5,7	-0.00390625	7	14	-0.00495263934135437	-0.002721548080444336	-0.0008733272552490234	-0.0013756752014160156	0.19064635038375854	0.1907443404197693	0.19314652681350708	0.17395006120204926	0.005630373954772949	-0.02930539846420288	0.005527496337890625
s2_sv	2	delta	0	wrong	6,4	0.0	0	14	0.0	0.0	0.0	0.0	0.19559898972511292	0.19346588850021362	0.1940198540687561	0.17532573640346527	0.0	-0.012270629405975342	-0.0035165250301361084
s2_sv	2	delta	0	wrong	5,3	0.0	1	14	-0.0010280609130859375	-0.0005254745483398438	-0.0005199015140533447	-7.27921724319458e-05	0.19457092881202698	0.19294041395187378	0.19349995255470276	0.17525294423103333	0.0016764402389526367	-0.016174137592315674	0.0016764700412750244
s2_sv	2	delta	0	wrong	1,5	0.0	1	14	3.3855438232421875e-05	-0.0003470182418823242	-0.00019401311874389648	7.554888725280762e-06	0.19563284516334534	0.1931188702583313	0.1938258409500122	0.17533329129219055	0.001471877098083496	-0.0062752366065979	0.001425415277481079
s2_sv	2	delta	0	wrong	2,7	-0.01171875	6	14	-0.002723023295402527	-0.0023732036352157593	-0.003778994083404541	-0.0004763305187225342	0.1928759664297104	0.19109268486499786	0.19024085998535156	0.17484940588474274	0.006084084510803223	-0.03649955987930298	-0.004343152046203613
s2_sv	2	delta	0	wrong	1,2	0.0	1	14	0.0015483498573303223	0.0009333938360214233	-0.00016838312149047852	0.0001712590456008911	0.19714733958244324	0.19439928233623505	0.19385147094726562	0.17549699544906616	0.001106858253479004	-0.004411160945892334	0.0010604560375213623
s2_sv	2	delta	0	wrong	7,5	0.00390625	10	14	0.001457497477531433	0.0006748735904693604	-0.00048545002937316895	-0.0005616694688796997	0.19705648720264435	0.19414076209068298	0.19353440403938293	0.17476406693458557	0.011876225471496582	-0.02664428949356079	-0.0012620985507965088
s2_sv	2	delta	0	wrong	3,1	-0.00390625	5	14	-0.0012784451246261597	-0.0011705756187438965	0.0009608417749404907	-0.00045683979988098145	0.19432054460048676	0.19229531288146973	0.1949806958436966	0.1748688966035843	0.0027663707733154297	-0.030723392963409424	-0.005454793572425842
s2_sv	2	delta	0	wrong	0,1	-0.01171875	3	14	-0.0025247037410736084	-0.0023354291915893555	0.00042828917503356934	-0.0013332664966583252	0.1930742859840393	0.19113045930862427	0.19444814324378967	0.17399246990680695	0.0015598535537719727	-0.02646428346633911	-0.0003153979778289795
s2_sv	2	delta	0	wrong	5,5	-0.01171875	6	14	-0.0018506348133087158	-0.0021319538354873657	0.0017121434211730957	-0.00035084784030914307	0.1937483549118042	0.19133393466472626	0.1957319974899292	0.17497488856315613	0.006161093711853027	-0.02707451581954956	0.0028846263885498047
s2_sv	2	delta	0	wrong	0,6	-0.109375	37	14	0.01725699007511139	0.0107840895652771	0.01299390196800232	-0.002698555588722229	0.2128559798002243	0.20424997806549072	0.20701375603675842	0.17262718081474304	0.05274641513824463	0.001227259635925293	0.044875964522361755
s2_sv	2	delta	0	wrong	3,6	0.0	2	14	-0.00026869773864746094	-0.0003840625286102295	0.00012433528900146484	-0.0005866438150405884	0.19533029198646545	0.1930818259716034	0.19414418935775757	0.17473909258842468	0.0025423765182495117	-0.047923386096954346	-0.006259441375732422
s2_sv	2	delta	0	wrong	7,7	-0.03125	15	14	-0.008978888392448425	-0.006626129150390625	-0.004553079605102539	-0.0011960715055465698	0.1866201013326645	0.186839759349823	0.18946677446365356	0.1741296648979187	0.011376261711120605	-0.08650976419448853	0.0016236752271652222
s2_sv	2	delta	0	wrong	5,4	0.0	0	14	0.0	0.0	0.0	0.0	0.19559898972511292	0.19346588850021362	0.1940198540687561	0.17532573640346527	0.0	-0.012464344501495361	-0.001066833734512329
s2_sv	2	delta	0	wrong	0,5	-0.0234375	12	14	0.014149397611618042	0.005580589175224304	0.00811070203781128	-0.0020783990621566772	0.20974838733673096	0.19904647767543793	0.20213055610656738	0.1732473373413086	0.0102311372756958	-0.01654750108718872	-0.0013447552919387817
s2_sv	2	delta	0	wrong	7,0	-0.0234375	16	14	0.0031185150146484375	0.002610832452774048	-0.003868192434310913	-9.028613567352295e-05	0.19871750473976135	0.19607672095298767	0.1901516616344452	0.17523545026779175	0.02106034755706787	-0.0457722544670105	0.007467389106750488
s2_sv	2	delta	0	wrong	1,4	0.0	0	14	0.0	0.0	0.0	0.0	0.19559898972511292	0.19346588850021362	0.1940198540687561	0.17532573640346527	0.0	-0.03530317544937134	-0.011779502034187317
s2_sv	2	delta	0	wrong	0,0	-0.01171875	9	14	0.010978072881698608	0.005984634160995483	0.002136513590812683	5.990266799926758e-05	0.20657706260681152	0.1994505226612091	0.1961563676595688	0.17538563907146454	0.006269335746765137	-0.02921825647354126	-0.0024602115154266357
s2_sv	2	delta	0	wrong	4,4	0.0	0	14	0.0	0.0	0.0	0.0	0.19559898972511292	0.19346588850021362	0.1940198540687561	0.17532573640346527	0.0	-0.03287750482559204	-0.008287034928798676
s2_sv	2	delta	0	wrong	4,7	-0.00390625	7	14	-0.0002789497375488281	-0.0003300607204437256	-0.0015826523303985596	0.002832263708114624	0.1953200399875641	0.1931358277797699	0.19243720173835754	0.1781580001115799	0.004929184913635254	-0.029039204120635986	-0.0003174394369125366
s2_sv	2	delta	0	wrong	1,0	0.0	3	14	0.0011603683233261108	0.0004904121160507202	-0.0013918876647949219	-0.00020156800746917725	0.19675935804843903	0.19395630061626434	0.19262796640396118	0.1751241683959961	0.00481569766998291	-0.01219719648361206	0.0038107633590698242
s2_sv	2	delta	0	wrong	2,2	0.0	0	14	0.0	0.0	0.0	0.0	0.19559898972511292	0.19346588850021362	0.1940198540687561	0.17532573640346527	0.0	-0.00730973482131958	-0.0028192251920700073
s2_sv	2	delta	0	wrong	2,1	0.0	0	14	0.0	0.0	0.0	0.0	0.19559898972511292	0.19346588850021362	0.1940198540687561	0.17532573640346527	0.0	-0.016298115253448486	0.0
s2_sv	2	delta	0	wrong	6,7	0.0	1	14	-1.531839370727539e-05	-0.0004355907440185547	7.12275505065918e-05	0.000496208667755127	0.19558367133140564	0.19303029775619507	0.1940910816192627	0.1758219450712204	0.0016217231750488281	-0.011805593967437744	-0.0028487443923950195
s2_sv	2	delta	0	wrong	6,0	0.0	1	14	3.090500831604004e-05	-0.0004278421401977539	-7.283687591552734e-05	0.0001285076141357422	0.19562989473342896	0.19303804636001587	0.19394701719284058	0.175454244017601	0.0009632110595703125	-0.0027667880058288574	0.0009168237447738647
s2_sv	2	delta	0	wrong	0,2	0.0	0	14	0.0	0.0	0.0	0.0	0.19559898972511292	0.19346588850021362	0.1940198540687561	0.17532573640346527	0.0	-0.01028817892074585	-0.0027381479740142822
s2_sv	2	delta	0	wrong	6,3	0.0	0	14	0.0	0.0	0.0	0.0	0.19559898972511292	0.19346588850021362	0.1940198540687561	0.17532573640346527	0.0	-0.00183790922164917	0.0
s2_sv	2	delta	1	true	1,3	0.0	0	14	0.0	0.0	0.0	0.0	0.21002939343452454	0.2015783041715622	0.19673901796340942	0.17893141508102417	0.0	-0.00909280776977539	0.0
s2_sv	2	delta	1	true	7,1	-0.00390625	30	14	-0.008669793605804443	-0.003805026412010193	-0.007028937339782715	-0.010925143957138062	0.2013595998287201	0.197773277759552	0.1897100806236267	0.1680062711238861	0.035521626472473145	-0.03939855098724365	0.01567980647087097
s2_sv	2	delta	1	true	1,1	-0.00390625	16	14	-0.007775366306304932	-0.003140762448310852	-0.0035486817359924316	-0.003191918134689331	0.2022540271282196	0.19843754172325134	0.193190336227417	0.17573949694633484	0.021370410919189453	-0.024242639541625977	-0.0056047141551971436
s2_sv	2	delta	1	wrong	3,7	0.0	2	14	6.638467311859131e-05	0.0001166313886642456	0.000201299786567688	0.0001493394374847412	0.21009577810764313	0.20169493556022644	0.1969403177499771	0.1790807545185089	0.0006616115570068359	-0.03295576572418213	-0.010839030146598816
s2_sv	2	delta	1	wrong	0,4	0.0	0	14	0.0	0.0	0.0	0.0	0.21002939343452454	0.2015783041715622	0.19673901796340942	0.17893141508102417	0.0	-0.01589643955230713	-0.0006458312273025513
s2_sv	2	delta	1	wrong	6,6	-0.0078125	3	14	-0.0008088350296020508	-0.0007738471031188965	0.0007009208202362061	0.0012672394514083862	0.20922055840492249	0.2008044570684433	0.19743993878364563	0.18019865453243256	0.0019086599349975586	-0.014446377754211426	-0.00843954086303711
s2_sv	2	delta	1	wrong	7,3	0.0	1	14	-0.0008386373519897461	-0.0004900097846984863	-0.00039158761501312256	-7.033348083496094e-06	0.2091907560825348	0.2010882943868637	0.1963474303483963	0.17892438173294067	0.0017005205154418945	-0.03333175182342529	0.00158025324344635
s2_sv	2	delta	1	wrong	1,7	-0.01171875	5	14	0.0017681717872619629	0.002101406455039978	-0.0012597739696502686	0.0003073364496231079	0.2117975652217865	0.20367971062660217	0.19547924399375916	0.17923875153064728	0.004912972450256348	-0.028056859970092773	-0.006630390882492065
s2_sv	2	delta	1	wrong	2,3	0.0	1	14	-0.0008386373519897461	-0.0004900097846984863	-0.00039158761501312256	-7.033348083496094e-06	0.2091907560825348	0.2010882943868637	0.1963474303483963	0.17892438173294067	0.0014748573303222656	-0.014593958854675293	0.0013545304536819458
s2_sv	2	delta	1	wrong	5,1	-0.00390625	1	14	-7.525086402893066e-06	-1.0535120964050293e-05	-3.3795833587646484e-05	-0.00023043155670166016	0.21002186834812164	0.20156776905059814	0.19670522212982178	0.1787009835243225	0.002510547637939453	-0.011679410934448242	0.002404645085334778
s2_sv	2	delta	1	wrong	4,0	0.0	2	14	0.0004838705062866211	0.0004053562879562378	-0.0003802180290222168	0.00032719969749450684	0.21051326394081116	0.20198366045951843	0.1963587999343872	0.17925861477851868	0.004996776580810547	-0.015732169151306152	0.002981126308441162
s2_sv	2	delta	1	wrong	2,4	0.0	0	14	0.0	0.0	0.0	0.0	0.21002939343452454	0.2015783041715622	0.19673901796340942	0.17893141508102417	0.0	-0.009573936462402344	0.0
s2_sv	2	delta	1	wrong	3,4	-0.01171875	3	14	-0.0005797147750854492	-0.0009196549654006958	0.0005865395069122314	-0.00042697787284851074	0.2094496786594391	0.2006586492061615	0.19732555747032166	0.17850443720817566	0.0025267601013183594	-0.018839478492736816	-0.005514785647392273
s2_sv	2	delta	1	wrong	6,5	0.0	1	14	-1.5079975128173828e-05	-7.075071334838867e-05	-5.3256750106811523e-05	7.019937038421631e-05	0.21001431345939636	0.2015075534582138	0.1966857612133026	0.1790016144514084	0.0003483295440673828	-0.0023266077041625977	-0.002080678939819336
s2_sv	2	delta	1	wrong	7,4	-0.02734375	14	14	-0.007177799940109253	-0.004079952836036682	-0.0038763880729675293	-0.00040906667709350586	0.20285159349441528	0.1974983513355255	0.1928626298904419	0.17852234840393066	0.013230323791503906	-0.04744577407836914	0.00543956458568573
s2_sv	2	delta	1	wrong	4,5	-0.00390625	2	14	-0.0004087388515472412	-0.0007499754428863525	-0.00036019086837768555	0.00013053417205810547	0.2096206545829773	0.20082832872867584	0.19637882709503174	0.17906194925308228	0.002809286117553711	-0.007679581642150879	0.0016948133707046509
s2_sv	2	delta	1	wrong	4,2	0.0	1	14	0.0011483430862426758	0.0009652525186538696	-0.0002697259187698364	0.0008198916912078857	0.2111777365207672	0.20254355669021606	0.1964692920446396	0.17975130677223206	0.0011928081512451172	-0.005996108055114746	-0.001483127474784851
s2_sv	2	delta	1	wrong	2,0	-0.00390625	2	14	0.001535564661026001	0.0012219250202178955	0.00013697147369384766	-2.2143125534057617e-05	0.21156495809555054	0.2028002291917801	0.19687598943710327	0.1789092719554901	0.0016835927963256836	-0.028119564056396484	-0.0036406517028808594
s2_sv	2	delta	1	wrong	4,3	0.0	1	14	-0.0008577406406402588	-0.0005185306072235107	-0.00026467442512512207	-1.2889504432678223e-05	0.20917165279388428	0.20105977356433868	0.1964743435382843	0.1789185255765915	0.00019598007202148438	-0.010352015495300293	7.571280002593994e-05
s2_sv	2	delta	1	wrong	7,2	0.0	1	14	-2.1144747734069824e-05	-7.705390453338623e-05	-0.0001919865608215332	0.00035688281059265137	0.21000824868679047	0.2015012502670288	0.1965470314025879	0.17928829789161682	0.001296401023864746	-0.016942262649536133	-0.002563178539276123
s2_sv	2	delta	1	wrong	6,2	0.0	0	14	0.0	0.0	0.0	0.0	0.21002939343452454	0.2015783041715622	0.19673901796340942	0.17893141508102417	0.0	-0.004459500312805176	-0.004585877060890198
s2_sv	2	delta	1	wrong	0,3	-0.01171875	4	14	-0.0033598244190216064	-0.002907499670982361	0.0001269131898880005	0.00043426454067230225	0.20666956901550293	0.19867080450057983	0.19686593115329742	0.17936567962169647	0.0011305809020996094	-0.02971971035003662	-0.009727343916893005
s2_sv	2	delta	1	wrong	3,3	0.0	0	14	0.0	0.0	0.0	0.0	0.21002939343452454	0.2015783041715622	0.19673901796340942	0.17893141508102417	0.0	-0.011347174644470215	-0.0010645389556884766
s2_sv	2	delta	1	wrong	5,6	-0.01171875	8	14	-0.004699543118476868	-0.0033461004495620728	0.0018681883811950684	-0.0007708072662353516	0.20532985031604767	0.19823220372200012	0.1986072063446045	0.17816060781478882	0.009476661682128906	-0.025702834129333496	0.00819745659828186
s2_sv	2	delta	1	wrong	5,7	-0.00390625	4	14	-0.003200918436050415	-0.0015581995248794556	-0.0004459470510482788	-0.0006030499935150146	0.20682847499847412	0.20002010464668274	0.19629307091236115	0.17832836508750916	0.003977298736572266	-0.02633523941040039	0.002324208617210388
s2_sv	2	delta	1	wrong	6,4	0.0	0	14	0.0	0.0	0.0	0.0	0.21002939343452454	0.2015783041715622	0.19673901796340942	0.17893141508102417	0.0	-0.01454782485961914	-0.014598548412322998
s2_sv	2	delta	1	wrong	5,3	0.0	1	14	-0.0008414983749389648	-0.0005004703998565674	-0.00010940432548522949	-7.286667823791504e-06	0.20918789505958557	0.20107783377170563	0.1966296136379242	0.17892412841320038	0.001556396484375	-0.013337492942810059	0.0014360547065734863
s2_sv	2	delta	1	wrong	1,5	0.0	1	14	9.576976299285889e-05	0.000143393874168396	-0.0002778768539428711	-8.001923561096191e-06	0.2101251631975174	0.2017216980457306	0.19646114110946655	0.17892341315746307	0.00151824951171875	-0.006189465522766113	0.0004919618368148804
s2_sv	2	delta	1	wrong	2,7	0.0	1	14	-0.000761568546295166	-0.00038079917430877686	-0.00015407800674438477	3.814697265625e-06	0.20926782488822937	0.20119750499725342	0.19658493995666504	0.1789352297782898	0.0012329816818237305	-0.03377115726470947	-0.0065766870975494385
s2_sv	2	delta	1	wrong	1,2	0.0	1	14	0.0016102790832519531	0.0014237910509109497	-0.0002522468566894531	0.00015570223331451416	0.2116396725177765	0.20300209522247314	0.19648677110671997	0.17908711731433868	0.0011532306671142578	-0.0057909488677978516	-0.0019812583923339844
s2_sv	2	delta	1	wrong	7,5	0.00390625	10	14	0.001519426703453064	0.0011652857065200806	-0.0005693137645721436	-0.0005772113800048828	0.2115488201379776	0.20274358987808228	0.19616970419883728	0.1783542037010193	0.011922597885131836	-0.022866487503051758	0.003711313009262085
s2_sv	2	delta	1	wrong	3,1	-0.015625	6	14	-0.0024061203002929688	-0.0019562989473342896	0.0004055500030517578	-0.0013858675956726074	0.20762327313423157	0.1996220052242279	0.19714456796646118	0.17754554748535156	0.008321762084960938	-0.02392709255218506	-0.011249125003814697
s2_sv	2	delta	1	wrong	0,1	0.0	0	14	0.0	0.0	0.0	0.0	0.21002939343452454	0.2015783041715622	0.19673901796340942	0.17893141508102417	0.0	-0.021619439125061035	-0.0015598535537719727
s2_sv	2	delta	1	wrong	5,5	-0.01171875	6	14	-0.0018506348133087158	-0.0021319538354873657	0.0017121285200119019	-0.00035084784030914307	0.20817875862121582	0.19944635033607483	0.19845114648342133	0.17858056724071503	0.006161093711853027	-0.024306178092956543	0.004369378089904785
s2_sv	2	delta	1	wrong	0,6	-0.08984375	29	14	0.010053381323814392	0.005515441298484802	0.009781986474990845	-0.004063934087753296	0.22008277475833893	0.207093745470047	0.20652100443840027	0.17486748099327087	0.020964503288269043	-0.035066962242126465	-0.011269733309745789
s2_sv	2	delta	1	wrong	3,6	0.0	2	14	-0.0003003329038619995	-0.0004030168056488037	0.00031729042530059814	-0.00020833313465118408	0.20972906053066254	0.2011752873659134	0.19705630838871002	0.17872308194637299	0.0024259090423583984	-0.04528844356536865	-0.008651137351989746
s2_sv	2	delta	1	wrong	7,7	-0.01953125	9	14	-0.006970643997192383	-0.004323795437812805	-0.003106340765953064	0.00045154988765716553	0.20305874943733215	0.1972545087337494	0.19363267719745636	0.17938296496868134	0.00791919231414795	-0.08191704750061035	-0.0067629218101501465
s2_sv	2	delta	1	wrong	5,4	-0.00390625	1	14	-6.645917892456055e-06	-9.253621101379395e-06	4.363059997558594e-05	-0.0002269148826599121	0.21002274751663208	0.20156905055046082	0.196782648563385	0.17870450019836426	0.0010669231414794922	-0.009549975395202637	0.0009609758853912354
s2_sv	2	delta	1	wrong	0,5	-0.01171875	6	14	0.002965092658996582	-0.00020287930965423584	0.003910526633262634	-0.0017866194248199463	0.21299448609352112	0.20137542486190796	0.20064954459667206	0.17714479565620422	0.003851175308227539	-0.02025449275970459	-0.004827588796615601
s2_sv	2	delta	1	wrong	7,0	-0.0234375	16	14	0.0031804293394088745	0.0031012296676635742	-0.003952041268348694	-0.00010582804679870605	0.2132098227739334	0.20467953383922577	0.19278697669506073	0.17882558703422546	0.021106719970703125	-0.042034029960632324	0.009903311729431152
s2_sv	2	delta	1	wrong	1,4	-0.015625	9	14	-0.0015762746334075928	7.224082946777344e-05	-0.002026394009590149	-0.0010797083377838135	0.20845311880111694	0.20165054500102997	0.19471262395381927	0.17785170674324036	0.009390711784362793	-0.024251699447631836	-0.004221171140670776
s2_sv	2	delta	1	wrong	0,0	-0.00390625	4	14	0.004058778285980225	0.0018581300973892212	0.0007779896259307861	0.0002043694257736206	0.21408817172050476	0.20343643426895142	0.1975170075893402	0.1791357845067978	0.0017285346984863281	-0.030730009078979492	-0.005158215761184692
s2_sv	2	delta	1	wrong	4,4	-0.01171875	6	14	-0.004146367311477661	-0.0030734241008758545	-0.0013159215450286865	-0.0011668801307678223	0.20588302612304688	0.19850488007068634	0.19542309641838074	0.17776453495025635	0.006490468978881836	-0.026201605796813965	-0.003810882568359375
s2_sv	2	delta	1	wrong	4,7	-0.01171875	5	14	0.0007436871528625488	0.0003616213798522949	-0.0011909902095794678	0.0026535093784332275	0.21077308058738708	0.2019399255514145	0.19554802775382996	0.1815849244594574	0.004767179489135742	-0.029785752296447754	-0.005201071500778198
s2_sv	2	delta	1	wrong	1,0	0.0	2	14	0.0011700540781021118	0.0008028000593185425	-0.0013632476329803467	0.00024615228176116943	0.21119944751262665	0.20238110423088074	0.19537577033042908	0.17917756736278534	0.004782319068908691	-0.012133002281188965	0.0028641819953918457
s2_sv	2	delta	1	wrong	2,2	0.0	0	14	0.0	0.0	0.0	0.0	0.21002939343452454	0.2015783041715622	0.19673901796340942	0.17893141508102417	0.0	-0.006035208702087402	-0.000665023922920227
s2_sv	2	delta	1	wrong	2,1	0.0	0	14	0.0	0.0	0.0	0.0	0.21002939343452454	0.2015783041715622	0.19673901796340942	0.17893141508102417	0.0	-0.013771891593933105	0.0
s2_sv	2	delta	1	wrong	6,7	-0.00390625	2	14	8.702278137207031e-06	-5.3435564041137695e-05	3.673136234283447e-05	0.0019199848175048828	0.21003809571266174	0.20152486860752106	0.19677574932575226	0.18085139989852905	0.0018318891525268555	-0.013357281684875488	-0.013697549700737
s2_sv	2	delta	1	wrong	6,0	0.0	1	14	9.28342342376709e-05	6.255507469177246e-05	-0.00015670061111450195	0.00011295080184936523	0.2101222276687622	0.20164085924625397	0.19658231735229492	0.17904436588287354	0.0010097026824951172	-0.0032622814178466797	-0.00039301812648773193
s2_sv	2	delta	1	wrong	0,2	0.0	0	14	0.0	0.0	0.0	0.0	0.21002939343452454	0.2015783041715622	0.19673901796340942	0.17893141508102417	0.0	-0.007183194160461426	0.0
s2_sv	2	delta	1	wrong	6,3	0.0	0	14	0.0	0.0	0.0	0.0	0.21002939343452454	0.2015783041715622	0.19673901796340942	0.17893141508102417	0.0	-0.001977682113647461	0.0
s2_sv	2	delta	2	true	4,6	-0.0078125	3	14	0.00017145276069641113	4.279613494873047e-05	0.0010884404182434082	0.00022692978382110596	0.2013595998287201	0.197773277759552	0.1897100806236267	0.1680062711238861	0.0008655786514282227	-0.05748569965362549	-0.009846329689025879
s2_sv	2	delta	2	true	3,2	0.0	0	14	0.0	0.0	0.0	0.0	0.20118814706802368	0.19773048162460327	0.1886216402053833	0.167779341340065	0.0	-0.009079217910766602	0.0
s2_sv	2	delta	2	true	1,1	0.0078125	9	14	-0.0015535950660705566	-0.0010839104652404785	-0.000547945499420166	-0.000569954514503479	0.19963455200195312	0.1966465711593628	0.18807369470596313	0.16720938682556152	0.008373618125915527	-0.0405353307723999	-0.020130887627601624
s2_sv	2	delta	2	wrong	3,7	0.0	1	14	-0.00029465556144714355	-0.0005383193492889404	0.0001299530267715454	9.021162986755371e-05	0.20089349150657654	0.19719216227531433	0.18875159323215485	0.16786955296993256	0.0004690885543823242	-0.03135883808135986	-0.0022108256816864014
s2_sv	2	delta	2	wrong	0,4	0.0	0	14	0.0	0.0	0.0	0.0	0.20118814706802368	0.19773048162460327	0.1886216402053833	0.167779341340065	0.0	-0.015073180198669434	-0.0006458312273025513
s2_sv	2	delta	2	wrong	6,6	-0.0078125	3	14	-0.0008088350296020508	-0.0007738471031188965	0.0007009357213973999	0.0012672394514083862	0.20037931203842163	0.19695663452148438	0.1893225759267807	0.1690465807914734	0.0019086599349975586	-0.01360630989074707	-0.004960179328918457
s2_sv	2	delta	2	wrong	7,3	0.0	1	14	-0.0008386373519897461	-0.0004900097846984863	-0.00039158761501312256	-7.018446922302246e-06	0.20034950971603394	0.19724047183990479	0.18823005259037018	0.1677723228931427	0.0017006397247314453	-0.031389832496643066	0.001580268144607544
s2_sv	2	delta	2	wrong	1,7	-0.015625	4	14	0.001347869634628296	0.0010875463485717773	-0.0004963874816894531	-0.00031688809394836426	0.20253601670265198	0.19881802797317505	0.18812525272369385	0.16746245324611664	0.00415802001953125	-0.02682030200958252	-0.004141092300415039
s2_sv	2	delta	2	wrong	2,3	0.0	1	14	-0.0008386373519897461	-0.0004900097846984863	-0.00039158761501312256	-7.018446922302246e-06	0.20034950971603394	0.19724047183990479	0.18823005259037018	0.1677723228931427	0.0014748573303222656	-0.014259099960327148	0.0013545453548431396
s2_sv	2	delta	2	wrong	5,1	0.0	1	14	-1.3977289199829102e-05	-2.6106834411621094e-05	1.919269561767578e-05	-1.0699033737182617e-05	0.20117416977882385	0.19770437479019165	0.18864083290100098	0.16776864230632782	0.00024390220642089844	-0.014630794525146484	-0.0020228922367095947
s2_sv	2	delta	2	wrong	4,0	-0.00390625	2	14	0.0001796633005142212	-0.00021210312843322754	0.000453263521194458	0.00016905367374420166	0.2013678103685379	0.19751837849617004	0.18907490372657776	0.1679483950138092	0.00498199462890625	-0.015073776245117188	0.003971219062805176
s2_sv	2	delta	2	wrong	2,4	0.0	0	14	0.0	0.0	0.0	0.0	0.20118814706802368	0.19773048162460327	0.1886216402053833	0.167779341340065	0.0	-0.00874638557434082	0.0
s2_sv	2	delta	2	wrong	3,4	0.0	0	14	0.0	0.0	0.0	0.0	0.20118814706802368	0.19773048162460327	0.1886216402053833	0.167779341340065	0.0	-0.02053391933441162	-0.0025267750024795532
s2_sv	2	delta	2	wrong	6,5	-0.00390625	1	14	-0.00031919777393341064	-0.0006861090660095215	-3.032386302947998e-05	4.030764102935791e-05	0.20086894929409027	0.19704437255859375	0.18859131634235382	0.16781964898109436	0.0001589059829711914	-0.0022939443588256836	-3.071129322052002e-05
s2_sv	2	delta	2	wrong	7,4	0.0	0	14	0.0	0.0	0.0	0.0	0.20118814706802368	0.19773048162460327	0.1886216402053833	0.167779341340065	0.0	-0.060864806175231934	-0.013230249285697937
s2_sv	2	delta	2	wrong	4,5	-0.0078125	2	14	-0.0007128417491912842	-0.0013653188943862915	-0.000337257981300354	0.00010065734386444092	0.2004753053188324	0.19636516273021698	0.18828438222408295	0.16787999868392944	0.0026197433471679688	-0.007677912712097168	0.0021635591983795166
s2_sv	2	delta	2	wrong	4,2	-0.00390625	1	14	0.000844225287437439	0.00034990906715393066	-0.0002467930316925049	0.0007899999618530273	0.20203237235546112	0.1980803906917572	0.1883748471736908	0.16856934130191803	0.001003265380859375	-0.005233168601989746	0.0008137375116348267
s2_sv	2	delta	2	wrong	2,0	-0.00390625	1	14	5.4702162742614746e-05	0.00023132562637329102	0.00010585784912109375	2.7760863304138184e-05	0.2012428492307663	0.19796180725097656	0.1887274980545044	0.16780710220336914	0.0014011859893798828	-0.02831125259399414	-0.004205793142318726
s2_sv	2	delta	2	wrong	4,3	0.0	1	14	-0.0008577257394790649	-0.0005185157060623169	-0.00026467442512512207	-1.2889504432678223e-05	0.20033042132854462	0.19721196591854095	0.18835696578025818	0.16776645183563232	0.00019598007202148438	-0.009987711906433105	7.572770118713379e-05
s2_sv	2	delta	2	wrong	7,2	-0.00390625	1	14	-0.00032526254653930664	-0.0006923973560333252	-0.0001690387725830078	0.00032699108123779297	0.20086288452148438	0.19703808426856995	0.1884526014328003	0.1681063324213028	0.0011069774627685547	-0.014840126037597656	0.00027088820934295654
s2_sv	2	delta	2	wrong	6,2	0.0	0	14	0.0	0.0	0.0	0.0	0.20118814706802368	0.19773048162460327	0.1886216402053833	0.167779341340065	0.0	-0.0037206411361694336	0.0
s2_sv	2	delta	2	wrong	0,3	-0.01171875	4	14	-0.0033598244190216064	-0.002907499670982361	0.00012692809104919434	0.0004342794418334961	0.19782832264900208	0.1948229819536209	0.1887485682964325	0.1682136207818985	0.0011305809020996094	-0.02912616729736328	-0.009727329015731812
s2_sv	2	delta	2	wrong	3,3	0.0	0	14	0.0	0.0	0.0	0.0	0.20118814706802368	0.19773048162460327	0.1886216402053833	0.167779341340065	0.0	-0.010957002639770508	-0.0010645389556884766
s2_sv	2	delta	2	wrong	5,6	-0.01171875	8	14	-0.004699528217315674	-0.003346085548400879	0.0018681883811950684	-0.0007708221673965454	0.196488618850708	0.1943843960762024	0.19048982858657837	0.16700851917266846	0.009476780891418457	-0.02505326271057129	0.008197471499443054
s2_sv	2	delta	2	wrong	5,7	-0.00390625	4	14	-0.003200918436050415	-0.0015581846237182617	-0.0004459470510482788	-0.0006030499935150146	0.19798722863197327	0.196172297000885	0.18817569315433502	0.16717629134655	0.003977298736572266	-0.02574026584625244	0.002324223518371582
s2_sv	2	delta	2	wrong	6,4	0.0	0	14	0.0	0.0	0.0	0.0	0.20118814706802368	0.19773048162460327	0.1886216402053833	0.167779341340065	0.0	-0.012638449668884277	-0.005777463316917419
s2_sv	2	delta	2	wrong	5,3	0.0	1	14	-0.0008414983749389648	-0.0005004703998565674	-0.00010940432548522949	-7.286667823791504e-06	0.20034664869308472	0.1972300112247467	0.18851223587989807	0.1677720546722412	0.001556396484375	-0.013088822364807129	0.0014360547065734863
s2_sv	2	delta	2	wrong	1,5	-0.00390625	1	14	-0.00020834803581237793	-0.00047194957733154297	-0.00025494396686553955	-3.787875175476074e-05	0.2009797990322113	0.19725853204727173	0.18836669623851776	0.16774146258831024	0.0013287067413330078	-0.006146788597106934	0.0011391490697860718
s2_sv	2	delta	2	wrong	2,7	0.0	1	14	-0.000761568546295166	-0.000380784273147583	-0.00015406310558319092	3.814697265625e-06	0.20042657852172852	0.1973496973514557	0.1884675770998001	0.16778315603733063	0.0012329816818237305	-0.03296840190887451	-0.0065766870975494385
s2_sv	2	delta	2	wrong	1,2	-0.00390625	1	14	0.0013061761856079102	0.0008084475994110107	-0.00022931396961212158	0.00012581050395965576	0.2024943232536316	0.19853892922401428	0.18839232623577118	0.16790515184402466	0.0009636878967285156	-0.004907488822937012	0.0007741749286651611
s2_sv	2	delta	2	wrong	7,5	0.00390625	10	14	0.0010506808757781982	0.000258028507232666	-0.00011947751045227051	0.00033836066722869873	0.20223882794380188	0.19798851013183594	0.18850216269493103	0.1681177020072937	0.011439323425292969	-0.022437095642089844	0.0035926103591918945
s2_sv	2	delta	2	wrong	3,1	-0.01171875	4	14	-0.0018616318702697754	-0.0023087114095687866	7.195770740509033e-05	-0.0005509853363037109	0.1993265151977539	0.19542177021503448	0.1886935979127884	0.1672283560037613	0.0035246610641479492	-0.02747642993927002	-0.006442829966545105
s2_sv	2	delta	2	wrong	0,1	0.0	0	14	0.0	0.0	0.0	0.0	0.20118814706802368	0.19773048162460327	0.1886216402053833	0.167779341340065	0.0	-0.020424365997314453	-0.0015598386526107788
s2_sv	2	delta	2	wrong	5,5	-0.01171875	6	14	-0.0018506348133087158	-0.0021319538354873657	0.0017121285200119019	-0.00035084784030914307	0.19933751225471497	0.1955985277891159	0.1903337687253952	0.16742849349975586	0.006161212921142578	-0.024306297302246094	0.004369378089904785
s2_sv	2	delta	2	wrong	0,6	-0.08984375	29	14	0.010053381323814392	0.005515441298484802	0.009781986474990845	-0.004063934087753296	0.21124152839183807	0.20324592292308807	0.19840362668037415	0.1637154072523117	0.020964622497558594	-0.033751845359802246	-0.011269718408584595
s2_sv	2	delta	2	wrong	3,6	0.0	2	14	-0.00030034780502319336	-0.00040300190448760986	0.00031729042530059814	-0.00020833313465118408	0.2008877992630005	0.19732747972011566	0.1889389306306839	0.16757100820541382	0.0024260282516479492	-0.043509840965270996	-0.005507797002792358
s2_sv	2	delta	2	wrong	7,7	-0.01953125	9	14	-0.006018206477165222	-0.004499420523643494	-0.0025160908699035645	0.0020370930433273315	0.19516994059085846	0.19323106110095978	0.18610554933547974	0.16981643438339233	0.006118059158325195	-0.077972412109375	-0.004189714789390564
s2_sv	2	delta	2	wrong	5,4	0.0	0	14	0.0	0.0	0.0	0.0	0.20118814706802368	0.19773048162460327	0.1886216402053833	0.167779341340065	0.0	-0.010699987411499023	-0.001066833734512329
s2_sv	2	delta	2	wrong	0,5	-0.01171875	6	14	0.002965092658996582	-0.000202864408493042	0.003910526633262634	-0.0017866045236587524	0.20415323972702026	0.19752761721611023	0.19253216683864594	0.16599273681640625	0.003851175308227539	-0.020115017890930176	-0.005006015300750732
s2_sv	2	delta	2	wrong	7,0	-0.03125	16	14	0.0025275051593780518	0.002209395170211792	-0.002031087875366211	0.0025812536478042603	0.20371565222740173	0.19993987679481506	0.1865905523300171	0.17036059498786926	0.019710779190063477	-0.04134321212768555	0.009656146168708801
s2_sv	2	delta	2	wrong	1,4	-0.00390625	4	14	-7.843971252441406e-05	0.00039865076541900635	-0.0004926025867462158	-2.5480985641479492e-05	0.20110970735549927	0.19812913239002228	0.18812903761863708	0.16775386035442352	0.0029186010360717773	-0.031069397926330566	-0.011484146118164062
s2_sv	2	delta	2	wrong	0,0	-0.00390625	4	14	0.004086852073669434	0.002061024308204651	0.0011282861232757568	0.0017833411693572998	0.20527499914169312	0.19979150593280792	0.18974992632865906	0.1695626825094223	0.0015677213668823242	-0.03075850009918213	-0.004867628216743469
s2_sv	2	delta	2	wrong	4,4	-0.00390625	2	14	-0.0001227259635925293	-0.0004724860191345215	-0.00011578202247619629	-0.00027586519718170166	0.20106542110443115	0.19725799560546875	0.1885058581829071	0.1675034761428833	0.00116729736328125	-0.031386733055114746	-0.010771483182907104
s2_sv	2	delta	2	wrong	4,7	-0.01953125	5	14	0.0032261013984680176	0.0009531378746032715	-0.0006165802478790283	0.000635191798210144	0.2044142484664917	0.19868361949920654	0.18800505995750427	0.16841453313827515	0.0042912960052490234	-0.028326034545898438	-0.0036475062370300293
s2_sv	2	delta	2	wrong	1,0	-0.00390625	2	14	0.0008658468723297119	0.00018531084060668945	-0.0005297660827636719	8.80211591720581e-05	0.2020539939403534	0.19791579246520996	0.18809187412261963	0.16786736249923706	0.004767656326293945	-0.011374592781066895	0.0037146806716918945
s2_sv	2	delta	2	wrong	2,2	0.0	0	14	0.0	0.0	0.0	0.0	0.20118814706802368	0.19773048162460327	0.1886216402053833	0.167779341340065	0.0	-0.005863785743713379	-0.0006650090217590332
s2_sv	2	delta	2	wrong	2,1	0.0	0	14	0.0	0.0	0.0	0.0	0.20118814706802368	0.19773048162460327	0.1886216402053833	0.167779341340065	0.0	-0.012437701225280762	0.0
s2_sv	2	delta	2	wrong	6,7	-0.00390625	1	14	-0.0002574920654296875	-0.0005605369806289673	1.029670238494873e-05	0.0004507601261138916	0.200930655002594	0.1971699446439743	0.18863193690776825	0.1682301014661789	0.0014786720275878906	-0.012507796287536621	-0.005195483565330505
s2_sv	2	delta	2	wrong	6,0	-0.00390625	1	14	-0.00021126866340637207	-0.0005528032779693604	-0.00013375282287597656	8.305907249450684e-05	0.2009768784046173	0.1971776783466339	0.18848788738250732	0.1678624004125595	0.000820159912109375	-0.0029802322387695312	0.0006305426359176636
s2_sv	2	delta	2	wrong	0,2	0.0	0	14	0.0	0.0	0.0	0.0	0.20118814706802368	0.19773048162460327	0.1886216402053833	0.167779341340065	0.0	-0.007093667984008789	0.0
s2_sv	2	delta	2	wrong	6,3	0.0	0	14	0.0	0.0	0.0	0.0	0.20118814706802368	0.19773048162460327	0.1886216402053833	0.167779341340065	0.0	-0.0017944574356079102	0.0
s2_sv	2	single	-1	true	5,0	0.19921875	-1	1					0.13041672110557556	0.11244463920593262	0.16846132278442383	0.14650994539260864	-0.14937853813171387	0.0	0.0
s2_sv	2	single	-1	true	3,0	0.19921875	-1	1					0.10423657298088074	0.12569604814052582	0.2248816192150116	0.2128610461950302	0.08089644461870193	0.0	0.0
s2_sv	2	single	-1	true	4,6	0.0234375	-1	1					0.03135085850954056	0.03417723625898361	0.17728880047798157	0.1572352945804596	0.32645994424819946	0.0	0.0
s2_sv	2	single	-1	true	1,3	0.0234375	-1	1					0.04416055232286453	0.06848111748695374	0.09143523126840591	0.11216035485267639	-0.7176954746246338	0.0	0.0
s2_sv	2	single	-1	true	3,2	0.15625	-1	1					0.041625410318374634	0.07249040901660919	0.18766236305236816	0.23366576433181763	-0.7782446146011353	0.0	0.0
s2_sv	2	single	-1	true	7,1	0.15625	-1	1					0.042496390640735626	0.06462603062391281	0.09581416100263596	0.07221274822950363	0.6554744243621826	0.0	0.0
s2_sv	2	single	-1	true	5,0	0.19921875	-1	1					0.13041672110557556	0.11244463920593262	0.16846132278442383	0.14650994539260864	-0.14937853813171387	0.0	0.0
s2_sv	2	single	-1	true	7,6	0.46875	-1	1					0.16425743699073792	0.15162651240825653	0.17143118381500244	0.189723402261734	1.0583432912826538	0.0	0.0
s2_sv	2	single	-1	true	2,5	0.1640625	-1	1					0.13727694749832153	0.13246479630470276	0.14350275695323944	0.12916487455368042	-0.8143709301948547	0.0	0.0
s2_sv	2	single	-1	true	5,2	0.1640625	-1	1					0.051115941256284714	0.0723661482334137	0.15825670957565308	0.17420490086078644	-1.0085196495056152	0.0	0.0
s2_sv	2	single	-1	true	7,6	0.46875	-1	1					0.16425743699073792	0.15162651240825653	0.17143118381500244	0.189723402261734	1.0583432912826538	0.0	0.0
s2_sv	2	single	-1	true	1,1	0.25	-1	1					0.01963384822010994	0.05787442624568939	0.07231950759887695	0.049789007753133774	-0.21964088082313538	0.0	0.0
s2_sv	2	single	-1	true	0,7	0.21875	-1	1					0.14960205554962158	0.144047811627388	0.19250930845737457	0.17576614022254944	-0.34542590379714966	0.0	0.0
s2_sv	2	single	-1	true	2,6	0.46875	-1	1					0.16425743699073792	0.15162651240825653	0.17143118381500244	0.189723402261734	0.04687576740980148	0.0	0.0
s2_sv	2	single	-1	true	1,6	0.15625	-1	1					0.07733768224716187	0.07755580544471741	0.11966973543167114	0.12869670987129211	0.1832280308008194	0.0	0.0
s2_sv	2	single	-1	true	6,1	0.15625	-1	1					0.011699795722961426	0.025221969932317734	0.12652519345283508	0.10574294626712799	-1.7760710716247559	0.0	0.0
s2_sv	2	single	-1	wrong	3,7	0.15625	-1	1					0.041625410318374634	0.07249040901660919	0.18766236305236816	0.23366576433181763	0.2258540689945221	0.0	0.0
s2_sv	2	single	-1	wrong	0,4	0.0	-1	1					0.13283652067184448	0.11717028170824051	0.1994316279888153	0.08198532462120056	-0.717726469039917	0.0	0.0
s2_sv	2	single	-1	wrong	6,6	0.0	-1	1					0.0412658229470253	0.04192284867167473	0.251188188791275	0.2860775589942932	-1.3732022047042847	0.0	0.0
s2_sv	2	single	-1	wrong	7,3	0.0	-1	1					0.020963184535503387	0.039261095225811005	0.11233635246753693	0.16730886697769165	0.1574198454618454	0.0	0.0
s2_sv	2	single	-1	wrong	1,7	0.0	-1	1					0.03244907408952713	0.0728423148393631	0.0589660108089447	0.13726356625556946	-0.01909278705716133	0.0	0.0
s2_sv	2	single	-1	wrong	2,3	0.0	-1	1					0.020963184535503387	0.039261095225811005	0.11233635246753693	0.16730886697769165	-0.8540476560592651	0.0	0.0
s2_sv	2	single	-1	wrong	5,1	0.0	-1	1					0.0074998764321208	0.01782207004725933	0.17453089356422424	0.06395941972732544	-0.20496898889541626	0.0	0.0
s2_sv	2	single	-1	wrong	4,0	0.0	-1	1					0.09226799011230469	0.09577276557683945	0.11687194555997849	0.13683632016181946	-0.020818490535020828	0.0	0.0
s2_sv	2	single	-1	wrong	2,4	0.0	-1	1					0.06916362047195435	0.08733583986759186	0.10416661202907562	0.096236452460289	-0.5277456045150757	0.0	0.0
s2_sv	2	single	-1	wrong	3,4	0.0	-1	1					0.012527480721473694	0.02531195804476738	0.20540358126163483	0.10667574405670166	-0.14644655585289001	0.0	0.0
s2_sv	2	single	-1	wrong	6,5	0.0	-1	1					0.035733211785554886	0.04565301537513733	0.2022494524717331	0.19822226464748383	-2.2344489097595215	0.0	0.0
s2_sv	2	single	-1	wrong	7,4	0.0	-1	1					0.06916362047195435	0.08733583986759186	0.10416661202907562	0.096236452460289	0.48372185230255127	0.0	0.0
s2_sv	2	single	-1	wrong	4,5	0.0	-1	1					0.03554347902536392	0.0442902110517025	0.1567312777042389	0.11942586302757263	-0.5347867608070374	0.0	0.0
s2_sv	2	single	-1	wrong	4,2	0.0	-1	1					0.03342822566628456	0.04402679204940796	0.10036993026733398	0.17218846082687378	-0.8799595832824707	0.0	0.0
s2_sv	2	single	-1	wrong	2,0	0.0	-1	1					0.1643393337726593	0.16958226263523102	0.11198120564222336	0.1634293794631958	-0.3004026710987091	0.0	0.0
s2_sv	2	single	-1	wrong	4,3	0.0	-1	1					0.00896490179002285	0.01863258332014084	0.12890464067459106	0.13776463270187378	-0.5744634866714478	0.0	0.0
s2_sv	2	single	-1	wrong	7,2	0.0	-1	1					0.046347931027412415	0.06925353407859802	0.08655860275030136	0.19245636463165283	-0.14807620644569397	0.0	0.0
s2_sv	2	single	-1	wrong	6,2	0.0	-1	1					0.017046745866537094	0.026570403948426247	0.12718616425991058	0.26285943388938904	-2.5796217918395996	0.0	0.0
s2_sv	2	single	-1	wrong	0,3	0.0	-1	1					0.024028848856687546	0.03022412583231926	0.21785515546798706	0.15251149237155914	-1.0440285205841064	0.0	0.0
s2_sv	2	single	-1	wrong	3,3	0.0	-1	1					0.0051761772483587265	0.01835213229060173	0.26862406730651855	0.2176314890384674	-0.4727485477924347	0.0	0.0
s2_sv	2	single	-1	wrong	5,6	0.0	-1	1					0.04568710923194885	0.04667244851589203	0.2395557314157486	0.1855238378047943	0.19789990782737732	0.0	0.0
s2_sv	2	single	-1	wrong	5,7	0.1640625	-1	1					0.051115941256284714	0.0723661482334137	0.15825670957565308	0.17420490086078644	-0.004420917481184006	0.0	0.0
s2_sv	2	single	-1	wrong	6,4	0.0	-1	1					0.008088376373052597	0.017065390944480896	0.15459537506103516	0.14591830968856812	-1.9478237628936768	0.0	0.0
s2_sv	2	single	-1	wrong	5,3	0.0	-1	1					0.017237553372979164	0.029367588460445404	0.2177499234676361	0.14859148859977722	-0.7030235528945923	0.0	0.0
s2_sv	2	single	-1	wrong	1,5	0.0	-1	1					0.1498344987630844	0.146622434258461	0.09976296126842499	0.08293363451957703	-0.6780186891555786	0.0	0.0
s2_sv	2	single	-1	wrong	2,7	0.0	-1	1					0.046347931027412415	0.06925353407859802	0.08655860275030136	0.19245636463165283	-0.15544503927230835	0.0	0.0
s2_sv	2	single	-1	wrong	1,2	0.0	-1	1					0.03244907408952713	0.0728423148393631	0.0589660108089447	0.13726356625556946	-1.0231914520263672	0.0	0.0
s2_sv	2	single	-1	wrong	7,5	0.1640625	-1	1					0.13727694749832153	0.13246479630470276	0.14350275695323944	0.12916487455368042	0.1970965564250946	0.0	0.0
s2_sv	2	single	-1	wrong	3,1	0.0	-1	1					0.004889245145022869	0.018107997253537178	0.2047039121389389	0.08635950088500977	0.025305980816483498	0.0	0.0
s2_sv	2	single	-1	wrong	0,1	0.0	-1	1					0.10710471868515015	0.10362677276134491	0.2114863097667694	0.06270639598369598	-0.5459739565849304	0.0	0.0
s2_sv	2	single	-1	wrong	5,5	0.0	-1	1					0.07909402251243591	0.06497735530138016	0.20605480670928955	0.12139248847961426	-0.6633468866348267	0.0	0.0
s2_sv	2	single	-1	wrong	0,6	0.0	-1	1					0.2748650312423706	0.21117672324180603	0.2700118124485016	0.1747780442237854	-0.14310507476329803	0.0	0.0
s2_sv	2	single	-1	wrong	3,6	0.0	-1	1					0.03541965037584305	0.0499054417014122	0.30444806814193726	0.23391391336917877	0.4281748831272125	0.0	0.0
s2_sv	2	single	-1	wrong	7,7	0.0	-1	1					0.046347931027412415	0.06925353407859802	0.08655860275030136	0.19245636463165283	0.8560224771499634	0.0	0.0
s2_sv	2	single	-1	wrong	5,4	0.0	-1	1					0.011075623333454132	0.019633203744888306	0.18135902285575867	0.09642735868692398	-0.3767215311527252	0.0	0.0
s2_sv	2	single	-1	wrong	0,5	0.0	-1	1					0.21721294522285461	0.15233851969242096	0.2530757486820221	0.11556434631347656	-1.0043518543243408	0.0	0.0
s2_sv	2	single	-1	wrong	7,0	0.0	-1	1					0.1643393337726593	0.16958226263523102	0.11198120564222336	0.1634293794631958	0.7110648155212402	0.0	0.0
s2_sv	2	single	-1	wrong	1,4	0.0	-1	1					0.03191898763179779	0.05216481536626816	0.07123711705207825	0.06388740241527557	-0.39139339327812195	0.0	0.0
s2_sv	2	single	-1	wrong	0,0	0.0	-1	1					0.3381648063659668	0.2572183310985565	0.20819023251533508	0.1498459428548813	-0.4903835356235504	0.0	0.0
s2_sv	2	single	-1	wrong	4,4	0.0	-1	1					0.004586964379996061	0.011189386248588562	0.11051686108112335	0.10923169553279877	-0.2481614649295807	0.0	0.0
s2_sv	2	single	-1	wrong	4,7	0.0	-1	1					0.03342822566628456	0.04402679204940796	0.10036993026733398	0.17218846082687378	0.12413913011550903	0.0	0.0
s2_sv	2	single	-1	wrong	1,0	0.0	-1	1					0.12190215289592743	0.14637091755867004	0.06962551921606064	0.10998442023992538	-0.1640504002571106	0.0	0.0
s2_sv	2	single	-1	wrong	2,2	0.0	-1	1					0.046347931027412415	0.06925353407859802	0.08655860275030136	0.19245636463165283	-1.159543752670288	0.0	0.0
s2_sv	2	single	-1	wrong	2,1	0.15625	-1	1					0.042496390640735626	0.06462603062391281	0.09581416100263596	0.07221274822950363	-0.3559930920600891	0.0	0.0
s2_sv	2	single	-1	wrong	6,7	0.0	-1	1					0.017046745866537094	0.026570403948426247	0.12718616425991058	0.26285943388938904	-1.5755231380462646	0.0	0.0
s2_sv	2	single	-1	wrong	6,0	0.0	-1	1					0.08396434038877487	0.08482484519481659	0.15033859014511108	0.23307783901691437	-1.7204806804656982	0.0	0.0
s2_sv	2	single	-1	wrong	0,2	0.21875	-1	1					0.14960205554962158	0.144047811627388	0.19250930845737457	0.17576614022254944	-1.3495244979858398	0.0	0.0
s2_sv	2	single	-1	wrong	6,3	0.0	-1	1					0.0020183781161904335	0.007740815170109272	0.1886736899614334	0.22667422890663147	-2.274125576019287	0.0	0.0
s2_sv	2	single	-1	wrong	3,5	0.0	-1	1					0.02110597863793373	0.04119623824954033	0.2752240300178528	0.1672600656747818	-0.4330718517303467	0.0	0.0
s2_sv	2	single	-1	wrong	4,1	0.0	-1	1					0.005348128266632557	0.013560550287365913	0.10342243313789368	0.0782189816236496	-0.07640895247459412	0.0	0.0
s2_sv	3	delta	0	true	5,7	0.0859375	28	49	0.01556086540222168	0.015767663717269897	-0.0018436014652252197	-0.005840778350830078	0.25766322016716003	0.27660876512527466	0.23101231455802917	0.2447199821472168	0.01650822162628174	-0.04025769233703613	0.015837419778108597
s2_sv	3	delta	0	true	15,6	0.0	0	49	0.0	0.0	0.0	0.0	0.24210235476493835	0.26084110140800476	0.2328559160232544	0.2505607604980469	0.0	-0.0011948347091674805	0.0
s2_sv	3	delta	0	true	9,1	0.0	0	49	0.0	0.0	0.0	0.0	0.24210235476493835	0.26084110140800476	0.2328559160232544	0.2505607604980469	0.0	-0.0003261566162109375	0.0
s2_sv	3	delta	0	true	2,8	0.0	0	49	0.0	0.0	0.0	0.0	0.24210235476493835	0.26084110140800476	0.2328559160232544	0.2505607604980469	0.0	-0.0012416839599609375	0.0
s2_sv	3	delta	0	true	13,4	0.0	0	49	0.0	0.0	0.0	0.0	0.24210235476493835	0.26084110140800476	0.2328559160232544	0.2505607604980469	0.0	-0.0017588138580322266	0.0
s2_sv	3	delta	0	true	8,8	0.0	0	49	0.0	0.0	0.0	0.0	0.24210235476493835	0.26084110140800476	0.2328559160232544	0.2505607604980469	0.0	-0.0008902549743652344	0.0
s2_sv	3	delta	0	true	8,9	0.0	0	49	0.0	0.0	0.0	0.0	0.24210235476493835	0.26084110140800476	0.2328559160232544	0.2505607604980469	0.0	-0.0016248226165771484	0.0
s2_sv	3	delta	0	true	10,11	0.0	0	49	0.0	0.0	0.0	0.0	0.24210235476493835	0.26084110140800476	0.2328559160232544	0.2505607604980469	0.0	-0.004367709159851074	0.0
s2_sv	3	delta	0	true	12,9	0.0	0	49	0.0	0.0	0.0	0.0	0.24210235476493835	0.26084110140800476	0.2328559160232544	0.2505607604980469	0.0	-0.0012181997299194336	0.0
s2_sv	3	delta	0	true	10,4	0.0	0	49	0.0	0.0	0.0	0.0	0.24210235476493835	0.26084110140800476	0.2328559160232544	0.2505607604980469	0.0	-0.005891084671020508	-0.0006715431809425354
s2_sv	3	delta	0	true	0,14	0.0	0	49	0.0	0.0	0.0	0.0	0.24210235476493835	0.26084110140800476	0.2328559160232544	0.2505607604980469	0.0	-0.004713296890258789	0.0
s2_sv	3	delta	0	true	0,15	0.0	0	49	0.0	0.0	0.0	0.0	0.24210235476493835	0.26084110140800476	0.2328559160232544	0.2505607604980469	0.0	-0.0020165443420410156	0.0
s2_sv	3	delta	0	true	1,15	0.0	0	49	0.0	0.0	0.0	0.0	0.24210235476493835	0.26084110140800476	0.2328559160232544	0.2505607604980469	0.0	-0.003131866455078125	0.0
s2_sv	3	delta	0	true	13,2	0.0	0	49	0.0	0.0	0.0	0.0	0.24210235476493835	0.26084110140800476	0.2328559160232544	0.2505607604980469	0.0	-0.006589412689208984	0.0
s2_sv	3	delta	0	true	13,3	0.0	0	49	0.0	0.0	0.0	0.0	0.24210235476493835	0.26084110140800476	0.2328559160232544	0.2505607604980469	0.0	-0.00019288063049316406	0.0
s2_sv	3	delta	0	true	10,11	0.0	0	49	0.0	0.0	0.0	0.0	0.24210235476493835	0.26084110140800476	0.2328559160232544	0.2505607604980469	0.0	-0.004367709159851074	0.0
s2_sv	3	delta	0	wrong	3,3	0.0	0	49	0.0	0.0	0.0	0.0	0.24210235476493835	0.26084110140800476	0.2328559160232544	0.2505607604980469	0.0	-2.9325485229492188e-05	0.0
s2_sv	3	delta	0	wrong	2,13	0.0	0	49	0.0	0.0	0.0	0.0	0.24210235476493835	0.26084110140800476	0.2328559160232544	0.2505607604980469	0.0	-0.003764629364013672	0.0
s2_sv	3	delta	0	wrong	15,3	0.0	0	49	0.0	0.0	0.0	0.0	0.24210235476493835	0.26084110140800476	0.2328559160232544	0.2505607604980469	0.0	-2.9921531677246094e-05	0.0
s2_sv	3	delta	0	wrong	14,9	0.0	0	49	0.0	0.0	0.0	0.0	0.24210235476493835	0.26084110140800476	0.2328559160232544	0.2505607604980469	0.0	-0.0015288591384887695	0.0
s2_sv	3	delta	0	wrong	1,0	0.0	1	49	-4.048645496368408e-05	-3.978610038757324e-05	-4.369020462036133e-05	-0.00014024972915649414	0.24206186830997467	0.2608013153076172	0.23281222581863403	0.2504205107688904	0.00010585784912109375	-0.006162762641906738	-0.0013479217886924744
s2_sv	3	delta	0	wrong	12,0	0.0	0	49	0.0	0.0	0.0	0.0	0.24210235476493835	0.26084110140800476	0.2328559160232544	0.2505607604980469	0.0	-0.0007009506225585938	0.0
s2_sv	3	delta	0	wrong	15,1	0.0	0	49	0.0	0.0	0.0	0.0	0.24210235476493835	0.26084110140800476	0.2328559160232544	0.2505607604980469	0.0	-0.00048232078552246094	0.0
s2_sv	3	delta	0	wrong	0,6	0.0	0	49	0.0	0.0	0.0	0.0	0.24210235476493835	0.26084110140800476	0.2328559160232544	0.2505607604980469	0.0	-0.0031964778900146484	0.0
s2_sv	3	delta	0	wrong	10,0	0.0	0	49	0.0	0.0	0.0	0.0	0.24210235476493835	0.26084110140800476	0.2328559160232544	0.2505607604980469	0.0	-0.0068852901458740234	0.0
s2_sv	3	delta	0	wrong	1,8	0.0	0	49	0.0	0.0	0.0	0.0	0.24210235476493835	0.26084110140800476	0.2328559160232544	0.2505607604980469	0.0	-0.009598016738891602	0.0
s2_sv	3	delta	0	wrong	14,13	0.0	0	49	0.0	0.0	0.0	0.0	0.24210235476493835	0.26084110140800476	0.2328559160232544	0.2505607604980469	0.0	-0.003957033157348633	0.0
s2_sv	3	delta	0	wrong	12,15	0.0	0	49	0.0	0.0	0.0	0.0	0.24210235476493835	0.26084110140800476	0.2328559160232544	0.2505607604980469	0.0	-0.0002923011779785156	0.0
s2_sv	3	delta	0	wrong	10,15	0.0	0	49	0.0	0.0	0.0	0.0	0.24210235476493835	0.26084110140800476	0.2328559160232544	0.2505607604980469	0.0	-0.0017559528350830078	0.0
s2_sv	3	delta	0	wrong	5,1	0.0	0	49	0.0	0.0	0.0	0.0	0.24210235476493835	0.26084110140800476	0.2328559160232544	0.2505607604980469	0.0	-0.003639698028564453	0.0
s2_sv	3	delta	0	wrong	13,0	0.0	0	49	0.0	0.0	0.0	0.0	0.24210235476493835	0.26084110140800476	0.2328559160232544	0.2505607604980469	0.0	-0.0011445283889770508	0.0
s2_sv	3	delta	0	wrong	14,3	0.0	0	49	0.0	0.0	0.0	0.0	0.24210235476493835	0.26084110140800476	0.2328559160232544	0.2505607604980469	0.0	-0.00024890899658203125	0.0
s2_sv	3	delta	0	wrong	5,11	0.0	0	49	0.0	0.0	0.0	0.0	0.24210235476493835	0.26084110140800476	0.2328559160232544	0.2505607604980469	0.0	-0.0013535022735595703	0.0
s2_sv	3	delta	0	wrong	15,8	0.0	0	49	0.0	0.0	0.0	0.0	0.24210235476493835	0.26084110140800476	0.2328559160232544	0.2505607604980469	0.0	-8.881092071533203e-05	0.0
s2_sv	3	delta	0	wrong	4,1	0.0	0	49	0.0	0.0	0.0	0.0	0.24210235476493835	0.26084110140800476	0.2328559160232544	0.2505607604980469	0.0	-0.0006923675537109375	0.0
s2_sv	3	delta	0	wrong	13,11	0.0	0	49	0.0	0.0	0.0	0.0	0.24210235476493835	0.26084110140800476	0.2328559160232544	0.2505607604980469	0.0	-0.0008111000061035156	0.0
s2_sv	3	delta	0	wrong	2,14	0.0	0	49	0.0	0.0	0.0	0.0	0.24210235476493835	0.26084110140800476	0.2328559160232544	0.2505607604980469	0.0	-0.004456758499145508	0.0
s2_sv	3	delta	0	wrong	8,15	0.0	0	49	0.0	0.0	0.0	0.0	0.24210235476493835	0.26084110140800476	0.2328559160232544	0.2505607604980469	0.0	-0.0002359151840209961	0.0
s2_sv	3	delta	0	wrong	15,14	0.0	0	49	0.0	0.0	0.0	0.0	0.24210235476493835	0.26084110140800476	0.2328559160232544	0.2505607604980469	0.0	-0.0008223056793212891	0.0
s2_sv	3	delta	0	wrong	11,0	0.0	0	49	0.0	0.0	0.0	0.0	0.24210235476493835	0.26084110140800476	0.2328559160232544	0.2505607604980469	0.0	-0.002165079116821289	0.0
s2_sv	3	delta	0	wrong	1,10	-0.00390625	38	49	-0.015829652547836304	-0.021645918488502502	-0.0039052367210388184	0.0012755393981933594	0.22627270221710205	0.23919518291950226	0.22895067930221558	0.25183629989624023	0.02568984031677246	0.0062323808670043945	0.01661347597837448
s2_sv	3	delta	0	wrong	0,7	-0.0078125	21	49	-0.009377896785736084	-0.013307124376296997	-0.002781987190246582	-0.0011866092681884766	0.23272445797920227	0.24753397703170776	0.2300739288330078	0.2493741512298584	0.013191938400268555	-0.010681748390197754	0.008061863481998444
s2_sv	3	delta	0	wrong	14,1	0.0	0	49	0.0	0.0	0.0	0.0	0.24210235476493835	0.26084110140800476	0.2328559160232544	0.2505607604980469	0.0	-0.0007891654968261719	0.0
s2_sv	3	delta	0	wrong	1,1	0.0	0	49	0.0	0.0	0.0	0.0	0.24210235476493835	0.26084110140800476	0.2328559160232544	0.2505607604980469	0.0	-0.004214286804199219	-0.0003332700580358505
s2_sv	3	delta	0	wrong	6,9	0.0	0	49	0.0	0.0	0.0	0.0	0.24210235476493835	0.26084110140800476	0.2328559160232544	0.2505607604980469	0.0	-0.012533307075500488	-0.00011679716408252716
s2_sv	3	delta	0	wrong	14,11	0.0	0	49	0.0	0.0	0.0	0.0	0.24210235476493835	0.26084110140800476	0.2328559160232544	0.2505607604980469	0.0	-0.000783085823059082	0.0
s2_sv	3	delta	0	wrong	9,15	0.0	0	49	0.0	0.0	0.0	0.0	0.24210235476493835	0.26084110140800476	0.2328559160232544	0.2505607604980469	0.0	-0.00014352798461914062	0.0
s2_sv	3	delta	0	wrong	15,11	0.0	0	49	0.0	0.0	0.0	0.0	0.24210235476493835	0.26084110140800476	0.2328559160232544	0.2505607604980469	0.0	-7.021427154541016e-05	0.0
s2_sv	3	delta	0	wrong	2,1	0.0	0	49	0.0	0.0	0.0	0.0	0.24210235476493835	0.26084110140800476	0.2328559160232544	0.2505607604980469	0.0	-0.0007718801498413086	0.0
s2_sv	3	delta	0	wrong	14,14	0.0	0	49	0.0	0.0	0.0	0.0	0.24210235476493835	0.26084110140800476	0.2328559160232544	0.2505607604980469	0.0	-0.004937648773193359	0.0
s2_sv	3	delta	0	wrong	5,15	0.0	0	49	0.0	0.0	0.0	0.0	0.24210235476493835	0.26084110140800476	0.2328559160232544	0.2505607604980469	0.0	-0.0006405115127563477	0.0
s2_sv	3	delta	0	wrong	3,14	0.0	0	49	0.0	0.0	0.0	0.0	0.24210235476493835	0.26084110140800476	0.2328559160232544	0.2505607604980469	0.0	-0.0005691051483154297	0.0
s2_sv	3	delta	0	wrong	5,14	0.0	0	49	0.0	0.0	0.0	0.0	0.24210235476493835	0.26084110140800476	0.2328559160232544	0.2505607604980469	0.0	-0.009199380874633789	0.0
s2_sv	3	delta	0	wrong	4,2	0.0	0	49	0.0	0.0	0.0	0.0	0.24210235476493835	0.26084110140800476	0.2328559160232544	0.2505607604980469	0.0	-0.001512289047241211	0.0
s2_sv	3	delta	0	wrong	12,12	0.0	0	49	0.0	0.0	0.0	0.0	0.24210235476493835	0.26084110140800476	0.2328559160232544	0.2505607604980469	0.0	-0.0006101131439208984	0.0
s2_sv	3	delta	0	wrong	11,1	0.0	0	49	0.0	0.0	0.0	0.0	0.24210235476493835	0.26084110140800476	0.2328559160232544	0.2505607604980469	0.0	-0.0008146762847900391	0.0
s2_sv	3	delta	0	wrong	6,1	0.0	0	49	0.0	0.0	0.0	0.0	0.24210235476493835	0.26084110140800476	0.2328559160232544	0.2505607604980469	0.0	-0.0021981000900268555	0.0
s2_sv	3	delta	0	wrong	9,2	0.0	0	49	0.0	0.0	0.0	0.0	0.24210235476493835	0.26084110140800476	0.2328559160232544	0.2505607604980469	0.0	-0.0008721351623535156	0.0
s2_sv	3	delta	0	wrong	10,14	0.0	0	49	0.0	0.0	0.0	0.0	0.24210235476493835	0.26084110140800476	0.2328559160232544	0.2505607604980469	0.0	-0.026600360870361328	0.0
s2_sv	3	delta	0	wrong	10,2	0.0	0	49	0.0	0.0	0.0	0.0	0.24210235476493835	0.26084110140800476	0.2328559160232544	0.2505607604980469	0.0	-0.04681038856506348	0.0
s2_sv	3	delta	0	wrong	4,5	0.0	0	49	0.0	0.0	0.0	0.0	0.24210235476493835	0.26084110140800476	0.2328559160232544	0.2505607604980469	0.0	-0.006285548210144043	0.0
s2_sv	3	delta	0	wrong	2,6	0.0	0	49	0.0	0.0	0.0	0.0	0.24210235476493835	0.26084110140800476	0.2328559160232544	0.2505607604980469	0.0	-0.0015200376510620117	0.0
s2_sv	3	delta	0	wrong	14,5	0.0	0	49	0.0	0.0	0.0	0.0	0.24210235476493835	0.26084110140800476	0.2328559160232544	0.2505607604980469	0.0	-0.008812427520751953	0.0
s2_sv	3	delta	0	wrong	3,13	0.0	0	49	0.0	0.0	0.0	0.0	0.24210235476493835	0.26084110140800476	0.2328559160232544	0.2505607604980469	0.0	-0.0005633831024169922	0.0
s2_sv	3	delta	1	true	4,6	0.0	0	49	0.0	0.0	0.0	0.0	0.2456815540790558	0.25724050402641296	0.22357138991355896	0.24320372939109802	0.0	-0.001251220703125	0.0
s2_sv	3	delta	1	true	5,6	0.0	0	49	0.0	0.0	0.0	0.0	0.2456815540790558	0.25724050402641296	0.22357138991355896	0.24320372939109802	0.0	-0.0063779354095458984	0.0
s2_sv	3	delta	1	true	14,6	0.0	0	49	0.0	0.0	0.0	0.0	0.2456815540790558	0.25724050402641296	0.22357138991355896	0.24320372939109802	0.0	-0.0014535188674926758	0.0
s2_sv	3	delta	1	true	0,15	0.0	0	49	0.0	0.0	0.0	0.0	0.2456815540790558	0.25724050402641296	0.22357138991355896	0.24320372939109802	0.0	-0.0028655529022216797	0.0
s2_sv	3	delta	1	true	9,1	0.0	0	49	0.0	0.0	0.0	0.0	0.2456815540790558	0.25724050402641296	0.22357138991355896	0.24320372939109802	0.0	-0.0003437995910644531	0.0
s2_sv	3	delta	1	true	3,8	0.0	0	49	0.0	0.0	0.0	0.0	0.2456815540790558	0.25724050402641296	0.22357138991355896	0.24320372939109802	0.0	-0.00019979476928710938	0.0
s2_sv	3	delta	1	true	3,9	0.0	0	49	0.0	0.0	0.0	0.0	0.2456815540790558	0.25724050402641296	0.22357138991355896	0.24320372939109802	0.0	-0.0002633333206176758	0.0
s2_sv	3	delta	1	true	1,5	0.0	48	49	0.011981666088104248	0.019368261098861694	0.007440924644470215	0.0015162527561187744	0.25766322016716003	0.27660876512527466	0.23101231455802917	0.2447199821472168	0.02462458610534668	-0.0010317564010620117	-0.014024421572685242
s2_sv	3	delta	1	true	8,8	0.0	0	49	0.0	0.0	0.0	0.0	0.2456815540790558	0.25724050402641296	0.22357138991355896	0.24320372939109802	0.0	-0.0011947154998779297	0.0
s2_sv	3	delta	1	true	12,9	0.0	0	49	0.0	0.0	0.0	0.0	0.2456815540790558	0.25724050402641296	0.22357138991355896	0.24320372939109802	0.0	-0.0013098716735839844	0.0
s2_sv	3	delta	1	true	0,12	0.0	0	49	0.0	0.0	0.0	0.0	0.2456815540790558	0.25724050402641296	0.22357138991355896	0.24320372939109802	0.0	-0.004408121109008789	-0.00010348111391067505
s2_sv	3	delta	1	true	1,13	0.0	0	49	0.0	0.0	0.0	0.0	0.2456815540790558	0.25724050402641296	0.22357138991355896	0.24320372939109802	0.0	-0.010648131370544434	0.0
s2_sv	3	delta	1	true	11,5	0.0	0	49	0.0	0.0	0.0	0.0	0.2456815540790558	0.25724050402641296	0.22357138991355896	0.24320372939109802	0.0	-0.0034475326538085938	0.0
s2_sv	3	delta	1	true	0,15	0.0	0	49	0.0	0.0	0.0	0.0	0.2456815540790558	0.25724050402641296	0.22357138991355896	0.24320372939109802	0.0	-0.0028655529022216797	0.0
s2_sv	3	delta	1	true	9,5	0.0	0	49	0.0	0.0	0.0	0.0	0.2456815540790558	0.25724050402641296	0.22357138991355896	0.24320372939109802	0.0	-0.0050694942474365234	0.0
s2_sv	3	delta	1	true	12,3	0.0	0	49	0.0	0.0	0.0	0.0	0.2456815540790558	0.25724050402641296	0.22357138991355896	0.24320372939109802	0.0	-0.00012922286987304688	0.0
s2_sv	3	delta	1	wrong	3,3	0.0	0	49	0.0	0.0	0.0	0.0	0.2456815540790558	0.25724050402641296	0.22357138991355896	0.24320372939109802	0.0	-2.6345252990722656e-05	0.0
s2_sv	3	delta	1	wrong	2,13	0.0	0	49	0.0	0.0	0.0	0.0	0.2456815540790558	0.25724050402641296	0.22357138991355896	0.24320372939109802	0.0	-0.003419637680053711	0.0
s2_sv	3	delta	1	wrong	15,3	0.0	0	49	0.0	0.0	0.0	0.0	0.2456815540790558	0.25724050402641296	0.22357138991355896	0.24320372939109802	0.0	-2.5153160095214844e-05	0.0
s2_sv	3	delta	1	wrong	14,9	0.0	0	49	0.0	0.0	0.0	0.0	0.2456815540790558	0.25724050402641296	0.22357138991355896	0.24320372939109802	0.0	-0.0015103816986083984	0.0
s2_sv	3	delta	1	wrong	1,0	0.0	2	49	-6.42538070678711e-05	-0.0003542602062225342	0.0005796253681182861	-0.00018396973609924316	0.24561730027198792	0.25688624382019043	0.22415101528167725	0.24301975965499878	0.0008803606033325195	-0.003681659698486328	0.00020129606127738953
s2_sv	3	delta	1	wrong	12,0	0.0	0	49	0.0	0.0	0.0	0.0	0.2456815540790558	0.25724050402641296	0.22357138991355896	0.24320372939109802	0.0	-0.0006430149078369141	0.0
s2_sv	3	delta	1	wrong	15,1	0.0	0	49	0.0	0.0	0.0	0.0	0.2456815540790558	0.25724050402641296	0.22357138991355896	0.24320372939109802	0.0	-0.0003889799118041992	0.0
s2_sv	3	delta	1	wrong	0,6	0.0	0	49	0.0	0.0	0.0	0.0	0.2456815540790558	0.25724050402641296	0.22357138991355896	0.24320372939109802	0.0	-0.0035628080368041992	0.0
s2_sv	3	delta	1	wrong	10,0	0.0	0	49	0.0	0.0	0.0	0.0	0.2456815540790558	0.25724050402641296	0.22357138991355896	0.24320372939109802	0.0	-0.006145954132080078	0.0
s2_sv	3	delta	1	wrong	1,8	0.0	0	49	0.0	0.0	0.0	0.0	0.2456815540790558	0.25724050402641296	0.22357138991355896	0.24320372939109802	0.0	-0.01418757438659668	-0.0016142427921295166
s2_sv	3	delta	1	wrong	14,13	0.0	0	49	0.0	0.0	0.0	0.0	0.2456815540790558	0.25724050402641296	0.22357138991355896	0.24320372939109802	0.0	-0.0035767555236816406	0.0
s2_sv	3	delta	1	wrong	12,15	0.0	0	49	0.0	0.0	0.0	0.0	0.2456815540790558	0.25724050402641296	0.22357138991355896	0.24320372939109802	0.0	-0.00030875205993652344	0.0
s2_sv	3	delta	1	wrong	10,15	0.0	0	49	0.0	0.0	0.0	0.0	0.2456815540790558	0.25724050402641296	0.22357138991355896	0.24320372939109802	0.0	-0.0018138885498046875	0.0
s2_sv	3	delta	1	wrong	5,1	0.0	0	49	0.0	0.0	0.0	0.0	0.2456815540790558	0.25724050402641296	0.22357138991355896	0.24320372939109802	0.0	-0.0031664371490478516	0.0
s2_sv	3	delta	1	wrong	13,0	0.0	0	49	0.0	0.0	0.0	0.0	0.2456815540790558	0.25724050402641296	0.22357138991355896	0.24320372939109802	0.0	-0.0010775327682495117	0.0
s2_sv	3	delta	1	wrong	14,3	0.0	0	49	0.0	0.0	0.0	0.0	0.2456815540790558	0.25724050402641296	0.22357138991355896	0.24320372939109802	0.0	-0.00022292137145996094	0.0
s2_sv	3	delta	1	wrong	5,11	0.0	0	49	0.0	0.0	0.0	0.0	0.2456815540790558	0.25724050402641296	0.22357138991355896	0.24320372939109802	0.0	-0.001299142837524414	0.0
s2_sv	3	delta	1	wrong	15,8	0.0	0	49	0.0	0.0	0.0	0.0	0.2456815540790558	0.25724050402641296	0.22357138991355896	0.24320372939109802	0.0	-8.90493392944336e-05	0.0
s2_sv	3	delta	1	wrong	4,1	0.0	0	49	0.0	0.0	0.0	0.0	0.2456815540790558	0.25724050402641296	0.22357138991355896	0.24320372939109802	0.0	-0.0007143020629882812	0.0
s2_sv	3	delta	1	wrong	13,11	0.0	0	49	0.0	0.0	0.0	0.0	0.2456815540790558	0.25724050402641296	0.22357138991355896	0.24320372939109802	0.0	-0.0007977485656738281	0.0
s2_sv	3	delta	1	wrong	2,14	0.0	0	49	0.0	0.0	0.0	0.0	0.2456815540790558	0.25724050402641296	0.22357138991355896	0.24320372939109802	0.0	-0.003994464874267578	0.0
s2_sv	3	delta	1	wrong	8,15	0.0	0	49	0.0	0.0	0.0	0.0	0.2456815540790558	0.25724050402641296	0.22357138991355896	0.24320372939109802	0.0	-0.00031828880310058594	0.0
s2_sv	3	delta	1	wrong	15,14	0.0	0	49	0.0	0.0	0.0	0.0	0.2456815540790558	0.25724050402641296	0.22357138991355896	0.24320372939109802	0.0	-0.0006788969039916992	0.0
s2_sv	3	delta	1	wrong	11,0	0.0	0	49	0.0	0.0	0.0	0.0	0.2456815540790558	0.25724050402641296	0.22357138991355896	0.24320372939109802	0.0	-0.001845717430114746	0.0
s2_sv	3	delta	1	wrong	1,10	-0.01953125	38	49	-0.015622109174728394	-0.020375341176986694	-0.0009918510913848877	0.00307406485080719	0.2300594449043274	0.23686516284942627	0.22257953882217407	0.2462777942419052	0.029744505882263184	0.012359857559204102	0.002979747951030731
s2_sv	3	delta	1	wrong	0,7	-0.015625	26	49	-0.010652989149093628	-0.013727381825447083	-0.001484900712966919	-0.0008852183818817139	0.23502856492996216	0.24351312220096588	0.22208648920059204	0.2423185110092163	0.01623082160949707	-0.005630612373352051	-0.0014047995209693909
s2_sv	3	delta	1	wrong	14,1	0.0	0	49	0.0	0.0	0.0	0.0	0.2456815540790558	0.25724050402641296	0.22357138991355896	0.24320372939109802	0.0	-0.0007176399230957031	0.0
s2_sv	3	delta	1	wrong	1,1	0.0	1	49	3.5196542739868164e-05	-9.924173355102539e-05	9.551644325256348e-05	-0.00017693638801574707	0.24571675062179565	0.25714126229286194	0.22366690635681152	0.24302679300308228	4.506111145019531e-05	-0.00463104248046875	-0.00024313107132911682
s2_sv	3	delta	1	wrong	6,9	0.0	0	49	0.0	0.0	0.0	0.0	0.2456815540790558	0.25724050402641296	0.22357138991355896	0.24320372939109802	0.0	-0.017178654670715332	-0.0009156651794910431
s2_sv	3	delta	1	wrong	14,11	0.0	0	49	0.0	0.0	0.0	0.0	0.2456815540790558	0.25724050402641296	0.22357138991355896	0.24320372939109802	0.0	-0.0007278919219970703	0.0
s2_sv	3	delta	1	wrong	9,15	0.0	0	49	0.0	0.0	0.0	0.0	0.2456815540790558	0.25724050402641296	0.22357138991355896	0.24320372939109802	0.0	-0.00019073486328125	0.0
s2_sv	3	delta	1	wrong	15,11	0.0	0	49	0.0	0.0	0.0	0.0	0.2456815540790558	0.25724050402641296	0.22357138991355896	0.24320372939109802	0.0	-6.29425048828125e-05	0.0
s2_sv	3	delta	1	wrong	2,1	0.0	0	49	0.0	0.0	0.0	0.0	0.2456815540790558	0.25724050402641296	0.22357138991355896	0.24320372939109802	0.0	-0.0007073879241943359	0.0
s2_sv	3	delta	1	wrong	14,14	0.0	0	49	0.0	0.0	0.0	0.0	0.2456815540790558	0.25724050402641296	0.22357138991355896	0.24320372939109802	0.0	-0.004409313201904297	0.0
s2_sv	3	delta	1	wrong	5,15	0.0	0	49	0.0	0.0	0.0	0.0	0.2456815540790558	0.25724050402641296	0.22357138991355896	0.24320372939109802	0.0	-0.0006960630416870117	0.0
s2_sv	3	delta	1	wrong	3,14	0.0	0	49	0.0	0.0	0.0	0.0	0.2456815540790558	0.25724050402641296	0.22357138991355896	0.24320372939109802	0.0	-0.0005085468292236328	0.0
s2_sv	3	delta	1	wrong	5,14	0.0	0	49	0.0	0.0	0.0	0.0	0.2456815540790558	0.25724050402641296	0.22357138991355896	0.24320372939109802	0.0	-0.007941007614135742	0.0
s2_sv	3	delta	1	wrong	4,2	0.0	0	49	0.0	0.0	0.0	0.0	0.2456815540790558	0.25724050402641296	0.22357138991355896	0.24320372939109802	0.0	-0.001434326171875	0.0
s2_sv	3	delta	1	wrong	12,12	0.0	0	49	0.0	0.0	0.0	0.0	0.2456815540790558	0.25724050402641296	0.22357138991355896	0.24320372939109802	0.0	-0.0006208419799804688	0.0
s2_sv	3	delta	1	wrong	11,1	0.0	0	49	0.0	0.0	0.0	0.0	0.2456815540790558	0.25724050402641296	0.22357138991355896	0.24320372939109802	0.0	-0.000704646110534668	0.0
s2_sv	3	delta	1	wrong	6,1	0.0	0	49	0.0	0.0	0.0	0.0	0.2456815540790558	0.25724050402641296	0.22357138991355896	0.24320372939109802	0.0	-0.0025655031204223633	0.0
s2_sv	3	delta	1	wrong	9,2	0.0	0	49	0.0	0.0	0.0	0.0	0.2456815540790558	0.25724050402641296	0.22357138991355896	0.24320372939109802	0.0	-0.0008503198623657227	0.0
s2_sv	3	delta	1	wrong	10,14	0.0	0	49	0.0	0.0	0.0	0.0	0.2456815540790558	0.25724050402641296	0.22357138991355896	0.24320372939109802	0.0	-0.023810625076293945	0.0
s2_sv	3	delta	1	wrong	10,2	0.0	0	49	0.0	0.0	0.0	0.0	0.2456815540790558	0.25724050402641296	0.22357138991355896	0.24320372939109802	0.0	-0.04190397262573242	0.0
s2_sv	3	delta	1	wrong	4,5	0.0	0	49	0.0	0.0	0.0	0.0	0.2456815540790558	0.25724050402641296	0.22357138991355896	0.24320372939109802	0.0	-0.008395075798034668	0.0
s2_sv	3	delta	1	wrong	2,6	0.0	0	49	0.0	0.0	0.0	0.0	0.2456815540790558	0.25724050402641296	0.22357138991355896	0.24320372939109802	0.0	-0.0013642311096191406	0.0
s2_sv	3	delta	1	wrong	14,5	0.0	0	49	0.0	0.0	0.0	0.0	0.2456815540790558	0.25724050402641296	0.22357138991355896	0.24320372939109802	0.0	-0.008577466011047363	0.0
s2_sv	3	delta	1	wrong	3,13	0.0	0	49	0.0	0.0	0.0	0.0	0.2456815540790558	0.25724050402641296	0.22357138991355896	0.24320372939109802	0.0	-0.0005104541778564453	0.0
s2_sv	3	delta	2	true	4,6	0.0	0	49	0.0	0.0	0.0	0.0	0.25647515058517456	0.2761472463607788	0.23052442073822021	0.24378931522369385	0.0	-0.001391291618347168	0.0
s2_sv	3	delta	2	true	4,7	0.0	0	49	0.0	0.0	0.0	0.0	0.25647515058517456	0.2761472463607788	0.23052442073822021	0.24378931522369385	0.0	-0.017883658409118652	0.0
s2_sv	3	delta	2	true	14,7	0.0	0	49	0.0	0.0	0.0	0.0	0.25647515058517456	0.2761472463607788	0.23052442073822021	0.24378931522369385	0.0	-0.07073312997817993	-0.008970454335212708
s2_sv	3	delta	2	true	0,14	0.0	0	49	0.0	0.0	0.0	0.0	0.25647515058517456	0.2761472463607788	0.23052442073822021	0.24378931522369385	0.0	-0.005843043327331543	0.0
s2_sv	3	delta	2	true	2,8	0.0	0	49	0.0	0.0	0.0	0.0	0.25647515058517456	0.2761472463607788	0.23052442073822021	0.24378931522369385	0.0	-0.001719832420349121	0.0
s2_sv	3	delta	2	true	3,8	0.0	0	49	0.0	0.0	0.0	0.0	0.25647515058517456	0.2761472463607788	0.23052442073822021	0.24378931522369385	0.0	-0.0002664327621459961	0.0
s2_sv	3	delta	2	true	8,8	0.0	0	49	0.0	0.0	0.0	0.0	0.25647515058517456	0.2761472463607788	0.23052442073822021	0.24378931522369385	0.0	-0.0009866952896118164	0.0
s2_sv	3	delta	2	true	8,9	0.0	0	49	0.0	0.0	0.0	0.0	0.25647515058517456	0.2761472463607788	0.23052442073822021	0.24378931522369385	0.0	-0.0017491579055786133	0.0
s2_sv	3	delta	2	true	9,8	0.0	0	49	0.0	0.0	0.0	0.0	0.25647515058517456	0.2761472463607788	0.23052442073822021	0.24378931522369385	0.0	-0.0005568861961364746	0.0
s2_sv	3	delta	2	true	10,10	0.0	0	49	0.0	0.0	0.0	0.0	0.25647515058517456	0.2761472463607788	0.23052442073822021	0.24378931522369385	0.0	-0.317010760307312	-0.1916414499282837
s2_sv	3	delta	2	true	11,10	0.0	0	49	0.0	0.0	0.0	0.0	0.25647515058517456	0.2761472463607788	0.23052442073822021	0.24378931522369385	0.0	-0.031830787658691406	-0.0011068731546401978
s2_sv	3	delta	2	true	12,8	0.0	0	49	0.0	0.0	0.0	0.0	0.25647515058517456	0.2761472463607788	0.23052442073822021	0.24378931522369385	0.0	-0.0012354850769042969	0.0
s2_sv	3	delta	2	true	1,12	0.00390625	1	49	0.0011880695819854736	0.0004615187644958496	0.00048789381980895996	0.0009306669235229492	0.25766322016716003	0.27660876512527466	0.23101231455802917	0.2447199821472168	0.00010347366333007812	-0.0053060054779052734	9.164214134216309e-06
s2_sv	3	delta	2	true	10,4	0.0	0	49	0.0	0.0	0.0	0.0	0.25647515058517456	0.2761472463607788	0.23052442073822021	0.24378931522369385	0.0	-0.007090508937835693	-0.0006715506315231323
s2_sv	3	delta	2	true	1,14	0.0	0	49	0.0	0.0	0.0	0.0	0.25647515058517456	0.2761472463607788	0.23052442073822021	0.24378931522369385	0.0	-0.008305728435516357	0.0
s2_sv	3	delta	2	true	11,11	0.0	0	49	0.0	0.0	0.0	0.0	0.25647515058517456	0.2761472463607788	0.23052442073822021	0.24378931522369385	0.0	-0.00033468008041381836	0.0
s2_sv	3	delta	2	wrong	3,3	0.0	0	49	0.0	0.0	0.0	0.0	0.25647515058517456	0.2761472463607788	0.23052442073822021	0.24378931522369385	0.0	-4.416704177856445e-05	0.0
s2_sv	3	delta	2	wrong	2,13	0.0	0	49	0.0	0.0	0.0	0.0	0.25647515058517456	0.2761472463607788	0.23052442073822021	0.24378931522369385	0.0	-0.005589485168457031	0.0
s2_sv	3	delta	2	wrong	15,3	0.0	0	49	0.0	0.0	0.0	0.0	0.25647515058517456	0.2761472463607788	0.23052442073822021	0.24378931522369385	0.0	-4.172325134277344e-05	0.0
s2_sv	3	delta	2	wrong	14,9	0.0	0	49	0.0	0.0	0.0	0.0	0.25647515058517456	0.2761472463607788	0.23052442073822021	0.24378931522369385	0.0	-0.002060413360595703	0.0
s2_sv	3	delta	2	wrong	1,0	0.0	0	49	0.0	0.0	0.0	0.0	0.25647515058517456	0.2761472463607788	0.23052442073822021	0.24378931522369385	0.0	-0.0074242353439331055	-0.0009861886501312256
s2_sv	3	delta	2	wrong	12,0	0.0	0	49	0.0	0.0	0.0	0.0	0.25647515058517456	0.2761472463607788	0.23052442073822021	0.24378931522369385	0.0	-0.0008876323699951172	0.0
s2_sv	3	delta	2	wrong	15,1	0.0	0	49	0.0	0.0	0.0	0.0	0.25647515058517456	0.2761472463607788	0.23052442073822021	0.24378931522369385	0.0	-0.0005276203155517578	0.0
s2_sv	3	delta	2	wrong	0,6	0.0	0	49	0.0	0.0	0.0	0.0	0.25647515058517456	0.2761472463607788	0.23052442073822021	0.24378931522369385	0.0	-0.0036197900772094727	0.0
s2_sv	3	delta	2	wrong	10,0	0.0	0	49	0.0	0.0	0.0	0.0	0.25647515058517456	0.2761472463607788	0.23052442073822021	0.24378931522369385	0.0	-0.008748352527618408	0.0
s2_sv	3	delta	2	wrong	1,8	0.0	0	49	0.0	0.0	0.0	0.0	0.25647515058517456	0.2761472463607788	0.23052442073822021	0.24378931522369385	0.0	-0.010260224342346191	0.0
s2_sv	3	delta	2	wrong	14,13	0.0	0	49	0.0	0.0	0.0	0.0	0.25647515058517456	0.2761472463607788	0.23052442073822021	0.24378931522369385	0.0	-0.005897462368011475	0.0
s2_sv	3	delta	2	wrong	12,15	0.0	0	49	0.0	0.0	0.0	0.0	0.25647515058517456	0.2761472463607788	0.23052442073822021	0.24378931522369385	0.0	-0.0003412961959838867	0.0
s2_sv	3	delta	2	wrong	10,15	0.0	0	49	0.0	0.0	0.0	0.0	0.25647515058517456	0.2761472463607788	0.23052442073822021	0.24378931522369385	0.0	-0.0022586584091186523	0.0
s2_sv	3	delta	2	wrong	5,1	0.0	0	49	0.0	0.0	0.0	0.0	0.25647515058517456	0.2761472463607788	0.23052442073822021	0.24378931522369385	0.0	-0.004004120826721191	0.0
s2_sv	3	delta	2	wrong	13,0	0.0	0	49	0.0	0.0	0.0	0.0	0.25647515058517456	0.2761472463607788	0.23052442073822021	0.24378931522369385	0.0	-0.0014552474021911621	0.0
s2_sv	3	delta	2	wrong	14,3	0.0	0	49	0.0	0.0	0.0	0.0	0.25647515058517456	0.2761472463607788	0.23052442073822021	0.24378931522369385	0.0	-0.00038319826126098633	0.0
s2_sv	3	delta	2	wrong	5,11	0.0	0	49	0.0	0.0	0.0	0.0	0.25647515058517456	0.2761472463607788	0.23052442073822021	0.24378931522369385	0.0	-0.0017976760864257812	0.0
s2_sv	3	delta	2	wrong	15,8	0.0	0	49	0.0	0.0	0.0	0.0	0.25647515058517456	0.2761472463607788	0.23052442073822021	0.24378931522369385	0.0	-0.00011390447616577148	0.0
s2_sv	3	delta	2	wrong	4,1	0.0	0	49	0.0	0.0	0.0	0.0	0.25647515058517456	0.2761472463607788	0.23052442073822021	0.24378931522369385	0.0	-0.0007752180099487305	0.0
s2_sv	3	delta	2	wrong	13,11	0.0	0	49	0.0	0.0	0.0	0.0	0.25647515058517456	0.2761472463607788	0.23052442073822021	0.24378931522369385	0.0	-0.001085042953491211	0.0
s2_sv	3	delta	2	wrong	2,14	0.0	0	49	0.0	0.0	0.0	0.0	0.25647515058517456	0.2761472463607788	0.23052442073822021	0.24378931522369385	0.0	-0.006825566291809082	0.0
s2_sv	3	delta	2	wrong	8,15	0.0	0	49	0.0	0.0	0.0	0.0	0.25647515058517456	0.2761472463607788	0.23052442073822021	0.24378931522369385	0.0	-0.00025272369384765625	0.0
s2_sv	3	delta	2	wrong	15,14	0.0	0	49	0.0	0.0	0.0	0.0	0.25647515058517456	0.2761472463607788	0.23052442073822021	0.24378931522369385	0.0	-0.0011001229286193848	0.0
s2_sv	3	delta	2	wrong	11,0	0.0	0	49	0.0	0.0	0.0	0.0	0.25647515058517456	0.2761472463607788	0.23052442073822021	0.24378931522369385	0.0	-0.002507925033569336	0.0
s2_sv	3	delta	2	wrong	1,10	-0.0078125	33	49	-0.012427717447280884	-0.019358932971954346	-0.0022704750299453735	0.004030600190162659	0.24404743313789368	0.25678831338882446	0.22825394570827484	0.2478199154138565	0.021561503410339355	-0.026175379753112793	-0.0011726617813110352
s2_sv	3	delta	2	wrong	0,7	-0.0078125	19	49	-0.0069148242473602295	-0.01163339614868164	-0.00160178542137146	0.0004247128963470459	0.24956032633781433	0.26451385021209717	0.22892263531684875	0.2442140281200409	0.011994123458862305	-0.026679575443267822	0.002567499876022339
s2_sv	3	delta	2	wrong	14,1	0.0	0	49	0.0	0.0	0.0	0.0	0.25647515058517456	0.2761472463607788	0.23052442073822021	0.24378931522369385	0.0	-0.0010278820991516113	0.0
s2_sv	3	delta	2	wrong	1,1	0.0	0	49	0.0	0.0	0.0	0.0	0.25647515058517456	0.2761472463607788	0.23052442073822021	0.24378931522369385	0.0	-0.004767775535583496	-4.507601261138916e-05
s2_sv	3	delta	2	wrong	6,9	0.0	0	49	0.0	0.0	0.0	0.0	0.25647515058517456	0.2761472463607788	0.23052442073822021	0.24378931522369385	0.0	-0.013214707374572754	-0.00011679530143737793
s2_sv	3	delta	2	wrong	14,11	0.0	0	49	0.0	0.0	0.0	0.0	0.25647515058517456	0.2761472463607788	0.23052442073822021	0.24378931522369385	0.0	-0.0011305809020996094	0.0
s2_sv	3	delta	2	wrong	9,15	0.0	0	49	0.0	0.0	0.0	0.0	0.25647515058517456	0.2761472463607788	0.23052442073822021	0.24378931522369385	0.0	-0.0001571178436279297	0.0
s2_sv	3	delta	2	wrong	15,11	0.0	0	49	0.0	0.0	0.0	0.0	0.25647515058517456	0.2761472463607788	0.23052442073822021	0.24378931522369385	0.0	-9.369850158691406e-05	0.0
s2_sv	3	delta	2	wrong	2,1	0.0	0	49	0.0	0.0	0.0	0.0	0.25647515058517456	0.2761472463607788	0.23052442073822021	0.24378931522369385	0.0	-0.0009998083114624023	0.0
s2_sv	3	delta	2	wrong	14,14	0.0	0	49	0.0	0.0	0.0	0.0	0.25647515058517456	0.2761472463607788	0.23052442073822021	0.24378931522369385	0.0	-0.007580161094665527	0.0
s2_sv	3	delta	2	wrong	5,15	0.0	0	49	0.0	0.0	0.0	0.0	0.25647515058517456	0.2761472463607788	0.23052442073822021	0.24378931522369385	0.0	-0.0007700920104980469	0.0
s2_sv	3	delta	2	wrong	3,14	0.0	0	49	0.0	0.0	0.0	0.0	0.25647515058517456	0.2761472463607788	0.23052442073822021	0.24378931522369385	0.0	-0.0008510351181030273	0.0
s2_sv	3	delta	2	wrong	5,14	0.0	0	49	0.0	0.0	0.0	0.0	0.25647515058517456	0.2761472463607788	0.23052442073822021	0.24378931522369385	0.0	-0.012800931930541992	0.0
s2_sv	3	delta	2	wrong	4,2	0.0	0	49	0.0	0.0	0.0	0.0	0.25647515058517456	0.2761472463607788	0.23052442073822021	0.24378931522369385	0.0	-0.0019159913063049316	0.0
s2_sv	3	delta	2	wrong	12,12	0.0	0	49	0.0	0.0	0.0	0.0	0.25647515058517456	0.2761472463607788	0.23052442073822021	0.24378931522369385	0.0	-0.000676274299621582	0.0
s2_sv	3	delta	2	wrong	11,1	0.0	0	49	0.0	0.0	0.0	0.0	0.25647515058517456	0.2761472463607788	0.23052442073822021	0.24378931522369385	0.0	-0.000919342041015625	0.0
s2_sv	3	delta	2	wrong	6,1	0.0	0	49	0.0	0.0	0.0	0.0	0.25647515058517456	0.2761472463607788	0.23052442073822021	0.24378931522369385	0.0	-0.002492666244506836	0.0
s2_sv	3	delta	2	wrong	9,2	0.0	0	49	0.0	0.0	0.0	0.0	0.25647515058517456	0.2761472463607788	0.23052442073822021	0.24378931522369385	0.0	-0.0011109113693237305	0.0
s2_sv	3	delta	2	wrong	10,14	0.0	0	49	0.0	0.0	0.0	0.0	0.25647515058517456	0.2761472463607788	0.23052442073822021	0.24378931522369385	0.0	-0.03992503881454468	-9.909272193908691e-05
s2_sv	3	delta	2	wrong	10,2	0.0	0	49	0.0	0.0	0.0	0.0	0.25647515058517456	0.2761472463607788	0.23052442073822021	0.24378931522369385	0.0	-0.06973373889923096	-0.010265454649925232
s2_sv	3	delta	2	wrong	4,5	0.0	0	49	0.0	0.0	0.0	0.0	0.25647515058517456	0.2761472463607788	0.23052442073822021	0.24378931522369385	0.0	-0.0069353580474853516	0.0
s2_sv	3	delta	2	wrong	2,6	0.0	0	49	0.0	0.0	0.0	0.0	0.25647515058517456	0.2761472463607788	0.23052442073822021	0.24378931522369385	0.0	-0.001960456371307373	0.0
s2_sv	3	delta	2	wrong	14,5	0.0	0	49	0.0	0.0	0.0	0.0	0.25647515058517456	0.2761472463607788	0.23052442073822021	0.24378931522369385	0.0	-0.012172818183898926	0.0
s2_sv	3	delta	2	wrong	3,13	0.0	0	49	0.0	0.0	0.0	0.0	0.25647515058517456	0.2761472463607788	0.23052442073822021	0.24378931522369385	0.0	-0.0007988214492797852	0.0
s2_sv	3	single	-1	true	4,6	0.23828125	-1	1					0.0334317684173584	0.050038762390613556	0.1963725984096527	0.27778446674346924	-0.5410985946655273	0.0	0.0
s2_sv	3	single	-1	true	4,7	0.23828125	-1	1					0.05721786618232727	0.08578097820281982	0.20100563764572144	0.26260852813720703	0.5900338888168335	0.0	0.0
s2_sv	3	single	-1	true	5,6	0.23828125	-1	1					0.07700851559638977	0.11057640612125397	0.1533510386943817	0.18277278542518616	0.03835112974047661	0.0	0.0
s2_sv	3	single	-1	true	5,7	0.23828125	-1	1					0.08981003612279892	0.12880748510360718	0.17339330911636353	0.17185266315937042	1.1694836616516113	0.0	0.0
s2_sv	3	single	-1	true	14,6	0.23828125	-1	1					0.004961345344781876	0.014272202737629414	0.1368337720632553	0.23358222842216492	-0.199292853474617	0.0	0.0
s2_sv	3	single	-1	true	14,7	0.23828125	-1	1					0.08630940318107605	0.1084081158041954	0.17749129235744476	0.2239082306623459	0.9318397045135498	0.0	0.0
s2_sv	3	single	-1	true	15,6	0.23828125	-1	1					0.029075978323817253	0.05159008502960205	0.15714964270591736	0.21056576073169708	-0.778282642364502	0.0	0.0
s2_sv	3	single	-1	true	15,7	0.23828125	-1	1					0.012632769532501698	0.028464078903198242	0.16651669144630432	0.19265204668045044	0.35284990072250366	0.0	0.0
s2_sv	3	single	-1	true	0,14	0.1484375	-1	1					0.004068366717547178	0.013186091557145119	0.13271187245845795	0.2709774971008301	0.18740028142929077	0.0	0.0
s2_sv	3	single	-1	true	0,15	0.1484375	-1	1					0.16080856323242188	0.13928592205047607	0.16277064383029938	0.1728801131248474	-0.5112857222557068	0.0	0.0
s2_sv	3	single	-1	true	1,14	0.1484375	-1	1					0.002297826576977968	0.010863113217055798	0.15467548370361328	0.3102469742298126	0.361147940158844	0.0	0.0
s2_sv	3	single	-1	true	1,15	0.1484375	-1	1					0.06662747263908386	0.08543086051940918	0.21003159880638123	0.20798343420028687	-0.3375380337238312	0.0	0.0
s2_sv	3	single	-1	true	8,0	0.0	-1	1					0.1002376601099968	0.1069536805152893	0.17207852005958557	0.23600861430168152	-0.6338320374488831	0.0	0.0
s2_sv	3	single	-1	true	8,1	0.0	-1	1					0.004067189991474152	0.010931586846709251	0.1814025640487671	0.20326833426952362	-0.8126955032348633	0.0	0.0
s2_sv	3	single	-1	true	9,0	0.0	-1	1					0.0411761999130249	0.060909003019332886	0.16248518228530884	0.23831519484519958	-0.7148463129997253	0.0	0.0
s2_sv	3	single	-1	true	9,1	0.0	-1	1					0.0029520937241613865	0.010711033828556538	0.1659734845161438	0.20085400342941284	-0.8937097191810608	0.0	0.0
s2_sv	3	single	-1	true	2,8	0.04296875	-1	1					0.01274297945201397	0.0242603849619627	0.15940161049365997	0.19278141856193542	-0.13886499404907227	0.0	0.0
s2_sv	3	single	-1	true	2,9	0.04296875	-1	1					0.0017022131942212582	0.006506204605102539	0.14581860601902008	0.2663119435310364	0.006968246772885323	0.0	0.0
s2_sv	3	single	-1	true	3,8	0.04296875	-1	1					0.03166234493255615	0.054113782942295074	0.1124720573425293	0.13252291083335876	-0.6523397564888	0.0	0.0
s2_sv	3	single	-1	true	3,9	0.04296875	-1	1					0.0027271462604403496	0.011600601486861706	0.09778819233179092	0.1875128298997879	-0.5065065622329712	0.0	0.0
s2_sv	3	single	-1	true	12,4	0.04296875	-1	1					0.017759256064891815	0.029801221564412117	0.19519516825675964	0.21508675813674927	-0.28685110807418823	0.0	0.0
s2_sv	3	single	-1	true	12,5	0.04296875	-1	1					0.2125273048877716	0.20675623416900635	0.196120947599411	0.18523380160331726	0.4551871418952942	0.0	0.0
s2_sv	3	single	-1	true	13,4	0.1015625	-1	1					0.018230559304356575	0.03173127770423889	0.17933028936386108	0.24572187662124634	-0.16681763529777527	0.0	0.0
s2_sv	3	single	-1	true	13,5	0.1015625	-1	1					0.1354171633720398	0.1669141948223114	0.16526296734809875	0.21011468768119812	0.5752205848693848	0.0	0.0
s2_sv	3	single	-1	true	0,4	0.15625	-1	1					0.15171393752098083	0.16776882112026215	0.1887766271829605	0.18141908943653107	-0.22942112386226654	0.0	0.0
s2_sv	3	single	-1	true	0,5	0.15625	-1	1					0.10004515945911407	0.1281539499759674	0.16690777242183685	0.146244615316391	0.5126171112060547	0.0	0.0
s2_sv	3	single	-1	true	1,4	0.15625	-1	1					0.18171252310276031	0.2335984706878662	0.23713842034339905	0.21956615149974823	-0.05567346140742302	0.0	0.0
s2_sv	3	single	-1	true	1,5	0.15625	-1	1					0.14942650496959686	0.1996254026889801	0.22015810012817383	0.18345078825950623	0.6863647699356079	0.0	0.0
s2_sv	3	single	-1	true	8,8	0.15625	-1	1					0.2319466471672058	0.2408789098262787	0.18736132979393005	0.17609699070453644	-0.5725486278533936	0.0	0.0
s2_sv	3	single	-1	true	8,9	0.15625	-1	1					0.2485182136297226	0.2495519518852234	0.18296916782855988	0.24014613032341003	-0.4267153739929199	0.0	0.0
s2_sv	3	single	-1	true	9,8	0.15625	-1	1					0.15081742405891418	0.16722345352172852	0.1686944216489792	0.17519228160381317	-0.6535627841949463	0.0	0.0
s2_sv	3	single	-1	true	9,9	0.15625	-1	1					0.07038915157318115	0.08883175253868103	0.16532030701637268	0.24401210248470306	-0.5077295899391174	0.0	0.0
s2_sv	3	single	-1	true	10,10	0.4296875	-1	1					0.22470611333847046	0.23115204274654388	0.23620662093162537	0.2728874683380127	1.395937204360962	0.0	0.0
s2_sv	3	single	-1	true	10,11	0.4296875	-1	1					0.02692733332514763	0.05030636861920357	0.16623395681381226	0.28464293479919434	0.3490382432937622	0.0	0.0
s2_sv	3	single	-1	true	11,10	0.4296875	-1	1					0.07147945463657379	0.12347377091646194	0.12499070912599564	0.13792221248149872	0.7053861618041992	0.0	0.0
s2_sv	3	single	-1	true	11,11	0.4296875	-1	1					0.013428689911961555	0.03574865683913231	0.09797129034996033	0.15193834900856018	-0.34151285886764526	0.0	0.0
s2_sv	3	single	-1	true	12,8	0.30078125	-1	1					0.21190178394317627	0.19915831089019775	0.21804898977279663	0.18354855477809906	-0.25382086634635925	0.0	0.0
s2_sv	3	single	-1	true	12,9	0.30078125	-1	1					0.1770603060722351	0.17330855131149292	0.18725815415382385	0.2549782693386078	-0.10798764228820801	0.0	0.0
s2_sv	3	single	-1	true	13,8	0.30078125	-1	1					0.23796550929546356	0.23896314203739166	0.20442336797714233	0.2197149693965912	-0.1337873935699463	0.0	0.0
s2_sv	3	single	-1	true	13,9	0.30078125	-1	1					0.10734410583972931	0.13003095984458923	0.18328973650932312	0.2951228618621826	0.012045843526721	0.0	0.0
s2_sv	3	single	-1	true	0,12	0.05859375	-1	1					0.19868335127830505	0.19743454456329346	0.22277700901031494	0.21046121418476105	-0.6092408895492554	0.0	0.0
s2_sv	3	single	-1	true	0,13	0.05859375	-1	1					0.008555373176932335	0.016541754826903343	0.19615039229393005	0.1940741091966629	0.20588886737823486	0.0	0.0
s2_sv	3	single	-1	true	1,12	0.05859375	-1	1					0.18312934041023254	0.2012481391429901	0.2598257064819336	0.2526892423629761	-0.43549323081970215	0.0	0.0
s2_sv	3	single	-1	true	1,13	0.05859375	-1	1					0.00889173150062561	0.019057372584939003	0.19301533699035645	0.23336729407310486	0.3796365559101105	0.0	0.0
s2_sv	3	single	-1	true	10,4	0.1015625	-1	1					0.018230559304356575	0.03173127770423889	0.17933028936386108	0.24572187662124634	0.293057918548584	0.0	0.0
s2_sv	3	single	-1	true	10,5	0.1015625	-1	1					0.1354171633720398	0.1669141948223114	0.16526296734809875	0.21011468768119812	1.0350961685180664	0.0	0.0
s2_sv	3	single	-1	true	11,4	0.05859375	-1	1					0.0025915070436894894	0.01964859664440155	0.09139296412467957	0.12130147963762283	-0.3974931836128235	0.0	0.0
s2_sv	3	single	-1	true	11,5	0.05859375	-1	1					0.027307575568556786	0.07768774032592773	0.09230370819568634	0.10519205778837204	0.34454503655433655	0.0	0.0
s2_sv	3	single	-1	true	0,14	0.1484375	-1	1					0.004068366717547178	0.013186091557145119	0.13271187245845795	0.2709774971008301	0.18740028142929077	0.0	0.0
s2_sv	3	single	-1	true	0,15	0.1484375	-1	1					0.16080856323242188	0.13928592205047607	0.16277064383029938	0.1728801131248474	-0.5112857222557068	0.0	0.0
s2_sv	3	single	-1	true	1,14	0.1484375	-1	1					0.002297826576977968	0.010863113217055798	0.15467548370361328	0.3102469742298126	0.361147940158844	0.0	0.0
s2_sv	3	single	-1	true	1,15	0.1484375	-1	1					0.06662747263908386	0.08543086051940918	0.21003159880638123	0.20798343420028687	-0.3375380337238312	0.0	0.0
s2_sv	3	single	-1	true	8,4	0.1484375	-1	1					0.07032087445259094	0.08941194415092468	0.16262973845005035	0.19981622695922852	-0.6055788993835449	0.0	0.0
s2_sv	3	single	-1	true	8,5	0.1484375	-1	1					0.13247652351856232	0.16290102899074554	0.14742937684059143	0.17116427421569824	0.13645941019058228	0.0	0.0
s2_sv	3	single	-1	true	9,4	0.1484375	-1	1					0.015311184339225292	0.03302944079041481	0.1541629433631897	0.20002546906471252	-0.6865930557250977	0.0	0.0
s2_sv	3	single	-1	true	9,5	0.1484375	-1	1					0.09316796064376831	0.1275506615638733	0.16419535875320435	0.17162033915519714	0.05544518679380417	0.0	0.0
s2_sv	3	single	-1	true	12,2	0.12890625	-1	1					0.03897738456726074	0.04982040822505951	0.18564988672733307	0.2778863310813904	0.2491505742073059	0.0	0.0
s2_sv	3	single	-1	true	12,3	0.12890625	-1	1					0.05868944525718689	0.08734557032585144	0.1505967378616333	0.26029592752456665	-0.6857728958129883	0.0	0.0
s2_sv	3	single	-1	true	13,2	0.12890625	-1	1					0.06648989021778107	0.07676534354686737	0.22514057159423828	0.3211650252342224	0.36918407678604126	0.0	0.0
s2_sv	3	single	-1	true	13,3	0.12890625	-1	1					0.04142113775014877	0.06847664713859558	0.17765197157859802	0.2920039892196655	-0.5657393932342529	0.0	0.0
s2_sv	3	single	-1	true	10,10	0.4296875	-1	1					0.22470611333847046	0.23115204274654388	0.23620662093162537	0.2728874683380127	1.395937204360962	0.0	0.0
s2_sv	3	single	-1	true	10,11	0.4296875	-1	1					0.02692733332514763	0.05030636861920357	0.16623395681381226	0.28464293479919434	0.3490382432937622	0.0	0.0
s2_sv	3	single	-1	true	11,10	0.4296875	-1	1					0.07147945463657379	0.12347377091646194	0.12499070912599564	0.13792221248149872	0.7053861618041992	0.0	0.0
s2_sv	3	single	-1	true	11,11	0.4296875	-1	1					0.013428689911961555	0.03574865683913231	0.09797129034996033	0.15193834900856018	-0.34151285886764526	0.0	0.0
s2_sv	3	single	-1	wrong	3,3	0.0	-1	1					0.0038883236702531576	0.01826000213623047	0.10882465541362762	0.20392364263534546	-1.0842918157577515	0.0	0.0
s2_sv	3	single	-1	wrong	2,13	0.0	-1	1					0.02519896999001503	0.040704164654016495	0.20422568917274475	0.24288567900657654	0.26341477036476135	0.0	0.0
s2_sv	3	single	-1	wrong	15,3	0.0	-1	1					0.0012154539581388235	0.010203748941421509	0.13621972501277924	0.21203991770744324	-1.1489511728286743	0.0	0.0
s2_sv	3	single	-1	wrong	14,9	0.0	-1	1					0.004220412112772465	0.014183816500008106	0.12589594721794128	0.2409927099943161	0.007823843508958817	0.0	0.0
s2_sv	3	single	-1	wrong	1,0	0.0	-1	1					0.039235468953847885	0.05185037851333618	0.24200908839702606	0.24769830703735352	-0.08392667770385742	0.0	0.0
s2_sv	3	single	-1	wrong	12,0	0.0	-1	1					0.0980897843837738	0.11144206672906876	0.18298596143722534	0.24820202589035034	-0.31510433554649353	0.0	0.0
s2_sv	3	single	-1	wrong	15,1	0.0	-1	1					0.0008472787449136376	0.005433425307273865	0.14554737508296967	0.17202772200107574	-0.957146167755127	0.0	0.0
s2_sv	3	single	-1	wrong	0,6	0.0	-1	1					0.0625854954123497	0.07593009620904922	0.20225965976715088	0.21004101634025574	-0.25767433643341064	0.0	0.0
s2_sv	3	single	-1	wrong	10,0	0.0	-1	1					0.04780969396233559	0.06168493628501892	0.17633387446403503	0.29048916697502136	0.2648047208786011	0.0	0.0
s2_sv	3	single	-1	wrong	1,8	0.0	-1	1					0.0619577094912529	0.08145954459905624	0.21725942194461823	0.184214785695076	-0.022643212229013443	0.0	0.0
s2_sv	3	single	-1	wrong	14,13	0.23828125	-1	1					0.08630940318107605	0.1084081158041954	0.17749129235744476	0.2239082306623459	0.2642703950405121	0.0	0.0
s2_sv	3	single	-1	wrong	12,15	0.0	-1	1					0.1633310317993164	0.14670178294181824	0.1745234727859497	0.20694242417812347	-0.5687156915664673	0.0	0.0
s2_sv	3	single	-1	wrong	10,15	0.0	-1	1					0.07005846500396729	0.08474458754062653	0.17239922285079956	0.24009357392787933	0.011193345300853252	0.0	0.0
s2_sv	3	single	-1	wrong	5,1	0.0	-1	1					0.0007311825174838305	0.004224695265293121	0.14860038459300995	0.1558956801891327	-0.1405123472213745	0.0	0.0
s2_sv	3	single	-1	wrong	13,0	0.0	-1	1					0.04780969396233559	0.06168493628501892	0.17633387446403503	0.29048916697502136	-0.19507084786891937	0.0	0.0
s2_sv	3	single	-1	wrong	14,3	0.0	-1	1					0.009980610571801662	0.024721838533878326	0.1658594012260437	0.2398417890071869	-0.5699613690376282	0.0	0.0
s2_sv	3	single	-1	wrong	5,11	0.0	-1	1					0.001997256651520729	0.011572679504752159	0.11820277571678162	0.1904994547367096	0.12258469313383102	0.0	0.0
s2_sv	3	single	-1	wrong	15,8	0.0	-1	1					0.0026854421012103558	0.014049390330910683	0.14230935275554657	0.15191349387168884	-0.7169992327690125	0.0	0.0
s2_sv	3	single	-1	wrong	4,1	0.0	-1	1					0.0020571264903992414	0.00905111525207758	0.1935930848121643	0.23815903067588806	-0.7199621200561523	0.0	0.0
s2_sv	3	single	-1	wrong	13,11	0.4296875	-1	1					0.02692733332514763	0.05030636861920357	0.16623395681381226	0.28464293479919434	-0.11083729565143585	0.0	0.0
s2_sv	3	single	-1	wrong	2,14	0.0	-1	1					0.0032264755573123693	0.008656864985823631	0.19247233867645264	0.31305330991744995	0.24492618441581726	0.0	0.0
s2_sv	3	single	-1	wrong	8,15	0.0	-1	1					0.07757457345724106	0.08579154312610626	0.15502038598060608	0.19339370727539062	-0.8874434232711792	0.0	0.0
s2_sv	3	single	-1	wrong	15,14	0.0	-1	1					0.0004950318834744394	0.003294872585684061	0.1487032175064087	0.26032185554504395	-0.33320802450180054	0.0	0.0
s2_sv	3	single	-1	wrong	11,0	0.0	-1	1					0.004358519800007343	0.021255966275930405	0.12105326354503632	0.14015868306159973	-0.4257463812828064	0.0	0.0
s2_sv	3	single	-1	wrong	1,10	0.05859375	-1	1					0.00889173150062561	0.019057372584939003	0.19301533699035645	0.23336729407310486	1.047205924987793	0.0	0.0
s2_sv	3	single	-1	wrong	0,7	0.05859375	-1	1					0.008555373176932335	0.016541754826903343	0.19615039229393005	0.1940741091966629	0.873458206653595	0.0	0.0
s2_sv	3	single	-1	wrong	14,1	0.0	-1	1					0.000504249008372426	0.0033243056386709213	0.14310222864151	0.20215485990047455	-0.37815630435943604	0.0	0.0
s2_sv	3	single	-1	wrong	1,1	0.0	-1	1					0.022252293303608894	0.03807631880044937	0.2465125024318695	0.2214292734861374	-0.26279014348983765	0.0	0.0
s2_sv	3	single	-1	wrong	6,9	0.0	-1	1					0.1327388733625412	0.131796732544899	0.20342297852039337	0.21482810378074646	-0.05055766552686691	0.0	0.0
s2_sv	3	single	-1	wrong	14,11	0.0	-1	1					0.02197181060910225	0.03844360634684563	0.12914018332958221	0.2352304607629776	-0.11505928635597229	0.0	0.0
s2_sv	3	single	-1	wrong	9,15	0.0	-1	1					0.054389555007219315	0.06676916033029556	0.14870840311050415	0.19244329631328583	-0.9684575796127319	0.0	0.0
s2_sv	3	single	-1	wrong	15,11	0.0	-1	1					0.00045782950473949313	0.005414944142103195	0.1359347403049469	0.20797903835773468	-0.6940491199493408	0.0	0.0
s2_sv	3	single	-1	wrong	2,1	0.0	-1	1					0.0005502474959939718	0.002774071879684925	0.18083687126636505	0.20819713175296783	-0.37901192903518677	0.0	0.0
s2_sv	3	single	-1	wrong	14,14	0.0	-1	1					0.01206815242767334	0.022229529917240143	0.1662980616092682	0.2944711446762085	0.2457817792892456	0.0	0.0
s2_sv	3	single	-1	wrong	5,15	0.0	-1	1					0.043699271976947784	0.06714117527008057	0.12050797045230865	0.14654293656349182	-0.21526020765304565	0.0	0.0
s2_sv	3	single	-1	wrong	3,14	0.0	-1	1					0.0016890773549675941	0.008872082456946373	0.09848423302173615	0.24097958207130432	-0.2685486376285553	0.0	0.0
s2_sv	3	single	-1	wrong	5,14	0.0	-1	1					0.0030776290223002434	0.013305161148309708	0.13812172412872314	0.23326024413108826	0.4834257662296295	0.0	0.0
s2_sv	3	single	-1	wrong	4,2	0.0	-1	1					0.01444760337471962	0.033535391092300415	0.15619274973869324	0.3015196919441223	0.023156318813562393	0.0	0.0
s2_sv	3	single	-1	wrong	12,12	0.0	-1	1					0.2008466124534607	0.19698292016983032	0.21707609295845032	0.2532564401626587	-0.6666709184646606	0.0	0.0
s2_sv	3	single	-1	wrong	11,1	0.0	-1	1					0.000565931317396462	0.0060909464955329895	0.11648091673851013	0.12186820805072784	-0.6046098470687866	0.0	0.0
s2_sv	3	single	-1	wrong	6,1	0.0	-1	1					0.015800239518284798	0.028494438156485558	0.21365371346473694	0.1848261058330536	-0.43653786182403564	0.0	0.0
s2_sv	3	single	-1	wrong	9,2	0.0	-1	1					0.007265633903443813	0.018062299117445946	0.13538038730621338	0.26666051149368286	-0.15059135854244232	0.0	0.0
s2_sv	3	single	-1	wrong	10,14	0.0	-1	1					0.022670960053801537	0.0398690365254879	0.20428740978240967	0.35222896933555603	0.7098793387413025	0.0	0.0
s2_sv	3	single	-1	wrong	10,2	0.12890625	-1	1					0.06648989021778107	0.07676534354686737	0.22514057159423828	0.3211650252342224	0.8290596008300781	0.0	0.0
s2_sv	3	single	-1	wrong	4,5	0.0	-1	1					0.037321850657463074	0.07906857877969742	0.18358927965164185	0.2096162885427475	0.22919286787509918	0.0	0.0
s2_sv	3	single	-1	wrong	2,6	0.0	-1	1					0.0025835628621280193	0.008870424702763557	0.16615214943885803	0.25801172852516174	-0.20014846324920654	0.0	0.0
s2_sv	3	single	-1	wrong	14,5	0.0	-1	1					0.03001265972852707	0.056697357445955276	0.12304669618606567	0.1693364977836609	0.5709985494613647	0.0	0.0
s2_sv	3	single	-1	wrong	3,13	0.0	-1	1					0.035495907068252563	0.06369690597057343	0.1299358308315277	0.17508620023727417	-0.2500600218772888	0.0	0.0
s2_sv	3	single	-1	wrong	9,10	0.0	-1	1					0.010049115866422653	0.02325156144797802	0.19207316637039185	0.2221938669681549	0.41628625988960266	0.0	0.0
s2_sv	3	single	-1	wrong	8,11	0.0	-1	1					0.01651771366596222	0.03951280936598778	0.1301449090242386	0.23920774459838867	-0.5495985150337219	0.0	0.0
s2_sv	3	single	-1	wrong	2,5	0.0	-1	1					0.0054969522170722485	0.017004169523715973	0.14229682087898254	0.18688318133354187	0.5701429843902588	0.0	0.0
s2_sv	3	single	-1	wrong	13,7	0.4296875	-1	1					0.22470611333847046	0.23115204274654388	0.23620662093162537	0.2728874683380127	0.9360616207122803	0.0	0.0
s2_sv	3	single	-1	wrong	11,8	0.0	-1	1					0.010864738374948502	0.03615864738821983	0.09731899946928024	0.10013191401958466	-0.3644629716873169	0.0	0.0
s2_sv	3	single	-1	wrong	2,15	0.0	-1	1					0.002700403332710266	0.009167475625872612	0.15996506810188293	0.20526370406150818	-0.4537597894668579	0.0	0.0
s2_sv	3	single	-1	wrong	12,14	0.0	-1	1					0.009773025289177895	0.02244170755147934	0.17677190899848938	0.3113889992237091	0.12997029721736908	0.0	0.0
s2_sv	3	single	-1	wrong	12,10	0.0	-1	1					0.03914675861597061	0.05070438235998154	0.24126192927360535	0.23574399948120117	0.8160282373428345	0.0	0.0
s2_sv	3	single	-1	wrong	15,9	0.0	-1	1					0.005781032610684633	0.022149784490466118	0.14094796776771545	0.21716266870498657	-0.571165919303894	0.0	0.0
s2_sv	3	single	-1	wrong	12,1	0.0	-1	1					0.0014727622037753463	0.005553277209401131	0.19930046796798706	0.21504321694374084	-0.49396783113479614	0.0	0.0
s2_sv	3	single	-1	wrong	0,2	0.0	-1	1					0.0069348677061498165	0.017278464511036873	0.13433605432510376	0.244688481092453	0.3065805435180664	0.0	0.0
s2_sv	3	single	-1	wrong	7,9	0.30078125	-1	1					0.10734410583972931	0.13003095984458923	0.18328973650932312	0.2951228618621826	0.4719213843345642	0.0	0.0
s2_sv	3	single	-1	wrong	11,14	0.0	-1	1					0.0033868004102259874	0.013119665905833244	0.11027880012989044	0.1895139515399933	0.019328221678733826	0.0	0.0
s2_sv	3	single	-1	wrong	2,12	0.0	-1	1					0.0015231298748403788	0.006968814413994551	0.13139858841896057	0.258751779794693	-0.5517150163650513	0.0	0.0
s2_sv	3	single	-1	wrong	0,8	0.0	-1	1					0.044524647295475006	0.059229087084531784	0.18632158637046814	0.15405282378196716	-0.19639089703559875	0.0	0.0
s2_sv	3	single	-1	wrong	3,5	0.0	-1	1					0.06029722839593887	0.10615211725234985	0.09705131500959396	0.13563063740730286	0.056668199598789215	0.0	0.0
s2_sv	3	single	-1	wrong	1,9	0.0	-1	1					0.05464513599872589	0.06952635943889618	0.2399834394454956	0.25348150730133057	0.1231900304555893	0.0	0.0
s2_sv	3	single	-1	wrong	8,7	0.0	-1	1					0.031811974942684174	0.05434767156839371	0.16649220883846283	0.2215067446231842	0.49730047583580017	0.0	0.0
s2_sv	3	single	-1	wrong	11,3	0.0	-1	1					0.002226931042969227	0.016710661351680756	0.12185493111610413	0.1500425636768341	-0.7964149117469788	0.0	0.0
s2_sv	3	single	-1	wrong	5,8	0.0	-1	1					0.05311771482229233	0.08905971050262451	0.14031851291656494	0.13209553062915802	0.09963458776473999	0.0	0.0
s2_sv	3	single	-1	wrong	4,14	0.0	-1	1					0.0029169709887355566	0.016060585156083107	0.1657429337501526	0.3365018963813782	-0.09602396190166473	0.0	0.0
s2_sv	3	single	-1	wrong	7,3	0.12890625	-1	1					0.04142113775014877	0.06847664713859558	0.17765197157859802	0.2920039892196655	-0.10586382448673248	0.0	0.0
s2_sv	3	single	-1	wrong	13,13	0.4296875	-1	1					0.22470611333847046	0.23115204274654388	0.23620662093162537	0.2728874683380127	0.2684924006462097	0.0	0.0
s2_sv	3	single	-1	wrong	3,6	0.0	-1	1					0.005869191139936447	0.015130864456295967	0.12772507965564728	0.18302780389785767	-0.7136232852935791	0.0	0.0
s2_sv	3	single	-1	wrong	1,3	0.0	-1	1					0.010225798934698105	0.037629008293151855	0.13794702291488647	0.26594221591949463	-0.4545951783657074	0.0	0.0
s2_sv	3	single	-1	wrong	5,2	0.0	-1	1					0.011267293244600296	0.0264716986566782	0.1458972692489624	0.2050096094608307	0.6026060581207275	0.0	0.0
s2_sv	3	single	-1	wrong	3,7	0.0	-1	1					0.035495907068252563	0.06369690597057343	0.1299358308315277	0.17508620023727417	0.4175092577934265	0.0	0.0
s2_sv	3	single	-1	wrong	7,8	0.30078125	-1	1					0.23796550929546356	0.23896314203739166	0.20442336797714233	0.2197149693965912	0.3260881304740906	0.0	0.0
s2_sv	3	single	-1	wrong	11,12	0.0	-1	1					0.023095209151506424	0.06838570535182953	0.1186474859714508	0.14414456486701965	-0.7773129343986511	0.0	0.0
s2_sv	3	single	-1	wrong	11,9	0.0	-1	1					0.0038537471555173397	0.02329014241695404	0.10996038466691971	0.14915244281291962	-0.21862970292568207	0.0	0.0
s2_sv	3	single	-1	wrong	9,14	0.0	-1	1					0.0019533801823854446	0.009338402189314365	0.131796196103096	0.29655390977859497	-0.26977163553237915	0.0	0.0
s2_sv	3	single	-1	wrong	5,13	0.23828125	-1	1					0.08981003612279892	0.12880748510360718	0.17339330911636353	0.17185266315937042	0.501914381980896	0.0	0.0
s2_sv	3	single	-1	wrong	15,12	0.0	-1	1					0.027134370058774948	0.05699760839343071	0.1428968906402588	0.2099536955356598	-1.1298491954803467	0.0	0.0
s2_sv	3	single	-1	wrong	14,2	0.0	-1	1					0.01436255220323801	0.025344733148813248	0.15438662469387054	0.2618619501590729	0.36496207118034363	0.0	0.0
s2_sv	3	single	-1	wrong	10,13	0.4296875	-1	1					0.22470611333847046	0.23115204274654388	0.23620662093162537	0.2728874683380127	0.7283679246902466	0.0	0.0
s2_sv	3	single	-1	wrong	3,4	0.0	-1	1					0.0034086033701896667	0.015136012807488441	0.10174565017223358	0.16417056322097778	-0.6853700280189514	0.0	0.0
s2_sv	3	single	-1	wrong	3,11	0.0	-1	1					0.00809027161449194	0.028130732476711273	0.08247200399637222	0.1979808807373047	-0.6293896436691284	0.0	0.0
s2_sv	3	single	-1	wrong	14,4	0.0	-1	1					0.001986705232411623	0.008671191520988941	0.12395966053009033	0.20049706101417542	-0.1710396409034729	0.0	0.0
s2_sv	3	single	-1	wrong	9,12	0.0	-1	1					0.05590815097093582	0.0804842934012413	0.18031452596187592	0.2400623857975006	-1.0664128065109253	0.0	0.0
s2_sv	3	single	-1	wrong	2,2	0.0	-1	1					0.004186911508440971	0.009805088862776756	0.1987389624118805	0.2873079180717468	0.3641064465045929	0.0	0.0
s2_sv	3	single	-1	wrong	5,5	0.0	-1	1					0.01945527270436287	0.04691612347960472	0.11199616640806198	0.13423681259155273	0.808642566204071	0.0	0.0
s2_sv	3	single	-1	wrong	11,15	0.0	-1	1					0.039971645921468735	0.06340114027261734	0.08560395240783691	0.1136244535446167	-0.6793577075004578	0.0	0.0
s2_sv	3	single	-1	wrong	14,15	0.0	-1	1					0.03031277284026146	0.04467568174004555	0.12195509672164917	0.19280898571014404	-0.4529041647911072	0.0	0.0
s2_sv	3	single	-1	wrong	11,2	0.0	-1	1					0.007669549435377121	0.021409817039966583	0.09338483959436417	0.1610828936100006	0.13850849866867065	0.0	0.0
s2_sv	3	single	-1	wrong	13,1	0.0	-1	1					0.0021807814482599497	0.007275987882167101	0.19750608503818512	0.24868345260620117	-0.3739343285560608	0.0	0.0
s2_sv	3	single	-1	wrong	3,1	0.0	-1	1					0.00105654401704669	0.006358329206705093	0.139824777841568	0.16858673095703125	-0.8924867510795593	0.0	0.0
s2_sv	3	single	-1	wrong	8,2	0.0	-1	1					0.022524600848555565	0.03456182777881622	0.16186025738716125	0.2687595784664154	-0.06957715004682541	0.0	0.0
s2_sv	3	single	-1	wrong	4,15	0.0	-1	1					0.008136388845741749	0.02231234684586525	0.18014852702617645	0.22735846042633057	-0.7947099208831787	0.0	0.0
s2_sv	4	delta	0	true	5,21	0.0078125	2	117	6.876140832901001e-05	-6.196647882461548e-05	-0.00045703351497650146	4.2438507080078125e-05	0.04820733517408371	0.07186254113912582	0.19002093374729156	0.23072652518749237	0.0003361701965332031	-0.05055820941925049	-0.0008977651596069336
s2_sv	4	delta	0	true	7,23	0.0	0	117	0.0	0.0	0.0	0.0	0.0481385737657547	0.07192450761795044	0.19047796726226807	0.2306840866804123	0.0	-0.0063288211822509766	0.0
s2_sv	4	delta	0	true	0,30	0.0	0	117	0.0	0.0	0.0	0.0	0.0481385737657547	0.07192450761795044	0.19047796726226807	0.2306840866804123	0.0	-1.9073486328125e-06	0.0
s2_sv	4	delta	0	true	3,28	0.0	0	117	0.0	0.0	0.0	0.0	0.0481385737657547	0.07192450761795044	0.19047796726226807	0.2306840866804123	0.0	-0.0005712509155273438	0.0
s2_sv	4	delta	0	true	7,31	0.0	0	117	0.0	0.0	0.0	0.0	0.0481385737657547	0.07192450761795044	0.19047796726226807	0.2306840866804123	0.0	-2.4199485778808594e-05	0.0
s2_sv	4	delta	0	true	46,30	0.0	0	117	0.0	0.0	0.0	0.0	0.0481385737657547	0.07192450761795044	0.19047796726226807	0.2306840866804123	0.0	-1.430511474609375e-06	0.0
s2_sv	4	delta	0	true	47,30	0.0	0	117	0.0	0.0	0.0	0.0	0.0481385737657547	0.07192450761795044	0.19047796726226807	0.2306840866804123	0.0	-1.2278556823730469e-05	0.0
s2_sv	4	delta	0	true	50,61	0.0	0	117	0.0	0.0	0.0	0.0	0.0481385737657547	0.07192450761795044	0.19047796726226807	0.2306840866804123	0.0	-0.008692622184753418	0.0
s2_sv	4	delta	0	true	50,62	0.0	0	117	0.0	0.0	0.0	0.0	0.0481385737657547	0.07192450761795044	0.19047796726226807	0.2306840866804123	0.0	-0.0030912160873413086	0.0
s2_sv	4	delta	0	true	51,60	0.0	0	117	0.0	0.0	0.0	0.0	0.0481385737657547	0.07192450761795044	0.19047796726226807	0.2306840866804123	0.0	-0.010371804237365723	0.0
s2_sv	4	delta	0	true	54,57	0.0	0	117	0.0	0.0	0.0	0.0	0.0481385737657547	0.07192450761795044	0.19047796726226807	0.2306840866804123	0.0	-4.172325134277344e-06	0.0
s2_sv	4	delta	0	true	16,53	0.0	0	117	0.0	0.0	0.0	0.0	0.0481385737657547	0.07192450761795044	0.19047796726226807	0.2306840866804123	0.0	-7.081031799316406e-05	0.0
s2_sv	4	delta	0	true	20,53	0.0	0	117	0.0	0.0	0.0	0.0	0.0481385737657547	0.07192450761795044	0.19047796726226807	0.2306840866804123	0.0	-2.300739288330078e-05	0.0
s2_sv	4	delta	0	true	23,48	0.0	0	117	0.0	0.0	0.0	0.0	0.0481385737657547	0.07192450761795044	0.19047796726226807	0.2306840866804123	0.0	-0.006144165992736816	0.0
s2_sv	4	delta	0	true	25,42	0.0	0	117	0.0	0.0	0.0	0.0	0.0481385737657547	0.07192450761795044	0.19047796726226807	0.2306840866804123	0.0	-0.0014241933822631836	0.0
s2_sv	4	delta	0	true	28,41	0.0	0	117	0.0	0.0	0.0	0.0	0.0481385737657547	0.07192450761795044	0.19047796726226807	0.2306840866804123	0.0	-0.00013577938079833984	0.0
s2_sv	4	delta	0	true	31,47	0.0	0	117	0.0	0.0	0.0	0.0	0.0481385737657547	0.07192450761795044	0.19047796726226807	0.2306840866804123	0.0	-3.2782554626464844e-05	0.0
s2_sv	4	delta	0	true	32,62	0.33984375	100	117	0.1778503805398941	0.1609877347946167	0.021337807178497314	0.03494860231876373	0.2259889543056488	0.23291224241256714	0.21181577444076538	0.265632688999176	0.015720367431640625	-0.07777631282806396	-0.020199831575155258
s2_sv	4	delta	0	true	38,58	0.0	0	117	0.0	0.0	0.0	0.0	0.0481385737657547	0.07192450761795044	0.19047796726226807	0.2306840866804123	0.0	-0.0015032291412353516	0.0
s2_sv	4	delta	0	true	32,54	0.0	0	117	0.0	0.0	0.0	0.0	0.0481385737657547	0.07192450761795044	0.19047796726226807	0.2306840866804123	0.0	-0.0028496980667114258	0.0
s2_sv	4	delta	0	true	36,49	0.0	0	117	0.0	0.0	0.0	0.0	0.0481385737657547	0.07192450761795044	0.19047796726226807	0.2306840866804123	0.0	-1.0728836059570312e-05	0.0
s2_sv	4	delta	0	true	36,55	0.0	0	117	0.0	0.0	0.0	0.0	0.0481385737657547	0.07192450761795044	0.19047796726226807	0.2306840866804123	0.0	-2.8252601623535156e-05	0.0
s2_sv	4	delta	0	true	38,48	0.0	0	117	0.0	0.0	0.0	0.0	0.0481385737657547	0.07192450761795044	0.19047796726226807	0.2306840866804123	0.0	-0.000817418098449707	0.0
s2_sv	4	delta	0	true	33,40	0.0	0	117	0.0	0.0	0.0	0.0	0.0481385737657547	0.07192450761795044	0.19047796726226807	0.2306840866804123	0.0	-0.0016115903854370117	0.0
s2_sv	4	delta	0	true	36,47	0.0	0	117	0.0	0.0	0.0	0.0	0.0481385737657547	0.07192450761795044	0.19047796726226807	0.2306840866804123	0.0	-7.700920104980469e-05	0.0
s2_sv	4	delta	0	true	37,47	0.0	0	117	0.0	0.0	0.0	0.0	0.0481385737657547	0.07192450761795044	0.19047796726226807	0.2306840866804123	0.0	-0.00011086463928222656	0.0
s2_sv	4	delta	0	true	38,41	0.0	0	117	0.0	0.0	0.0	0.0	0.0481385737657547	0.07192450761795044	0.19047796726226807	0.2306840866804123	0.0	-0.0007463693618774414	0.0
s2_sv	4	delta	0	true	0,60	0.0	0	117	0.0	0.0	0.0	0.0	0.0481385737657547	0.07192450761795044	0.19047796726226807	0.2306840866804123	0.0	-0.012234091758728027	0.0
s2_sv	4	delta	0	true	1,58	0.0	0	117	0.0	0.0	0.0	0.0	0.0481385737657547	0.07192450761795044	0.19047796726226807	0.2306840866804123	0.0	-0.010443806648254395	0.0
s2_sv	4	delta	0	true	1,61	0.0	0	117	0.0	0.0	0.0	0.0	0.0481385737657547	0.07192450761795044	0.19047796726226807	0.2306840866804123	0.0	-0.012713074684143066	0.0
s2_sv	4	delta	0	true	5,62	0.0	0	117	0.0	0.0	0.0	0.0	0.0481385737657547	0.07192450761795044	0.19047796726226807	0.2306840866804123	0.0	-0.028348088264465332	0.0
s2_sv	4	delta	0	true	7,56	0.0	0	117	0.0	0.0	0.0	0.0	0.0481385737657547	0.07192450761795044	0.19047796726226807	0.2306840866804123	0.0	-0.004954934120178223	0.0
s2_sv	4	delta	0	true	3,25	0.0	0	117	0.0	0.0	0.0	0.0	0.0481385737657547	0.07192450761795044	0.19047796726226807	0.2306840866804123	0.0	-0.08563685417175293	-0.0017988979816436768
s2_sv	4	delta	0	true	3,27	0.0	0	117	0.0	0.0	0.0	0.0	0.0481385737657547	0.07192450761795044	0.19047796726226807	0.2306840866804123	0.0	-0.04544651508331299	-0.0001109093427658081
s2_sv	4	delta	0	true	7,29	0.0	0	117	0.0	0.0	0.0	0.0	0.0481385737657547	0.07192450761795044	0.19047796726226807	0.2306840866804123	0.0	-3.1828880310058594e-05	0.0
s2_sv	4	delta	0	true	7,30	0.0	0	117	0.0	0.0	0.0	0.0	0.0481385737657547	0.07192450761795044	0.19047796726226807	0.2306840866804123	0.0	-2.193450927734375e-05	0.0
s2_sv	4	delta	0	true	33,33	0.0	0	117	0.0	0.0	0.0	0.0	0.0481385737657547	0.07192450761795044	0.19047796726226807	0.2306840866804123	0.0	-0.010227203369140625	0.0
s2_sv	4	delta	0	true	37,33	0.0	0	117	0.0	0.0	0.0	0.0	0.0481385737657547	0.07192450761795044	0.19047796726226807	0.2306840866804123	0.0	-0.0011459589004516602	0.0
s2_sv	4	delta	0	true	50,45	0.0	1	117	-0.0005004219710826874	-0.0003879964351654053	-0.0004591643810272217	-0.0003093928098678589	0.04763815179467201	0.07153651118278503	0.19001880288124084	0.23037469387054443	5.7816505432128906e-05	-0.05570864677429199	-0.000510677695274353
s2_sv	4	delta	0	true	52,40	0.0	0	117	0.0	0.0	0.0	0.0	0.0481385737657547	0.07192450761795044	0.19047796726226807	0.2306840866804123	0.0	-4.7326087951660156e-05	0.0
s2_sv	4	delta	0	true	54,47	0.0	0	117	0.0	0.0	0.0	0.0	0.0481385737657547	0.07192450761795044	0.19047796726226807	0.2306840866804123	0.0	-1.5854835510253906e-05	0.0
s2_sv	4	delta	0	true	0,25	0.0	0	117	0.0	0.0	0.0	0.0	0.0481385737657547	0.07192450761795044	0.19047796726226807	0.2306840866804123	0.0	-0.0003504753112792969	0.0
s2_sv	4	delta	0	true	2,29	0.0	0	117	0.0	0.0	0.0	0.0	0.0481385737657547	0.07192450761795044	0.19047796726226807	0.2306840866804123	0.0	-2.682209014892578e-05	0.0
s2_sv	4	delta	0	true	5,24	0.0	0	117	0.0	0.0	0.0	0.0	0.0481385737657547	0.07192450761795044	0.19047796726226807	0.2306840866804123	0.0	-0.007183432579040527	0.0
s2_sv	4	delta	0	true	7,28	0.0	0	117	0.0	0.0	0.0	0.0	0.0481385737657547	0.07192450761795044	0.19047796726226807	0.2306840866804123	0.0	-2.8252601623535156e-05	0.0
s2_sv	4	delta	0	true	7,29	0.0	0	117	0.0	0.0	0.0	0.0	0.0481385737657547	0.07192450761795044	0.19047796726226807	0.2306840866804123	0.0	-3.1828880310058594e-05	0.0
s2_sv	4	delta	0	true	14,35	0.0	0	117	0.0	0.0	0.0	0.0	0.0481385737657547	0.07192450761795044	0.19047796726226807	0.2306840866804123	0.0	-4.76837158203125e-06	0.0
s2_sv	4	delta	0	true	14,39	0.0	0	117	0.0	0.0	0.0	0.0	0.0481385737657547	0.07192450761795044	0.19047796726226807	0.2306840866804123	0.0	-3.0994415283203125e-05	0.0
s2_sv	4	delta	0	wrong	14,5	0.0	0	117	0.0	0.0	0.0	0.0	0.0481385737657547	0.07192450761795044	0.19047796726226807	0.2306840866804123	0.0	-0.0012456178665161133	0.0
s2_sv	4	delta	0	wrong	24,35	0.0	0	117	0.0	0.0	0.0	0.0	0.0481385737657547	0.07192450761795044	0.19047796726226807	0.2306840866804123	0.0	-1.9431114196777344e-05	0.0
s2_sv	4	delta	0	wrong	53,17	0.0	0	117	0.0	0.0	0.0	0.0	0.0481385737657547	0.07192450761795044	0.19047796726226807	0.2306840866804123	0.0	-0.0003216266632080078	0.0
s2_sv	4	delta	0	wrong	2,47	0.0	0	117	0.0	0.0	0.0	0.0	0.0481385737657547	0.07192450761795044	0.19047796726226807	0.2306840866804123	0.0	-0.0005453824996948242	0.0
s2_sv	4	delta	0	wrong	53,20	0.0	0	117	0.0	0.0	0.0	0.0	0.0481385737657547	0.07192450761795044	0.19047796726226807	0.2306840866804123	0.0	-0.00021827220916748047	0.0
s2_sv	4	delta	0	wrong	1,11	0.0	0	117	0.0	0.0	0.0	0.0	0.0481385737657547	0.07192450761795044	0.19047796726226807	0.2306840866804123	0.0	-7.021427154541016e-05	0.0
s2_sv	4	delta	0	wrong	12,42	0.0	0	117	0.0	0.0	0.0	0.0	0.0481385737657547	0.07192450761795044	0.19047796726226807	0.2306840866804123	0.0	-3.707408905029297e-05	0.0
s2_sv	4	delta	0	wrong	63,12	0.0	0	117	0.0	0.0	0.0	0.0	0.0481385737657547	0.07192450761795044	0.19047796726226807	0.2306840866804123	0.0	-1.1920928955078125e-07	0.0
s2_sv	4	delta	0	wrong	35,29	0.0	0	117	0.0	0.0	0.0	0.0	0.0481385737657547	0.07192450761795044	0.19047796726226807	0.2306840866804123	0.0	-1.5497207641601562e-06	0.0
s2_sv	4	delta	0	wrong	40,44	0.0	0	117	0.0	0.0	0.0	0.0	0.0481385737657547	0.07192450761795044	0.19047796726226807	0.2306840866804123	0.0	-0.0002726316452026367	0.0
s2_sv	4	delta	0	wrong	50,30	0.0	0	117	0.0	0.0	0.0	0.0	0.0481385737657547	0.07192450761795044	0.19047796726226807	0.2306840866804123	0.0	-2.5272369384765625e-05	0.0
s2_sv	4	delta	0	wrong	30,15	0.0	0	117	0.0	0.0	0.0	0.0	0.0481385737657547	0.07192450761795044	0.19047796726226807	0.2306840866804123	0.0	-1.1920928955078125e-07	0.0
s2_sv	4	delta	0	wrong	11,22	0.0	0	117	0.0	0.0	0.0	0.0	0.0481385737657547	0.07192450761795044	0.19047796726226807	0.2306840866804123	0.0	-5.161762237548828e-05	0.0
s2_sv	4	delta	0	wrong	25,30	0.0	0	117	0.0	0.0	0.0	0.0	0.0481385737657547	0.07192450761795044	0.19047796726226807	0.2306840866804123	0.0	-5.1021575927734375e-05	0.0
s2_sv	4	delta	0	wrong	59,0	0.0	0	117	0.0	0.0	0.0	0.0	0.0481385737657547	0.07192450761795044	0.19047796726226807	0.2306840866804123	0.0	0.0	0.0
s2_sv	4	delta	0	wrong	45,5	-0.0390625	233	117	-0.0008848309516906738	0.00647929310798645	0.038276419043540955	-0.008140310645103455	0.047253742814064026	0.07840380072593689	0.22875438630580902	0.22254377603530884	0.0794607400894165	0.2651021480560303	0.026212237775325775
s2_sv	4	delta	0	wrong	62,18	0.0	0	117	0.0	0.0	0.0	0.0	0.0481385737657547	0.07192450761795044	0.19047796726226807	0.2306840866804123	0.0	-8.404254913330078e-05	0.0
s2_sv	4	delta	0	wrong	7,50	0.0	0	117	0.0	0.0	0.0	0.0	0.0481385737657547	0.07192450761795044	0.19047796726226807	0.2306840866804123	0.0	-0.0013524293899536133	0.0
s2_sv	4	delta	0	wrong	17,3	0.0	0	117	0.0	0.0	0.0	0.0	0.0481385737657547	0.07192450761795044	0.19047796726226807	0.2306840866804123	0.0	-0.0065010786056518555	0.0
s2_sv	4	delta	0	wrong	28,4	0.0	0	117	0.0	0.0	0.0	0.0	0.0481385737657547	0.07192450761795044	0.19047796726226807	0.2306840866804123	0.0	-4.76837158203125e-07	0.0
s2_sv	4	delta	0	wrong	19,21	0.0	0	117	0.0	0.0	0.0	0.0	0.0481385737657547	0.07192450761795044	0.19047796726226807	0.2306840866804123	0.0	-0.00023627281188964844	0.0
s2_sv	4	delta	0	wrong	8,55	0.0	0	117	0.0	0.0	0.0	0.0	0.0481385737657547	0.07192450761795044	0.19047796726226807	0.2306840866804123	0.0	-0.00018680095672607422	0.0
s2_sv	4	delta	0	wrong	1,6	0.0	0	117	0.0	0.0	0.0	0.0	0.0481385737657547	0.07192450761795044	0.19047796726226807	0.2306840866804123	0.0	0.0	0.0
s2_sv	4	delta	0	wrong	58,49	0.0	0	117	0.0	0.0	0.0	0.0	0.0481385737657547	0.07192450761795044	0.19047796726226807	0.2306840866804123	0.0	-9.608268737792969e-05	0.0
s2_sv	4	delta	0	wrong	16,21	0.0	0	117	0.0	0.0	0.0	0.0	0.0481385737657547	0.07192450761795044	0.19047796726226807	0.2306840866804123	0.0	-0.0011397600173950195	0.0
s2_sv	4	delta	0	wrong	39,2	0.0	0	117	0.0	0.0	0.0	0.0	0.0481385737657547	0.07192450761795044	0.19047796726226807	0.2306840866804123	0.0	-2.9802322387695312e-06	0.0
s2_sv	4	delta	0	wrong	50,1	0.0	0	117	0.0	0.0	0.0	0.0	0.0481385737657547	0.07192450761795044	0.19047796726226807	0.2306840866804123	0.0	-0.0005263090133666992	0.0
s2_sv	4	delta	0	wrong	14,25	0.0	0	117	0.0	0.0	0.0	0.0	0.0481385737657547	0.07192450761795044	0.19047796726226807	0.2306840866804123	0.0	-0.00024712085723876953	0.0
s2_sv	4	delta	0	wrong	21,33	0.0	0	117	0.0	0.0	0.0	0.0	0.0481385737657547	0.07192450761795044	0.19047796726226807	0.2306840866804123	0.0	-0.006239652633666992	0.0
s2_sv	4	delta	0	wrong	46,51	0.0	0	117	0.0	0.0	0.0	0.0	0.0481385737657547	0.07192450761795044	0.19047796726226807	0.2306840866804123	0.0	-2.5033950805664062e-06	0.0
s2_sv	4	delta	0	wrong	58,23	0.0	0	117	0.0	0.0	0.0	0.0	0.0481385737657547	0.07192450761795044	0.19047796726226807	0.2306840866804123	0.0	-0.008954286575317383	0.0
s2_sv	4	delta	0	wrong	10,17	0.0	0	117	0.0	0.0	0.0	0.0	0.0481385737657547	0.07192450761795044	0.19047796726226807	0.2306840866804123	0.0	-0.0015598535537719727	0.0
s2_sv	4	delta	0	wrong	32,0	0.0	0	117	0.0	0.0	0.0	0.0	0.0481385737657547	0.07192450761795044	0.19047796726226807	0.2306840866804123	0.0	-1.5020370483398438e-05	0.0
s2_sv	4	delta	0	wrong	37,27	0.0	0	117	0.0	0.0	0.0	0.0	0.0481385737657547	0.07192450761795044	0.19047796726226807	0.2306840866804123	0.0	-0.00042724609375	0.0
s2_sv	4	delta	0	wrong	45,46	0.0	0	117	0.0	0.0	0.0	0.0	0.0481385737657547	0.07192450761795044	0.19047796726226807	0.2306840866804123	0.0	-0.0018504858016967773	0.0
s2_sv	4	delta	0	wrong	23,32	-0.0390625	199	117	0.1021617203950882	0.11482903361320496	0.03865209221839905	-0.0015510767698287964	0.1503002941608429	0.1867535412311554	0.22913005948066711	0.2291330099105835	0.0532841682434082	0.12551236152648926	0.005617376416921616
s2_sv	4	delta	0	wrong	31,21	0.0	0	117	0.0	0.0	0.0	0.0	0.0481385737657547	0.07192450761795044	0.19047796726226807	0.2306840866804123	0.0	-0.00019562244415283203	0.0
s2_sv	4	delta	0	wrong	33,19	0.0	0	117	0.0	0.0	0.0	0.0	0.0481385737657547	0.07192450761795044	0.19047796726226807	0.2306840866804123	0.0	-3.993511199951172e-05	0.0
s2_sv	4	delta	0	wrong	13,46	0.0	0	117	0.0	0.0	0.0	0.0	0.0481385737657547	0.07192450761795044	0.19047796726226807	0.2306840866804123	0.0	-3.4570693969726562e-06	0.0
s2_sv	4	delta	0	wrong	6,48	0.0	0	117	0.0	0.0	0.0	0.0	0.0481385737657547	0.07192450761795044	0.19047796726226807	0.2306840866804123	0.0	-0.00013649463653564453	0.0
s2_sv	4	delta	0	wrong	24,54	0.0	0	117	0.0	0.0	0.0	0.0	0.0481385737657547	0.07192450761795044	0.19047796726226807	0.2306840866804123	0.0	-9.5367431640625e-06	0.0
s2_sv	4	delta	0	wrong	63,5	0.0	0	117	0.0	0.0	0.0	0.0	0.0481385737657547	0.07192450761795044	0.19047796726226807	0.2306840866804123	0.0	-0.0013549327850341797	0.0
s2_sv	4	delta	0	wrong	31,59	0.0	0	117	0.0	0.0	0.0	0.0	0.0481385737657547	0.07192450761795044	0.19047796726226807	0.2306840866804123	0.0	-1.2516975402832031e-05	0.0
s2_sv	4	delta	0	wrong	38,12	0.0	0	117	0.0	0.0	0.0	0.0	0.0481385737657547	0.07192450761795044	0.19047796726226807	0.2306840866804123	0.0	-1.1920928955078125e-07	0.0
s2_sv	4	delta	0	wrong	23,38	0.0	0	117	0.0	0.0	0.0	0.0	0.0481385737657547	0.07192450761795044	0.19047796726226807	0.2306840866804123	0.0	-0.0011583566665649414	0.0
s2_sv	4	delta	0	wrong	30,37	0.0	0	117	0.0	0.0	0.0	0.0	0.0481385737657547	0.07192450761795044	0.19047796726226807	0.2306840866804123	0.0	-1.6808509826660156e-05	0.0
s2_sv	4	delta	0	wrong	42,40	0.0	0	117	0.0	0.0	0.0	0.0	0.0481385737657547	0.07192450761795044	0.19047796726226807	0.2306840866804123	0.0	-7.426738739013672e-05	0.0
s2_sv	4	delta	0	wrong	42,62	0.0	0	117	0.0	0.0	0.0	0.0	0.0481385737657547	0.07192450761795044	0.19047796726226807	0.2306840866804123	0.0	-0.00013339519500732422	0.0
s2_sv	4	delta	1	true	6,21	0.0	0	117	0.0	0.0	0.0	0.0	0.07159106433391571	0.10158269852399826	0.22108060121536255	0.2586236298084259	0.0	-0.0001634359359741211	0.0
s2_sv	4	delta	1	true	56,34	0.0	0	117	0.0	0.0	0.0	0.0	0.07159106433391571	0.10158269852399826	0.22108060121536255	0.2586236298084259	0.0	-0.001595139503479004	0.0
s2_sv	4	delta	1	true	59,39	0.0	0	117	0.0	0.0	0.0	0.0	0.07159106433391571	0.10158269852399826	0.22108060121536255	0.2586236298084259	0.0	-2.7298927307128906e-05	0.0
s2_sv	4	delta	1	true	60,34	0.12890625	35	117	0.06216585636138916	0.05470909923315048	0.0028493255376815796	0.007737964391708374	0.13375692069530487	0.15629179775714874	0.22392992675304413	0.2663615942001343	0.0035501718521118164	-0.14944148063659668	-0.010860301554203033
s2_sv	4	delta	1	true	2,29	0.0	0	117	0.0	0.0	0.0	0.0	0.07159106433391571	0.10158269852399826	0.22108060121536255	0.2586236298084259	0.0	-2.396106719970703e-05	0.0
s2_sv	4	delta	1	true	5,31	0.0	0	117	0.0	0.0	0.0	0.0	0.07159106433391571	0.10158269852399826	0.22108060121536255	0.2586236298084259	0.0	-0.00020706653594970703	0.0
s2_sv	4	delta	1	true	42,26	0.0	0	117	0.0	0.0	0.0	0.0	0.07159106433391571	0.10158269852399826	0.22108060121536255	0.2586236298084259	0.0	-2.086162567138672e-05	0.0
s2_sv	4	delta	1	true	43,27	0.0	0	117	0.0	0.0	0.0	0.0	0.07159106433391571	0.10158269852399826	0.22108060121536255	0.2586236298084259	0.0	-0.0024453401565551758	0.0
s2_sv	4	delta	1	true	47,27	0.0	0	117	0.0	0.0	0.0	0.0	0.07159106433391571	0.10158269852399826	0.22108060121536255	0.2586236298084259	0.0	-0.0011228322982788086	0.0
s2_sv	4	delta	1	true	47,28	0.0	0	117	0.0	0.0	0.0	0.0	0.07159106433391571	0.10158269852399826	0.22108060121536255	0.2586236298084259	0.0	-1.3232231140136719e-05	0.0
s2_sv	4	delta	1	true	49,58	0.0	0	117	0.0	0.0	0.0	0.0	0.07159106433391571	0.10158269852399826	0.22108060121536255	0.2586236298084259	0.0	-0.00021731853485107422	0.0
s2_sv	4	delta	1	true	52,59	0.0	0	117	0.0	0.0	0.0	0.0	0.07159106433391571	0.10158269852399826	0.22108060121536255	0.2586236298084259	0.0	-5.841255187988281e-06	0.0
s2_sv	4	delta	1	true	17,49	0.0	0	117	0.0	0.0	0.0	0.0	0.07159106433391571	0.10158269852399826	0.22108060121536255	0.2586236298084259	0.0	-3.1113624572753906e-05	0.0
s2_sv	4	delta	1	true	18,49	0.0	0	117	0.0	0.0	0.0	0.0	0.07159106433391571	0.10158269852399826	0.22108060121536255	0.2586236298084259	0.0	-3.2186508178710938e-06	0.0
s2_sv	4	delta	1	true	20,51	0.0	0	117	0.0	0.0	0.0	0.0	0.07159106433391571	0.10158269852399826	0.22108060121536255	0.2586236298084259	0.0	-3.4570693969726562e-06	0.0
s2_sv	4	delta	1	true	23,48	0.0	0	117	0.0	0.0	0.0	0.0	0.07159106433391571	0.10158269852399826	0.22108060121536255	0.2586236298084259	0.0	-0.005370974540710449	0.0
s2_sv	4	delta	1	true	23,49	0.0	0	117	0.0	0.0	0.0	0.0	0.07159106433391571	0.10158269852399826	0.22108060121536255	0.2586236298084259	0.0	-0.0001569986343383789	0.0
s2_sv	4	delta	1	true	23,50	0.0	0	117	0.0	0.0	0.0	0.0	0.07159106433391571	0.10158269852399826	0.22108060121536255	0.2586236298084259	0.0	-0.0026434659957885742	0.0
s2_sv	4	delta	1	true	25,43	0.0	0	117	0.0	0.0	0.0	0.0	0.07159106433391571	0.10158269852399826	0.22108060121536255	0.2586236298084259	0.0	-0.002789735794067383	0.0
s2_sv	4	delta	1	true	26,41	0.0	0	117	0.0	0.0	0.0	0.0	0.07159106433391571	0.10158269852399826	0.22108060121536255	0.2586236298084259	0.0	-0.0008103847503662109	0.0
s2_sv	4	delta	1	true	35,62	0.0	0	117	0.0	0.0	0.0	0.0	0.07159106433391571	0.10158269852399826	0.22108060121536255	0.2586236298084259	0.0	-0.0001112222671508789	0.0
s2_sv	4	delta	1	true	37,60	0.0	0	117	0.0	0.0	0.0	0.0	0.07159106433391571	0.10158269852399826	0.22108060121536255	0.2586236298084259	0.0	-0.025765538215637207	0.0
s2_sv	4	delta	1	true	34,51	0.0	0	117	0.0	0.0	0.0	0.0	0.07159106433391571	0.10158269852399826	0.22108060121536255	0.2586236298084259	0.0	-8.606910705566406e-05	0.0
s2_sv	4	delta	1	true	35,48	0.0	0	117	0.0	0.0	0.0	0.0	0.07159106433391571	0.10158269852399826	0.22108060121536255	0.2586236298084259	0.0	-0.00012552738189697266	0.0
s2_sv	4	delta	1	true	39,51	0.0	0	117	0.0	0.0	0.0	0.0	0.07159106433391571	0.10158269852399826	0.22108060121536255	0.2586236298084259	0.0	-1.5974044799804688e-05	0.0
s2_sv	4	delta	1	true	34,43	0.0	0	117	0.0	0.0	0.0	0.0	0.07159106433391571	0.10158269852399826	0.22108060121536255	0.2586236298084259	0.0	-0.0027360916137695312	0.0
s2_sv	4	delta	1	true	36,46	0.0	0	117	0.0	0.0	0.0	0.0	0.07159106433391571	0.10158269852399826	0.22108060121536255	0.2586236298084259	0.0	-1.2516975402832031e-05	0.0
s2_sv	4	delta	1	true	39,41	0.0	0	117	0.0	0.0	0.0	0.0	0.07159106433391571	0.10158269852399826	0.22108060121536255	0.2586236298084259	0.0	-0.0009976625442504883	0.0
s2_sv	4	delta	1	true	2,59	0.0	0	117	0.0	0.0	0.0	0.0	0.07159106433391571	0.10158269852399826	0.22108060121536255	0.2586236298084259	0.0	-0.00019371509552001953	0.0
s2_sv	4	delta	1	true	5,61	0.0	0	117	0.0	0.0	0.0	0.0	0.07159106433391571	0.10158269852399826	0.22108060121536255	0.2586236298084259	0.0	-0.06655454635620117	-1.650676131248474e-05
s2_sv	4	delta	1	true	6,56	0.0	0	117	0.0	0.0	0.0	0.0	0.07159106433391571	0.10158269852399826	0.22108060121536255	0.2586236298084259	0.0	-0.00015926361083984375	0.0
s2_sv	4	delta	1	true	1,27	0.0	0	117	0.0	0.0	0.0	0.0	0.07159106433391571	0.10158269852399826	0.22108060121536255	0.2586236298084259	0.0	-0.0036569833755493164	0.0
s2_sv	4	delta	1	true	32,35	0.0	0	117	0.0	0.0	0.0	0.0	0.07159106433391571	0.10158269852399826	0.22108060121536255	0.2586236298084259	0.0	-0.007463574409484863	0.0
s2_sv	4	delta	1	true	33,35	0.0	0	117	0.0	0.0	0.0	0.0	0.07159106433391571	0.10158269852399826	0.22108060121536255	0.2586236298084259	0.0	-0.00012981891632080078	0.0
s2_sv	4	delta	1	true	35,32	0.0	0	117	0.0	0.0	0.0	0.0	0.07159106433391571	0.10158269852399826	0.22108060121536255	0.2586236298084259	0.0	-0.007641434669494629	0.0
s2_sv	4	delta	1	true	49,41	0.0	0	117	0.0	0.0	0.0	0.0	0.07159106433391571	0.10158269852399826	0.22108060121536255	0.2586236298084259	0.0	-0.00011599063873291016	0.0
s2_sv	4	delta	1	true	50,41	0.0	0	117	0.0	0.0	0.0	0.0	0.07159106433391571	0.10158269852399826	0.22108060121536255	0.2586236298084259	0.0	-0.0026236772537231445	0.0
s2_sv	4	delta	1	true	51,44	0.0	0	117	0.0	0.0	0.0	0.0	0.07159106433391571	0.10158269852399826	0.22108060121536255	0.2586236298084259	0.0	-0.00034439563751220703	0.0
s2_sv	4	delta	1	true	1,28	0.0	0	117	0.0	0.0	0.0	0.0	0.07159106433391571	0.10158269852399826	0.22108060121536255	0.2586236298084259	0.0	-4.100799560546875e-05	0.0
s2_sv	4	delta	1	true	3,26	0.0	0	117	0.0	0.0	0.0	0.0	0.07159106433391571	0.10158269852399826	0.22108060121536255	0.2586236298084259	0.0	-0.007513761520385742	0.0
s2_sv	4	delta	1	true	8,34	0.0	0	117	0.0	0.0	0.0	0.0	0.07159106433391571	0.10158269852399826	0.22108060121536255	0.2586236298084259	0.0	-0.001839280128479004	0.0
s2_sv	4	delta	1	true	9,37	0.0	0	117	0.0	0.0	0.0	0.0	0.07159106433391571	0.10158269852399826	0.22108060121536255	0.2586236298084259	0.0	-1.4185905456542969e-05	0.0
s2_sv	4	delta	1	true	10,37	0.0	0	117	0.0	0.0	0.0	0.0	0.07159106433391571	0.10158269852399826	0.22108060121536255	0.2586236298084259	0.0	-0.0006121397018432617	0.0
s2_sv	4	delta	1	true	11,33	0.0	0	117	0.0	0.0	0.0	0.0	0.07159106433391571	0.10158269852399826	0.22108060121536255	0.2586236298084259	0.0	-0.00034224987030029297	0.0
s2_sv	4	delta	1	true	11,35	0.0	0	117	0.0	0.0	0.0	0.0	0.07159106433391571	0.10158269852399826	0.22108060121536255	0.2586236298084259	0.0	-4.887580871582031e-06	0.0
s2_sv	4	delta	1	true	13,33	0.0	0	117	0.0	0.0	0.0	0.0	0.07159106433391571	0.10158269852399826	0.22108060121536255	0.2586236298084259	0.0	-0.00015819072723388672	0.0
s2_sv	4	delta	1	true	13,37	0.0	0	117	0.0	0.0	0.0	0.0	0.07159106433391571	0.10158269852399826	0.22108060121536255	0.2586236298084259	0.0	-1.1920928955078125e-05	0.0
s2_sv	4	delta	1	true	14,32	0.0	0	117	0.0	0.0	0.0	0.0	0.07159106433391571	0.10158269852399826	0.22108060121536255	0.2586236298084259	0.0	-0.007149100303649902	0.0
s2_sv	4	delta	1	wrong	14,5	0.0	0	117	0.0	0.0	0.0	0.0	0.07159106433391571	0.10158269852399826	0.22108060121536255	0.2586236298084259	0.0	-0.0010544061660766602	0.0
s2_sv	4	delta	1	wrong	24,35	0.0	0	117	0.0	0.0	0.0	0.0	0.07159106433391571	0.10158269852399826	0.22108060121536255	0.2586236298084259	0.0	-1.621246337890625e-05	0.0
s2_sv	4	delta	1	wrong	53,17	0.0	0	117	0.0	0.0	0.0	0.0	0.07159106433391571	0.10158269852399826	0.22108060121536255	0.2586236298084259	0.0	-0.00027930736541748047	0.0
s2_sv	4	delta	1	wrong	2,47	0.0	0	117	0.0	0.0	0.0	0.0	0.07159106433391571	0.10158269852399826	0.22108060121536255	0.2586236298084259	0.0	-0.00048089027404785156	0.0
s2_sv	4	delta	1	wrong	53,20	0.0	0	117	0.0	0.0	0.0	0.0	0.07159106433391571	0.10158269852399826	0.22108060121536255	0.2586236298084259	0.0	-0.00018870830535888672	0.0
s2_sv	4	delta	1	wrong	1,11	0.0	0	117	0.0	0.0	0.0	0.0	0.07159106433391571	0.10158269852399826	0.22108060121536255	0.2586236298084259	0.0	-6.282329559326172e-05	0.0
s2_sv	4	delta	1	wrong	12,42	0.0	0	117	0.0	0.0	0.0	0.0	0.07159106433391571	0.10158269852399826	0.22108060121536255	0.2586236298084259	0.0	-3.1828880310058594e-05	0.0
s2_sv	4	delta	1	wrong	63,12	0.0	0	117	0.0	0.0	0.0	0.0	0.07159106433391571	0.10158269852399826	0.22108060121536255	0.2586236298084259	0.0	0.0	0.0
s2_sv	4	delta	1	wrong	35,29	0.0	0	117	0.0	0.0	0.0	0.0	0.07159106433391571	0.10158269852399826	0.22108060121536255	0.2586236298084259	0.0	-1.3113021850585938e-06	0.0
s2_sv	4	delta	1	wrong	40,44	0.0	0	117	0.0	0.0	0.0	0.0	0.07159106433391571	0.10158269852399826	0.22108060121536255	0.2586236298084259	0.0	-0.0002288818359375	0.0
s2_sv	4	delta	1	wrong	50,30	0.0	0	117	0.0	0.0	0.0	0.0	0.07159106433391571	0.10158269852399826	0.22108060121536255	0.2586236298084259	0.0	-2.2530555725097656e-05	0.0
s2_sv	4	delta	1	wrong	30,15	0.0	0	117	0.0	0.0	0.0	0.0	0.07159106433391571	0.10158269852399826	0.22108060121536255	0.2586236298084259	0.0	0.0	0.0
s2_sv	4	delta	1	wrong	11,22	0.0	0	117	0.0	0.0	0.0	0.0	0.07159106433391571	0.10158269852399826	0.22108060121536255	0.2586236298084259	0.0	-4.3511390686035156e-05	0.0
s2_sv	4	delta	1	wrong	25,30	0.0	0	117	0.0	0.0	0.0	0.0	0.07159106433391571	0.10158269852399826	0.22108060121536255	0.2586236298084259	0.0	-4.38690185546875e-05	0.0
s2_sv	4	delta	1	wrong	59,0	0.0	0	117	0.0	0.0	0.0	0.0	0.07159106433391571	0.10158269852399826	0.22108060121536255	0.2586236298084259	0.0	0.0	0.0
s2_sv	4	delta	1	wrong	45,5	-0.0234375	193	117	-0.01639581471681595	-0.015498429536819458	0.008194848895072937	-0.032141029834747314	0.05519524961709976	0.0860842689871788	0.22927545011043549	0.2264825999736786	0.03953361511230469	-0.009213566780090332	-0.0061514899134635925
s2_sv	4	delta	1	wrong	62,18	0.0	0	117	0.0	0.0	0.0	0.0	0.07159106433391571	0.10158269852399826	0.22108060121536255	0.2586236298084259	0.0	-7.43865966796875e-05	0.0
s2_sv	4	delta	1	wrong	7,50	0.0	0	117	0.0	0.0	0.0	0.0	0.07159106433391571	0.10158269852399826	0.22108060121536255	0.2586236298084259	0.0	-0.001195073127746582	0.0
s2_sv	4	delta	1	wrong	17,3	0.0	0	117	0.0	0.0	0.0	0.0	0.07159106433391571	0.10158269852399826	0.22108060121536255	0.2586236298084259	0.0	-0.0055495500564575195	0.0
s2_sv	4	delta	1	wrong	28,4	0.0	0	117	0.0	0.0	0.0	0.0	0.07159106433391571	0.10158269852399826	0.22108060121536255	0.2586236298084259	0.0	-2.384185791015625e-07	0.0
s2_sv	4	delta	1	wrong	19,21	0.0	0	117	0.0	0.0	0.0	0.0	0.07159106433391571	0.10158269852399826	0.22108060121536255	0.2586236298084259	0.0	-0.00020754337310791016	0.0
s2_sv	4	delta	1	wrong	8,55	0.0	0	117	0.0	0.0	0.0	0.0	0.07159106433391571	0.10158269852399826	0.22108060121536255	0.2586236298084259	0.0	-0.0001684427261352539	0.0
s2_sv	4	delta	1	wrong	1,6	0.0	0	117	0.0	0.0	0.0	0.0	0.07159106433391571	0.10158269852399826	0.22108060121536255	0.2586236298084259	0.0	0.0	0.0
s2_sv	4	delta	1	wrong	58,49	0.0	0	117	0.0	0.0	0.0	0.0	0.07159106433391571	0.10158269852399826	0.22108060121536255	0.2586236298084259	0.0	-8.83340835571289e-05	0.0
s2_sv	4	delta	1	wrong	16,21	0.0	0	117	0.0	0.0	0.0	0.0	0.07159106433391571	0.10158269852399826	0.22108060121536255	0.2586236298084259	0.0	-0.000998377799987793	0.0
s2_sv	4	delta	1	wrong	39,2	0.0	0	117	0.0	0.0	0.0	0.0	0.07159106433391571	0.10158269852399826	0.22108060121536255	0.2586236298084259	0.0	-2.384185791015625e-06	0.0
s2_sv	4	delta	1	wrong	50,1	0.0	0	117	0.0	0.0	0.0	0.0	0.07159106433391571	0.10158269852399826	0.22108060121536255	0.2586236298084259	0.0	-0.0004647970199584961	0.0
s2_sv	4	delta	1	wrong	14,25	0.0	0	117	0.0	0.0	0.0	0.0	0.07159106433391571	0.10158269852399826	0.22108060121536255	0.2586236298084259	0.0	-0.00021982192993164062	0.0
s2_sv	4	delta	1	wrong	21,33	0.0	0	117	0.0	0.0	0.0	0.0	0.07159106433391571	0.10158269852399826	0.22108060121536255	0.2586236298084259	0.0	-0.0053359270095825195	0.0
s2_sv	4	delta	1	wrong	46,51	0.0	0	117	0.0	0.0	0.0	0.0	0.07159106433391571	0.10158269852399826	0.22108060121536255	0.2586236298084259	0.0	-2.0265579223632812e-06	0.0
s2_sv	4	delta	1	wrong	58,23	0.0	0	117	0.0	0.0	0.0	0.0	0.07159106433391571	0.10158269852399826	0.22108060121536255	0.2586236298084259	0.0	-0.00808417797088623	0.0
s2_sv	4	delta	1	wrong	10,17	0.0	0	117	0.0	0.0	0.0	0.0	0.07159106433391571	0.10158269852399826	0.22108060121536255	0.2586236298084259	0.0	-0.0013766288757324219	0.0
s2_sv	4	delta	1	wrong	32,0	0.0	0	117	0.0	0.0	0.0	0.0	0.07159106433391571	0.10158269852399826	0.22108060121536255	0.2586236298084259	0.0	-1.3589859008789062e-05	0.0
s2_sv	4	delta	1	wrong	37,27	0.0	0	117	0.0	0.0	0.0	0.0	0.07159106433391571	0.10158269852399826	0.22108060121536255	0.2586236298084259	0.0	-0.0003739595413208008	0.0
s2_sv	4	delta	1	wrong	45,46	0.0	0	117	0.0	0.0	0.0	0.0	0.07159106433391571	0.10158269852399826	0.22108060121536255	0.2586236298084259	0.0	-0.0016301870346069336	0.0
s2_sv	4	delta	1	wrong	23,32	-0.02734375	133	117	0.055611610412597656	0.06249920278787613	0.006315693259239197	-0.016408905386924744	0.12720267474651337	0.1640819013118744	0.22739629447460175	0.24221472442150116	0.02248966693878174	-0.08205735683441162	-0.012143593281507492
s2_sv	4	delta	1	wrong	31,21	0.0	0	117	0.0	0.0	0.0	0.0	0.07159106433391571	0.10158269852399826	0.22108060121536255	0.2586236298084259	0.0	-0.0001671314239501953	0.0
s2_sv	4	delta	1	wrong	33,19	0.0	0	117	0.0	0.0	0.0	0.0	0.07159106433391571	0.10158269852399826	0.22108060121536255	0.2586236298084259	0.0	-3.5881996154785156e-05	0.0
s2_sv	4	delta	1	wrong	13,46	0.0	0	117	0.0	0.0	0.0	0.0	0.07159106433391571	0.10158269852399826	0.22108060121536255	0.2586236298084259	0.0	-2.7418136596679688e-06	0.0
s2_sv	4	delta	1	wrong	6,48	0.0	0	117	0.0	0.0	0.0	0.0	0.07159106433391571	0.10158269852399826	0.22108060121536255	0.2586236298084259	0.0	-0.00011968612670898438	0.0
s2_sv	4	delta	1	wrong	24,54	0.0	0	117	0.0	0.0	0.0	0.0	0.07159106433391571	0.10158269852399826	0.22108060121536255	0.2586236298084259	0.0	-7.867813110351562e-06	0.0
s2_sv	4	delta	1	wrong	63,5	0.0	0	117	0.0	0.0	0.0	0.0	0.07159106433391571	0.10158269852399826	0.22108060121536255	0.2586236298084259	0.0	-0.001168370246887207	0.0
s2_sv	4	delta	1	wrong	31,59	0.0	0	117	0.0	0.0	0.0	0.0	0.07159106433391571	0.10158269852399826	0.22108060121536255	0.2586236298084259	0.0	-1.0251998901367188e-05	0.0
s2_sv	4	delta	1	wrong	38,12	0.0	0	117	0.0	0.0	0.0	0.0	0.07159106433391571	0.10158269852399826	0.22108060121536255	0.2586236298084259	0.0	0.0	0.0
s2_sv	4	delta	1	wrong	23,38	0.0	0	117	0.0	0.0	0.0	0.0	0.07159106433391571	0.10158269852399826	0.22108060121536255	0.2586236298084259	0.0	-0.001015782356262207	0.0
s2_sv	4	delta	1	wrong	30,37	0.0	0	117	0.0	0.0	0.0	0.0	0.07159106433391571	0.10158269852399826	0.22108060121536255	0.2586236298084259	0.0	-1.430511474609375e-05	0.0
s2_sv	4	delta	1	wrong	42,40	0.0	0	117	0.0	0.0	0.0	0.0	0.07159106433391571	0.10158269852399826	0.22108060121536255	0.2586236298084259	0.0	-6.270408630371094e-05	0.0
s2_sv	4	delta	1	wrong	42,62	0.0	0	117	0.0	0.0	0.0	0.0	0.07159106433391571	0.10158269852399826	0.22108060121536255	0.2586236298084259	0.0	-0.00011026859283447266	0.0
s2_sv	4	delta	2	true	1,16	0.0	0	117	0.0	0.0	0.0	0.0	0.10236664861440659	0.16218812763690948	0.25499945878982544	0.22509241104125977	0.0	-0.00042285025119781494	0.0
s2_sv	4	delta	2	true	1,23	0.0	0	117	0.0	0.0	0.0	0.0	0.10236664861440659	0.16218812763690948	0.25499945878982544	0.22509241104125977	0.0	-0.002289384603500366	0.0
s2_sv	4	delta	2	true	56,35	0.0	0	117	0.0	0.0	0.0	0.0	0.10236664861440659	0.16218812763690948	0.25499945878982544	0.22509241104125977	0.0	-1.4424324035644531e-05	0.0
s2_sv	4	delta	2	true	57,38	0.0	0	117	0.0	0.0	0.0	0.0	0.10236664861440659	0.16218812763690948	0.25499945878982544	0.22509241104125977	0.0	-2.816319465637207e-06	0.0
s2_sv	4	delta	2	true	58,32	0.0	0	117	0.0	0.0	0.0	0.0	0.10236664861440659	0.16218812763690948	0.25499945878982544	0.22509241104125977	0.0	-0.053127601742744446	-0.03950983285903931
s2_sv	4	delta	2	true	63,36	0.0	0	117	0.0	0.0	0.0	0.0	0.10236664861440659	0.16218812763690948	0.25499945878982544	0.22509241104125977	0.0	-5.21540641784668e-06	0.0
s2_sv	4	delta	2	true	3,24	0.0	0	117	0.0	0.0	0.0	0.0	0.10236664861440659	0.16218812763690948	0.25499945878982544	0.22509241104125977	0.0	-0.0039176493883132935	0.0
s2_sv	4	delta	2	true	3,28	0.0	0	117	0.0	0.0	0.0	0.0	0.10236664861440659	0.16218812763690948	0.25499945878982544	0.22509241104125977	0.0	-0.00013028085231781006	0.0
s2_sv	4	delta	2	true	7,26	0.0	0	117	0.0	0.0	0.0	0.0	0.10236664861440659	0.16218812763690948	0.25499945878982544	0.22509241104125977	0.0	-9.827315807342529e-05	0.0
s2_sv	4	delta	2	true	43,29	0.0	0	117	0.0	0.0	0.0	0.0	0.10236664861440659	0.16218812763690948	0.25499945878982544	0.22509241104125977	0.0	-9.03010368347168e-06	0.0
s2_sv	4	delta	2	true	46,27	0.0	0	117	0.0	0.0	0.0	0.0	0.10236664861440659	0.16218812763690948	0.25499945878982544	0.22509241104125977	0.0	-3.479421138763428e-05	0.0
s2_sv	4	delta	2	true	49,56	0.0	0	117	0.0	0.0	0.0	0.0	0.10236664861440659	0.16218812763690948	0.25499945878982544	0.22509241104125977	0.0	-3.968179225921631e-05	0.0
s2_sv	4	delta	2	true	51,57	0.0	0	117	0.0	0.0	0.0	0.0	0.10236664861440659	0.16218812763690948	0.25499945878982544	0.22509241104125977	0.0	-2.0712614059448242e-06	0.0
s2_sv	4	delta	2	true	54,60	0.0	0	117	0.0	0.0	0.0	0.0	0.10236664861440659	0.16218812763690948	0.25499945878982544	0.22509241104125977	0.0	-0.001064896583557129	0.0
s2_sv	4	delta	2	true	55,61	0.0	0	117	0.0	0.0	0.0	0.0	0.10236664861440659	0.16218812763690948	0.25499945878982544	0.22509241104125977	0.0	-0.0004275292158126831	0.0
s2_sv	4	delta	2	true	20,53	0.0	0	117	0.0	0.0	0.0	0.0	0.10236664861440659	0.16218812763690948	0.25499945878982544	0.22509241104125977	0.0	-6.154179573059082e-06	0.0
s2_sv	4	delta	2	true	20,54	0.0	0	117	0.0	0.0	0.0	0.0	0.10236664861440659	0.16218812763690948	0.25499945878982544	0.22509241104125977	0.0	-1.0579824447631836e-06	0.0
s2_sv	4	delta	2	true	21,48	0.0	0	117	0.0	0.0	0.0	0.0	0.10236664861440659	0.16218812763690948	0.25499945878982544	0.22509241104125977	0.0	-0.0007364153861999512	0.0
s2_sv	4	delta	2	true	21,51	0.0	0	117	0.0	0.0	0.0	0.0	0.10236664861440659	0.16218812763690948	0.25499945878982544	0.22509241104125977	0.0	-1.068413257598877e-05	0.0
s2_sv	4	delta	2	true	24,40	0.0	0	117	0.0	0.0	0.0	0.0	0.10236664861440659	0.16218812763690948	0.25499945878982544	0.22509241104125977	0.0	-0.00010199844837188721	0.0
s2_sv	4	delta	2	true	29,46	0.0	0	117	0.0	0.0	0.0	0.0	0.10236664861440659	0.16218812763690948	0.25499945878982544	0.22509241104125977	0.0	-1.773238182067871e-06	0.0
s2_sv	4	delta	2	true	31,47	0.0	0	117	0.0	0.0	0.0	0.0	0.10236664861440659	0.16218812763690948	0.25499945878982544	0.22509241104125977	0.0	-8.448958396911621e-06	0.0
s2_sv	4	delta	2	true	33,60	0.0	0	117	0.0	0.0	0.0	0.0	0.10236664861440659	0.16218812763690948	0.25499945878982544	0.22509241104125977	0.0	-0.054998546838760376	-0.03820621967315674
s2_sv	4	delta	2	true	36,62	0.0	0	117	0.0	0.0	0.0	0.0	0.10236664861440659	0.16218812763690948	0.25499945878982544	0.22509241104125977	0.0	-7.11679458618164e-05	0.0
s2_sv	4	delta	2	true	36,54	0.0	0	117	0.0	0.0	0.0	0.0	0.10236664861440659	0.16218812763690948	0.25499945878982544	0.22509241104125977	0.0	-1.4603137969970703e-06	0.0
s2_sv	4	delta	2	true	39,50	0.0	0	117	0.0	0.0	0.0	0.0	0.10236664861440659	0.16218812763690948	0.25499945878982544	0.22509241104125977	0.0	-0.00017280876636505127	0.0
s2_sv	4	delta	2	true	33,46	0.0	0	117	0.0	0.0	0.0	0.0	0.10236664861440659	0.16218812763690948	0.25499945878982544	0.22509241104125977	0.0	-3.784894943237305e-05	0.0
s2_sv	4	delta	2	true	35,42	0.0	0	117	0.0	0.0	0.0	0.0	0.10236664861440659	0.16218812763690948	0.25499945878982544	0.22509241104125977	0.0	-7.227063179016113e-06	0.0
s2_sv	4	delta	2	true	35,43	0.0	0	117	0.0	0.0	0.0	0.0	0.10236664861440659	0.16218812763690948	0.25499945878982544	0.22509241104125977	0.0	-1.6555190086364746e-05	0.0
s2_sv	4	delta	2	true	35,47	0.0	0	117	0.0	0.0	0.0	0.0	0.10236664861440659	0.16218812763690948	0.25499945878982544	0.22509241104125977	0.0	-7.241964340209961e-06	0.0
s2_sv	4	delta	2	true	37,41	0.0	0	117	0.0	0.0	0.0	0.0	0.10236664861440659	0.16218812763690948	0.25499945878982544	0.22509241104125977	0.0	-0.00014515221118927002	0.0
s2_sv	4	delta	2	true	38,47	0.0	0	117	0.0	0.0	0.0	0.0	0.10236664861440659	0.16218812763690948	0.25499945878982544	0.22509241104125977	0.0	-4.000961780548096e-05	0.0
s2_sv	4	delta	2	true	4,62	0.0	0	117	0.0	0.0	0.0	0.0	0.10236664861440659	0.16218812763690948	0.25499945878982544	0.22509241104125977	0.0	-0.0002298206090927124	0.0
s2_sv	4	delta	2	true	7,63	0.0	0	117	0.0	0.0	0.0	0.0	0.10236664861440659	0.16218812763690948	0.25499945878982544	0.22509241104125977	0.0	-2.333521842956543e-05	0.0
s2_sv	4	delta	2	true	4,24	0.0	0	117	0.0	0.0	0.0	0.0	0.10236664861440659	0.16218812763690948	0.25499945878982544	0.22509241104125977	0.0	-8.20159912109375e-05	0.0
s2_sv	4	delta	2	true	4,28	0.0	0	117	0.0	0.0	0.0	0.0	0.10236664861440659	0.16218812763690948	0.25499945878982544	0.22509241104125977	0.0	-2.9355287551879883e-06	0.0
s2_sv	4	delta	2	true	5,25	0.0	0	117	0.0	0.0	0.0	0.0	0.10236664861440659	0.16218812763690948	0.25499945878982544	0.22509241104125977	0.0	-0.010704681277275085	0.0
s2_sv	4	delta	2	true	7,24	0.0	0	117	0.0	0.0	0.0	0.0	0.10236664861440659	0.16218812763690948	0.25499945878982544	0.22509241104125977	0.0	-0.00019638240337371826	0.0
s2_sv	4	delta	2	true	7,26	0.0	0	117	0.0	0.0	0.0	0.0	0.10236664861440659	0.16218812763690948	0.25499945878982544	0.22509241104125977	0.0	-9.827315807342529e-05	0.0
s2_sv	4	delta	2	true	32,38	0.0	0	117	0.0	0.0	0.0	0.0	0.10236664861440659	0.16218812763690948	0.25499945878982544	0.22509241104125977	0.0	-0.010781630873680115	0.0
s2_sv	4	delta	2	true	38,36	0.0	0	117	0.0	0.0	0.0	0.0	0.10236664861440659	0.16218812763690948	0.25499945878982544	0.22509241104125977	0.0	-2.7224421501159668e-05	0.0
s2_sv	4	delta	2	true	39,33	0.0	0	117	0.0	0.0	0.0	0.0	0.10236664861440659	0.16218812763690948	0.25499945878982544	0.22509241104125977	0.0	-0.000585600733757019	0.0
s2_sv	4	delta	2	true	3,30	0.0	0	117	0.0	0.0	0.0	0.0	0.10236664861440659	0.16218812763690948	0.25499945878982544	0.22509241104125977	0.0	-0.00010815262794494629	0.0
s2_sv	4	delta	2	true	4,30	0.0	0	117	0.0	0.0	0.0	0.0	0.10236664861440659	0.16218812763690948	0.25499945878982544	0.22509241104125977	0.0	-2.3990869522094727e-06	0.0
s2_sv	4	delta	2	true	9,38	0.0	0	117	0.0	0.0	0.0	0.0	0.10236664861440659	0.16218812763690948	0.25499945878982544	0.22509241104125977	0.0	-5.140900611877441e-06	0.0
s2_sv	4	delta	2	true	12,36	0.0	0	117	0.0	0.0	0.0	0.0	0.10236664861440659	0.16218812763690948	0.25499945878982544	0.22509241104125977	0.0	-6.0051679611206055e-06	0.0
s2_sv	4	delta	2	true	12,37	0.0	0	117	0.0	0.0	0.0	0.0	0.10236664861440659	0.16218812763690948	0.25499945878982544	0.22509241104125977	0.0	-6.243586540222168e-06	0.0
s2_sv	4	delta	2	true	14,35	0.0	0	117	0.0	0.0	0.0	0.0	0.10236664861440659	0.16218812763690948	0.25499945878982544	0.22509241104125977	0.0	-1.1175870895385742e-06	0.0
s2_sv	4	delta	2	wrong	14,5	0.0	0	117	0.0	0.0	0.0	0.0	0.10236664861440659	0.16218812763690948	0.25499945878982544	0.22509241104125977	0.0	-0.00027473270893096924	0.0
s2_sv	4	delta	2	wrong	24,35	0.0	0	117	0.0	0.0	0.0	0.0	0.10236664861440659	0.16218812763690948	0.25499945878982544	0.22509241104125977	0.0	-5.170702934265137e-06	0.0
s2_sv	4	delta	2	wrong	53,17	0.0	0	117	0.0	0.0	0.0	0.0	0.10236664861440659	0.16218812763690948	0.25499945878982544	0.22509241104125977	0.0	-7.303059101104736e-05	0.0
s2_sv	4	delta	2	wrong	2,47	0.0	0	117	0.0	0.0	0.0	0.0	0.10236664861440659	0.16218812763690948	0.25499945878982544	0.22509241104125977	0.0	-0.000119820237159729	0.0
s2_sv	4	delta	2	wrong	53,20	0.0	0	117	0.0	0.0	0.0	0.0	0.10236664861440659	0.16218812763690948	0.25499945878982544	0.22509241104125977	0.0	-4.850327968597412e-05	0.0
s2_sv	4	delta	2	wrong	1,11	0.0	0	117	0.0	0.0	0.0	0.0	0.10236664861440659	0.16218812763690948	0.25499945878982544	0.22509241104125977	0.0	-1.983344554901123e-05	0.0
s2_sv	4	delta	2	wrong	12,42	0.0	0	117	0.0	0.0	0.0	0.0	0.10236664861440659	0.16218812763690948	0.25499945878982544	0.22509241104125977	0.0	-1.0132789611816406e-05	0.0
s2_sv	4	delta	2	wrong	63,12	0.0	0	117	0.0	0.0	0.0	0.0	0.10236664861440659	0.16218812763690948	0.25499945878982544	0.22509241104125977	0.0	0.0	0.0
s2_sv	4	delta	2	wrong	35,29	0.0	0	117	0.0	0.0	0.0	0.0	0.10236664861440659	0.16218812763690948	0.25499945878982544	0.22509241104125977	0.0	-4.023313522338867e-07	0.0
s2_sv	4	delta	2	wrong	40,44	0.0	0	117	0.0	0.0	0.0	0.0	0.10236664861440659	0.16218812763690948	0.25499945878982544	0.22509241104125977	0.0	-6.945431232452393e-05	0.0
s2_sv	4	delta	2	wrong	50,30	0.0	0	117	0.0	0.0	0.0	0.0	0.10236664861440659	0.16218812763690948	0.25499945878982544	0.22509241104125977	0.0	-6.690621376037598e-06	0.0
s2_sv	4	delta	2	wrong	30,15	0.0	0	117	0.0	0.0	0.0	0.0	0.10236664861440659	0.16218812763690948	0.25499945878982544	0.22509241104125977	0.0	0.0	0.0
s2_sv	4	delta	2	wrong	11,22	0.0	0	117	0.0	0.0	0.0	0.0	0.10236664861440659	0.16218812763690948	0.25499945878982544	0.22509241104125977	0.0	-1.2561678886413574e-05	0.0
s2_sv	4	delta	2	wrong	25,30	0.0	0	117	0.0	0.0	0.0	0.0	0.10236664861440659	0.16218812763690948	0.25499945878982544	0.22509241104125977	0.0	-1.4737248420715332e-05	0.0
s2_sv	4	delta	2	wrong	59,0	0.0	0	117	0.0	0.0	0.0	0.0	0.10236664861440659	0.16218812763690948	0.25499945878982544	0.22509241104125977	0.0	0.0	0.0
s2_sv	4	delta	2	wrong	45,5	0.0	0	117	0.0	0.0	0.0	0.0	0.10236664861440659	0.16218812763690948	0.25499945878982544	0.22509241104125977	0.0	-0.0901116281747818	-0.08922839164733887
s2_sv	4	delta	2	wrong	62,18	0.0	0	117	0.0	0.0	0.0	0.0	0.10236664861440659	0.16218812763690948	0.25499945878982544	0.22509241104125977	0.0	-1.607835292816162e-05	0.0
s2_sv	4	delta	2	wrong	7,50	0.0	0	117	0.0	0.0	0.0	0.0	0.10236664861440659	0.16218812763690948	0.25499945878982544	0.22509241104125977	0.0	-0.00033861398696899414	0.0
s2_sv	4	delta	2	wrong	17,3	0.0	0	117	0.0	0.0	0.0	0.0	0.10236664861440659	0.16218812763690948	0.25499945878982544	0.22509241104125977	0.0	-0.001515716314315796	0.0
s2_sv	4	delta	2	wrong	28,4	0.0	0	117	0.0	0.0	0.0	0.0	0.10236664861440659	0.16218812763690948	0.25499945878982544	0.22509241104125977	0.0	-1.341104507446289e-07	0.0
s2_sv	4	delta	2	wrong	19,21	0.0	0	117	0.0	0.0	0.0	0.0	0.10236664861440659	0.16218812763690948	0.25499945878982544	0.22509241104125977	0.0	-5.27799129486084e-05	0.0
s2_sv	4	delta	2	wrong	8,55	0.0	0	117	0.0	0.0	0.0	0.0	0.10236664861440659	0.16218812763690948	0.25499945878982544	0.22509241104125977	0.0	-5.103647708892822e-05	0.0
s2_sv	4	delta	2	wrong	1,6	0.0	0	117	0.0	0.0	0.0	0.0	0.10236664861440659	0.16218812763690948	0.25499945878982544	0.22509241104125977	0.0	0.0	0.0
s2_sv	4	delta	2	wrong	58,49	0.0	0	117	0.0	0.0	0.0	0.0	0.10236664861440659	0.16218812763690948	0.25499945878982544	0.22509241104125977	0.0	-2.6494264602661133e-05	0.0
s2_sv	4	delta	2	wrong	16,21	0.0	0	117	0.0	0.0	0.0	0.0	0.10236664861440659	0.16218812763690948	0.25499945878982544	0.22509241104125977	0.0	-0.00025047361850738525	0.0
s2_sv	4	delta	2	wrong	39,2	0.0	0	117	0.0	0.0	0.0	0.0	0.10236664861440659	0.16218812763690948	0.25499945878982544	0.22509241104125977	0.0	-7.450580596923828e-07	0.0
s2_sv	4	delta	2	wrong	50,1	0.0	0	117	0.0	0.0	0.0	0.0	0.10236664861440659	0.16218812763690948	0.25499945878982544	0.22509241104125977	0.0	-0.00013749301433563232	0.0
s2_sv	4	delta	2	wrong	14,25	0.0	0	117	0.0	0.0	0.0	0.0	0.10236664861440659	0.16218812763690948	0.25499945878982544	0.22509241104125977	0.0	-6.857514381408691e-05	0.0
s2_sv	4	delta	2	wrong	21,33	0.0	0	117	0.0	0.0	0.0	0.0	0.10236664861440659	0.16218812763690948	0.25499945878982544	0.22509241104125977	0.0	-0.0013763457536697388	0.0
s2_sv	4	delta	2	wrong	46,51	0.0	0	117	0.0	0.0	0.0	0.0	0.10236664861440659	0.16218812763690948	0.25499945878982544	0.22509241104125977	0.0	-7.152557373046875e-07	0.0
s2_sv	4	delta	2	wrong	58,23	0.0	0	117	0.0	0.0	0.0	0.0	0.10236664861440659	0.16218812763690948	0.25499945878982544	0.22509241104125977	0.0	-0.0019255727529525757	0.0
s2_sv	4	delta	2	wrong	10,17	0.0	0	117	0.0	0.0	0.0	0.0	0.10236664861440659	0.16218812763690948	0.25499945878982544	0.22509241104125977	0.0	-0.00033676624298095703	0.0
s2_sv	4	delta	2	wrong	32,0	0.0	0	117	0.0	0.0	0.0	0.0	0.10236664861440659	0.16218812763690948	0.25499945878982544	0.22509241104125977	0.0	-3.7401914596557617e-06	0.0
s2_sv	4	delta	2	wrong	37,27	0.0	0	117	0.0	0.0	0.0	0.0	0.10236664861440659	0.16218812763690948	0.25499945878982544	0.22509241104125977	0.0	-0.0001191943883895874	0.0
s2_sv	4	delta	2	wrong	45,46	0.0	0	117	0.0	0.0	0.0	0.0	0.10236664861440659	0.16218812763690948	0.25499945878982544	0.22509241104125977	0.0	-0.00041438639163970947	0.0
s2_sv	4	delta	2	wrong	23,32	0.0	0	117	0.0	0.0	0.0	0.0	0.10236664861440659	0.16218812763690948	0.25499945878982544	0.22509241104125977	0.0	-0.07386507093906403	-0.06273221969604492
s2_sv	4	delta	2	wrong	31,21	0.0	0	117	0.0	0.0	0.0	0.0	0.10236664861440659	0.16218812763690948	0.25499945878982544	0.22509241104125977	0.0	-4.6506524085998535e-05	0.0
s2_sv	4	delta	2	wrong	33,19	0.0	0	117	0.0	0.0	0.0	0.0	0.10236664861440659	0.16218812763690948	0.25499945878982544	0.22509241104125977	0.0	-8.359551429748535e-06	0.0
s2_sv	4	delta	2	wrong	13,46	0.0	0	117	0.0	0.0	0.0	0.0	0.10236664861440659	0.16218812763690948	0.25499945878982544	0.22509241104125977	0.0	-8.195638656616211e-07	0.0
s2_sv	4	delta	2	wrong	6,48	0.0	0	117	0.0	0.0	0.0	0.0	0.10236664861440659	0.16218812763690948	0.25499945878982544	0.22509241104125977	0.0	-3.573298454284668e-05	0.0
s2_sv	4	delta	2	wrong	24,54	0.0	0	117	0.0	0.0	0.0	0.0	0.10236664861440659	0.16218812763690948	0.25499945878982544	0.22509241104125977	0.0	-2.86102294921875e-06	0.0
s2_sv	4	delta	2	wrong	63,5	0.0	0	117	0.0	0.0	0.0	0.0	0.10236664861440659	0.16218812763690948	0.25499945878982544	0.22509241104125977	0.0	-0.0002827197313308716	0.0
s2_sv	4	delta	2	wrong	31,59	0.0	0	117	0.0	0.0	0.0	0.0	0.10236664861440659	0.16218812763690948	0.25499945878982544	0.22509241104125977	0.0	-3.1441450119018555e-06	0.0
s2_sv	4	delta	2	wrong	38,12	0.0	0	117	0.0	0.0	0.0	0.0	0.10236664861440659	0.16218812763690948	0.25499945878982544	0.22509241104125977	0.0	-2.9802322387695312e-08	0.0
s2_sv	4	delta	2	wrong	23,38	0.0	0	117	0.0	0.0	0.0	0.0	0.10236664861440659	0.16218812763690948	0.25499945878982544	0.22509241104125977	0.0	-0.0002565532922744751	0.0
s2_sv	4	delta	2	wrong	30,37	0.0	0	117	0.0	0.0	0.0	0.0	0.10236664861440659	0.16218812763690948	0.25499945878982544	0.22509241104125977	0.0	-3.948807716369629e-06	0.0
s2_sv	4	delta	2	wrong	42,40	0.0	0	117	0.0	0.0	0.0	0.0	0.10236664861440659	0.16218812763690948	0.25499945878982544	0.22509241104125977	0.0	-2.238154411315918e-05	0.0
s2_sv	4	delta	2	wrong	42,62	0.0	0	117	0.0	0.0	0.0	0.0	0.10236664861440659	0.16218812763690948	0.25499945878982544	0.22509241104125977	0.0	-3.343820571899414e-05	0.0
s2_sv	4	single	-1	true	0,18	0.30859375	-1	1					0.24907523393630981	0.256445050239563	0.11226168274879456	0.2498978227376938	-0.5338911414146423	0.0	0.0
s2_sv	4	single	-1	true	1,18	0.30859375	-1	1					0.3420415222644806	0.35529983043670654	0.12904183566570282	0.2613632082939148	-0.10307775437831879	0.0	0.0
s2_sv	4	single	-1	true	1,21	0.30859375	-1	1					0.14296603202819824	0.14847183227539062	0.1431712508201599	0.22075794637203217	0.5766944289207458	0.0	0.0
s2_sv	4	single	-1	true	1,23	0.30859375	-1	1					0.12372812628746033	0.15750393271446228	0.15680819749832153	0.21580982208251953	0.6168513894081116	0.0	0.0
s2_sv	4	single	-1	true	3,17	0.30859375	-1	1					0.053944602608680725	0.09326902031898499	0.19640666246414185	0.17880913615226746	0.7294009923934937	0.0	0.0
s2_sv	4	single	-1	true	6,18	0.30859375	-1	1					0.3181820511817932	0.3326835334300995	0.10726625472307205	0.21909375488758087	-0.6060741543769836	0.0	0.0
s2_sv	4	single	-1	true	6,19	0.30859375	-1	1					0.17003822326660156	0.21520400047302246	0.10801312327384949	0.23477479815483093	-0.587492048740387	0.0	0.0
s2_sv	4	single	-1	true	7,16	0.30859375	-1	1					0.016135334968566895	0.038863759487867355	0.1462668776512146	0.16666030883789062	0.32040250301361084	0.0	0.0
s2_sv	4	single	-1	true	59,37	0.30859375	-1	1					0.1290489286184311	0.14732660353183746	0.12686429917812347	0.20437395572662354	-0.1725875437259674	0.0	0.0
s2_sv	4	single	-1	true	60,37	0.48046875	-1	1					0.4035044312477112	0.34320276975631714	0.20662730932235718	0.2546709179878235	0.7817936539649963	0.0	0.0
s2_sv	4	single	-1	true	62,35	0.82421875	-1	1					0.01040419191122055	0.03351634740829468	0.1229117140173912	0.14591088891029358	0.1680363416671753	0.0	0.0
s2_sv	4	single	-1	true	63,34	0.82421875	-1	1					0.05530603229999542	0.11405910551548004	0.11108210682868958	0.148065984249115	0.06778984516859055	0.0	0.0
s2_sv	4	single	-1	true	1,24	0.09375	-1	1					0.04134177044034004	0.05974724888801575	0.16739046573638916	0.2593936324119568	0.335646390914917	0.0	0.0
s2_sv	4	single	-1	true	1,26	0.09375	-1	1					0.006782392039895058	0.019517481327056885	0.15931691229343414	0.2615746855735779	0.25782346725463867	0.0	0.0
s2_sv	4	single	-1	true	2,25	0.09375	-1	1					0.13445797562599182	0.12892475724220276	0.1443411409854889	0.16780295968055725	0.44577792286872864	0.0	0.0
s2_sv	4	single	-1	true	3,26	0.09375	-1	1					0.028277728706598282	0.062335457652807236	0.16433948278427124	0.21793338656425476	0.5760568976402283	0.0	0.0
s2_sv	4	single	-1	true	4,30	0.09375	-1	1					0.0032936171628534794	0.009044039063155651	0.08391875773668289	0.15427710115909576	-0.3204330801963806	0.0	0.0
s2_sv	4	single	-1	true	6,26	0.09375	-1	1					0.026374850422143936	0.046688541769981384	0.15393443405628204	0.2133704423904419	-0.2451728880405426	0.0	0.0
s2_sv	4	single	-1	true	7,24	0.09375	-1	1					0.00622748164460063	0.017777863889932632	0.13648925721645355	0.22859275341033936	0.2634633779525757	0.0	0.0
s2_sv	4	single	-1	true	7,28	0.09375	-1	1					0.04653499275445938	0.07291428744792938	0.11804591119289398	0.1663041114807129	-0.15079188346862793	0.0	0.0
s2_sv	4	single	-1	true	40,27	0.07421875	-1	1					0.15633413195610046	0.14880841970443726	0.1580178290605545	0.1624659150838852	-0.058016132563352585	0.0	0.0
s2_sv	4	single	-1	true	40,30	0.07421875	-1	1					0.1511007845401764	0.1066206842660904	0.13593271374702454	0.14078207314014435	-0.6522130966186523	0.0	0.0
s2_sv	4	single	-1	true	42,27	0.07421875	-1	1					0.18258711695671082	0.18544292449951172	0.19720879197120667	0.20544159412384033	-0.00957587081938982	0.0	0.0
s2_sv	4	single	-1	true	43,31	0.07421875	-1	1					0.005054200533777475	0.013369925320148468	0.12957321107387543	0.17242178320884705	-0.1535680890083313	0.0	0.0
s2_sv	4	single	-1	true	44,25	0.07421875	-1	1					0.03210993856191635	0.03626970201730728	0.13590742647647858	0.20420658588409424	0.517727792263031	0.0	0.0
s2_sv	4	single	-1	true	45,26	0.07421875	-1	1					0.06559288501739502	0.0940164178609848	0.13330623507499695	0.21918001770973206	0.5334905385971069	0.0	0.0
s2_sv	4	single	-1	true	46,25	0.07421875	-1	1					0.0102170929312706	0.03227192908525467	0.08909738808870316	0.1272425651550293	0.09280944615602493	0.0	0.0
s2_sv	4	single	-1	true	46,29	0.07421875	-1	1					0.0019809245131909847	0.009718610905110836	0.09263511747121811	0.13442620635032654	-0.5255752801895142	0.0	0.0
s2_sv	4	single	-1	true	47,24	0.07421875	-1	1					0.023673102259635925	0.05183183401823044	0.09232331067323685	0.1387014389038086	0.18639513850212097	0.0	0.0
s2_sv	4	single	-1	true	48,56	0.0625	-1	1					0.007603110745549202	0.017850302159786224	0.11939001083374023	0.13491755723953247	0.4781345725059509	0.0	0.0
s2_sv	4	single	-1	true	48,62	0.0625	-1	1					0.004259566776454449	0.01813121698796749	0.14276540279388428	0.21890008449554443	0.41712334752082825	0.0	0.0
s2_sv	4	single	-1	true	49,61	0.0625	-1	1					0.05553721636533737	0.069695845246315	0.13840317726135254	0.11308270692825317	0.1247335821390152	0.0	0.0
s2_sv	4	single	-1	true	50,60	0.0625	-1	1					0.015306258574128151	0.036531802266836166	0.16740980744361877	0.23693345487117767	0.9979591965675354	0.0	0.0
s2_sv	4	single	-1	true	50,62	0.0625	-1	1					0.005526440218091011	0.021171899512410164	0.1473938673734665	0.25422146916389465	0.4655635952949524	0.0	0.0
s2_sv	4	single	-1	true	51,56	0.0625	-1	1					0.08606220781803131	0.09307117760181427	0.15919402241706848	0.1263531595468521	0.11266469210386276	0.0	0.0
s2_sv	4	single	-1	true	51,57	0.0625	-1	1					0.07209651172161102	0.0925225168466568	0.11409806460142136	0.1600721776485443	-0.3108653426170349	0.0	0.0
s2_sv	4	single	-1	true	52,60	0.0625	-1	1					0.09455397725105286	0.12859845161437988	0.22913499176502228	0.22394868731498718	0.4976631999015808	0.0	0.0
s2_sv	4	single	-1	true	53,58	0.0625	-1	1					0.06012801080942154	0.09096577763557434	0.1938782036304474	0.13997289538383484	0.3827330470085144	0.0	0.0
s2_sv	4	single	-1	true	54,60	0.0625	-1	1					0.030726401135325432	0.05354170873761177	0.18302345275878906	0.19513997435569763	0.47996097803115845	0.0	0.0
s2_sv	4	single	-1	true	54,63	0.0625	-1	1					0.0020604622550308704	0.009818797931075096	0.10791295766830444	0.15990369021892548	-0.46330970525741577	0.0	0.0
s2_sv	4	single	-1	true	17,49	0.0625	-1	1					0.005565288942307234	0.011026114225387573	0.11821771413087845	0.20826956629753113	-0.19224819540977478	0.0	0.0
s2_sv	4	single	-1	true	18,50	0.0625	-1	1					0.01110829133540392	0.02825826406478882	0.08360464870929718	0.12528708577156067	-0.07963372766971588	0.0	0.0
s2_sv	4	single	-1	true	18,51	0.0625	-1	1					0.020987123250961304	0.031248711049556732	0.08784881234169006	0.09173157811164856	-0.5562722682952881	0.0	0.0
s2_sv	4	single	-1	true	19,48	0.0625	-1	1					0.003259431105107069	0.011989429593086243	0.0815836489200592	0.17035843431949615	0.04783704876899719	0.0	0.0
s2_sv	4	single	-1	true	20,51	0.0625	-1	1					0.044841594994068146	0.055386319756507874	0.12576934695243835	0.16317814588546753	-0.4726106524467468	0.0	0.0
s2_sv	4	single	-1	true	24,42	0.38671875	-1	1					0.36833781003952026	0.3537379503250122	0.22557125985622406	0.20241788029670715	-0.049754031002521515	0.0	0.0
s2_sv	4	single	-1	true	26,44	0.38671875	-1	1					0.10432014614343643	0.15012583136558533	0.2141335904598236	0.2129100263118744	0.3815062344074249	0.0	0.0
s2_sv	4	single	-1	true	26,47	0.38671875	-1	1					0.3247447609901428	0.433509886264801	0.16740640997886658	0.1824743002653122	0.0718221589922905	0.0	0.0
s2_sv	4	single	-1	true	27,45	0.38671875	-1	1					0.16278550028800964	0.20975321531295776	0.17425689101219177	0.1491500288248062	0.9205148220062256	0.0	0.0
s2_sv	4	single	-1	true	29,41	0.38671875	-1	1					0.2974737882614136	0.26380836963653564	0.1716950535774231	0.24513445794582367	0.017452597618103027	0.0	0.0
s2_sv	4	single	-1	true	33,59	0.38671875	-1	1					0.023578861728310585	0.05632208660244942	0.1625477820634842	0.19475862383842468	0.17034634947776794	0.0	0.0
s2_sv	4	single	-1	true	35,57	0.38671875	-1	1					0.09871302545070648	0.15648525953292847	0.08939249068498611	0.12145717442035675	-0.29472893476486206	0.0	0.0
s2_sv	4	single	-1	true	35,58	0.38671875	-1	1					0.007930010557174683	0.027740975841879845	0.11482875794172287	0.0942997932434082	0.16895803809165955	0.0	0.0
s2_sv	4	single	-1	true	36,59	0.38671875	-1	1					0.21337509155273438	0.2057323455810547	0.19529962539672852	0.14718294143676758	-0.16513116657733917	0.0	0.0
s2_sv	4	single	-1	true	38,57	0.38671875	-1	1					0.615123987197876	0.5622046589851379	0.16607213020324707	0.18128307163715363	-0.10488086938858032	0.0	0.0
s2_sv	4	single	-1	true	36,49	0.05078125	-1	1					0.12054244428873062	0.10797208547592163	0.15173950791358948	0.12874940037727356	-0.3467458486557007	0.0	0.0
s2_sv	4	single	-1	true	37,48	0.05078125	-1	1					0.17274516820907593	0.16504906117916107	0.14424186944961548	0.2324123978614807	0.17954054474830627	0.0	0.0
s2_sv	4	single	-1	true	38,50	0.05078125	-1	1					0.14166316390037537	0.15218329429626465	0.14496611058712006	0.20243743062019348	0.15247705578804016	0.0	0.0
s2_sv	4	single	-1	true	38,55	0.05078125	-1	1					0.07374634593725204	0.08377109467983246	0.11503788828849792	0.15143641829490662	-0.07917699217796326	0.0	0.0
s2_sv	4	single	-1	true	32,47	0.05078125	-1	1					0.17972370982170105	0.2353668510913849	0.2042754590511322	0.25443583726882935	0.8311237692832947	0.0	0.0
s2_sv	4	single	-1	true	36,41	0.05078125	-1	1					0.165824756026268	0.14798429608345032	0.1936761736869812	0.17443665862083435	0.11172579228878021	0.0	0.0
s2_sv	4	single	-1	true	39,40	0.05078125	-1	1					0.0924777090549469	0.09986396133899689	0.18502214550971985	0.30452632904052734	0.139266699552536	0.0	0.0
s2_sv	4	single	-1	true	1,58	0.01953125	-1	1					0.0333394929766655	0.06150572746992111	0.21737869083881378	0.18884415924549103	0.6214010119438171	0.0	0.0
s2_sv	4	single	-1	true	2,56	0.01953125	-1	1					0.12362354248762131	0.13765425980091095	0.156251922249794	0.141355961561203	0.4686640799045563	0.0	0.0
s2_sv	4	single	-1	true	2,60	0.01953125	-1	1					0.06292976438999176	0.10502877086400986	0.19672273099422455	0.20300349593162537	0.9400483965873718	0.0	0.0
s2_sv	4	single	-1	true	3,62	0.01953125	-1	1					0.05427578091621399	0.12544876337051392	0.21466252207756042	0.23585674166679382	0.838466227054596	0.0	0.0
s2_sv	4	single	-1	true	4,61	0.01953125	-1	1					0.0026683055330067873	0.011516318656504154	0.11036300659179688	0.17022009193897247	0.4349820911884308	0.0	0.0
s2_sv	4	single	-1	true	6,61	0.01953125	-1	1					0.009946753270924091	0.024859674274921417	0.1395869255065918	0.16041284799575806	0.13875679671764374	0.0	0.0
s2_sv	4	single	-1	true	7,61	0.01953125	-1	1					0.005720056127756834	0.01765729859471321	0.1903570294380188	0.1708005666732788	0.5695701837539673	0.0	0.0
s2_sv	4	single	-1	true	7,63	0.01953125	-1	1					0.002285800874233246	0.010744965635240078	0.15220171213150024	0.18023544549942017	0.03717461973428726	0.0	0.0
s2_sv	4	single	-1	true	0,26	0.09375	-1	1					0.00904553011059761	0.01996743679046631	0.1771146059036255	0.25110599398612976	-0.1729898899793625	0.0	0.0
s2_sv	4	single	-1	true	1,29	0.09375	-1	1					0.02138139307498932	0.03547056019306183	0.14694687724113464	0.21937935054302216	-0.06002683937549591	0.0	0.0
s2_sv	4	single	-1	true	2,31	0.09375	-1	1					0.07675499469041824	0.09175184369087219	0.12442745268344879	0.15206719934940338	-0.20765990018844604	0.0	0.0
s2_sv	4	single	-1	true	4,26	0.09375	-1	1					0.003048577578738332	0.010582413524389267	0.13025407493114471	0.23318687081336975	0.05105241388082504	0.0	0.0
s2_sv	4	single	-1	true	7,30	0.09375	-1	1					0.015750965103507042	0.028457093983888626	0.12780578434467316	0.16403575241565704	-0.1858450174331665	0.0	0.0
s2_sv	4	single	-1	true	7,31	0.09375	-1	1					0.0051895854994654655	0.01230676844716072	0.1361927092075348	0.17983847856521606	-0.1672629714012146	0.0	0.0
s2_sv	4	single	-1	true	33,38	0.48046875	-1	1					0.07541617006063461	0.1158636212348938	0.14224685728549957	0.18226008117198944	0.29224690794944763	0.0	0.0
s2_sv	4	single	-1	true	34,33	0.82421875	-1	1					0.017525212839245796	0.043621912598609924	0.14798521995544434	0.13788864016532898	0.7004318237304688	0.0	0.0
s2_sv	4	single	-1	true	36,32	0.515625	-1	1					0.3297077417373657	0.30036258697509766	0.2518739700317383	0.17443573474884033	0.689626157283783	0.0	0.0
s2_sv	4	single	-1	true	38,38	0.171875	-1	1					0.1682049036026001	0.18220588564872742	0.1913757026195526	0.18086309731006622	0.05717667192220688	0.0	0.0
s2_sv	4	single	-1	true	49,42	0.171875	-1	1					0.18618589639663696	0.19121716916561127	0.16251909732818604	0.1764937788248062	-0.2426287829875946	0.0	0.0
s2_sv	4	single	-1	true	50,42	0.171875	-1	1					0.006593210622668266	0.020855825394392014	0.1885797679424286	0.2702399492263794	0.21972161531448364	0.0	0.0
s2_sv	4	single	-1	true	52,40	0.171875	-1	1					0.33940327167510986	0.29969242215156555	0.19680052995681763	0.2404349148273468	-0.20275142788887024	0.0	0.0
s2_sv	4	single	-1	true	52,42	0.171875	-1	1					0.21815179288387299	0.22604598104953766	0.21805047988891602	0.24828225374221802	-0.28057432174682617	0.0	0.0
s2_sv	4	single	-1	true	0,27	0.09375	-1	1					0.0448283925652504	0.051327772438526154	0.15004438161849976	0.20630872249603271	0.04972156882286072	0.0	0.0
s2_sv	4	single	-1	true	1,25	0.09375	-1	1					0.09735618531703949	0.09897817671298981	0.15472885966300964	0.21480758488178253	0.558357834815979	0.0	0.0
s2_sv	4	single	-1	true	1,31	0.09375	-1	1					0.022631356492638588	0.035854220390319824	0.15688930451869965	0.20157475769519806	-0.09507997334003448	0.0	0.0
s2_sv	4	single	-1	true	3,28	0.09375	-1	1					0.13168103992938995	0.16785457730293274	0.1274893879890442	0.15699993073940277	0.23962454497814178	0.0	0.0
s2_sv	4	single	-1	true	6,31	0.09375	-1	1					0.015654023736715317	0.026955388486385345	0.1149742528796196	0.16227465867996216	-0.598076343536377	0.0	0.0
s2_sv	4	single	-1	true	8,38	0.0	-1	1					0.019292276352643967	0.03949114680290222	0.10626521706581116	0.1595829427242279	0.21666209399700165	0.0	0.0
s2_sv	4	single	-1	true	9,37	0.0	-1	1					0.10010750591754913	0.10172241926193237	0.10996508598327637	0.12415647506713867	-0.21882298588752747	0.0	0.0
s2_sv	4	single	-1	true	11,32	0.0625	-1	1					0.08339481055736542	0.10985273867845535	0.1876903474330902	0.18916085362434387	0.5840489864349365	0.0	0.0
s2_sv	4	single	-1	true	12,34	0.0	-1	1					0.16315573453903198	0.18297915160655975	0.16754963994026184	0.2474062591791153	0.05868140235543251	0.0	0.0
s2_sv	4	single	-1	true	12,37	0.0	-1	1					0.18075035512447357	0.1516365110874176	0.1270817518234253	0.18721452355384827	-0.1633547842502594	0.0	0.0
s2_sv	4	single	-1	true	12,39	0.0	-1	1					0.09484019875526428	0.10409840196371078	0.16334481537342072	0.20493397116661072	-0.12319781631231308	0.0	0.0
s2_sv	4	single	-1	true	14,37	0.0	-1	1					0.0564597025513649	0.0646706074476242	0.12577155232429504	0.1655949056148529	-0.18105700612068176	0.0	0.0
s2_sv	4	single	-1	wrong	14,5	0.0	-1	1					0.010360505431890488	0.02388002723455429	0.16990908980369568	0.20540976524353027	0.33675241470336914	0.0	0.0
s2_sv	4	single	-1	wrong	24,35	0.0	-1	1					0.025943025946617126	0.05626685544848442	0.13552020490169525	0.14111989736557007	-0.21478718519210815	0.0	0.0
s2_sv	4	single	-1	wrong	53,17	0.0	-1	1					0.03642319142818451	0.06285057961940765	0.16645026206970215	0.15259140729904175	0.17249959707260132	0.0	0.0
s2_sv	4	single	-1	wrong	2,47	0.0	-1	1					0.08026391267776489	0.15443608164787292	0.12873832881450653	0.1722809374332428	0.23494678735733032	0.0	0.0
s2_sv	4	single	-1	wrong	53,20	0.0	-1	1					0.24467621743679047	0.24077850580215454	0.10804301500320435	0.18836024403572083	0.11531500518321991	0.0	0.0
s2_sv	4	single	-1	wrong	1,11	0.0	-1	1					0.02451818622648716	0.03855055570602417	0.13653913140296936	0.19485650956630707	-0.06156659871339798	0.0	0.0
s2_sv	4	single	-1	wrong	12,42	0.0	-1	1					0.18109667301177979	0.1732872724533081	0.2234322428703308	0.2483842372894287	-0.18716061115264893	0.0	0.0
s2_sv	4	single	-1	wrong	63,12	0.0	-1	1					0.0008423129911534488	0.007027681916952133	0.09016702324151993	0.13359478116035461	-1.0406160354614258	0.0	0.0
s2_sv	4	single	-1	wrong	35,29	0.0	-1	1					0.0025152328889817	0.012578131631016731	0.07848194241523743	0.1168363094329834	-0.5124697685241699	0.0	0.0
s2_sv	4	single	-1	wrong	40,44	0.0	-1	1					0.12552475929260254	0.15748175978660583	0.20163288712501526	0.20172123610973358	0.11865972727537155	0.0	0.0
s2_sv	4	single	-1	wrong	50,30	0.0	-1	1					0.004264252260327339	0.010687348432838917	0.08896937966346741	0.161947101354599	-0.16833119094371796	0.0	0.0
s2_sv	4	single	-1	wrong	30,15	0.0	-1	1					0.01442934200167656	0.023534011095762253	0.12121514976024628	0.16081468760967255	-1.0920653343200684	0.0	0.0
s2_sv	4	single	-1	wrong	11,22	0.171875	-1	1					0.03088398650288582	0.05438290536403656	0.1640033721923828	0.1882275640964508	-0.07443937659263611	0.0	0.0
s2_sv	4	single	-1	wrong	25,30	0.0	-1	1					0.03790442273020744	0.04707394540309906	0.10632368922233582	0.09775999933481216	-0.12150967121124268	0.0	0.0
s2_sv	4	single	-1	wrong	59,0	0.0	-1	1					0.002616172656416893	0.009780042804777622	0.13365045189857483	0.2137908637523651	-1.1718332767486572	0.0	0.0
s2_sv	4	single	-1	wrong	45,5	0.0	-1	1					0.048484236001968384	0.07950904220342636	0.23303192853927612	0.22194689512252808	1.0916731357574463	0.0	0.0
s2_sv	4	single	-1	wrong	62,18	0.0	-1	1					0.3710044026374817	0.423708438873291	0.10202807188034058	0.17779703438282013	-0.04439906030893326	0.0	0.0
s2_sv	4	single	-1	wrong	7,50	0.0	-1	1					0.0029828352853655815	0.010849753394722939	0.14050331711769104	0.20558574795722961	0.34288889169692993	0.0	0.0
s2_sv	4	single	-1	wrong	17,3	0.0	-1	1					0.00032467968412674963	0.0026370759587734938	0.1214192807674408	0.2728070020675659	0.5483505725860596	0.0	0.0
s2_sv	4	single	-1	wrong	28,4	0.0	-1	1					0.09774979948997498	0.11664295196533203	0.13686029613018036	0.20278611779212952	-0.6702673435211182	0.0	0.0
s2_sv	4	single	-1	wrong	19,21	0.0	-1	1					0.0293258149176836	0.04004737734794617	0.06958237290382385	0.1402221918106079	0.13163666427135468	0.0	0.0
s2_sv	4	single	-1	wrong	8,55	0.0	-1	1					0.004025147296488285	0.00891263596713543	0.06122276186943054	0.1375269740819931	0.08030842989683151	0.0	0.0
s2_sv	4	single	-1	wrong	1,6	0.0	-1	1					0.0009051804663613439	0.005541784223169088	0.1893913745880127	0.2748379409313202	-1.1840977668762207	0.0	0.0
s2_sv	4	single	-1	wrong	58,49	0.0	-1	1					0.008624052628874779	0.013145625591278076	0.14827102422714233	0.20940276980400085	-0.013665536418557167	0.0	0.0
s2_sv	4	single	-1	wrong	16,21	0.0	-1	1					0.023038184270262718	0.031373463571071625	0.10442490875720978	0.15168169140815735	0.3185420632362366	0.0	0.0
s2_sv	4	single	-1	wrong	39,2	0.0	-1	1					0.05560431629419327	0.07674718648195267	0.15093858540058136	0.3081260621547699	-0.4354420304298401	0.0	0.0
s2_sv	4	single	-1	wrong	50,1	0.0	-1	1					0.0023974678479135036	0.012372434139251709	0.08583645522594452	0.21268028020858765	0.2236318588256836	0.0	0.0
s2_sv	4	single	-1	wrong	14,25	0.0	-1	1					0.08549367636442184	0.07706849277019501	0.11242277175188065	0.17253507673740387	0.0791042149066925	0.0	0.0
s2_sv	4	single	-1	wrong	21,33	0.0	-1	1					0.20821478962898254	0.22370034456253052	0.19206583499908447	0.14115142822265625	0.5470062494277954	0.0	0.0
s2_sv	4	single	-1	wrong	46,51	0.0	-1	1					0.009817661717534065	0.03365514799952507	0.08470290899276733	0.11869246512651443	-0.527114987373352	0.0	0.0
s2_sv	4	single	-1	wrong	58,23	0.0	-1	1					0.03984704986214638	0.05284588038921356	0.18949675559997559	0.22334355115890503	0.5869295597076416	0.0	0.0
s2_sv	4	single	-1	wrong	10,17	0.0	-1	1					0.0007568945293314755	0.005507253110408783	0.12924139201641083	0.18849924206733704	0.3564983606338501	0.0	0.0
s2_sv	4	single	-1	wrong	32,0	0.0	-1	1					0.04007792845368385	0.05907321721315384	0.19836658239364624	0.2589176893234253	-0.21745210886001587	0.0	0.0
s2_sv	4	single	-1	wrong	37,27	0.0	-1	1					0.12305077910423279	0.10913827270269394	0.1290338635444641	0.18911191821098328	0.1671806275844574	0.0	0.0
s2_sv	4	single	-1	wrong	45,46	0.0	-1	1					0.0917467251420021	0.16487517952919006	0.1307390332221985	0.23858913779258728	0.4004823565483093	0.0	0.0
s2_sv	4	single	-1	wrong	23,32	0.0	-1	1					0.1933131068944931	0.22588256001472473	0.23729941248893738	0.2284439206123352	1.0582886934280396	0.0	0.0
s2_sv	4	single	-1	wrong	31,21	0.0	-1	1					0.16349901258945465	0.14469239115715027	0.10586199164390564	0.175589919090271	0.10171687602996826	0.0	0.0
s2_sv	4	single	-1	wrong	33,19	0.0	-1	1					0.013433324173092842	0.03223157674074173	0.11126445233821869	0.2463923692703247	-0.1120203360915184	0.0	0.0
s2_sv	4	single	-1	wrong	13,46	0.0	-1	1					0.01916172355413437	0.05279114842414856	0.12965145707130432	0.23857222497463226	-0.43442589044570923	0.0	0.0
s2_sv	4	single	-1	wrong	6,48	0.0	-1	1					0.006893027573823929	0.015594791620969772	0.12635701894760132	0.20866289734840393	-0.010101542808115482	0.0	0.0
s2_sv	4	single	-1	wrong	24,54	0.0	-1	1					0.10560107231140137	0.12613973021507263	0.12581133842468262	0.14915046095848083	-0.3634384274482727	0.0	0.0
s2_sv	4	single	-1	wrong	63,5	0.0	-1	1					0.009877389296889305	0.03609972819685936	0.11143748462200165	0.13583360612392426	0.36356306076049805	0.0	0.0
s2_sv	4	single	-1	wrong	31,59	0.0	-1	1					0.019259585067629814	0.031609028577804565	0.12542983889579773	0.18970152735710144	-0.2771065831184387	0.0	0.0
s2_sv	4	single	-1	wrong	38,12	0.0	-1	1					0.23013423383235931	0.212030827999115	0.16552592813968658	0.21854263544082642	-0.850767970085144	0.0	0.0
s2_sv	4	single	-1	wrong	23,38	0.0	-1	1					0.11926232278347015	0.15476390719413757	0.17360085248947144	0.18045631051063538	0.3254318833351135	0.0	0.0
s2_sv	4	single	-1	wrong	30,37	0.0	-1	1					0.06795983016490936	0.07442585378885269	0.13029791414737701	0.12948738038539886	-0.22642882168293	0.0	0.0
s2_sv	4	single	-1	wrong	42,40	0.0	-1	1					0.46255505084991455	0.41237586736679077	0.29201239347457886	0.2671923339366913	-0.13789710402488708	0.0	0.0
s2_sv	4	single	-1	wrong	42,62	0.0	-1	1					0.0772755965590477	0.1244497001171112	0.23250101506710052	0.2581344544887543	0.030121998861432076	0.0	0.0
s2_sv	4	single	-1	wrong	63,30	0.0	-1	1					0.007319984957575798	0.023578409105539322	0.06782322376966476	0.09487484395503998	-0.5661049485206604	0.0	0.0
s2_sv	4	single	-1	wrong	17,26	0.0	-1	1					0.0020748144015669823	0.008037550374865532	0.10932032018899918	0.2515496015548706	0.04931896552443504	0.0	0.0
s2_sv	4	single	-1	wrong	47,0	0.0	-1	1					0.0045769717544317245	0.017311299219727516	0.11133401095867157	0.12274934351444244	-0.8503003716468811	0.0	0.0
s2_sv	4	single	-1	wrong	4,4	0.0	-1	1					0.0010729774367064238	0.004763801582157612	0.1064424142241478	0.23540368676185608	-0.3701151907444	0.0	0.0
s2_sv	4	single	-1	wrong	22,13	0.0	-1	1					0.008592372760176659	0.022399984300136566	0.14706160128116608	0.28755807876586914	-0.8430235385894775	0.0	0.0
s2_sv	4	single	-1	wrong	3,51	0.0	-1	1					0.018723124638199806	0.0386330708861351	0.13953939080238342	0.1571052372455597	0.2566668391227722	0.0	0.0
s2_sv	4	single	-1	wrong	26,29	0.0	-1	1					0.07373156398534775	0.09475777298212051	0.1568222939968109	0.1793982982635498	-0.3357313871383667	0.0	0.0
s2_sv	4	single	-1	wrong	41,40	0.0	-1	1					0.01861938089132309	0.03418923541903496	0.20507237315177917	0.211300790309906	0.24528531730175018	0.0	0.0
s2_sv	4	single	-1	wrong	37,2	0.0	-1	1					0.0382092222571373	0.04902707040309906	0.1546909511089325	0.2500841021537781	-0.5358493328094482	0.0	0.0
s2_sv	4	single	-1	wrong	47,50	0.0	-1	1					0.012669983319938183	0.03855091333389282	0.08324950188398361	0.1266893446445465	0.2658206820487976	0.0	0.0
s2_sv	4	single	-1	wrong	19,16	0.0	-1	1					0.002397510688751936	0.009353982284665108	0.08295488357543945	0.11565548181533813	-0.05247226357460022	0.0	0.0
s2_sv	4	single	-1	wrong	31,2	0.0	-1	1					0.003912455402314663	0.012019732967019081	0.12237632274627686	0.23434172570705414	-0.6974725723266602	0.0	0.0
s2_sv	4	single	-1	wrong	10,49	0.0	-1	1					0.005050194915384054	0.012903999537229538	0.12303700298070908	0.18039260804653168	-0.03841286897659302	0.0	0.0
s2_sv	4	single	-1	wrong	48,31	0.0	-1	1					0.0028526706155389547	0.009458324871957302	0.0839274451136589	0.14871838688850403	-0.1981894075870514	0.0	0.0
s2_sv	4	single	-1	wrong	37,20	0.0	-1	1					0.025643935427069664	0.04265723377466202	0.15790137648582458	0.22659653425216675	0.04062869772315025	0.0	0.0
s2_sv	4	single	-1	wrong	2,8	0.0	-1	1					0.03376536816358566	0.05003398284316063	0.13158507645130157	0.19307062029838562	0.3803148865699768	0.0	0.0
s2_sv	4	single	-1	wrong	57,59	0.0	-1	1					0.0870811939239502	0.1258709579706192	0.12946653366088867	0.17240118980407715	-0.37332046031951904	0.0	0.0
s2_sv	4	single	-1	wrong	40,17	0.0	-1	1					0.03775408864021301	0.0640307143330574	0.1985453963279724	0.15769413113594055	-0.1273835152387619	0.0	0.0
s2_sv	4	single	-1	wrong	42,55	0.0	-1	1					0.1519390046596527	0.14140620827674866	0.1500966101884842	0.17828330397605896	-0.306692898273468	0.0	0.0
s2_sv	4	single	-1	wrong	10,0	0.0	-1	1					0.0010207407176494598	0.005503302905708551	0.11747631430625916	0.21083766222000122	-0.7557182908058167	0.0	0.0
s2_sv	4	single	-1	wrong	31,50	0.0	-1	1					0.009982002899050713	0.021435139700770378	0.115872323513031	0.20802345871925354	-0.059905651956796646	0.0	0.0
s2_sv	4	single	-1	wrong	47,60	0.0	-1	1					0.02247891202569008	0.05761232227087021	0.12046150863170624	0.13972468674182892	0.9033770561218262	0.0	0.0
s2_sv	4	single	-1	wrong	22,19	0.0	-1	1					0.016269013285636902	0.03161148726940155	0.13238537311553955	0.27707916498184204	-0.39513248205184937	0.0	0.0
s2_sv	4	single	-1	wrong	24,23	0.38671875	-1	1					0.30584362149238586	0.31675398349761963	0.15332622826099396	0.1363305151462555	0.29270654916763306	0.0	0.0
s2_sv	4	single	-1	wrong	50,6	0.0	-1	1					0.0003424636379349977	0.0030654144939035177	0.12945887446403503	0.2492775171995163	-1.2387670278549194	0.0	0.0
s2_sv	4	single	-1	wrong	22,47	0.0	-1	1					0.03937484323978424	0.07973477989435196	0.155069500207901	0.2197602093219757	0.0368899330496788	0.0	0.0
s2_sv	4	single	-1	wrong	57,46	0.0	-1	1					0.0013561195228248835	0.01158077735453844	0.10351137071847916	0.22369179129600525	-0.44637614488601685	0.0	0.0
s2_sv	4	single	-1	wrong	60,28	0.0	-1	1					0.12923957407474518	0.1398521363735199	0.1539316475391388	0.22059324383735657	0.4049881398677826	0.0	0.0
s2_sv	4	single	-1	wrong	58,41	0.0	-1	1					0.03751429542899132	0.04530167207121849	0.18260478973388672	0.2744443416595459	0.4448060989379883	0.0	0.0
s2_sv	4	single	-1	wrong	4,43	0.0	-1	1					0.0012130222748965025	0.006480144336819649	0.10451796650886536	0.22869831323623657	0.1901339590549469	0.0	0.0
s2_sv	4	single	-1	wrong	56,55	0.0	-1	1					0.012513631954789162	0.019456245005130768	0.0880696251988411	0.1612519919872284	0.05308873951435089	0.0	0.0
s2_sv	4	single	-1	wrong	52,27	0.0	-1	1					0.10297375917434692	0.11389882862567902	0.12690621614456177	0.1821732223033905	-0.0744301974773407	0.0	0.0
s2_sv	4	single	-1	wrong	53,13	0.0	-1	1					0.08590366691350937	0.11341328173875809	0.13085603713989258	0.20416727662086487	-0.7710546851158142	0.0	0.0
s2_sv	4	single	-1	wrong	48,12	0.0	-1	1					0.020758207887411118	0.041444387286901474	0.09339412301778793	0.19830018281936646	-0.6912825107574463	0.0	0.0
s2_sv	4	single	-1	wrong	16,22	0.0	-1	1					0.0031063915230333805	0.010499879717826843	0.10918791592121124	0.19681084156036377	0.13598757982254028	0.0	0.0
s2_sv	4	single	-1	wrong	15,28	0.0	-1	1					0.005525889806449413	0.0156063511967659	0.09924878925085068	0.14139589667320251	-0.6555522680282593	0.0	0.0
s2_sv	4	single	-1	wrong	20,7	0.0	-1	1					0.01449697744101286	0.03448095917701721	0.1903494894504547	0.22363388538360596	-0.6157916784286499	0.0	0.0
s2_sv	4	single	-1	wrong	46,13	0.0	-1	1					0.0010098053608089685	0.00842007715255022	0.10620000213384628	0.18204453587532043	-0.9979351162910461	0.0	0.0
s2_sv	4	single	-1	wrong	20,59	0.0	-1	1					0.012120693922042847	0.026535194367170334	0.16413260996341705	0.17984986305236816	-0.21317309141159058	0.0	0.0
s2_sv	4	single	-1	wrong	28,13	0.0	-1	1					0.17206697165966034	0.18565168976783752	0.1458468735218048	0.20929306745529175	-1.0393098592758179	0.0	0.0
s2_sv	4	single	-1	wrong	28,11	0.0	-1	1					0.18816103041172028	0.1830248236656189	0.14288948476314545	0.1337554007768631	-0.5684897899627686	0.0	0.0
s2_sv	4	single	-1	wrong	27,63	0.0	-1	1					0.04302835837006569	0.0881001353263855	0.16088765859603882	0.1491061896085739	0.14995022118091583	0.0	0.0
s2_sv	4	single	-1	wrong	38,7	0.0	-1	1					0.1793212890625	0.19849935173988342	0.21705695986747742	0.23100847005844116	-0.4673424959182739	0.0	0.0
s2_sv	4	single	-1	wrong	56,30	0.0	-1	1					0.012230712920427322	0.020359087735414505	0.1070447489619255	0.1574544906616211	-0.24399113655090332	0.0	0.0
s2_sv	4	single	-1	wrong	40,9	0.0	-1	1					0.24055545032024384	0.19793495535850525	0.17597901821136475	0.15906596183776855	-0.5222947597503662	0.0	0.0
s2_sv	4	single	-1	wrong	48,1	0.0	-1	1					0.0026182131841778755	0.012718599289655685	0.07524207979440689	0.1751669943332672	0.17519158124923706	0.0	0.0
s2_sv	4	single	-1	wrong	50,21	0.0	-1	1					0.0056883469223976135	0.015109427273273468	0.09333278238773346	0.19157332181930542	0.5220252275466919	0.0	0.0
s2_sv	4	single	-1	wrong	24,56	0.0	-1	1					0.08386223018169403	0.09378540515899658	0.17146944999694824	0.11337952315807343	0.2570992112159729	0.0	0.0
s2_sv	5	delta	0	true	54,468	0.0	0	66	0.0	0.0	0.0	0.0	0.7672141790390015	0.7109615206718445	0.46312806010246277	0.3126453459262848	0.0	-0.0040365904569625854	0.0
s2_sv	5	delta	0	true	57,495	0.0	0	66	0.0	0.0	0.0	0.0	0.7672141790390015	0.7109615206718445	0.46312806010246277	0.3126453459262848	0.0	-2.2351741790771484e-08	0.0
s2_sv	5	delta	0	true	782,851	0.0	0	66	0.0	0.0	0.0	0.0	0.7672141790390015	0.7109615206718445	0.46312806010246277	0.3126453459262848	0.0	-6.258487701416016e-07	0.0
s2_sv	5	delta	0	true	834,789	0.0	0	66	0.0	0.0	0.0	0.0	0.7672141790390015	0.7109615206718445	0.46312806010246277	0.3126453459262848	0.0	-3.725290298461914e-08	0.0
s2_sv	5	delta	0	true	278,82	0.0	0	66	0.0	0.0	0.0	0.0	0.7672141790390015	0.7109615206718445	0.46312806010246277	0.3126453459262848	0.0	-5.960464477539062e-07	0.0
s2_sv	5	delta	0	true	295,10	0.0	0	66	0.0	0.0	0.0	0.0	0.7672141790390015	0.7109615206718445	0.46312806010246277	0.3126453459262848	0.0	0.0	0.0
s2_sv	5	delta	0	true	297,40	0.0	0	66	0.0	0.0	0.0	0.0	0.7672141790390015	0.7109615206718445	0.46312806010246277	0.3126453459262848	0.0	-2.2351741790771484e-08	0.0
s2_sv	5	delta	0	true	336,39	0.0	0	66	0.0	0.0	0.0	0.0	0.7672141790390015	0.7109615206718445	0.46312806010246277	0.3126453459262848	0.0	0.0	0.0
s2_sv	5	delta	0	true	369,12	0.0	0	66	0.0	0.0	0.0	0.0	0.7672141790390015	0.7109615206718445	0.46312806010246277	0.3126453459262848	0.0	0.0	0.0
s2_sv	5	delta	0	true	371,43	0.0	0	66	0.0	0.0	0.0	0.0	0.7672141790390015	0.7109615206718445	0.46312806010246277	0.3126453459262848	0.0	0.0	0.0
s2_sv	5	delta	0	true	62,845	0.0	0	66	0.0	0.0	0.0	0.0	0.7672141790390015	0.7109615206718445	0.46312806010246277	0.3126453459262848	0.0	-1.6555190086364746e-05	0.0
s2_sv	5	delta	0	true	642,869	0.0	0	66	0.0	0.0	0.0	0.0	0.7672141790390015	0.7109615206718445	0.46312806010246277	0.3126453459262848	0.0	-2.8759241104125977e-06	0.0
s2_sv	5	delta	0	true	672,787	0.0	0	66	0.0	0.0	0.0	0.0	0.7672141790390015	0.7109615206718445	0.46312806010246277	0.3126453459262848	0.0	-5.438923835754395e-07	0.0
s2_sv	5	delta	0	true	715,808	0.0	0	66	0.0	0.0	0.0	0.0	0.7672141790390015	0.7109615206718445	0.46312806010246277	0.3126453459262848	0.0	-0.0004200860857963562	0.0
s2_sv	5	delta	0	true	732,803	0.0	0	66	0.0	0.0	0.0	0.0	0.7672141790390015	0.7109615206718445	0.46312806010246277	0.3126453459262848	0.0	-8.344650268554688e-07	0.0
s2_sv	5	delta	0	true	781,881	0.0	0	66	0.0	0.0	0.0	0.0	0.7672141790390015	0.7109615206718445	0.46312806010246277	0.3126453459262848	0.0	0.0	0.0
s2_sv	5	delta	0	true	828,883	0.0	0	66	0.0	0.0	0.0	0.0	0.7672141790390015	0.7109615206718445	0.46312806010246277	0.3126453459262848	0.0	0.0	0.0
s2_sv	5	delta	0	true	883,890	0.0	0	66	0.0	0.0	0.0	0.0	0.7672141790390015	0.7109615206718445	0.46312806010246277	0.3126453459262848	0.0	0.0	0.0
s2_sv	5	delta	0	true	145,5	0.0	0	66	0.0	0.0	0.0	0.0	0.7672141790390015	0.7109615206718445	0.46312806010246277	0.3126453459262848	0.0	-5.9820711612701416e-05	0.0
s2_sv	5	delta	0	true	171,79	0.0	0	66	0.0	0.0	0.0	0.0	0.7672141790390015	0.7109615206718445	0.46312806010246277	0.3126453459262848	0.0	-1.1920928955078125e-07	0.0
s2_sv	5	delta	0	true	178,54	0.0	0	66	0.0	0.0	0.0	0.0	0.7672141790390015	0.7109615206718445	0.46312806010246277	0.3126453459262848	0.0	-2.905726432800293e-07	0.0
s2_sv	5	delta	0	true	211,19	0.0	0	66	0.0	0.0	0.0	0.0	0.7672141790390015	0.7109615206718445	0.46312806010246277	0.3126453459262848	0.0	0.0	0.0
s2_sv	5	delta	0	true	251,122	0.0	0	66	0.0	0.0	0.0	0.0	0.7672141790390015	0.7109615206718445	0.46312806010246277	0.3126453459262848	0.0	-1.080334186553955e-06	0.0
s2_sv	5	delta	0	true	408,318	0.0	0	66	0.0	0.0	0.0	0.0	0.7672141790390015	0.7109615206718445	0.46312806010246277	0.3126453459262848	0.0	-3.129243850708008e-07	0.0
s2_sv	5	delta	0	true	429,349	0.0	0	66	0.0	0.0	0.0	0.0	0.7672141790390015	0.7109615206718445	0.46312806010246277	0.3126453459262848	0.0	0.0	0.0
s2_sv	5	delta	0	true	648,117	0.0	0	66	0.0	0.0	0.0	0.0	0.7672141790390015	0.7109615206718445	0.46312806010246277	0.3126453459262848	0.0	-8.940696716308594e-07	0.0
s2_sv	5	delta	0	true	729,70	0.0	0	66	0.0	0.0	0.0	0.0	0.7672141790390015	0.7109615206718445	0.46312806010246277	0.3126453459262848	0.0	-7.183104753494263e-05	0.0
s2_sv	5	delta	0	true	135,389	0.0	0	66	0.0	0.0	0.0	0.0	0.7672141790390015	0.7109615206718445	0.46312806010246277	0.3126453459262848	0.0	-5.319714546203613e-06	0.0
s2_sv	5	delta	0	true	189,509	0.0	0	66	0.0	0.0	0.0	0.0	0.7672141790390015	0.7109615206718445	0.46312806010246277	0.3126453459262848	0.0	-1.811981201171875e-05	0.0
s2_sv	5	delta	0	true	215,405	0.0	0	66	0.0	0.0	0.0	0.0	0.7672141790390015	0.7109615206718445	0.46312806010246277	0.3126453459262848	0.0	-2.682209014892578e-07	0.0
s2_sv	5	delta	0	true	216,405	0.0	0	66	0.0	0.0	0.0	0.0	0.7672141790390015	0.7109615206718445	0.46312806010246277	0.3126453459262848	0.0	-1.2040138244628906e-05	0.0
s2_sv	5	delta	0	true	220,462	0.0	0	66	0.0	0.0	0.0	0.0	0.7672141790390015	0.7109615206718445	0.46312806010246277	0.3126453459262848	0.0	-3.5390257835388184e-06	0.0
s2_sv	5	delta	0	true	276,497	0.0	0	66	0.0	0.0	0.0	0.0	0.7672141790390015	0.7109615206718445	0.46312806010246277	0.3126453459262848	0.0	-3.129243850708008e-07	0.0
s2_sv	5	delta	0	true	346,456	0.0	0	66	0.0	0.0	0.0	0.0	0.7672141790390015	0.7109615206718445	0.46312806010246277	0.3126453459262848	0.0	-2.2351741790771484e-07	0.0
s2_sv	5	delta	0	true	12,34	0.0	0	66	0.0	0.0	0.0	0.0	0.7672141790390015	0.7109615206718445	0.46312806010246277	0.3126453459262848	0.0	0.0	0.0
s2_sv	5	delta	0	true	17,29	0.0	0	66	0.0	0.0	0.0	0.0	0.7672141790390015	0.7109615206718445	0.46312806010246277	0.3126453459262848	0.0	-0.001842886209487915	0.0
s2_sv	5	delta	0	true	37,96	0.0	0	66	0.0	0.0	0.0	0.0	0.7672141790390015	0.7109615206718445	0.46312806010246277	0.3126453459262848	0.0	-0.1359502375125885	-0.1372813731431961
s2_sv	5	delta	0	true	87,6	0.0	0	66	0.0	0.0	0.0	0.0	0.7672141790390015	0.7109615206718445	0.46312806010246277	0.3126453459262848	0.0	0.0	0.0
s2_sv	5	delta	0	true	267,651	0.0	0	66	0.0	0.0	0.0	0.0	0.7672141790390015	0.7109615206718445	0.46312806010246277	0.3126453459262848	0.0	0.0	0.0
s2_sv	5	delta	0	true	282,695	0.0	0	66	0.0	0.0	0.0	0.0	0.7672141790390015	0.7109615206718445	0.46312806010246277	0.3126453459262848	0.0	0.0	0.0
s2_sv	5	delta	0	true	291,680	0.0	0	66	0.0	0.0	0.0	0.0	0.7672141790390015	0.7109615206718445	0.46312806010246277	0.3126453459262848	0.0	-2.2351741790771484e-08	0.0
s2_sv	5	delta	0	true	301,708	0.0	0	66	0.0	0.0	0.0	0.0	0.7672141790390015	0.7109615206718445	0.46312806010246277	0.3126453459262848	0.0	0.0	0.0
s2_sv	5	delta	0	true	319,765	0.0	0	66	0.0	0.0	0.0	0.0	0.7672141790390015	0.7109615206718445	0.46312806010246277	0.3126453459262848	0.0	0.0	0.0
s2_sv	5	delta	0	true	339,726	0.0	0	66	0.0	0.0	0.0	0.0	0.7672141790390015	0.7109615206718445	0.46312806010246277	0.3126453459262848	0.0	0.0	0.0
s2_sv	5	delta	0	true	378,684	0.0	0	66	0.0	0.0	0.0	0.0	0.7672141790390015	0.7109615206718445	0.46312806010246277	0.3126453459262848	0.0	-0.0007725432515144348	0.0
s2_sv	5	delta	0	true	379,656	0.0	0	66	0.0	0.0	0.0	0.0	0.7672141790390015	0.7109615206718445	0.46312806010246277	0.3126453459262848	0.0	-2.4586915969848633e-07	0.0
s2_sv	5	delta	0	true	129,600	0.0	0	66	0.0	0.0	0.0	0.0	0.7672141790390015	0.7109615206718445	0.46312806010246277	0.3126453459262848	0.0	-6.48200511932373e-07	0.0
s2_sv	5	delta	0	true	225,636	0.0	0	66	0.0	0.0	0.0	0.0	0.7672141790390015	0.7109615206718445	0.46312806010246277	0.3126453459262848	0.0	-1.230090856552124e-05	0.0
s2_sv	5	delta	0	wrong	235,350	0.0	0	66	0.0	0.0	0.0	0.0	0.7672141790390015	0.7109615206718445	0.46312806010246277	0.3126453459262848	0.0	-1.4901161193847656e-08	0.0
s2_sv	5	delta	0	wrong	325,630	0.0	0	66	0.0	0.0	0.0	0.0	0.7672141790390015	0.7109615206718445	0.46312806010246277	0.3126453459262848	0.0	0.0	0.0
s2_sv	5	delta	0	wrong	694,375	0.0	0	66	0.0	0.0	0.0	0.0	0.7672141790390015	0.7109615206718445	0.46312806010246277	0.3126453459262848	0.0	-3.725290298461914e-08	0.0
s2_sv	5	delta	0	wrong	935,1005	0.0	0	66	0.0	0.0	0.0	0.0	0.7672141790390015	0.7109615206718445	0.46312806010246277	0.3126453459262848	0.0	0.0	0.0
s2_sv	5	delta	0	wrong	748,1001	0.0	0	66	0.0	0.0	0.0	0.0	0.7672141790390015	0.7109615206718445	0.46312806010246277	0.3126453459262848	0.0	-1.6167759895324707e-06	0.0
s2_sv	5	delta	0	wrong	760,288	0.0	0	66	0.0	0.0	0.0	0.0	0.7672141790390015	0.7109615206718445	0.46312806010246277	0.3126453459262848	0.0	-1.3634562492370605e-06	0.0
s2_sv	5	delta	0	wrong	418,545	0.0	0	66	0.0	0.0	0.0	0.0	0.7672141790390015	0.7109615206718445	0.46312806010246277	0.3126453459262848	0.0	0.0	0.0
s2_sv	5	delta	0	wrong	439,701	0.0	0	66	0.0	0.0	0.0	0.0	0.7672141790390015	0.7109615206718445	0.46312806010246277	0.3126453459262848	0.0	-2.9802322387695312e-08	0.0
s2_sv	5	delta	0	wrong	917,250	0.0	0	66	0.0	0.0	0.0	0.0	0.7672141790390015	0.7109615206718445	0.46312806010246277	0.3126453459262848	0.0	-7.651746273040771e-06	0.0
s2_sv	5	delta	0	wrong	887,160	0.0	0	66	0.0	0.0	0.0	0.0	0.7672141790390015	0.7109615206718445	0.46312806010246277	0.3126453459262848	0.0	0.0	0.0
s2_sv	5	delta	0	wrong	387,481	0.0	0	66	0.0	0.0	0.0	0.0	0.7672141790390015	0.7109615206718445	0.46312806010246277	0.3126453459262848	0.0	0.0	0.0
s2_sv	5	delta	0	wrong	216,146	0.0	0	66	0.0	0.0	0.0	0.0	0.7672141790390015	0.7109615206718445	0.46312806010246277	0.3126453459262848	0.0	-2.4586915969848633e-07	0.0
s2_sv	5	delta	0	wrong	168,302	0.0	0	66	0.0	0.0	0.0	0.0	0.7672141790390015	0.7109615206718445	0.46312806010246277	0.3126453459262848	0.0	-9.417533874511719e-06	0.0
s2_sv	5	delta	0	wrong	534,932	0.0	0	66	0.0	0.0	0.0	0.0	0.7672141790390015	0.7109615206718445	0.46312806010246277	0.3126453459262848	0.0	0.0	0.0
s2_sv	5	delta	0	wrong	12,133	0.0	0	66	0.0	0.0	0.0	0.0	0.7672141790390015	0.7109615206718445	0.46312806010246277	0.3126453459262848	0.0	0.0	0.0
s2_sv	5	delta	0	wrong	813,181	0.0	0	66	0.0	0.0	0.0	0.0	0.7672141790390015	0.7109615206718445	0.46312806010246277	0.3126453459262848	0.0	0.0	0.0
s2_sv	5	delta	0	wrong	946,165	0.0	0	66	0.0	0.0	0.0	0.0	0.7672141790390015	0.7109615206718445	0.46312806010246277	0.3126453459262848	0.0	-3.725290298461914e-08	0.0
s2_sv	5	delta	0	wrong	600,283	0.0	0	66	0.0	0.0	0.0	0.0	0.7672141790390015	0.7109615206718445	0.46312806010246277	0.3126453459262848	0.0	0.0	0.0
s2_sv	5	delta	0	wrong	35,540	0.0	0	66	0.0	0.0	0.0	0.0	0.7672141790390015	0.7109615206718445	0.46312806010246277	0.3126453459262848	0.0	0.0	0.0
s2_sv	5	delta	0	wrong	275,521	0.0	0	66	0.0	0.0	0.0	0.0	0.7672141790390015	0.7109615206718445	0.46312806010246277	0.3126453459262848	0.0	0.0	0.0
s2_sv	5	delta	0	wrong	924,260	0.0	0	66	0.0	0.0	0.0	0.0	0.7672141790390015	0.7109615206718445	0.46312806010246277	0.3126453459262848	0.0	-0.010947242379188538	-0.002719879150390625
s2_sv	5	delta	0	wrong	530,831	0.0	0	66	0.0	0.0	0.0	0.0	0.7672141790390015	0.7109615206718445	0.46312806010246277	0.3126453459262848	0.0	-6.183981895446777e-07	0.0
s2_sv	5	delta	0	wrong	527,113	0.0	0	66	0.0	0.0	0.0	0.0	0.7672141790390015	0.7109615206718445	0.46312806010246277	0.3126453459262848	0.0	-1.1831521987915039e-05	0.0
s2_sv	5	delta	0	wrong	848,423	0.0	0	66	0.0	0.0	0.0	0.0	0.7672141790390015	0.7109615206718445	0.46312806010246277	0.3126453459262848	0.0	0.0	0.0
s2_sv	5	delta	0	wrong	1013,854	0.0	0	66	0.0	0.0	0.0	0.0	0.7672141790390015	0.7109615206718445	0.46312806010246277	0.3126453459262848	0.0	-5.960464477539063e-08	0.0
s2_sv	5	delta	0	wrong	630,0	0.0	0	66	0.0	0.0	0.0	0.0	0.7672141790390015	0.7109615206718445	0.46312806010246277	0.3126453459262848	0.0	0.0	0.0
s2_sv	5	delta	0	wrong	907,302	0.0	0	66	0.0	0.0	0.0	0.0	0.7672141790390015	0.7109615206718445	0.46312806010246277	0.3126453459262848	0.0	-1.449882984161377e-05	0.0
s2_sv	5	delta	0	wrong	141,242	0.0	0	66	0.0	0.0	0.0	0.0	0.7672141790390015	0.7109615206718445	0.46312806010246277	0.3126453459262848	0.0	-1.4901161193847656e-08	0.0
s2_sv	5	delta	0	wrong	517,182	0.0	0	66	0.0	0.0	0.0	0.0	0.7672141790390015	0.7109615206718445	0.46312806010246277	0.3126453459262848	0.0	-6.705522537231445e-08	0.0
s2_sv	5	delta	0	wrong	655,995	0.0	0	66	0.0	0.0	0.0	0.0	0.7672141790390015	0.7109615206718445	0.46312806010246277	0.3126453459262848	0.0	0.0	0.0
s2_sv	5	delta	0	wrong	912,666	0.0	0	66	0.0	0.0	0.0	0.0	0.7672141790390015	0.7109615206718445	0.46312806010246277	0.3126453459262848	0.0	-0.013420097529888153	-0.005462586879730225
s2_sv	5	delta	0	wrong	643,685	0.0	0	66	0.0	0.0	0.0	0.0	0.7672141790390015	0.7109615206718445	0.46312806010246277	0.3126453459262848	0.0	-2.6971101760864258e-05	0.0
s2_sv	5	delta	0	wrong	610,299	0.0	0	66	0.0	0.0	0.0	0.0	0.7672141790390015	0.7109615206718445	0.46312806010246277	0.3126453459262848	0.0	0.0	0.0
s2_sv	5	delta	0	wrong	424,462	0.0	0	66	0.0	0.0	0.0	0.0	0.7672141790390015	0.7109615206718445	0.46312806010246277	0.3126453459262848	0.0	-4.470348358154297e-08	0.0
s2_sv	5	delta	0	wrong	439,87	0.0	0	66	0.0	0.0	0.0	0.0	0.7672141790390015	0.7109615206718445	0.46312806010246277	0.3126453459262848	0.0	0.0	0.0
s2_sv	5	delta	0	wrong	558,87	0.0	0	66	0.0	0.0	0.0	0.0	0.7672141790390015	0.7109615206718445	0.46312806010246277	0.3126453459262848	0.0	-7.450580596923828e-09	0.0
s2_sv	5	delta	0	wrong	323,192	0.0	0	66	0.0	0.0	0.0	0.0	0.7672141790390015	0.7109615206718445	0.46312806010246277	0.3126453459262848	0.0	0.0	0.0
s2_sv	5	delta	0	wrong	1000,289	0.0	0	66	0.0	0.0	0.0	0.0	0.7672141790390015	0.7109615206718445	0.46312806010246277	0.3126453459262848	0.0	0.0	0.0
s2_sv	5	delta	0	wrong	139,195	0.0	0	66	0.0	0.0	0.0	0.0	0.7672141790390015	0.7109615206718445	0.46312806010246277	0.3126453459262848	0.0	-8.642673492431641e-07	0.0
s2_sv	5	delta	0	wrong	506,806	0.0	0	66	0.0	0.0	0.0	0.0	0.7672141790390015	0.7109615206718445	0.46312806010246277	0.3126453459262848	0.0	0.0	0.0
s2_sv	5	delta	0	wrong	991,977	0.0	0	66	0.0	0.0	0.0	0.0	0.7672141790390015	0.7109615206718445	0.46312806010246277	0.3126453459262848	0.0	-6.183981895446777e-07	0.0
s2_sv	5	delta	0	wrong	401,847	0.0	0	66	0.0	0.0	0.0	0.0	0.7672141790390015	0.7109615206718445	0.46312806010246277	0.3126453459262848	0.0	0.0	0.0
s2_sv	5	delta	0	wrong	802,416	0.0	0	66	0.0	0.0	0.0	0.0	0.7672141790390015	0.7109615206718445	0.46312806010246277	0.3126453459262848	0.0	0.0	0.0
s2_sv	5	delta	0	wrong	772,271	0.0	0	66	0.0	0.0	0.0	0.0	0.7672141790390015	0.7109615206718445	0.46312806010246277	0.3126453459262848	0.0	-5.960464477539063e-08	0.0
s2_sv	5	delta	0	wrong	839,328	0.0	0	66	0.0	0.0	0.0	0.0	0.7672141790390015	0.7109615206718445	0.46312806010246277	0.3126453459262848	0.0	-5.960464477539063e-08	0.0
s2_sv	5	delta	0	wrong	597,679	0.0	0	66	0.0	0.0	0.0	0.0	0.7672141790390015	0.7109615206718445	0.46312806010246277	0.3126453459262848	0.0	-4.239380359649658e-06	0.0
s2_sv	5	delta	0	wrong	330,1019	0.0	0	66	0.0	0.0	0.0	0.0	0.7672141790390015	0.7109615206718445	0.46312806010246277	0.3126453459262848	0.0	0.0	0.0
s2_sv	5	delta	0	wrong	1017,349	0.0	0	66	0.0	0.0	0.0	0.0	0.7672141790390015	0.7109615206718445	0.46312806010246277	0.3126453459262848	0.0	0.0	0.0
s2_sv	5	delta	1	true	15,451	0.0	0	66	0.0	0.0	0.0	0.0	0.09084199368953705	0.13238057494163513	0.31696709990501404	0.2818019390106201	0.0	-0.00953209400177002	0.0
s2_sv	5	delta	1	true	64,407	0.0	0	66	0.0	0.0	0.0	0.0	0.09084199368953705	0.13238057494163513	0.31696709990501404	0.2818019390106201	0.0	-2.4557113647460938e-05	0.0
s2_sv	5	delta	1	true	125,428	0.0	0	66	0.0	0.0	0.0	0.0	0.09084199368953705	0.13238057494163513	0.31696709990501404	0.2818019390106201	0.0	-6.556510925292969e-07	0.0
s2_sv	5	delta	1	true	769,834	0.0	0	66	0.0	0.0	0.0	0.0	0.09084199368953705	0.13238057494163513	0.31696709990501404	0.2818019390106201	0.0	-0.0006092190742492676	0.0
s2_sv	5	delta	1	true	792,834	0.0	0	66	0.0	0.0	0.0	0.0	0.09084199368953705	0.13238057494163513	0.31696709990501404	0.2818019390106201	0.0	-2.9802322387695312e-05	0.0
s2_sv	5	delta	1	true	803,835	0.0	0	66	0.0	0.0	0.0	0.0	0.09084199368953705	0.13238057494163513	0.31696709990501404	0.2818019390106201	0.0	-2.9802322387695312e-08	0.0
s2_sv	5	delta	1	true	804,839	0.0	0	66	0.0	0.0	0.0	0.0	0.09084199368953705	0.13238057494163513	0.31696709990501404	0.2818019390106201	0.0	-2.980232238769531e-07	0.0
s2_sv	5	delta	1	true	817,822	0.0	0	66	0.0	0.0	0.0	0.0	0.09084199368953705	0.13238057494163513	0.31696709990501404	0.2818019390106201	0.0	-1.7881393432617188e-07	0.0
s2_sv	5	delta	1	true	829,781	0.0	0	66	0.0	0.0	0.0	0.0	0.09084199368953705	0.13238057494163513	0.31696709990501404	0.2818019390106201	0.0	-1.6093254089355469e-06	0.0
s2_sv	5	delta	1	true	888,872	0.0	0	66	0.0	0.0	0.0	0.0	0.09084199368953705	0.13238057494163513	0.31696709990501404	0.2818019390106201	0.0	-1.7583370208740234e-06	0.0
s2_sv	5	delta	1	true	348,114	0.0	0	66	0.0	0.0	0.0	0.0	0.09084199368953705	0.13238057494163513	0.31696709990501404	0.2818019390106201	0.0	-4.240870475769043e-05	0.0
s2_sv	5	delta	1	true	381,50	0.0	0	66	0.0	0.0	0.0	0.0	0.09084199368953705	0.13238057494163513	0.31696709990501404	0.2818019390106201	0.0	-5.960464477539063e-08	0.0
s2_sv	5	delta	1	true	1,888	0.0	0	66	0.0	0.0	0.0	0.0	0.09084199368953705	0.13238057494163513	0.31696709990501404	0.2818019390106201	0.0	-1.0967254638671875e-05	0.0
s2_sv	5	delta	1	true	4,870	0.0	0	66	0.0	0.0	0.0	0.0	0.09084199368953705	0.13238057494163513	0.31696709990501404	0.2818019390106201	0.0	-1.7881393432617188e-07	0.0
s2_sv	5	delta	1	true	21,791	0.0	0	66	0.0	0.0	0.0	0.0	0.09084199368953705	0.13238057494163513	0.31696709990501404	0.2818019390106201	0.0	-0.0032158493995666504	0.0
s2_sv	5	delta	1	true	43,855	0.0	0	66	0.0	0.0	0.0	0.0	0.09084199368953705	0.13238057494163513	0.31696709990501404	0.2818019390106201	0.0	-5.424022674560547e-06	0.0
s2_sv	5	delta	1	true	105,770	0.0	0	66	0.0	0.0	0.0	0.0	0.09084199368953705	0.13238057494163513	0.31696709990501404	0.2818019390106201	0.0	-0.01082158088684082	0.0
s2_sv	5	delta	1	true	125,782	0.0	0	66	0.0	0.0	0.0	0.0	0.09084199368953705	0.13238057494163513	0.31696709990501404	0.2818019390106201	0.0	-1.2516975402832031e-06	0.0
s2_sv	5	delta	1	true	396,245	0.0	0	66	0.0	0.0	0.0	0.0	0.09084199368953705	0.13238057494163513	0.31696709990501404	0.2818019390106201	0.0	-2.384185791015625e-07	0.0
s2_sv	5	delta	1	true	652,815	0.0	0	66	0.0	0.0	0.0	0.0	0.09084199368953705	0.13238057494163513	0.31696709990501404	0.2818019390106201	0.0	-0.0001328885555267334	0.0
s2_sv	5	delta	1	true	655,880	0.0	0	66	0.0	0.0	0.0	0.0	0.09084199368953705	0.13238057494163513	0.31696709990501404	0.2818019390106201	0.0	-8.940696716308594e-08	0.0
s2_sv	5	delta	1	true	686,780	0.0	0	66	0.0	0.0	0.0	0.0	0.09084199368953705	0.13238057494163513	0.31696709990501404	0.2818019390106201	0.0	-2.473592758178711e-05	0.0
s2_sv	5	delta	1	true	727,791	0.0	0	66	0.0	0.0	0.0	0.0	0.09084199368953705	0.13238057494163513	0.31696709990501404	0.2818019390106201	0.0	-0.0004761219024658203	0.0
s2_sv	5	delta	1	true	767,841	0.0	0	66	0.0	0.0	0.0	0.0	0.09084199368953705	0.13238057494163513	0.31696709990501404	0.2818019390106201	0.0	-6.9141387939453125e-06	0.0
s2_sv	5	delta	1	true	863,829	0.0	0	66	0.0	0.0	0.0	0.0	0.09084199368953705	0.13238057494163513	0.31696709990501404	0.2818019390106201	0.0	-1.1920928955078125e-07	0.0
s2_sv	5	delta	1	true	879,823	0.0	0	66	0.0	0.0	0.0	0.0	0.09084199368953705	0.13238057494163513	0.31696709990501404	0.2818019390106201	0.0	-8.940696716308594e-08	0.0
s2_sv	5	delta	1	true	143,87	0.0	0	66	0.0	0.0	0.0	0.0	0.09084199368953705	0.13238057494163513	0.31696709990501404	0.2818019390106201	0.0	-1.3947486877441406e-05	0.0
s2_sv	5	delta	1	true	158,121	0.0	0	66	0.0	0.0	0.0	0.0	0.09084199368953705	0.13238057494163513	0.31696709990501404	0.2818019390106201	0.0	-0.00022584199905395508	0.0
s2_sv	5	delta	1	true	186,19	0.0	0	66	0.0	0.0	0.0	0.0	0.09084199368953705	0.13238057494163513	0.31696709990501404	0.2818019390106201	0.0	-9.149312973022461e-06	0.0
s2_sv	5	delta	1	true	217,106	0.0	0	66	0.0	0.0	0.0	0.0	0.09084199368953705	0.13238057494163513	0.31696709990501404	0.2818019390106201	0.0	-0.0005778074264526367	0.0
s2_sv	5	delta	1	true	401,275	0.0	0	66	0.0	0.0	0.0	0.0	0.09084199368953705	0.13238057494163513	0.31696709990501404	0.2818019390106201	0.0	-1.7881393432617188e-06	0.0
s2_sv	5	delta	1	true	710,77	0.0	0	66	0.0	0.0	0.0	0.0	0.09084199368953705	0.13238057494163513	0.31696709990501404	0.2818019390106201	0.0	-1.7881393432617188e-07	0.0
s2_sv	5	delta	1	true	718,49	0.0	0	66	0.0	0.0	0.0	0.0	0.09084199368953705	0.13238057494163513	0.31696709990501404	0.2818019390106201	0.0	-1.2218952178955078e-06	0.0
s2_sv	5	delta	1	true	734,29	0.0	0	66	0.0	0.0	0.0	0.0	0.09084199368953705	0.13238057494163513	0.31696709990501404	0.2818019390106201	0.0	-0.062066078186035156	-7.010996341705322e-05
s2_sv	5	delta	1	true	744,95	0.0	0	66	0.0	0.0	0.0	0.0	0.09084199368953705	0.13238057494163513	0.31696709990501404	0.2818019390106201	0.0	-6.377696990966797e-06	0.0
s2_sv	5	delta	1	true	243,453	0.0	0	66	0.0	0.0	0.0	0.0	0.09084199368953705	0.13238057494163513	0.31696709990501404	0.2818019390106201	0.0	-0.035281240940093994	0.0
s2_sv	5	delta	1	true	956,3	0.0	0	66	0.0	0.0	0.0	0.0	0.09084199368953705	0.13238057494163513	0.31696709990501404	0.2818019390106201	0.0	-6.854534149169922e-07	0.0
s2_sv	5	delta	1	true	958,32	0.0	0	66	0.0	0.0	0.0	0.0	0.09084199368953705	0.13238057494163513	0.31696709990501404	0.2818019390106201	0.0	-3.2514333724975586e-05	0.0
s2_sv	5	delta	1	true	1006,69	0.0	0	66	0.0	0.0	0.0	0.0	0.09084199368953705	0.13238057494163513	0.31696709990501404	0.2818019390106201	0.0	-5.066394805908203e-07	0.0
s2_sv	5	delta	1	true	78,81	0.0	0	66	0.0	0.0	0.0	0.0	0.09084199368953705	0.13238057494163513	0.31696709990501404	0.2818019390106201	0.0	-2.473592758178711e-06	0.0
s2_sv	5	delta	1	true	116,30	0.0	0	66	0.0	0.0	0.0	0.0	0.09084199368953705	0.13238057494163513	0.31696709990501404	0.2818019390106201	0.0	-0.003712564706802368	0.0
s2_sv	5	delta	1	true	121,87	0.0	0	66	0.0	0.0	0.0	0.0	0.09084199368953705	0.13238057494163513	0.31696709990501404	0.2818019390106201	0.0	-4.76837158203125e-06	0.0
s2_sv	5	delta	1	true	295,681	0.0	0	66	0.0	0.0	0.0	0.0	0.09084199368953705	0.13238057494163513	0.31696709990501404	0.2818019390106201	0.0	-2.9802322387695312e-08	0.0
s2_sv	5	delta	1	true	331,753	0.0	0	66	0.0	0.0	0.0	0.0	0.09084199368953705	0.13238057494163513	0.31696709990501404	0.2818019390106201	0.0	-1.1920928955078125e-06	0.0
s2_sv	5	delta	1	true	141,629	0.0	0	66	0.0	0.0	0.0	0.0	0.09084199368953705	0.13238057494163513	0.31696709990501404	0.2818019390106201	0.0	-0.0014524459838867188	0.0
s2_sv	5	delta	1	true	176,632	0.0	0	66	0.0	0.0	0.0	0.0	0.09084199368953705	0.13238057494163513	0.31696709990501404	0.2818019390106201	0.0	-0.00016415119171142578	0.0
s2_sv	5	delta	1	true	189,516	0.0	0	66	0.0	0.0	0.0	0.0	0.09084199368953705	0.13238057494163513	0.31696709990501404	0.2818019390106201	0.0	-0.0011326074600219727	0.0
s2_sv	5	delta	1	true	207,593	0.0	0	66	0.0	0.0	0.0	0.0	0.09084199368953705	0.13238057494163513	0.31696709990501404	0.2818019390106201	0.0	-2.1636486053466797e-05	0.0
s2_sv	5	delta	1	wrong	235,350	0.0	0	66	0.0	0.0	0.0	0.0	0.09084199368953705	0.13238057494163513	0.31696709990501404	0.2818019390106201	0.0	-2.1457672119140625e-06	0.0
s2_sv	5	delta	1	wrong	325,630	0.0	0	66	0.0	0.0	0.0	0.0	0.09084199368953705	0.13238057494163513	0.31696709990501404	0.2818019390106201	0.0	-2.980232238769531e-07	0.0
s2_sv	5	delta	1	wrong	694,375	0.0	0	66	0.0	0.0	0.0	0.0	0.09084199368953705	0.13238057494163513	0.31696709990501404	0.2818019390106201	0.0	-2.9206275939941406e-06	0.0
s2_sv	5	delta	1	wrong	935,1005	0.0	0	66	0.0	0.0	0.0	0.0	0.09084199368953705	0.13238057494163513	0.31696709990501404	0.2818019390106201	0.0	-2.682209014892578e-07	0.0
s2_sv	5	delta	1	wrong	748,1001	0.0	0	66	0.0	0.0	0.0	0.0	0.09084199368953705	0.13238057494163513	0.31696709990501404	0.2818019390106201	0.0	-6.258487701416016e-05	0.0
s2_sv	5	delta	1	wrong	760,288	0.0	0	66	0.0	0.0	0.0	0.0	0.09084199368953705	0.13238057494163513	0.31696709990501404	0.2818019390106201	0.0	-5.811452865600586e-05	0.0
s2_sv	5	delta	1	wrong	418,545	0.0	0	66	0.0	0.0	0.0	0.0	0.09084199368953705	0.13238057494163513	0.31696709990501404	0.2818019390106201	0.0	0.0	0.0
s2_sv	5	delta	1	wrong	439,701	0.0	0	66	0.0	0.0	0.0	0.0	0.09084199368953705	0.13238057494163513	0.31696709990501404	0.2818019390106201	0.0	-2.2351741790771484e-06	0.0
s2_sv	5	delta	1	wrong	917,250	0.0	0	66	0.0	0.0	0.0	0.0	0.09084199368953705	0.13238057494163513	0.31696709990501404	0.2818019390106201	0.0	-0.00029408931732177734	0.0
s2_sv	5	delta	1	wrong	887,160	0.0	0	66	0.0	0.0	0.0	0.0	0.09084199368953705	0.13238057494163513	0.31696709990501404	0.2818019390106201	0.0	-1.7881393432617188e-07	0.0
s2_sv	5	delta	1	wrong	387,481	0.0	0	66	0.0	0.0	0.0	0.0	0.09084199368953705	0.13238057494163513	0.31696709990501404	0.2818019390106201	0.0	-5.960464477539063e-08	0.0
s2_sv	5	delta	1	wrong	216,146	0.0	0	66	0.0	0.0	0.0	0.0	0.09084199368953705	0.13238057494163513	0.31696709990501404	0.2818019390106201	0.0	-1.1920928955078125e-05	0.0
s2_sv	5	delta	1	wrong	168,302	0.0	0	66	0.0	0.0	0.0	0.0	0.09084199368953705	0.13238057494163513	0.31696709990501404	0.2818019390106201	0.0	-0.00039264559745788574	0.0
s2_sv	5	delta	1	wrong	534,932	0.0	0	66	0.0	0.0	0.0	0.0	0.09084199368953705	0.13238057494163513	0.31696709990501404	0.2818019390106201	0.0	-7.748603820800781e-07	0.0
s2_sv	5	delta	1	wrong	12,133	0.0	0	66	0.0	0.0	0.0	0.0	0.09084199368953705	0.13238057494163513	0.31696709990501404	0.2818019390106201	0.0	-5.960464477539063e-08	0.0
s2_sv	5	delta	1	wrong	813,181	0.0	0	66	0.0	0.0	0.0	0.0	0.09084199368953705	0.13238057494163513	0.31696709990501404	0.2818019390106201	0.0	0.0	0.0
s2_sv	5	delta	1	wrong	946,165	0.0	0	66	0.0	0.0	0.0	0.0	0.09084199368953705	0.13238057494163513	0.31696709990501404	0.2818019390106201	0.0	-3.2186508178710938e-06	0.0
s2_sv	5	delta	1	wrong	600,283	0.0	0	66	0.0	0.0	0.0	0.0	0.09084199368953705	0.13238057494163513	0.31696709990501404	0.2818019390106201	0.0	-5.960464477539063e-08	0.0
s2_sv	5	delta	1	wrong	35,540	0.0	0	66	0.0	0.0	0.0	0.0	0.09084199368953705	0.13238057494163513	0.31696709990501404	0.2818019390106201	0.0	0.0	0.0
s2_sv	5	delta	1	wrong	275,521	0.0	0	66	0.0	0.0	0.0	0.0	0.09084199368953705	0.13238057494163513	0.31696709990501404	0.2818019390106201	0.0	-2.384185791015625e-07	0.0
s2_sv	5	delta	1	wrong	924,260	-0.0234375	29	66	-0.0020514577627182007	-0.001141563057899475	-0.01131361722946167	-0.008452504873275757	0.08879053592681885	0.13123901188373566	0.30565348267555237	0.27334943413734436	0.001542210578918457	-0.33297407627105713	-0.06061188131570816
s2_sv	5	delta	1	wrong	530,831	0.0	0	66	0.0	0.0	0.0	0.0	0.09084199368953705	0.13238057494163513	0.31696709990501404	0.2818019390106201	0.0	-2.7418136596679688e-05	0.0
s2_sv	5	delta	1	wrong	527,113	0.0	0	66	0.0	0.0	0.0	0.0	0.09084199368953705	0.13238057494163513	0.31696709990501404	0.2818019390106201	0.0	-0.0004963278770446777	0.0
s2_sv	5	delta	1	wrong	848,423	0.0	0	66	0.0	0.0	0.0	0.0	0.09084199368953705	0.13238057494163513	0.31696709990501404	0.2818019390106201	0.0	-1.7881393432617188e-07	0.0
s2_sv	5	delta	1	wrong	1013,854	0.0	0	66	0.0	0.0	0.0	0.0	0.09084199368953705	0.13238057494163513	0.31696709990501404	0.2818019390106201	0.0	-3.874301910400391e-06	0.0
s2_sv	5	delta	1	wrong	630,0	0.0	0	66	0.0	0.0	0.0	0.0	0.09084199368953705	0.13238057494163513	0.31696709990501404	0.2818019390106201	0.0	0.0	0.0
s2_sv	5	delta	1	wrong	907,302	0.0	0	66	0.0	0.0	0.0	0.0	0.09084199368953705	0.13238057494163513	0.31696709990501404	0.2818019390106201	0.0	-0.0006069540977478027	0.0
s2_sv	5	delta	1	wrong	141,242	0.0	0	66	0.0	0.0	0.0	0.0	0.09084199368953705	0.13238057494163513	0.31696709990501404	0.2818019390106201	0.0	-1.9371509552001953e-06	0.0
s2_sv	5	delta	1	wrong	517,182	0.0	0	66	0.0	0.0	0.0	0.0	0.09084199368953705	0.13238057494163513	0.31696709990501404	0.2818019390106201	0.0	-3.4570693969726562e-06	0.0
s2_sv	5	delta	1	wrong	655,995	0.0	0	66	0.0	0.0	0.0	0.0	0.09084199368953705	0.13238057494163513	0.31696709990501404	0.2818019390106201	0.0	0.0	0.0
s2_sv	5	delta	1	wrong	912,666	-0.0546875	67	66	0.030003622174263	0.03551563620567322	0.0025975406169891357	-0.02446967363357544	0.12084561586380005	0.16789621114730835	0.3195646405220032	0.2573322653770447	0.003478527069091797	-0.3815131187438965	-0.07288120687007904
s2_sv	5	delta	1	wrong	643,685	0.0	0	66	0.0	0.0	0.0	0.0	0.09084199368953705	0.13238057494163513	0.31696709990501404	0.2818019390106201	0.0	-0.0010623633861541748	0.0
s2_sv	5	delta	1	wrong	610,299	0.0	0	66	0.0	0.0	0.0	0.0	0.09084199368953705	0.13238057494163513	0.31696709990501404	0.2818019390106201	0.0	-2.9802322387695312e-08	0.0
s2_sv	5	delta	1	wrong	424,462	0.0	0	66	0.0	0.0	0.0	0.0	0.09084199368953705	0.13238057494163513	0.31696709990501404	0.2818019390106201	0.0	-3.0994415283203125e-06	0.0
s2_sv	5	delta	1	wrong	439,87	0.0	0	66	0.0	0.0	0.0	0.0	0.09084199368953705	0.13238057494163513	0.31696709990501404	0.2818019390106201	0.0	-1.1920928955078125e-07	0.0
s2_sv	5	delta	1	wrong	558,87	0.0	0	66	0.0	0.0	0.0	0.0	0.09084199368953705	0.13238057494163513	0.31696709990501404	0.2818019390106201	0.0	-1.9073486328125e-06	0.0
s2_sv	5	delta	1	wrong	323,192	0.0	0	66	0.0	0.0	0.0	0.0	0.09084199368953705	0.13238057494163513	0.31696709990501404	0.2818019390106201	0.0	0.0	0.0
s2_sv	5	delta	1	wrong	1000,289	0.0	0	66	0.0	0.0	0.0	0.0	0.09084199368953705	0.13238057494163513	0.31696709990501404	0.2818019390106201	0.0	-2.682209014892578e-07	0.0
s2_sv	5	delta	1	wrong	139,195	0.0	0	66	0.0	0.0	0.0	0.0	0.09084199368953705	0.13238057494163513	0.31696709990501404	0.2818019390106201	0.0	-3.960728645324707e-05	0.0
s2_sv	5	delta	1	wrong	506,806	0.0	0	66	0.0	0.0	0.0	0.0	0.09084199368953705	0.13238057494163513	0.31696709990501404	0.2818019390106201	0.0	-4.172325134277344e-07	0.0
s2_sv	5	delta	1	wrong	991,977	0.0	0	66	0.0	0.0	0.0	0.0	0.09084199368953705	0.13238057494163513	0.31696709990501404	0.2818019390106201	0.0	-2.3305416107177734e-05	0.0
s2_sv	5	delta	1	wrong	401,847	0.0	0	66	0.0	0.0	0.0	0.0	0.09084199368953705	0.13238057494163513	0.31696709990501404	0.2818019390106201	0.0	-2.384185791015625e-07	0.0
s2_sv	5	delta	1	wrong	802,416	0.0	0	66	0.0	0.0	0.0	0.0	0.09084199368953705	0.13238057494163513	0.31696709990501404	0.2818019390106201	0.0	0.0	0.0
s2_sv	5	delta	1	wrong	772,271	0.0	0	66	0.0	0.0	0.0	0.0	0.09084199368953705	0.13238057494163513	0.31696709990501404	0.2818019390106201	0.0	-3.5762786865234375e-06	0.0
s2_sv	5	delta	1	wrong	839,328	0.0	0	66	0.0	0.0	0.0	0.0	0.09084199368953705	0.13238057494163513	0.31696709990501404	0.2818019390106201	0.0	-3.7848949432373047e-06	0.0
s2_sv	5	delta	1	wrong	597,679	0.0	0	66	0.0	0.0	0.0	0.0	0.09084199368953705	0.13238057494163513	0.31696709990501404	0.2818019390106201	0.0	-0.0001723766326904297	0.0
s2_sv	5	delta	1	wrong	330,1019	0.0	0	66	0.0	0.0	0.0	0.0	0.09084199368953705	0.13238057494163513	0.31696709990501404	0.2818019390106201	0.0	-5.960464477539063e-08	0.0
s2_sv	5	delta	1	wrong	1017,349	0.0	0	66	0.0	0.0	0.0	0.0	0.09084199368953705	0.13238057494163513	0.31696709990501404	0.2818019390106201	0.0	-4.172325134277344e-07	0.0
s2_sv	5	delta	2	true	45,390	0.0	0	66	0.0	0.0	0.0	0.0	0.5018516182899475	0.49056723713874817	0.2923957109451294	0.29886701703071594	0.0	-1.6391277313232422e-06	0.0
s2_sv	5	delta	2	true	847,789	0.0	0	66	0.0	0.0	0.0	0.0	0.5018516182899475	0.49056723713874817	0.2923957109451294	0.29886701703071594	0.0	-2.384185791015625e-07	0.0
s2_sv	5	delta	2	true	264,57	0.0	0	66	0.0	0.0	0.0	0.0	0.5018516182899475	0.49056723713874817	0.2923957109451294	0.29886701703071594	0.0	-4.172325134277344e-07	0.0
s2_sv	5	delta	2	true	13,773	0.0	0	66	0.0	0.0	0.0	0.0	0.5018516182899475	0.49056723713874817	0.2923957109451294	0.29886701703071594	0.0	-0.0019291341304779053	0.0
s2_sv	5	delta	2	true	78,833	0.0	0	66	0.0	0.0	0.0	0.0	0.5018516182899475	0.49056723713874817	0.2923957109451294	0.29886701703071594	0.0	-1.7881393432617188e-07	0.0
s2_sv	5	delta	2	true	93,769	0.0	0	66	0.0	0.0	0.0	0.0	0.5018516182899475	0.49056723713874817	0.2923957109451294	0.29886701703071594	0.0	-2.9712915420532227e-05	0.0
s2_sv	5	delta	2	true	112,884	0.0	0	66	0.0	0.0	0.0	0.0	0.5018516182899475	0.49056723713874817	0.2923957109451294	0.29886701703071594	0.0	-0.0003237426280975342	0.0
s2_sv	5	delta	2	true	399,189	0.0	0	66	0.0	0.0	0.0	0.0	0.5018516182899475	0.49056723713874817	0.2923957109451294	0.29886701703071594	0.0	-8.940696716308594e-08	0.0
s2_sv	5	delta	2	true	401,243	0.0	0	66	0.0	0.0	0.0	0.0	0.5018516182899475	0.49056723713874817	0.2923957109451294	0.29886701703071594	0.0	-2.086162567138672e-07	0.0
s2_sv	5	delta	2	true	424,220	0.0	0	66	0.0	0.0	0.0	0.0	0.5018516182899475	0.49056723713874817	0.2923957109451294	0.29886701703071594	0.0	-2.9802322387695312e-08	0.0
s2_sv	5	delta	2	true	432,168	0.0	0	66	0.0	0.0	0.0	0.0	0.5018516182899475	0.49056723713874817	0.2923957109451294	0.29886701703071594	0.0	-8.344650268554688e-07	0.0
s2_sv	5	delta	2	true	448,249	0.0	0	66	0.0	0.0	0.0	0.0	0.5018516182899475	0.49056723713874817	0.2923957109451294	0.29886701703071594	0.0	-0.00034695863723754883	0.0
s2_sv	5	delta	2	true	478,171	0.0	0	66	0.0	0.0	0.0	0.0	0.5018516182899475	0.49056723713874817	0.2923957109451294	0.29886701703071594	0.0	-1.4603137969970703e-05	0.0
s2_sv	5	delta	2	true	671,794	0.0	0	66	0.0	0.0	0.0	0.0	0.5018516182899475	0.49056723713874817	0.2923957109451294	0.29886701703071594	0.0	-2.3543834686279297e-06	0.0
s2_sv	5	delta	2	true	672,790	0.0	0	66	0.0	0.0	0.0	0.0	0.5018516182899475	0.49056723713874817	0.2923957109451294	0.29886701703071594	0.0	-3.68952751159668e-05	0.0
s2_sv	5	delta	2	true	680,791	0.0	0	66	0.0	0.0	0.0	0.0	0.5018516182899475	0.49056723713874817	0.2923957109451294	0.29886701703071594	0.0	-3.287196159362793e-05	0.0
s2_sv	5	delta	2	true	683,832	0.0	0	66	0.0	0.0	0.0	0.0	0.5018516182899475	0.49056723713874817	0.2923957109451294	0.29886701703071594	0.0	-4.172325134277344e-06	0.0
s2_sv	5	delta	2	true	707,888	0.0	0	66	0.0	0.0	0.0	0.0	0.5018516182899475	0.49056723713874817	0.2923957109451294	0.29886701703071594	0.0	-5.218386650085449e-05	0.0
s2_sv	5	delta	2	true	738,867	0.0	0	66	0.0	0.0	0.0	0.0	0.5018516182899475	0.49056723713874817	0.2923957109451294	0.29886701703071594	0.0	-3.337860107421875e-06	0.0
s2_sv	5	delta	2	true	780,802	0.0	0	66	0.0	0.0	0.0	0.0	0.5018516182899475	0.49056723713874817	0.2923957109451294	0.29886701703071594	0.0	-1.2218952178955078e-06	0.0
s2_sv	5	delta	2	true	781,832	0.0	0	66	0.0	0.0	0.0	0.0	0.5018516182899475	0.49056723713874817	0.2923957109451294	0.29886701703071594	0.0	-1.430511474609375e-06	0.0
s2_sv	5	delta	2	true	802,827	0.0	0	66	0.0	0.0	0.0	0.0	0.5018516182899475	0.49056723713874817	0.2923957109451294	0.29886701703071594	0.0	0.0	0.0
s2_sv	5	delta	2	true	822,820	0.0	0	66	0.0	0.0	0.0	0.0	0.5018516182899475	0.49056723713874817	0.2923957109451294	0.29886701703071594	0.0	-2.9802322387695312e-08	0.0
s2_sv	5	delta	2	true	141,84	0.0	0	66	0.0	0.0	0.0	0.0	0.5018516182899475	0.49056723713874817	0.2923957109451294	0.29886701703071594	0.0	-1.7404556274414062e-05	0.0
s2_sv	5	delta	2	true	159,14	0.0	0	66	0.0	0.0	0.0	0.0	0.5018516182899475	0.49056723713874817	0.2923957109451294	0.29886701703071594	0.0	-0.00023308396339416504	0.0
s2_sv	5	delta	2	true	196,30	0.0	0	66	0.0	0.0	0.0	0.0	0.5018516182899475	0.49056723713874817	0.2923957109451294	0.29886701703071594	0.0	-5.283951759338379e-05	0.0
s2_sv	5	delta	2	true	240,29	0.0	0	66	0.0	0.0	0.0	0.0	0.5018516182899475	0.49056723713874817	0.2923957109451294	0.29886701703071594	0.0	-0.0006514191627502441	0.0
s2_sv	5	delta	2	true	472,294	0.0	0	66	0.0	0.0	0.0	0.0	0.5018516182899475	0.49056723713874817	0.2923957109451294	0.29886701703071594	0.0	-8.940696716308594e-08	0.0
s2_sv	5	delta	2	true	653,70	0.0	0	66	0.0	0.0	0.0	0.0	0.5018516182899475	0.49056723713874817	0.2923957109451294	0.29886701703071594	0.0	-2.0235776901245117e-05	0.0
s2_sv	5	delta	2	true	679,126	0.0	0	66	0.0	0.0	0.0	0.0	0.5018516182899475	0.49056723713874817	0.2923957109451294	0.29886701703071594	0.0	-5.960464477539063e-08	0.0
s2_sv	5	delta	2	true	194,469	0.0	0	66	0.0	0.0	0.0	0.0	0.5018516182899475	0.49056723713874817	0.2923957109451294	0.29886701703071594	0.0	-5.874037742614746e-05	0.0
s2_sv	5	delta	2	true	211,420	0.0	0	66	0.0	0.0	0.0	0.0	0.5018516182899475	0.49056723713874817	0.2923957109451294	0.29886701703071594	0.0	-2.473592758178711e-06	0.0
s2_sv	5	delta	2	true	211,510	0.0	0	66	0.0	0.0	0.0	0.0	0.5018516182899475	0.49056723713874817	0.2923957109451294	0.29886701703071594	0.0	-8.702278137207031e-06	0.0
s2_sv	5	delta	2	true	312,432	0.0	0	66	0.0	0.0	0.0	0.0	0.5018516182899475	0.49056723713874817	0.2923957109451294	0.29886701703071594	0.0	-8.940696716308594e-08	0.0
s2_sv	5	delta	2	true	315,507	0.0	0	66	0.0	0.0	0.0	0.0	0.5018516182899475	0.49056723713874817	0.2923957109451294	0.29886701703071594	0.0	-8.940696716308594e-08	0.0
s2_sv	5	delta	2	true	321,497	0.0	0	66	0.0	0.0	0.0	0.0	0.5018516182899475	0.49056723713874817	0.2923957109451294	0.29886701703071594	0.0	-2.9802322387695312e-08	0.0
s2_sv	5	delta	2	true	897,38	0.0	0	66	0.0	0.0	0.0	0.0	0.5018516182899475	0.49056723713874817	0.2923957109451294	0.29886701703071594	0.0	-7.715821266174316e-05	0.0
s2_sv	5	delta	2	true	942,115	0.0	0	66	0.0	0.0	0.0	0.0	0.5018516182899475	0.49056723713874817	0.2923957109451294	0.29886701703071594	0.0	-9.328126907348633e-06	0.0
s2_sv	5	delta	2	true	956,83	0.0	0	66	0.0	0.0	0.0	0.0	0.5018516182899475	0.49056723713874817	0.2923957109451294	0.29886701703071594	0.0	-2.6434659957885742e-05	0.0
s2_sv	5	delta	2	true	985,87	0.0	0	66	0.0	0.0	0.0	0.0	0.5018516182899475	0.49056723713874817	0.2923957109451294	0.29886701703071594	0.0	-1.519918441772461e-06	0.0
s2_sv	5	delta	2	true	34,40	0.0	0	66	0.0	0.0	0.0	0.0	0.5018516182899475	0.49056723713874817	0.2923957109451294	0.29886701703071594	0.0	-3.7610530853271484e-05	0.0
s2_sv	5	delta	2	true	42,29	0.0	0	66	0.0	0.0	0.0	0.0	0.5018516182899475	0.49056723713874817	0.2923957109451294	0.29886701703071594	0.0	-0.000385284423828125	0.0
s2_sv	5	delta	2	true	91,1	0.0	0	66	0.0	0.0	0.0	0.0	0.5018516182899475	0.49056723713874817	0.2923957109451294	0.29886701703071594	0.0	0.0	0.0
s2_sv	5	delta	2	true	92,47	0.0	0	66	0.0	0.0	0.0	0.0	0.5018516182899475	0.49056723713874817	0.2923957109451294	0.29886701703071594	0.0	-3.844499588012695e-06	0.0
s2_sv	5	delta	2	true	113,19	0.0	0	66	0.0	0.0	0.0	0.0	0.5018516182899475	0.49056723713874817	0.2923957109451294	0.29886701703071594	0.0	-3.546476364135742e-06	0.0
s2_sv	5	delta	2	true	310,727	0.0	0	66	0.0	0.0	0.0	0.0	0.5018516182899475	0.49056723713874817	0.2923957109451294	0.29886701703071594	0.0	-2.9802322387695312e-08	0.0
s2_sv	5	delta	2	true	158,609	0.0	0	66	0.0	0.0	0.0	0.0	0.5018516182899475	0.49056723713874817	0.2923957109451294	0.29886701703071594	0.0	-4.824995994567871e-05	0.0
s2_sv	5	delta	2	true	203,591	0.0	0	66	0.0	0.0	0.0	0.0	0.5018516182899475	0.49056723713874817	0.2923957109451294	0.29886701703071594	0.0	-3.573298454284668e-05	0.0
s2_sv	5	delta	2	wrong	235,350	0.0	0	66	0.0	0.0	0.0	0.0	0.5018516182899475	0.49056723713874817	0.2923957109451294	0.29886701703071594	0.0	-7.748603820800781e-07	0.0
s2_sv	5	delta	2	wrong	325,630	0.0	0	66	0.0	0.0	0.0	0.0	0.5018516182899475	0.49056723713874817	0.2923957109451294	0.29886701703071594	0.0	-1.4901161193847656e-07	0.0
s2_sv	5	delta	2	wrong	694,375	0.0	0	66	0.0	0.0	0.0	0.0	0.5018516182899475	0.49056723713874817	0.2923957109451294	0.29886701703071594	0.0	-1.1026859283447266e-06	0.0
s2_sv	5	delta	2	wrong	935,1005	0.0	0	66	0.0	0.0	0.0	0.0	0.5018516182899475	0.49056723713874817	0.2923957109451294	0.29886701703071594	0.0	-1.1920928955078125e-07	0.0
s2_sv	5	delta	2	wrong	748,1001	0.0	0	66	0.0	0.0	0.0	0.0	0.5018516182899475	0.49056723713874817	0.2923957109451294	0.29886701703071594	0.0	-2.333521842956543e-05	0.0
s2_sv	5	delta	2	wrong	760,288	0.0	0	66	0.0	0.0	0.0	0.0	0.5018516182899475	0.49056723713874817	0.2923957109451294	0.29886701703071594	0.0	-2.1129846572875977e-05	0.0
s2_sv	5	delta	2	wrong	418,545	0.0	0	66	0.0	0.0	0.0	0.0	0.5018516182899475	0.49056723713874817	0.2923957109451294	0.29886701703071594	0.0	0.0	0.0
s2_sv	5	delta	2	wrong	439,701	0.0	0	66	0.0	0.0	0.0	0.0	0.5018516182899475	0.49056723713874817	0.2923957109451294	0.29886701703071594	0.0	-8.046627044677734e-07	0.0
s2_sv	5	delta	2	wrong	917,250	0.0	0	66	0.0	0.0	0.0	0.0	0.5018516182899475	0.49056723713874817	0.2923957109451294	0.29886701703071594	0.0	-0.00010886788368225098	0.0
s2_sv	5	delta	2	wrong	887,160	0.0	0	66	0.0	0.0	0.0	0.0	0.5018516182899475	0.49056723713874817	0.2923957109451294	0.29886701703071594	0.0	-5.960464477539063e-08	0.0
s2_sv	5	delta	2	wrong	387,481	0.0	0	66	0.0	0.0	0.0	0.0	0.5018516182899475	0.49056723713874817	0.2923957109451294	0.29886701703071594	0.0	-2.9802322387695312e-08	0.0
s2_sv	5	delta	2	wrong	216,146	0.0	0	66	0.0	0.0	0.0	0.0	0.5018516182899475	0.49056723713874817	0.2923957109451294	0.29886701703071594	0.0	-4.231929779052734e-06	0.0
s2_sv	5	delta	2	wrong	168,302	0.0	0	66	0.0	0.0	0.0	0.0	0.5018516182899475	0.49056723713874817	0.2923957109451294	0.29886701703071594	0.0	-0.00014314055442810059	0.0
s2_sv	5	delta	2	wrong	534,932	0.0	0	66	0.0	0.0	0.0	0.0	0.5018516182899475	0.49056723713874817	0.2923957109451294	0.29886701703071594	0.0	-2.682209014892578e-07	0.0
s2_sv	5	delta	2	wrong	12,133	0.0	0	66	0.0	0.0	0.0	0.0	0.5018516182899475	0.49056723713874817	0.2923957109451294	0.29886701703071594	0.0	-2.9802322387695312e-08	0.0
s2_sv	5	delta	2	wrong	813,181	0.0	0	66	0.0	0.0	0.0	0.0	0.5018516182899475	0.49056723713874817	0.2923957109451294	0.29886701703071594	0.0	0.0	0.0
s2_sv	5	delta	2	wrong	946,165	0.0	0	66	0.0	0.0	0.0	0.0	0.5018516182899475	0.49056723713874817	0.2923957109451294	0.29886701703071594	0.0	-1.1622905731201172e-06	0.0
s2_sv	5	delta	2	wrong	600,283	0.0	0	66	0.0	0.0	0.0	0.0	0.5018516182899475	0.49056723713874817	0.2923957109451294	0.29886701703071594	0.0	-2.9802322387695312e-08	0.0
s2_sv	5	delta	2	wrong	35,540	0.0	0	66	0.0	0.0	0.0	0.0	0.5018516182899475	0.49056723713874817	0.2923957109451294	0.29886701703071594	0.0	-2.9802322387695312e-08	0.0
s2_sv	5	delta	2	wrong	275,521	0.0	0	66	0.0	0.0	0.0	0.0	0.5018516182899475	0.49056723713874817	0.2923957109451294	0.29886701703071594	0.0	-8.940696716308594e-08	0.0
s2_sv	5	delta	2	wrong	924,260	0.0	0	66	0.0	0.0	0.0	0.0	0.5018516182899475	0.49056723713874817	0.2923957109451294	0.29886701703071594	0.0	-0.14914163947105408	-0.00038667023181915283
s2_sv	5	delta	2	wrong	530,831	0.0	0	66	0.0	0.0	0.0	0.0	0.5018516182899475	0.49056723713874817	0.2923957109451294	0.29886701703071594	0.0	-1.0102987289428711e-05	0.0
s2_sv	5	delta	2	wrong	527,113	0.0	0	66	0.0	0.0	0.0	0.0	0.5018516182899475	0.49056723713874817	0.2923957109451294	0.29886701703071594	0.0	-0.000179976224899292	0.0
s2_sv	5	delta	2	wrong	848,423	0.0	0	66	0.0	0.0	0.0	0.0	0.5018516182899475	0.49056723713874817	0.2923957109451294	0.29886701703071594	0.0	-8.940696716308594e-08	0.0
s2_sv	5	delta	2	wrong	1013,854	0.0	0	66	0.0	0.0	0.0	0.0	0.5018516182899475	0.49056723713874817	0.2923957109451294	0.29886701703071594	0.0	-1.4603137969970703e-06	0.0
s2_sv	5	delta	2	wrong	630,0	0.0	0	66	0.0	0.0	0.0	0.0	0.5018516182899475	0.49056723713874817	0.2923957109451294	0.29886701703071594	0.0	0.0	0.0
s2_sv	5	delta	2	wrong	907,302	0.0	0	66	0.0	0.0	0.0	0.0	0.5018516182899475	0.49056723713874817	0.2923957109451294	0.29886701703071594	0.0	-0.00021970272064208984	0.0
s2_sv	5	delta	2	wrong	141,242	0.0	0	66	0.0	0.0	0.0	0.0	0.5018516182899475	0.49056723713874817	0.2923957109451294	0.29886701703071594	0.0	-6.854534149169922e-07	0.0
s2_sv	5	delta	2	wrong	517,182	0.0	0	66	0.0	0.0	0.0	0.0	0.5018516182899475	0.49056723713874817	0.2923957109451294	0.29886701703071594	0.0	-1.2814998626708984e-06	0.0
s2_sv	5	delta	2	wrong	655,995	0.0	0	66	0.0	0.0	0.0	0.0	0.5018516182899475	0.49056723713874817	0.2923957109451294	0.29886701703071594	0.0	-2.9802322387695312e-08	0.0
s2_sv	5	delta	2	wrong	912,666	0.0	0	66	0.0	0.0	0.0	0.0	0.5018516182899475	0.49056723713874817	0.2923957109451294	0.29886701703071594	0.0	-0.18483778834342957	-0.0001989603042602539
s2_sv	5	delta	2	wrong	643,685	0.0	0	66	0.0	0.0	0.0	0.0	0.5018516182899475	0.49056723713874817	0.2923957109451294	0.29886701703071594	0.0	-0.0003909468650817871	0.0
s2_sv	5	delta	2	wrong	610,299	0.0	0	66	0.0	0.0	0.0	0.0	0.5018516182899475	0.49056723713874817	0.2923957109451294	0.29886701703071594	0.0	-2.9802322387695312e-08	0.0
s2_sv	5	delta	2	wrong	424,462	0.0	0	66	0.0	0.0	0.0	0.0	0.5018516182899475	0.49056723713874817	0.2923957109451294	0.29886701703071594	0.0	-1.1324882507324219e-06	0.0
s2_sv	5	delta	2	wrong	439,87	0.0	0	66	0.0	0.0	0.0	0.0	0.5018516182899475	0.49056723713874817	0.2923957109451294	0.29886701703071594	0.0	-5.960464477539063e-08	0.0
s2_sv	5	delta	2	wrong	558,87	0.0	0	66	0.0	0.0	0.0	0.0	0.5018516182899475	0.49056723713874817	0.2923957109451294	0.29886701703071594	0.0	-7.152557373046875e-07	0.0
s2_sv	5	delta	2	wrong	323,192	0.0	0	66	0.0	0.0	0.0	0.0	0.5018516182899475	0.49056723713874817	0.2923957109451294	0.29886701703071594	0.0	-2.9802322387695312e-08	0.0
s2_sv	5	delta	2	wrong	1000,289	0.0	0	66	0.0	0.0	0.0	0.0	0.5018516182899475	0.49056723713874817	0.2923957109451294	0.29886701703071594	0.0	-8.940696716308594e-08	0.0
s2_sv	5	delta	2	wrong	139,195	0.0	0	66	0.0	0.0	0.0	0.0	0.5018516182899475	0.49056723713874817	0.2923957109451294	0.29886701703071594	0.0	-1.3917684555053711e-05	0.0
s2_sv	5	delta	2	wrong	506,806	0.0	0	66	0.0	0.0	0.0	0.0	0.5018516182899475	0.49056723713874817	0.2923957109451294	0.29886701703071594	0.0	-1.4901161193847656e-07	0.0
s2_sv	5	delta	2	wrong	991,977	0.0	0	66	0.0	0.0	0.0	0.0	0.5018516182899475	0.49056723713874817	0.2923957109451294	0.29886701703071594	0.0	-8.612871170043945e-06	0.0
s2_sv	5	delta	2	wrong	401,847	0.0	0	66	0.0	0.0	0.0	0.0	0.5018516182899475	0.49056723713874817	0.2923957109451294	0.29886701703071594	0.0	-8.940696716308594e-08	0.0
s2_sv	5	delta	2	wrong	802,416	0.0	0	66	0.0	0.0	0.0	0.0	0.5018516182899475	0.49056723713874817	0.2923957109451294	0.29886701703071594	0.0	0.0	0.0
s2_sv	5	delta	2	wrong	772,271	0.0	0	66	0.0	0.0	0.0	0.0	0.5018516182899475	0.49056723713874817	0.2923957109451294	0.29886701703071594	0.0	-1.341104507446289e-06	0.0
s2_sv	5	delta	2	wrong	839,328	0.0	0	66	0.0	0.0	0.0	0.0	0.5018516182899475	0.49056723713874817	0.2923957109451294	0.29886701703071594	0.0	-1.3709068298339844e-06	0.0
s2_sv	5	delta	2	wrong	597,679	0.0	0	66	0.0	0.0	0.0	0.0	0.5018516182899475	0.49056723713874817	0.2923957109451294	0.29886701703071594	0.0	-6.428360939025879e-05	0.0
s2_sv	5	delta	2	wrong	330,1019	0.0	0	66	0.0	0.0	0.0	0.0	0.5018516182899475	0.49056723713874817	0.2923957109451294	0.29886701703071594	0.0	-2.9802322387695312e-08	0.0
s2_sv	5	delta	2	wrong	1017,349	0.0	0	66	0.0	0.0	0.0	0.0	0.5018516182899475	0.49056723713874817	0.2923957109451294	0.29886701703071594	0.0	-1.4901161193847656e-07	0.0
s2_sv	5	single	-1	true	60,454	0.36328125	-1	1					0.24220827221870422	0.3156479001045227	0.399722695350647	0.21626155078411102	0.6962649822235107	0.0	0.0
s2_sv	5	single	-1	true	64,463	0.36328125	-1	1					0.2297920286655426	0.30780965089797974	0.14656317234039307	0.08064676821231842	0.22512409090995789	0.0	0.0
s2_sv	5	single	-1	true	68,478	0.36328125	-1	1					0.012440728023648262	0.049622125923633575	0.147567480802536	0.09212778508663177	-0.0162215456366539	0.0	0.0
s2_sv	5	single	-1	true	86,394	0.12109375	-1	1					0.08796320110559464	0.16687875986099243	0.20996475219726562	0.13123439252376556	0.13041147589683533	0.0	0.0
s2_sv	5	single	-1	true	126,490	0.12109375	-1	1					0.06419039517641068	0.10224814713001251	0.15053826570510864	0.1528978943824768	0.1063767671585083	0.0	0.0
s2_sv	5	single	-1	true	773,889	0.18359375	-1	1					0.09310594201087952	0.13400647044181824	0.14960215985774994	0.12453386187553406	0.34502914547920227	0.0	0.0
s2_sv	5	single	-1	true	808,876	0.18359375	-1	1					0.05453415587544441	0.1283038854598999	0.13159769773483276	0.18636265397071838	0.4050396680831909	0.0	0.0
s2_sv	5	single	-1	true	832,786	0.18359375	-1	1					0.07106728851795197	0.12403950840234756	0.15890631079673767	0.1897573471069336	0.25966838002204895	0.0	0.0
s2_sv	5	single	-1	true	835,895	0.18359375	-1	1					0.03993699699640274	0.08618299663066864	0.12220200896263123	0.12422012537717819	0.06791092455387115	0.0	0.0
s2_sv	5	single	-1	true	844,796	0.18359375	-1	1					0.058481715619564056	0.10956674814224243	0.056140996515750885	0.05006004124879837	-0.07042257487773895	0.0	0.0
s2_sv	5	single	-1	true	874,846	0.18359375	-1	1					0.02193114534020424	0.05194595828652382	0.1196710541844368	0.1053551509976387	-0.3240176737308502	0.0	0.0
s2_sv	5	single	-1	true	258,74	0.0	-1	1					0.10260751843452454	0.16853168606758118	0.07430584728717804	0.13639134168624878	-0.01389983482658863	0.0	0.0
s2_sv	5	single	-1	true	265,118	0.0	-1	1					0.1295803189277649	0.1773892641067505	0.13325351476669312	0.11615622043609619	-0.060398709028959274	0.0	0.0
s2_sv	5	single	-1	true	276,74	0.2421875	-1	1					0.3705490529537201	0.43143534660339355	0.15680843591690063	0.16169887781143188	0.20585104823112488	0.0	0.0
s2_sv	5	single	-1	true	280,126	0.0	-1	1					0.008988387882709503	0.044602323323488235	0.0710643082857132	0.07426876574754715	-0.1936904489994049	0.0	0.0
s2_sv	5	single	-1	true	287,48	0.2421875	-1	1					0.01182127557694912	0.0346827507019043	0.09747602790594101	0.10206068307161331	-0.3434715270996094	0.0	0.0
s2_sv	5	single	-1	true	327,116	0.0	-1	1					0.01992952823638916	0.046545322984457016	0.10827817022800446	0.1087946742773056	0.08188818395137787	0.0	0.0
s2_sv	5	single	-1	true	4,789	0.2421875	-1	1					0.035377949476242065	0.06941410899162292	0.1709391176700592	0.17252783477306366	0.2652551531791687	0.0	0.0
s2_sv	5	single	-1	true	24,849	0.0	-1	1					0.004459657706320286	0.019922304898500443	0.11685583740472794	0.20437318086624146	0.5170149803161621	0.0	0.0
s2_sv	5	single	-1	true	30,780	0.2421875	-1	1					0.05759868770837784	0.12584063410758972	0.12754285335540771	0.11241224408149719	0.435710608959198	0.0	0.0
s2_sv	5	single	-1	true	38,823	0.0	-1	1					0.2178373783826828	0.260795921087265	0.17893753945827484	0.19607049226760864	0.19519531726837158	0.0	0.0
s2_sv	5	single	-1	true	52,823	0.0	-1	1					0.30512309074401855	0.30399030447006226	0.2519334554672241	0.1709291636943817	0.18249812722206116	0.0	0.0
s2_sv	5	single	-1	true	52,878	0.0	-1	1					0.16948091983795166	0.2826908826828003	0.1783471256494522	0.15611398220062256	0.12037321925163269	0.0	0.0
s2_sv	5	single	-1	true	62,803	0.12109375	-1	1					0.10100680589675903	0.17425668239593506	0.20340974628925323	0.09282509982585907	0.09090718626976013	0.0	0.0
s2_sv	5	single	-1	true	67,805	0.0	-1	1					0.10246984660625458	0.12506067752838135	0.17944249510765076	0.10804519057273865	-0.307853639125824	0.0	0.0
s2_sv	5	single	-1	true	395,225	0.12109375	-1	1					0.004309957846999168	0.009419137611985207	0.09475915879011154	0.15341994166374207	0.3531392216682434	0.0	0.0
s2_sv	5	single	-1	true	408,148	0.12109375	-1	1					0.0227962713688612	0.03984585404396057	0.12005884945392609	0.12465430051088333	-0.05670151114463806	0.0	0.0
s2_sv	5	single	-1	true	419,169	0.12109375	-1	1					0.04956988990306854	0.05990080535411835	0.1047317311167717	0.14597058296203613	0.12584450840950012	0.0	0.0
s2_sv	5	single	-1	true	492,222	0.12109375	-1	1					0.006234454922378063	0.01840643212199211	0.10392951965332031	0.13983699679374695	0.1111348420381546	0.0	0.0
s2_sv	5	single	-1	true	648,780	0.30859375	-1	1					0.06482964009046555	0.10739848017692566	0.12845104932785034	0.10358481109142303	0.21139970421791077	0.0	0.0
s2_sv	5	single	-1	true	667,803	0.12109375	-1	1					0.023321496322751045	0.0697387233376503	0.18617084622383118	0.13015854358673096	0.0625680461525917	0.0	0.0
s2_sv	5	single	-1	true	691,879	0.12109375	-1	1					0.3266386389732361	0.45041072368621826	0.16451862454414368	0.1852651685476303	0.14498834311962128	0.0	0.0
s2_sv	5	single	-1	true	716,797	0.61328125	-1	1					0.024030154570937157	0.06214738264679909	0.13016051054000854	0.13134974241256714	0.07670868188142776	0.0	0.0
s2_sv	5	single	-1	true	762,787	0.87890625	-1	1					0.005576021037995815	0.0313996821641922	0.20473363995552063	0.13396626710891724	0.3473297655582428	0.0	0.0
s2_sv	5	single	-1	true	766,848	0.12109375	-1	1					0.023144181817770004	0.04681938886642456	0.1865137815475464	0.18975764513015747	0.30177566409111023	0.0	0.0
s2_sv	5	single	-1	true	772,884	0.18359375	-1	1					0.010678715072572231	0.03539503738284111	0.1715182512998581	0.19265004992485046	0.3076498210430145	0.0	0.0
s2_sv	5	single	-1	true	773,874	0.18359375	-1	1					0.13677287101745605	0.18544800579547882	0.19621911644935608	0.16574831306934357	0.2541583478450775	0.0	0.0
s2_sv	5	single	-1	true	805,768	0.18359375	-1	1					0.481323778629303	0.39385515451431274	0.3837730288505554	0.20884129405021667	0.5648682713508606	0.0	0.0
s2_sv	5	single	-1	true	806,815	0.18359375	-1	1					0.12698659300804138	0.15663643181324005	0.1669769436120987	0.1724684089422226	-0.1683814525604248	0.0	0.0
s2_sv	5	single	-1	true	820,778	0.18359375	-1	1					0.10278709977865219	0.16335171461105347	0.1777065098285675	0.17022143304347992	0.07864388823509216	0.0	0.0
s2_sv	5	single	-1	true	834,849	0.18359375	-1	1					0.004862147383391857	0.012676658108830452	0.11865465342998505	0.17312678694725037	0.15166518092155457	0.0	0.0
s2_sv	5	single	-1	true	852,824	0.18359375	-1	1					0.7530698776245117	0.6696472764015198	0.2732621431350708	0.21481043100357056	0.5768977403640747	0.0	0.0
s2_sv	5	single	-1	true	859,798	0.18359375	-1	1					0.002119740704074502	0.016191300004720688	0.0803404375910759	0.08428522944450378	-0.16264085471630096	0.0	0.0
s2_sv	5	single	-1	true	871,866	0.18359375	-1	1					0.07941465079784393	0.12468351423740387	0.13359221816062927	0.21010522544384003	-0.40593278408050537	0.0	0.0
s2_sv	5	single	-1	true	879,893	0.18359375	-1	1					0.061620716005563736	0.11037696897983551	0.09657572209835052	0.1107485294342041	0.18012011051177979	0.0	0.0
s2_sv	5	single	-1	true	893,790	0.18359375	-1	1					0.051585420966148376	0.11126644164323807	0.13453097641468048	0.12873369455337524	0.4120774567127228	0.0	0.0
s2_sv	5	single	-1	true	142,65	0.4921875	-1	1					0.1447325348854065	0.15948334336280823	0.19345857203006744	0.13487926125526428	0.3524482846260071	0.0	0.0
s2_sv	5	single	-1	true	144,17	0.4921875	-1	1					0.05298978090286255	0.1051669791340828	0.17842337489128113	0.16026943922042847	0.5062229633331299	0.0	0.0
s2_sv	5	single	-1	true	161,15	0.4921875	-1	1					0.202145516872406	0.26941728591918945	0.15230697393417358	0.281807005405426	0.6235097050666809	0.0	0.0
s2_sv	5	single	-1	true	166,8	0.4921875	-1	1					0.04037506878376007	0.07588571310043335	0.09821808338165283	0.1966429352760315	0.3269655704498291	0.0	0.0
s2_sv	5	single	-1	true	425,368	0.1875	-1	1					0.019223768264055252	0.038885101675987244	0.08064249902963638	0.2012653648853302	-0.0038938946090638638	0.0	0.0
s2_sv	5	single	-1	true	443,257	0.1875	-1	1					0.002279415261000395	0.011423666030168533	0.050488874316215515	0.13346002995967865	0.02406635880470276	0.0	0.0
s2_sv	5	single	-1	true	461,270	0.1875	-1	1					0.0176934152841568	0.050187718123197556	0.14457237720489502	0.12418187409639359	0.11834032833576202	0.0	0.0
s2_sv	5	single	-1	true	491,262	0.1875	-1	1					0.004602654837071896	0.0289645753800869	0.13277356326580048	0.20091798901557922	0.0770307406783104	0.0	0.0
s2_sv	5	single	-1	true	658,8	0.1875	-1	1					0.02339235320687294	0.06600403785705566	0.1554708480834961	0.1807613968849182	0.5037892460823059	0.0	0.0
s2_sv	5	single	-1	true	682,20	0.1875	-1	1					0.23896543681621552	0.26590201258659363	0.16745202243328094	0.1575671136379242	0.2676873207092285	0.0	0.0
s2_sv	5	single	-1	true	689,6	0.1875	-1	1					0.021319665014743805	0.05607084557414055	0.18283171951770782	0.2150682806968689	-0.000889417773578316	0.0	0.0
s2_sv	5	single	-1	true	710,24	0.4921875	-1	1					0.12118165194988251	0.16827908158302307	0.1604573130607605	0.17680105566978455	0.46354785561561584	0.0	0.0
s2_sv	5	single	-1	true	715,96	0.87890625	-1	1					0.7811956405639648	0.7108381986618042	0.4988812804222107	0.3259095549583435	1.051912546157837	0.0	0.0
s2_sv	5	single	-1	true	738,125	0.61328125	-1	1					0.024244965985417366	0.07798899710178375	0.0952746719121933	0.13262653350830078	0.10170407593250275	0.0	0.0
s2_sv	5	single	-1	true	753,121	0.87890625	-1	1					0.0019280011765658855	0.012199795804917812	0.13171838223934174	0.13391534984111786	0.4283752143383026	0.0	0.0
s2_sv	5	single	-1	true	753,126	0.61328125	-1	1					0.011104964651167393	0.04849427938461304	0.1366746425628662	0.1326795518398285	0.25186657905578613	0.0	0.0
s2_sv	5	single	-1	true	757,68	0.4921875	-1	1					0.0696510598063469	0.08116847276687622	0.19692941009998322	0.13961853086948395	0.2613309323787689	0.0	0.0
s2_sv	5	single	-1	true	145,487	0.42578125	-1	1					0.47797921299934387	0.50383460521698	0.18740835785865784	0.1596856713294983	0.3236558437347412	0.0	0.0
s2_sv	5	single	-1	true	145,510	0.42578125	-1	1					0.61875319480896	0.6206750273704529	0.2539091110229492	0.306107759475708	0.6038243770599365	0.0	0.0
s2_sv	5	single	-1	true	211,449	0.3046875	-1	1					0.37448519468307495	0.319419264793396	0.3022672235965729	0.3321482539176941	0.39733219146728516	0.0	0.0
s2_sv	5	single	-1	true	218,486	0.3046875	-1	1					0.10584372282028198	0.16153955459594727	0.2464248090982437	0.16825073957443237	0.15754100680351257	0.0	0.0
s2_sv	5	single	-1	true	229,427	0.3046875	-1	1					0.14209464192390442	0.2026694416999817	0.17921584844589233	0.17094501852989197	0.05109177902340889	0.0	0.0
s2_sv	5	single	-1	true	230,393	0.3046875	-1	1					0.0682617723941803	0.11301018297672272	0.1278810203075409	0.1250421106815338	0.24526242911815643	0.0	0.0
s2_sv	5	single	-1	true	247,404	0.3046875	-1	1					0.1542121171951294	0.23054122924804688	0.12518815696239471	0.15177366137504578	0.0834885910153389	0.0	0.0
s2_sv	5	single	-1	true	263,444	0.3046875	-1	1					0.002898091683164239	0.012230005115270615	0.10268798470497131	0.17347681522369385	-0.09561116248369217	0.0	0.0
s2_sv	5	single	-1	true	296,400	0.3046875	-1	1					0.5674546957015991	0.505221962928772	0.11927935481071472	0.12852634489536285	-0.07994788885116577	0.0	0.0
s2_sv	5	single	-1	true	305,489	0.3046875	-1	1					0.24823619425296783	0.26308026909828186	0.09868215024471283	0.1386953592300415	-0.3369958996772766	0.0	0.0
s2_sv	5	single	-1	true	314,509	0.3046875	-1	1					0.10022063553333282	0.13284486532211304	0.10462415963411331	0.12202390283346176	0.25162601470947266	0.0	0.0
s2_sv	5	single	-1	true	333,401	0.3046875	-1	1					0.03385813161730766	0.0811121016740799	0.17323121428489685	0.202800452709198	0.2841944396495819	0.0	0.0
s2_sv	5	single	-1	true	339,462	0.3046875	-1	1					0.2586948573589325	0.3351976275444031	0.15107806026935577	0.15035919845104218	-0.06600148975849152	0.0	0.0
s2_sv	5	single	-1	true	340,442	0.3046875	-1	1					0.05201233550906181	0.0781804621219635	0.1609206199645996	0.12873336672782898	-0.30000948905944824	0.0	0.0
s2_sv	5	single	-1	true	367,477	0.3046875	-1	1					0.00041020731441676617	0.0041959453374147415	0.058731477707624435	0.07724462449550629	0.1343618631362915	0.0	0.0
s2_sv	5	single	-1	true	945,2	0.4921875	-1	1					0.34830331802368164	0.34770599007606506	0.16834908723831177	0.22894668579101562	0.08136426657438278	0.0	0.0
s2_sv	5	single	-1	true	14,14	0.2421875	-1	1					0.05284237116575241	0.11596249043941498	0.24585719406604767	0.2070016860961914	0.35107889771461487	0.0	0.0
s2_sv	5	single	-1	true	62,81	0.2421875	-1	1					0.008061054162681103	0.0266185961663723	0.3086755871772766	0.13893181085586548	0.5176489353179932	0.0	0.0
s2_sv	5	single	-1	true	63,123	0.36328125	-1	1					0.00856881495565176	0.048784129321575165	0.15795999765396118	0.09535196423530579	0.1126505509018898	0.0	0.0
s2_sv	5	single	-1	true	90,98	0.36328125	-1	1					0.6103401780128479	0.6068075895309448	0.21366959810256958	0.31338047981262207	0.2313285619020462	0.0	0.0
s2_sv	5	single	-1	true	113,59	0.2421875	-1	1					0.004193589091300964	0.01911032572388649	0.14102178812026978	0.2621338367462158	0.17013469338417053	0.0	0.0
s2_sv	5	single	-1	true	278,643	0.11328125	-1	1					0.047873251140117645	0.06225714832544327	0.09702342003583908	0.16515354812145233	-0.1232636421918869	0.0	0.0
s2_sv	5	single	-1	true	293,651	0.11328125	-1	1					0.012620456516742706	0.04026440158486366	0.1309911012649536	0.18947213888168335	-0.029171856120228767	0.0	0.0
s2_sv	5	single	-1	true	339,736	0.11328125	-1	1					0.039980508387088776	0.0736694186925888	0.0951233059167862	0.1457892656326294	-0.267311692237854	0.0	0.0
s2_sv	5	single	-1	true	341,696	0.11328125	-1	1					0.04781726375222206	0.08270543068647385	0.1746665984392166	0.1088269054889679	0.10530895739793777	0.0	0.0
s2_sv	5	single	-1	true	345,688	0.11328125	-1	1					0.03324729576706886	0.061870381236076355	0.09565863758325577	0.11242589354515076	-0.13282224535942078	0.0	0.0
s2_sv	5	single	-1	true	368,717	0.11328125	-1	1					0.022679878398776054	0.055008724331855774	0.10158509761095047	0.20301222801208496	-0.129420205950737	0.0	0.0
s2_sv	5	single	-1	true	132,552	0.11328125	-1	1					0.08125489950180054	0.11740367114543915	0.1725676953792572	0.2110130339860916	0.2828353941440582	0.0	0.0
s2_sv	5	single	-1	true	154,635	0.11328125	-1	1					0.03242041915655136	0.07696130126714706	0.1626429259777069	0.20550765097141266	0.45112189650535583	0.0	0.0
s2_sv	5	single	-1	true	174,587	0.11328125	-1	1					0.07754349708557129	0.12039374560117722	0.1190703883767128	0.18809890747070312	0.3163701891899109	0.0	0.0
s2_sv	5	single	-1	true	175,517	0.11328125	-1	1					0.20900094509124756	0.22895380854606628	0.15536010265350342	0.19244691729545593	0.4633846879005432	0.0	0.0
s2_sv	5	single	-1	true	181,559	0.11328125	-1	1					0.1700240671634674	0.1766616702079773	0.17333853244781494	0.14553114771842957	0.15543144941329956	0.0	0.0
s2_sv	5	single	-1	true	226,601	0.11328125	-1	1					0.012846782803535461	0.05683686584234238	0.11458104848861694	0.11076653748750687	0.11341223120689392	0.0	0.0
s2_sv	5	single	-1	wrong	235,350	0.0	-1	1					0.0021104197949171066	0.009561852551996708	0.10040565580129623	0.12544254958629608	0.05902379751205444	0.0	0.0
s2_sv	5	single	-1	wrong	325,630	0.0	-1	1					0.0026896940544247627	0.016591858118772507	0.17152437567710876	0.15812630951404572	-0.05088839679956436	0.0	0.0
s2_sv	5	single	-1	wrong	694,375	0.0	-1	1					0.01756395399570465	0.03611726313829422	0.09063807874917984	0.1690121740102768	0.08967636525630951	0.0	0.0
s2_sv	5	single	-1	wrong	935,1005	0.0	-1	1					0.0212613083422184	0.049076147377491	0.07899168878793716	0.15883725881576538	-0.06354756653308868	0.0	0.0
s2_sv	5	single	-1	wrong	748,1001	0.0	-1	1					0.015722280368208885	0.04263213276863098	0.2258792221546173	0.17043845355510712	0.279318243265152	0.0	0.0
s2_sv	5	single	-1	wrong	760,288	0.0	-1	1					0.07753422856330872	0.12822037935256958	0.22946947813034058	0.10623924434185028	0.273106187582016	0.0	0.0
s2_sv	5	single	-1	wrong	418,545	0.0	-1	1					0.12716208398342133	0.1151566207408905	0.132111057639122	0.07861323654651642	-0.5057985186576843	0.0	0.0
s2_sv	5	single	-1	wrong	439,701	0.0	-1	1					0.007314286194741726	0.022879378870129585	0.14890703558921814	0.12668737769126892	0.0707695260643959	0.0	0.0
s2_sv	5	single	-1	wrong	917,250	0.0	-1	1					0.03410737216472626	0.08151498436927795	0.15698543190956116	0.15149910748004913	0.37440264225006104	0.0	0.0
s2_sv	5	single	-1	wrong	887,160	0.0	-1	1					0.0021951021626591682	0.009146797470748425	0.058106184005737305	0.17886558175086975	-0.10828360915184021	0.0	0.0
s2_sv	5	single	-1	wrong	387,481	0.0	-1	1					0.16285498440265656	0.1578666716814041	0.11378851532936096	0.1199856698513031	-0.16018632054328918	0.0	0.0
s2_sv	5	single	-1	wrong	216,146	0.0	-1	1					0.011732714250683784	0.03201557323336601	0.1730506420135498	0.14732879400253296	0.1648251712322235	0.0	0.0
s2_sv	5	single	-1	wrong	168,302	0.0	-1	1					0.09087775647640228	0.18089397251605988	0.1879754364490509	0.17302224040031433	0.3942362070083618	0.0	0.0
s2_sv	5	single	-1	wrong	534,932	0.0	-1	1					0.0038813839200884104	0.017990363761782646	0.05099651217460632	0.10836753994226456	-0.00217077462002635	0.0	0.0
s2_sv	5	single	-1	wrong	12,133	0.0	-1	1					0.07049859315156937	0.11799198389053345	0.16628587245941162	0.14166659116744995	-0.14693188667297363	0.0	0.0
s2_sv	5	single	-1	wrong	813,181	0.0	-1	1					0.022247914224863052	0.038167934864759445	0.08077002316713333	0.14272543787956238	-0.3734053671360016	0.0	0.0
s2_sv	5	single	-1	wrong	946,165	0.0	-1	1					0.14103329181671143	0.18711510300636292	0.1470971703529358	0.17876413464546204	0.08854758739471436	0.0	0.0
s2_sv	5	single	-1	wrong	600,283	0.0	-1	1					0.012095103971660137	0.03182608261704445	0.10231998562812805	0.13580772280693054	-0.20724916458129883	0.0	0.0
s2_sv	5	single	-1	wrong	35,540	0.0	-1	1					0.006511508487164974	0.033516429364681244	0.0628911629319191	0.16766515374183655	-0.27221131324768066	0.0	0.0
s2_sv	5	single	-1	wrong	275,521	0.0	-1	1					0.008305782452225685	0.024953460320830345	0.10693798214197159	0.133266419172287	-0.07802608609199524	0.0	0.0
s2_sv	5	single	-1	wrong	924,260	0.0	-1	1					0.08499963581562042	0.1365417242050171	0.19785210490226746	0.19052761793136597	0.8361524343490601	0.0	0.0
s2_sv	5	single	-1	wrong	530,831	0.0	-1	1					0.06941822171211243	0.10736620426177979	0.15465004742145538	0.23371188342571259	0.22860577702522278	0.0	0.0
s2_sv	5	single	-1	wrong	527,113	0.0	-1	1					0.002218418288975954	0.012358843348920345	0.0874505266547203	0.14468032121658325	0.41013970971107483	0.0	0.0
s2_sv	5	single	-1	wrong	848,423	0.0	-1	1					0.28256309032440186	0.298799604177475	0.18755462765693665	0.15412567555904388	-0.08890777826309204	0.0	0.0
s2_sv	5	single	-1	wrong	1013,854	0.0	-1	1					0.0014078643871471286	0.009822172112762928	0.06973640620708466	0.17600488662719727	0.10708849132061005	0.0	0.0
s2_sv	5	single	-1	wrong	630,0	0.0	-1	1					0.0023764404468238354	0.011961739510297775	0.09671734273433685	0.11459922045469284	-0.3215372562408447	0.0	0.0
s2_sv	5	single	-1	wrong	907,302	0.0	-1	1					0.23324143886566162	0.33211749792099	0.3057149052619934	0.20658595860004425	0.42031311988830566	0.0	0.0
s2_sv	5	single	-1	wrong	141,242	0.0	-1	1					0.009671885520219803	0.04098077863454819	0.15299350023269653	0.15580974519252777	0.055571913719177246	0.0	0.0
s2_sv	5	single	-1	wrong	517,182	0.0	-1	1					0.012651126831769943	0.030910562723875046	0.13571834564208984	0.1256147027015686	0.08302927017211914	0.0	0.0
s2_sv	5	single	-1	wrong	655,995	0.0	-1	1					0.09140090644359589	0.1315063238143921	0.145503431558609	0.13506534695625305	-0.22428753972053528	0.0	0.0
s2_sv	5	single	-1	wrong	912,666	0.0	-1	1					0.16361793875694275	0.23890185356140137	0.31473785638809204	0.18182367086410522	0.8522924780845642	0.0	0.0
s2_sv	5	single	-1	wrong	643,685	0.0	-1	1					0.02468624711036682	0.07154345512390137	0.1642754077911377	0.229404017329216	0.46208280324935913	0.0	0.0
s2_sv	5	single	-1	wrong	610,299	0.0	-1	1					0.032559093087911606	0.057454682886600494	0.2478310465812683	0.12232109904289246	-0.24501363933086395	0.0	0.0
s2_sv	5	single	-1	wrong	424,462	0.0	-1	1					0.03891628608107567	0.07201603055000305	0.13951654732227325	0.19047832489013672	0.09028206765651703	0.0	0.0
s2_sv	5	single	-1	wrong	439,87	0.0	-1	1					0.030346881598234177	0.0460108146071434	0.11827346682548523	0.19986668229103088	-0.10101519525051117	0.0	0.0
s2_sv	5	single	-1	wrong	558,87	0.0	-1	1					0.09488043934106827	0.11350996792316437	0.15938758850097656	0.19337838888168335	0.06204155460000038	0.0	0.0
s2_sv	5	single	-1	wrong	323,192	0.0	-1	1					0.05611168593168259	0.11924268305301666	0.1626644879579544	0.1595321148633957	-0.2796568274497986	0.0	0.0
s2_sv	5	single	-1	wrong	1000,289	0.0	-1	1					0.09512605518102646	0.1314053237438202	0.08971592783927917	0.12405773997306824	-0.0646248310804367	0.0	0.0
s2_sv	5	single	-1	wrong	139,195	0.0	-1	1					0.24174071848392487	0.268191397190094	0.26714980602264404	0.16149179637432098	0.23787635564804077	0.0	0.0
s2_sv	5	single	-1	wrong	506,806	0.0	-1	1					0.17522016167640686	0.21857191622257233	0.15761449933052063	0.13937899470329285	-0.03737953305244446	0.0	0.0
s2_sv	5	single	-1	wrong	991,977	0.0	-1	1					0.004306962713599205	0.020161835476756096	0.13349351286888123	0.10965222120285034	0.2177993506193161	0.0	0.0
s2_sv	5	single	-1	wrong	401,847	0.0	-1	1					0.021424777805805206	0.06200083717703819	0.0777246430516243	0.10426198691129684	-0.0759308785200119	0.0	0.0
s2_sv	5	single	-1	wrong	802,416	0.0	-1	1					0.26604777574539185	0.23870675265789032	0.19646024703979492	0.14092999696731567	-0.2955176830291748	0.0	0.0
s2_sv	5	single	-1	wrong	772,271	0.0	-1	1					0.04628715664148331	0.08863995969295502	0.12690886855125427	0.10684265196323395	0.09597144275903702	0.0	0.0
s2_sv	5	single	-1	wrong	839,328	0.0	-1	1					0.0008299938635900617	0.004874138161540031	0.058227911591529846	0.18905192613601685	0.09856747835874557	0.0	0.0
s2_sv	5	single	-1	wrong	597,679	0.0	-1	1					0.0006965663051232696	0.007296502124518156	0.09331908822059631	0.1658414900302887	0.3443082273006439	0.0	0.0
s2_sv	5	single	-1	wrong	330,1019	0.0	-1	1					0.0002341078215977177	0.003560880199074745	0.07708538323640823	0.14592011272907257	-0.15730026364326477	0.0	0.0
s2_sv	5	single	-1	wrong	1017,349	0.0	-1	1					0.017313897609710693	0.03886817395687103	0.0471750870347023	0.09453937411308289	-0.034822653979063034	0.0	0.0
s2_sv	5	single	-1	wrong	575,423	0.0	-1	1					0.06378858536481857	0.1488504260778427	0.06796421855688095	0.15687386691570282	-0.039208896458148956	0.0	0.0
s2_sv	5	single	-1	wrong	255,201	0.0	-1	1					0.01798231713473797	0.043915167450904846	0.0798223465681076	0.10132326185703278	0.2630607485771179	0.0	0.0
s2_sv	5	single	-1	wrong	953,743	0.0	-1	1					0.007881556637585163	0.023530196398496628	0.12239181995391846	0.15521040558815002	0.16553179919719696	0.0	0.0
s2_sv	5	single	-1	wrong	794,638	0.0	-1	1					0.2930138111114502	0.3413071632385254	0.10519170016050339	0.21307463943958282	-0.1595296859741211	0.0	0.0
s2_sv	5	single	-1	wrong	264,542	0.0	-1	1					0.004695175215601921	0.0189192034304142	0.02902475744485855	0.05024570971727371	-0.38037627935409546	0.0	0.0
s2_sv	5	single	-1	wrong	887,576	0.0	-1	1					0.012846405617892742	0.03018810972571373	0.14357367157936096	0.2708084285259247	0.2702712416648865	0.0	0.0
s2_sv	5	single	-1	wrong	775,671	0.0	-1	1					0.015028117224574089	0.05516904592514038	0.2170702964067459	0.1610068678855896	0.507235050201416	0.0	0.0
s2_sv	5	single	-1	wrong	312,1000	0.0	-1	1					0.036272160708904266	0.07379856705665588	0.12615033984184265	0.1516415774822235	0.2517246603965759	0.0	0.0
s2_sv	5	single	-1	wrong	700,392	0.0	-1	1					0.21169093251228333	0.27317216992378235	0.2758271098136902	0.14504532516002655	0.5698272585868835	0.0	0.0
s2_sv	5	single	-1	wrong	857,285	0.0	-1	1					0.02492247335612774	0.05184413865208626	0.09881647676229477	0.10705871880054474	0.05814797431230545	0.0	0.0
s2_sv	5	single	-1	wrong	208,241	0.0	-1	1					0.020422767847776413	0.050653282552957535	0.1201644241809845	0.16790500283241272	0.060373175889253616	0.0	0.0
s2_sv	5	single	-1	wrong	609,648	0.0	-1	1					0.04680206999182701	0.06014293432235718	0.1667793095111847	0.12055142968893051	0.11702150106430054	0.0	0.0
s2_sv	5	single	-1	wrong	412,442	0.0	-1	1					0.0543963760137558	0.07974380254745483	0.15339428186416626	0.16074910759925842	0.12178580462932587	0.0	0.0
s2_sv	5	single	-1	wrong	383,374	0.0	-1	1					0.002072578063234687	0.010386954993009567	0.06254363059997559	0.14964893460273743	-0.12341858446598053	0.0	0.0
s2_sv	5	single	-1	wrong	115,1008	0.0	-1	1					0.0227347481995821	0.05401996523141861	0.14979273080825806	0.1928902268409729	0.2839760184288025	0.0	0.0
s2_sv	5	single	-1	wrong	241,273	0.0	-1	1					0.08928357809782028	0.1353919804096222	0.07634364068508148	0.17804205417633057	0.1646527796983719	0.0	0.0
s2_sv	5	single	-1	wrong	279,840	0.0	-1	1					0.15821793675422668	0.1725836992263794	0.13926687836647034	0.15257970988750458	-0.22501200437545776	0.0	0.0
s2_sv	5	single	-1	wrong	876,957	0.0	-1	1					0.012451902031898499	0.033748894929885864	0.08573389053344727	0.13214704394340515	-0.0412253811955452	0.0	0.0
s2_sv	5	single	-1	wrong	408,606	0.0	-1	1					0.0030509852804243565	0.01900448463857174	0.10564982146024704	0.1253092885017395	-0.1355774700641632	0.0	0.0
s2_sv	5	single	-1	wrong	812,410	0.0	-1	1					0.2505812644958496	0.269206166267395	0.20377632975578308	0.19811713695526123	0.1257527470588684	0.0	0.0
s2_sv	5	single	-1	wrong	44,926	0.0	-1	1					0.11186474561691284	0.15166787803173065	0.18897414207458496	0.12175031006336212	0.26643645763397217	0.0	0.0
s2_sv	5	single	-1	wrong	323,1010	0.0	-1	1					0.00957463588565588	0.041128452867269516	0.14613401889801025	0.17467322945594788	-0.14193107187747955	0.0	0.0
s2_sv	5	single	-1	wrong	465,39	0.0	-1	1					0.003931785002350807	0.021087083965539932	0.10892600566148758	0.16633838415145874	0.2309342920780182	0.0	0.0
s2_sv	5	single	-1	wrong	593,993	0.0	-1	1					0.03869197890162468	0.08733540773391724	0.09648885577917099	0.1573881357908249	0.30202609300613403	0.0	0.0
s2_sv	5	single	-1	wrong	131,644	0.0	-1	1					0.06572720408439636	0.10593262314796448	0.26520782709121704	0.26950696110725403	0.5795179009437561	0.0	0.0
s2_sv	5	single	-1	wrong	673,527	0.0	-1	1					0.013599834404885769	0.04105009883642197	0.09714613854885101	0.14464712142944336	0.09633505344390869	0.0	0.0
s2_sv	5	single	-1	wrong	910,948	0.0	-1	1					0.10371066629886627	0.13766717910766602	0.11984603106975555	0.13193513453006744	-0.20239189267158508	0.0	0.0
s2_sv	5	single	-1	wrong	568,79	0.0	-1	1					0.05694650486111641	0.12388525158166885	0.07261933386325836	0.17171797156333923	-0.1399592161178589	0.0	0.0
s2_sv	5	single	-1	wrong	581,668	0.0	-1	1					0.054435327649116516	0.13002388179302216	0.3345727324485779	0.25742626190185547	1.1761512756347656	0.0	0.0
s2_sv	5	single	-1	wrong	645,422	0.0	-1	1					0.158034548163414	0.26286303997039795	0.14563381671905518	0.18823356926441193	0.010854076594114304	0.0	0.0
s2_sv	5	single	-1	wrong	619,270	0.0	-1	1					0.0026505300775170326	0.01756342127919197	0.14441676437854767	0.16335919499397278	0.013552638702094555	0.0	0.0
s2_sv	5	single	-1	wrong	494,583	0.0	-1	1					0.19476959109306335	0.2461918294429779	0.16849248111248016	0.253046452999115	0.3750993311405182	0.0	0.0
s2_sv	5	single	-1	wrong	37,1009	0.0	-1	1					0.006222001742571592	0.024904627352952957	0.08127506077289581	0.15483790636062622	0.3015791177749634	0.0	0.0
s2_sv	5	single	-1	wrong	912,206	0.0	-1	1					0.002972075715661049	0.01365491934120655	0.12359583377838135	0.1081741526722908	0.2695239782333374	0.0	0.0
s2_sv	5	single	-1	wrong	848,248	0.0	-1	1					0.022547345608472824	0.04422244057059288	0.11222246289253235	0.13667970895767212	0.06059220805764198	0.0	0.0
s2_sv	5	single	-1	wrong	894,403	0.0	-1	1					0.06291906535625458	0.13416185975074768	0.09807886183261871	0.1340307891368866	-0.03897200524806976	0.0	0.0
s2_sv	5	single	-1	wrong	532,398	0.0	-1	1					0.007100706920027733	0.042308297008275986	0.1253972351551056	0.11999597400426865	0.2973056435585022	0.0	0.0
s2_sv	5	single	-1	wrong	444,31	0.0	-1	1					0.3889291286468506	0.4076164960861206	0.13378039002418518	0.17614534497261047	0.6088060140609741	0.0	0.0
s2_sv	5	single	-1	wrong	683,673	0.0	-1	1					0.025078942999243736	0.06132466346025467	0.13632677495479584	0.1736084520816803	0.02234601229429245	0.0	0.0
s2_sv	5	single	-1	wrong	781,639	0.0	-1	1					0.07669088244438171	0.12572656571865082	0.11192671954631805	0.16005834937095642	0.052387312054634094	0.0	0.0
s2_sv	5	single	-1	wrong	734,346	0.0	-1	1					0.004146015737205744	0.017596539109945297	0.06719521433115005	0.1330525279045105	0.24875381588935852	0.0	0.0
s2_sv	5	single	-1	wrong	947,903	0.0	-1	1					0.045174047350883484	0.07306736707687378	0.21055519580841064	0.19408318400382996	0.04201210290193558	0.0	0.0
s2_sv	5	single	-1	wrong	794,607	0.0	-1	1					0.19864678382873535	0.2939721345901489	0.07733126729726791	0.10137556493282318	-0.16016224026679993	0.0	0.0
s2_sv	5	single	-1	wrong	685,246	0.0	-1	1					0.002706324914470315	0.016575505957007408	0.11413198709487915	0.11427731812000275	-0.05904391035437584	0.0	0.0
s2_sv	5	single	-1	wrong	498,23	0.0	-1	1					0.10352960973978043	0.16425125300884247	0.1463925540447235	0.12017518281936646	0.09145096689462662	0.0	0.0
s2_sv	5	single	-1	wrong	333,881	0.0	-1	1					0.0042461249977350235	0.01683518849313259	0.14348846673965454	0.20587041974067688	0.14256763458251953	0.0	0.0
s2_sv	5	single	-1	wrong	562,768	0.0	-1	1					0.22145472466945648	0.2604939937591553	0.27462640404701233	0.265869140625	0.623855471611023	0.0	0.0
s2_sv	5	single	-1	wrong	266,807	0.0	-1	1					0.3725737929344177	0.3363562226295471	0.11283224821090698	0.09604167938232422	-0.12767738103866577	0.0	0.0
