arm	level	form	draw	cls	cand	world	n_moved	n_entries	read_banked	read_shaped_refit	read_frozen	read_twin	p_banked	p_shaped_refit	p_frozen	p_twin	dp_top	dp_lse	dp_marg
s2_yd	2	delta	0	true	7,1	0.0390625	31	14	0.009880304336547852	0.008605822920799255	0.02025282382965088	0.010282397270202637	0.24594217538833618	0.2284485548734665	0.18245220184326172	0.20403608679771423	0.0341489315032959	-0.04534238576889038	0.01882849633693695
s2_yd	2	delta	0	true	0,7	-0.01171875	26	14	0.0062142908573150635	0.001076430082321167	0.004772841930389404	1.2561678886413574e-05	0.2422761619091034	0.2209191620349884	0.16697221994400024	0.193766251206398	0.042841315269470215	-0.00902491807937622	0.02793911099433899
s2_yd	2	delta	0	true	1,6	0.0	0	14	0.0	0.0	0.0	0.0	0.23606187105178833	0.21984273195266724	0.16219937801361084	0.1937536895275116	0.0	-0.046522319316864014	0.0
s2_yd	2	delta	0	wrong	3,7	0.0	4	14	0.00036597251892089844	-0.0004697442054748535	0.002309843897819519	-0.00047215819358825684	0.23642784357070923	0.21937298774719238	0.16450922191143036	0.19328153133392334	0.003787517547607422	-0.0464136004447937	-0.005631238222122192
s2_yd	2	delta	0	wrong	0,4	-0.0078125	2	14	0.0007504522800445557	0.0005215108394622803	0.0008490532636642456	-0.0004611760377883911	0.23681232333183289	0.22036424279212952	0.16304843127727509	0.1932925134897232	0.004312634468078613	-0.01966482400894165	0.003289937973022461
s2_yd	2	delta	0	wrong	6,6	0.0	0	14	0.0	0.0	0.0	0.0	0.23606187105178833	0.21984273195266724	0.16219937801361084	0.1937536895275116	0.0	-0.012908518314361572	0.0
s2_yd	2	delta	0	wrong	7,3	-0.05078125	18	14	-0.011244416236877441	-0.01470126211643219	-0.0019239187240600586	-0.0023236870765686035	0.2248174548149109	0.20514146983623505	0.16027545928955078	0.191430002450943	0.005989193916320801	-0.07388943433761597	-0.006269916892051697
s2_yd	2	delta	0	wrong	1,7	-0.0234375	7	14	-0.005483150482177734	-0.005650073289871216	-0.0026031136512756348	-0.00033864378929138184	0.2305787205696106	0.21419265866279602	0.1595962643623352	0.19341504573822021	0.007901906967163086	-0.033687055110931396	0.005513936281204224
s2_yd	2	delta	0	wrong	2,3	-0.0078125	4	14	-0.000831305980682373	-0.0006528496742248535	-0.00020501017570495605	-0.0005667209625244141	0.23523056507110596	0.21918988227844238	0.16199436783790588	0.19318696856498718	0.0014232397079467773	-0.040090739727020264	-0.015443295240402222
s2_yd	2	delta	0	wrong	5,1	-0.00390625	2	14	-0.0011838078498840332	-0.00039502978324890137	0.00030687451362609863	-0.0011414289474487305	0.2348780632019043	0.21944770216941833	0.16250625252723694	0.19261226058006287	0.00538325309753418	-0.009471297264099121	0.0007582902908325195
s2_yd	2	delta	0	wrong	4,0	-0.0234375	7	14	-0.00380648672580719	-0.0029906481504440308	-0.004375383257865906	-0.0017139017581939697	0.23225538432598114	0.2168520838022232	0.15782399475574493	0.19203978776931763	0.006483554840087891	-0.018769264221191406	0.004166647791862488
s2_yd	2	delta	0	wrong	2,4	0.0	0	14	0.0	0.0	0.0	0.0	0.23606187105178833	0.21984273195266724	0.16219937801361084	0.1937536895275116	0.0	-0.016558706760406494	-0.0027956366539001465
s2_yd	2	delta	0	wrong	3,4	-0.00390625	2	14	-0.0001621842384338379	-0.00032892823219299316	6.797909736633301e-05	0.0003520846366882324	0.2358996868133545	0.21951380372047424	0.16226735711097717	0.19410577416419983	0.002283811569213867	-0.026160895824432373	-6.496906280517578e-06
s2_yd	2	delta	0	wrong	6,5	0.0	0	14	0.0	0.0	0.0	0.0	0.23606187105178833	0.21984273195266724	0.16219937801361084	0.1937536895275116	0.0	-0.0032799243927001953	0.0
s2_yd	2	delta	0	wrong	7,4	-0.046875	19	14	-0.004368454217910767	-0.003645002841949463	0.001004040241241455	-0.0002091526985168457	0.23169341683387756	0.21619772911071777	0.1632034182548523	0.19354453682899475	0.013173103332519531	-0.06697529554367065	0.00820949673652649
s2_yd	2	delta	0	wrong	4,5	-0.01171875	4	14	-0.0032320022583007812	-0.002766937017440796	-0.0027825236320495605	-0.0013752579689025879	0.23282986879348755	0.21707579493522644	0.15941685438156128	0.192378431558609	0.002378702163696289	-0.02635139226913452	-0.005085572600364685
s2_yd	2	delta	0	wrong	4,2	0.0	0	14	0.0	0.0	0.0	0.0	0.23606187105178833	0.21984273195266724	0.16219937801361084	0.1937536895275116	0.0	-0.009531915187835693	0.0
s2_yd	2	delta	0	wrong	2,0	-0.00390625	2	14	0.0003555566072463989	0.00010266900062561035	0.0007929503917694092	0.00021910667419433594	0.23641742765903473	0.21994540095329285	0.16299232840538025	0.19397279620170593	0.0013959407806396484	-0.027920901775360107	-0.003785640001296997
s2_yd	2	delta	0	wrong	4,3	0.0	0	14	0.0	0.0	0.0	0.0	0.23606187105178833	0.21984273195266724	0.16219937801361084	0.1937536895275116	0.0	-0.02315300703048706	-0.0026464760303497314
s2_yd	2	delta	0	wrong	7,2	0.0	0	14	0.0	0.0	0.0	0.0	0.23606187105178833	0.21984273195266724	0.16219937801361084	0.1937536895275116	0.0	-0.03020530939102173	-0.00035265088081359863
s2_yd	2	delta	0	wrong	6,2	0.0	0	14	0.0	0.0	0.0	0.0	0.23606187105178833	0.21984273195266724	0.16219937801361084	0.1937536895275116	0.0	-0.00259321928024292	0.0
s2_yd	2	delta	0	wrong	0,3	-0.0546875	19	14	-0.003765210509300232	-0.0057796090841293335	0.0037716031074523926	-0.004794850945472717	0.2322966605424881	0.2140631228685379	0.16597098112106323	0.18895883858203888	0.02310800552368164	-0.02213519811630249	0.010406166315078735
s2_yd	2	delta	0	wrong	3,3	-0.01171875	3	14	-0.001467674970626831	-0.0028357207775115967	-0.0006879419088363647	0.00037385523319244385	0.2345941960811615	0.21700701117515564	0.16151143610477448	0.19412754476070404	0.0023627281188964844	-0.024746358394622803	-0.0011320412158966064
s2_yd	2	delta	0	wrong	5,6	-0.01953125	6	14	-0.0035258233547210693	-0.002296745777130127	-0.001582220196723938	-0.0038151443004608154	0.23253604769706726	0.2175459861755371	0.1606171578168869	0.18993854522705078	0.005172014236450195	-0.02813202142715454	0.0024245381355285645
s2_yd	2	delta	0	wrong	5,7	0.0078125	13	14	-0.00726473331451416	-0.005152881145477295	-0.00033921003341674805	-0.003300279378890991	0.22879713773727417	0.21468985080718994	0.1618601679801941	0.1904534101486206	0.013410091400146484	-0.03151017427444458	-0.005741134285926819
s2_yd	2	delta	0	wrong	6,4	0.0	0	14	0.0	0.0	0.0	0.0	0.23606187105178833	0.21984273195266724	0.16219937801361084	0.1937536895275116	0.0	-0.010882437229156494	0.0
s2_yd	2	delta	0	wrong	5,3	-0.0234375	9	14	-0.004619315266609192	-0.005306929349899292	-0.002782955765724182	-0.0025470107793807983	0.23144255578517914	0.21453580260276794	0.15941642224788666	0.1912066787481308	0.010294914245605469	-0.022701740264892578	-0.0016044080257415771
s2_yd	2	delta	0	wrong	1,5	-0.015625	4	14	-0.0029485225677490234	-0.0031610578298568726	-0.0020518898963928223	-0.001289963722229004	0.2331133484840393	0.21668167412281036	0.16014748811721802	0.1924637258052826	0.002511143684387207	-0.020597875118255615	-0.00028209388256073
s2_yd	2	delta	0	wrong	2,7	-0.03515625	12	14	-0.0029890984296798706	-0.003611728549003601	0.001796424388885498	0.001391381025314331	0.23307277262210846	0.21623100340366364	0.16399580240249634	0.19514507055282593	0.007576942443847656	-0.045957744121551514	-0.016255423426628113
s2_yd	2	delta	0	wrong	1,2	0.0	0	14	0.0	0.0	0.0	0.0	0.23606187105178833	0.21984273195266724	0.16219937801361084	0.1937536895275116	0.0	-0.008807003498077393	0.0
s2_yd	2	delta	0	wrong	7,5	-0.0078125	29	14	-0.0011881887912750244	0.0026963353157043457	0.00033167004585266113	0.0011132210493087769	0.2348736822605133	0.22253906726837158	0.1625310480594635	0.19486691057682037	0.023266196250915527	-0.04934757947921753	-0.011715099215507507
s2_yd	2	delta	0	wrong	3,1	-0.01171875	8	14	-0.0021917521953582764	-0.003161489963531494	0.002916872501373291	0.001131981611251831	0.23387011885643005	0.21668124198913574	0.16511625051498413	0.19488567113876343	0.006838679313659668	-0.030036628246307373	-0.0012543052434921265
s2_yd	2	delta	0	wrong	0,1	-0.00390625	1	14	0.0004893243312835693	0.00037607550621032715	0.0017917603254318237	1.728534698486328e-05	0.2365511953830719	0.22021880745887756	0.16399113833904266	0.19377097487449646	0.003291606903076172	-0.020901978015899658	0.0007607638835906982
s2_yd	2	delta	0	wrong	5,5	-0.0546875	27	14	-0.007831215858459473	-0.008724048733711243	-0.004745364189147949	-0.006305232644081116	0.22823065519332886	0.211118683218956	0.1574540138244629	0.18744845688343048	0.049407958984375	0.008159816265106201	0.02194279432296753
s2_yd	2	delta	0	wrong	0,6	-0.13671875	39	14	0.0028150975704193115	-0.0021316111087799072	0.007153600454330444	-0.009001284837722778	0.23887696862220764	0.21771112084388733	0.16935297846794128	0.18475240468978882	0.04078018665313721	-0.018314003944396973	0.03295442461967468
s2_yd	2	delta	0	wrong	3,6	-0.00390625	2	14	-0.00035497546195983887	-0.0002200603485107422	-2.4437904357910156e-05	-0.000133514404296875	0.2357068955898285	0.2196226716041565	0.16217494010925293	0.19362017512321472	0.0018184185028076172	-0.04482024908065796	-0.007102757692337036
s2_yd	2	delta	0	wrong	7,7	-0.14453125	55	14	-0.017865195870399475	-0.019569575786590576	0.012036949396133423	0.025646448135375977	0.21819667518138885	0.20027315616607666	0.17423632740974426	0.21940013766288757	0.05253899097442627	-0.06058138608932495	0.029872089624404907
s2_yd	2	delta	0	wrong	5,4	-0.00390625	2	14	-0.0012328624725341797	-0.0005381107330322266	-0.00010794401168823242	-0.0011258721351623535	0.23482900857925415	0.219304621219635	0.1620914340019226	0.19262781739234924	0.0051727294921875	-0.009152412414550781	0.002565324306488037
s2_yd	2	delta	0	wrong	0,5	-0.0234375	9	14	0.007884874939918518	0.00638212263584137	0.0015133023262023926	-0.0020094066858291626	0.24394674599170685	0.2262248545885086	0.16371268033981323	0.19174428284168243	0.008188843727111816	-0.030798494815826416	-0.010857731103897095
s2_yd	2	delta	0	wrong	7,0	-0.0625	21	14	-0.0067549049854278564	-0.005300939083099365	0.004025071859359741	0.00651589035987854	0.22930696606636047	0.21454179286956787	0.16622444987297058	0.20026957988739014	0.025174379348754883	-0.04004639387130737	0.013984143733978271
s2_yd	2	delta	0	wrong	1,4	-0.0078125	2	14	-0.00024446845054626465	-0.00025206804275512695	0.0006254315376281738	-0.0005547702312469482	0.23581740260124207	0.2195906639099121	0.162824809551239	0.19319891929626465	0.0010294914245605469	-0.030725538730621338	-6.820261478424072e-05
s2_yd	2	delta	0	wrong	0,0	-0.01171875	7	14	0.004534900188446045	0.002529323101043701	0.001446157693862915	0.0008189529180526733	0.24059677124023438	0.22237205505371094	0.16364553570747375	0.19457264244556427	0.0038607120513916016	-0.026438891887664795	-0.0007596611976623535
s2_yd	2	delta	0	wrong	4,4	-0.0078125	2	14	-0.00030353665351867676	-0.00026732683181762695	0.00012829899787902832	-0.00022943317890167236	0.23575833439826965	0.2195754051208496	0.16232767701148987	0.19352425634860992	0.000789642333984375	-0.03128618001937866	-0.00034540891647338867
s2_yd	2	delta	0	wrong	4,7	-0.0234375	7	14	-0.005532562732696533	-0.005821123719215393	-0.002707347273826599	-0.001018524169921875	0.2305293083190918	0.21402160823345184	0.15949203073978424	0.19273516535758972	0.007866859436035156	-0.037132441997528076	0.005398407578468323
s2_yd	2	delta	0	wrong	1,0	-0.01953125	6	14	-0.005448371171951294	-0.005667924880981445	-0.003161817789077759	-0.0018990039825439453	0.23061349987983704	0.2141748070716858	0.15903756022453308	0.19185468554496765	0.005682706832885742	-0.017663300037384033	0.004595160484313965
s2_yd	2	delta	0	wrong	2,2	0.0	0	14	0.0	0.0	0.0	0.0	0.23606187105178833	0.21984273195266724	0.16219937801361084	0.1937536895275116	0.0	-0.010463356971740723	-0.001578301191329956
s2_yd	2	delta	0	wrong	2,1	0.0	0	14	0.0	0.0	0.0	0.0	0.23606187105178833	0.21984273195266724	0.16219937801361084	0.1937536895275116	0.0	-0.01857203245162964	-0.006092637777328491
s2_yd	2	delta	0	wrong	6,7	0.0	0	14	0.0	0.0	0.0	0.0	0.23606187105178833	0.21984273195266724	0.16219937801361084	0.1937536895275116	0.0	-0.011690020561218262	0.0
s2_yd	2	delta	0	wrong	6,0	0.0	0	14	0.0	0.0	0.0	0.0	0.23606187105178833	0.21984273195266724	0.16219937801361084	0.1937536895275116	0.0	-0.0033982396125793457	0.0
s2_yd	2	delta	0	wrong	0,2	0.0	0	14	0.0	0.0	0.0	0.0	0.23606187105178833	0.21984273195266724	0.16219937801361084	0.1937536895275116	0.0	-0.012241721153259277	-0.00040386617183685303
s2_yd	2	delta	0	wrong	6,3	0.0	0	14	0.0	0.0	0.0	0.0	0.23606187105178833	0.21984273195266724	0.16219937801361084	0.1937536895275116	0.0	-0.002848029136657715	0.0
s2_yd	2	delta	1	true	1,3	0.0	0	14	0.0	0.0	0.0	0.0	0.2457948625087738	0.22227191925048828	0.16651007533073425	0.19488219916820526	0.0	-0.01941514015197754	0.0
s2_yd	2	delta	1	true	7,1	0.0078125	34	14	0.007153064012527466	0.007594183087348938	0.021155446767807007	0.009412050247192383	0.25294792652130127	0.22986610233783722	0.18766552209854126	0.20429424941539764	0.04436779022216797	-0.03477287292480469	0.007931113243103027
s2_yd	2	delta	1	true	1,1	-0.04296875	15	14	-0.00351870059967041	-0.001352757215499878	0.0004621446132659912	-0.001115947961807251	0.2422761619091034	0.2209191620349884	0.16697221994400024	0.193766251206398	0.010963678359985352	-0.0319366455078125	-0.022196292877197266
s2_yd	2	delta	1	wrong	3,7	0.00390625	4	14	0.0007885098457336426	-0.0005786418914794922	0.0032105594873428345	-0.0008665770292282104	0.24658337235450745	0.2216932773590088	0.1697206348180771	0.19401562213897705	0.002592802047729492	-0.048805832862854004	-0.016968995332717896
s2_yd	2	delta	1	wrong	0,4	0.0	1	14	0.000380098819732666	0.0002608299255371094	0.00027324259281158447	-0.000241890549659729	0.24617496132850647	0.2225327491760254	0.16678331792354584	0.19464030861854553	0.00027620792388916016	-0.019087672233581543	-0.003760218620300293
s2_yd	2	delta	1	wrong	6,6	0.0	0	14	0.0	0.0	0.0	0.0	0.2457948625087738	0.22227191925048828	0.16651007533073425	0.19488219916820526	0.0	-0.013669788837432861	0.0
s2_yd	2	delta	1	wrong	7,3	-0.0390625	12	14	-0.010050714015960693	-0.013283014297485352	-0.0018593072891235352	-0.0020660609006881714	0.2357441484928131	0.20898890495300293	0.16465076804161072	0.1928161382675171	0.004190325736999512	-0.06830334663391113	-0.0065135657787323
s2_yd	2	delta	1	wrong	1,7	-0.03125	10	14	-0.004790008068084717	-0.006167948246002197	-0.0031760483980178833	-0.0008026212453842163	0.2410048544406891	0.21610397100448608	0.16333402693271637	0.19407957792282104	0.009441733360290527	-0.03393661975860596	-0.002637535333633423
s2_yd	2	delta	1	wrong	2,3	0.0	1	14	-0.0003978908061981201	-0.0004235208034515381	-0.00011578202247619629	-6.80088996887207e-05	0.24539697170257568	0.22184839844703674	0.16639429330825806	0.19481419026851654	0.000761866569519043	-0.03246033191680908	-0.0093994140625
s2_yd	2	delta	1	wrong	5,1	0.0	1	14	-0.0011978447437286377	-0.0004107952117919922	0.0001563727855682373	-0.0011134594678878784	0.24459701776504517	0.2218611240386963	0.1666664481163025	0.19376873970031738	0.00224912166595459	-0.012958645820617676	-0.0036853253841400146
s2_yd	2	delta	1	wrong	4,0	-0.0234375	7	14	-0.003806501626968384	-0.002990633249282837	-0.004375368356704712	-0.0017139166593551636	0.24198836088180542	0.21928128600120544	0.16213470697402954	0.1931682825088501	0.006483674049377441	-0.019376397132873535	0.004166632890701294
s2_yd	2	delta	1	wrong	2,4	0.0	0	14	0.0	0.0	0.0	0.0	0.2457948625087738	0.22227191925048828	0.16651007533073425	0.19488219916820526	0.0	-0.013759970664978027	-0.0011650025844573975
s2_yd	2	delta	1	wrong	3,4	-0.00390625	2	14	-0.0004197061061859131	-0.0004019737243652344	0.0002027750015258789	0.000392913818359375	0.2453751564025879	0.22186994552612305	0.16671285033226013	0.19527511298656464	0.00047409534454345703	-0.032317161560058594	-0.01787501573562622
s2_yd	2	delta	1	wrong	6,5	0.0	0	14	0.0	0.0	0.0	0.0	0.2457948625087738	0.22227191925048828	0.16651007533073425	0.19488219916820526	0.0	-0.0037261247634887695	0.0
s2_yd	2	delta	1	wrong	7,4	-0.0703125	24	14	-0.006527215242385864	-0.0033930540084838867	0.0053303539752960205	-0.0003981739282608032	0.23926764726638794	0.2188788652420044	0.17184042930603027	0.19448402523994446	0.015843749046325684	-0.06548929214477539	-0.010584235191345215
s2_yd	2	delta	1	wrong	4,5	-0.01171875	4	14	-0.0026815980672836304	-0.0025503337383270264	-0.0033925771713256836	-0.0019978731870651245	0.24311326444149017	0.21972158551216125	0.16311749815940857	0.19288432598114014	0.0026859045028686523	-0.026039838790893555	-0.0027785301208496094
s2_yd	2	delta	1	wrong	4,2	0.0	0	14	0.0	0.0	0.0	0.0	0.2457948625087738	0.22227191925048828	0.16651007533073425	0.19488219916820526	0.0	-0.010397672653198242	0.0
s2_yd	2	delta	1	wrong	2,0	0.0	2	14	-3.71783971786499e-05	4.011392593383789e-05	0.0010004639625549316	0.00022195279598236084	0.24575768411159515	0.22231203317642212	0.16751053929328918	0.19510415196418762	0.001265406608581543	-0.02460646629333496	-0.00048533082008361816
s2_yd	2	delta	1	wrong	4,3	0.0	0	14	0.0	0.0	0.0	0.0	0.2457948625087738	0.22227191925048828	0.16651007533073425	0.19488219916820526	0.0	-0.022417068481445312	-0.0026464909315109253
s2_yd	2	delta	1	wrong	7,2	0.0	0	14	0.0	0.0	0.0	0.0	0.2457948625087738	0.22227191925048828	0.16651007533073425	0.19488219916820526	0.0	-0.030141472816467285	0.0
s2_yd	2	delta	1	wrong	6,2	0.0	0	14	0.0	0.0	0.0	0.0	0.2457948625087738	0.22227191925048828	0.16651007533073425	0.19488219916820526	0.0	-0.003200054168701172	0.0
s2_yd	2	delta	1	wrong	0,3	-0.00390625	2	14	-0.0009400248527526855	-0.000843048095703125	0.00024387240409851074	-0.0006085485219955444	0.24485483765602112	0.22142887115478516	0.16675394773483276	0.19427365064620972	0.0009974241256713867	-0.04600954055786133	-0.024290040135383606
s2_yd	2	delta	1	wrong	3,3	-0.0078125	2	14	-0.00138130784034729	-0.002785980701446533	-0.0005385726690292358	0.00044427812099456787	0.2444135546684265	0.21948593854904175	0.16597150266170502	0.19532647728919983	0.0008829832077026367	-0.02558279037475586	-0.004091829061508179
s2_yd	2	delta	1	wrong	5,6	-0.01171875	4	14	-0.0027299076318740845	-0.0017174780368804932	-0.0013605952262878418	-0.0024674981832504272	0.24306495487689972	0.2205544412136078	0.1651494801044464	0.19241470098495483	0.0028105974197387695	-0.02689075469970703	-0.002160698175430298
s2_yd	2	delta	1	wrong	5,7	0.01171875	12	14	-0.007356166839599609	-0.005186587572097778	-0.0002741962671279907	-0.0033900290727615356	0.2384386956691742	0.2170853316783905	0.16623587906360626	0.19149217009544373	0.010119080543518066	-0.031033873558044434	-0.008012086153030396
s2_yd	2	delta	1	wrong	6,4	0.0	0	14	0.0	0.0	0.0	0.0	0.2457948625087738	0.22227191925048828	0.16651007533073425	0.19488219916820526	0.0	-0.014096856117248535	-0.00828087329864502
s2_yd	2	delta	1	wrong	5,3	-0.01953125	8	14	-0.004553079605102539	-0.0052655041217803955	-0.002637147903442383	-0.002467826008796692	0.24124178290367126	0.21700641512870789	0.16387292742729187	0.19241437315940857	0.007336258888244629	-0.023653507232666016	-0.007182985544204712
s2_yd	2	delta	1	wrong	1,5	-0.015625	5	14	-0.002912357449531555	-0.0031623244285583496	-0.0033587515354156494	-0.002169892191886902	0.24288250505924225	0.21910959482192993	0.1631513237953186	0.19271230697631836	0.0027382373809814453	-0.02086472511291504	0.0007588416337966919
s2_yd	2	delta	1	wrong	2,7	-0.0078125	5	14	-0.002220854163169861	-0.002501383423805237	0.0009720325469970703	0.001989990472793579	0.24357400834560394	0.21977053582668304	0.16748210787773132	0.19687218964099884	0.001961350440979004	-0.044080376625061035	-0.015470564365386963
s2_yd	2	delta	1	wrong	1,2	0.0	0	14	0.0	0.0	0.0	0.0	0.2457948625087738	0.22227191925048828	0.16651007533073425	0.19488219916820526	0.0	-0.0097886323928833	0.0
s2_yd	2	delta	1	wrong	7,5	-0.0078125	28	14	-9.527802467346191e-05	0.004303142428398132	-9.128451347351074e-05	0.0006626397371292114	0.24569958448410034	0.2265750616788864	0.16641879081726074	0.19554483890533447	0.02277505397796631	-0.04609060287475586	-0.004936039447784424
s2_yd	2	delta	1	wrong	3,1	-0.03515625	11	14	-0.004442170262336731	-0.005379438400268555	0.005737036466598511	0.0011309683322906494	0.24135269224643707	0.21689248085021973	0.17224711179733276	0.1960131675004959	0.01096951961517334	-0.02916741371154785	-0.022531017661094666
s2_yd	2	delta	1	wrong	0,1	0.0	0	14	0.0	0.0	0.0	0.0	0.2457948625087738	0.22227191925048828	0.16651007533073425	0.19488219916820526	0.0	-0.01940762996673584	-0.0032917261123657227
s2_yd	2	delta	1	wrong	5,5	-0.0546875	27	14	-0.007831215858459473	-0.008724033832550049	-0.004745379090309143	-0.00630524754524231	0.23796364665031433	0.21354788541793823	0.1617646962404251	0.18857695162296295	0.04940807819366455	0.011483192443847656	0.027522414922714233
s2_yd	2	delta	1	wrong	0,6	-0.09765625	25	14	-0.00017930567264556885	-0.0017591118812561035	0.0027159452438354492	-0.005921944975852966	0.24561555683612823	0.22051280736923218	0.1692260205745697	0.1889602541923523	0.012802958488464355	-0.04862046241760254	-0.016274720430374146
s2_yd	2	delta	1	wrong	3,6	0.0	1	14	-0.00034058094024658203	-0.00018593668937683105	6.866455078125e-05	-5.4970383644104004e-05	0.24545428156852722	0.22208598256111145	0.1665787398815155	0.19482722878456116	0.001027226448059082	-0.04453015327453613	-0.011535108089447021
s2_yd	2	delta	1	wrong	7,7	-0.12109375	45	14	-0.01660582423210144	-0.01806548237800598	0.011001169681549072	0.021909639239311218	0.22918903827667236	0.2042064368724823	0.17751124501228333	0.21679183840751648	0.04467654228210449	-0.0680004358291626	-0.0013850033283233643
s2_yd	2	delta	1	wrong	5,4	0.0	2	14	-0.0016024112701416016	-0.000833362340927124	-0.0007019639015197754	-0.001326054334640503	0.2441924512386322	0.22143855690956116	0.16580811142921448	0.19355614483356476	0.0017243623733520508	-0.012889862060546875	-0.003461509943008423
s2_yd	2	delta	1	wrong	0,5	-0.00390625	3	14	0.0016449838876724243	0.0011462867259979248	0.00011032819747924805	-0.0008036047220230103	0.24743984639644623	0.2234182059764862	0.1666204035282135	0.19407859444618225	0.0020869970321655273	-0.03200507164001465	-0.009795278310775757
s2_yd	2	delta	1	wrong	7,0	-0.06640625	21	14	-0.005606710910797119	-0.004153147339820862	0.005076125264167786	0.005516186356544495	0.24018815159797668	0.21811877191066742	0.17158620059490204	0.20039838552474976	0.0252763032913208	-0.0372772216796875	0.01587758958339691
s2_yd	2	delta	1	wrong	1,4	-0.015625	4	14	-0.002204984426498413	-0.0015908032655715942	0.0010045170783996582	-0.0007550865411758423	0.2435898780822754	0.2206811159849167	0.1675145924091339	0.19412711262702942	0.0021272897720336914	-0.033629655838012695	-0.011892080307006836
s2_yd	2	delta	1	wrong	0,0	0.0	3	14	0.0021072328090667725	0.0005888044834136963	0.0006259232759475708	0.00012347102165222168	0.24790209531784058	0.22286072373390198	0.16713599860668182	0.19500567018985748	0.0008281469345092773	-0.02475452423095703	-0.0023539364337921143
s2_yd	2	delta	1	wrong	4,4	-0.01171875	4	14	-0.002092421054840088	-0.0009661018848419189	0.0008542686700820923	-5.583465099334717e-05	0.24370244145393372	0.22130581736564636	0.16736434400081635	0.19482636451721191	0.0019248723983764648	-0.03383803367614746	-0.012101858854293823
s2_yd	2	delta	1	wrong	4,7	-0.03125	10	14	-0.005183130502700806	-0.006410941481590271	-0.003857046365737915	-0.001195862889289856	0.240611732006073	0.215860977768898	0.16265302896499634	0.1936863362789154	0.009345412254333496	-0.0366208553314209	-0.00252436101436615
s2_yd	2	delta	1	wrong	1,0	-0.01953125	6	14	-0.005448371171951294	-0.0056679099798202515	-0.003161817789077759	-0.0018990188837051392	0.2403464913368225	0.21660400927066803	0.1633482575416565	0.19298318028450012	0.005682587623596191	-0.01852583885192871	0.004595145583152771
s2_yd	2	delta	1	wrong	2,2	0.0	0	14	0.0	0.0	0.0	0.0	0.2457948625087738	0.22227191925048828	0.16651007533073425	0.19488219916820526	0.0	-0.00878751277923584	-0.0005437731742858887
s2_yd	2	delta	1	wrong	2,1	0.0	0	14	0.0	0.0	0.0	0.0	0.2457948625087738	0.22227191925048828	0.16651007533073425	0.19488219916820526	0.0	-0.016165316104888916	-0.0030764788389205933
s2_yd	2	delta	1	wrong	6,7	0.0	0	14	0.0	0.0	0.0	0.0	0.2457948625087738	0.22227191925048828	0.16651007533073425	0.19488219916820526	0.0	-0.014418303966522217	-0.0052598267793655396
s2_yd	2	delta	1	wrong	6,0	0.0	0	14	0.0	0.0	0.0	0.0	0.2457948625087738	0.22227191925048828	0.16651007533073425	0.19488219916820526	0.0	-0.0035980939865112305	0.0
s2_yd	2	delta	1	wrong	0,2	0.0	0	14	0.0	0.0	0.0	0.0	0.2457948625087738	0.22227191925048828	0.16651007533073425	0.19488219916820526	0.0	-0.008607208728790283	0.0
s2_yd	2	delta	1	wrong	6,3	0.0	0	14	0.0	0.0	0.0	0.0	0.2457948625087738	0.22227191925048828	0.16651007533073425	0.19488219916820526	0.0	-0.0031328797340393066	0.0
s2_yd	2	delta	2	true	4,6	0.0	0	14	0.0	0.0	0.0	0.0	0.25294792652130127	0.22986610233783722	0.18766552209854126	0.20429424941539764	0.0	-0.04116666316986084	-0.0002506673336029053
s2_yd	2	delta	2	true	3,2	0.0	0	14	0.0	0.0	0.0	0.0	0.25294792652130127	0.22986610233783722	0.18766552209854126	0.20429424941539764	0.0	-0.01508265733718872	-0.00019744038581848145
s2_yd	2	delta	2	true	1,1	-0.01171875	3	14	-0.0007914900779724121	-0.0003411024808883667	-0.0004404783248901367	-0.0002456158399581909	0.25215643644332886	0.22952499985694885	0.18722504377365112	0.20404863357543945	0.000744938850402832	-0.0354233980178833	-0.009724706411361694
s2_yd	2	delta	2	wrong	3,7	0.0	2	14	0.0002720355987548828	-0.0004618912935256958	0.0009681433439254761	-0.0006383508443832397	0.25321996212005615	0.22940421104431152	0.18863366544246674	0.2036558985710144	0.0013976097106933594	-0.044490933418273926	-0.007357180118560791
s2_yd	2	delta	2	wrong	0,4	0.0	1	14	0.000380098819732666	0.0002608448266983032	0.0002732574939727783	-0.000241890549659729	0.25332802534103394	0.23012694716453552	0.18793877959251404	0.20405235886573792	0.00027620792388916016	-0.017871379852294922	-0.003760203719139099
s2_yd	2	delta	2	wrong	6,6	0.0	0	14	0.0	0.0	0.0	0.0	0.25294792652130127	0.22986610233783722	0.18766552209854126	0.20429424941539764	0.0	-0.01131439208984375	0.0
s2_yd	2	delta	2	wrong	7,3	-0.0390625	11	14	-0.009987220168113708	-0.013086095452308655	-0.0008357018232345581	-0.0020245760679244995	0.24296070635318756	0.21678000688552856	0.1868298202753067	0.20226967334747314	0.004022002220153809	-0.06161904335021973	-0.006433755159378052
s2_yd	2	delta	2	wrong	1,7	-0.0234375	6	14	-0.005829736590385437	-0.005833372473716736	-0.0039098262786865234	-0.001390203833580017	0.24711818993091583	0.22403272986412048	0.18375569581985474	0.20290404558181763	0.006411194801330566	-0.0293271541595459	0.0022818446159362793
s2_yd	2	delta	2	wrong	2,3	0.0	1	14	-0.0003978908061981201	-0.0004235208034515381	-0.00011578202247619629	-6.80088996887207e-05	0.25255003571510315	0.22944258153438568	0.18754974007606506	0.20422624051570892	0.0007619857788085938	-0.03141331672668457	-0.008799582719802856
s2_yd	2	delta	2	wrong	5,1	0.0	1	14	-0.0012919902801513672	-0.0008392781019210815	-0.0004538893699645996	-0.0012996941804885864	0.2516559362411499	0.22902682423591614	0.18721163272857666	0.20299455523490906	0.0012812614440917969	-0.013289809226989746	-0.004739165306091309
s2_yd	2	delta	2	wrong	4,0	-0.015625	6	14	-0.003704965114593506	-0.002924114465713501	-0.005002453923225403	-0.0017472058534622192	0.24924296140670776	0.22694198787212372	0.18266306817531586	0.20254704356193542	0.0055648088455200195	-0.017765402793884277	0.002965867519378662
s2_yd	2	delta	2	wrong	2,4	0.0	0	14	0.0	0.0	0.0	0.0	0.25294792652130127	0.22986610233783722	0.18766552209854126	0.20429424941539764	0.0	-0.012246489524841309	-0.0009930282831192017
s2_yd	2	delta	2	wrong	3,4	0.0	0	14	0.0	0.0	0.0	0.0	0.25294792652130127	0.22986610233783722	0.18766552209854126	0.20429424941539764	0.0	-0.026227951049804688	-0.004771679639816284
s2_yd	2	delta	2	wrong	6,5	0.0	0	14	0.0	0.0	0.0	0.0	0.25294792652130127	0.22986610233783722	0.18766552209854126	0.20429424941539764	0.0	-0.0028232932090759277	0.0
s2_yd	2	delta	2	wrong	7,4	-0.015625	10	14	-0.0015107393264770508	-0.00219707190990448	-0.0046519935131073	-0.001553371548652649	0.2514371871948242	0.22766903042793274	0.18301352858543396	0.202740877866745	0.0031287670135498047	-0.06988334655761719	-0.00977131724357605
s2_yd	2	delta	2	wrong	4,5	-0.01171875	3	14	-0.002938508987426758	-0.0027431249618530273	-0.0019598007202148438	-0.0013123303651809692	0.2500094175338745	0.2271229773759842	0.18570572137832642	0.20298191905021667	0.0022410154342651367	-0.023662567138671875	-0.0036684274673461914
s2_yd	2	delta	2	wrong	4,2	0.0	0	14	0.0	0.0	0.0	0.0	0.25294792652130127	0.22986610233783722	0.18766552209854126	0.20429424941539764	0.0	-0.008316874504089355	0.0
s2_yd	2	delta	2	wrong	2,0	0.0	2	14	-3.719329833984375e-05	4.011392593383789e-05	0.0010004639625549316	0.00022195279598236084	0.2529107332229614	0.22990621626377106	0.1886659860610962	0.20451620221138	0.001265406608581543	-0.024110257625579834	-0.0004853159189224243
s2_yd	2	delta	2	wrong	4,3	0.0	0	14	0.0	0.0	0.0	0.0	0.25294792652130127	0.22986610233783722	0.18766552209854126	0.20429424941539764	0.0	-0.019630134105682373	-0.0026464909315109253
s2_yd	2	delta	2	wrong	7,2	0.0	0	14	0.0	0.0	0.0	0.0	0.25294792652130127	0.22986610233783722	0.18766552209854126	0.20429424941539764	0.0	-0.025290846824645996	0.0
s2_yd	2	delta	2	wrong	6,2	0.0	0	14	0.0	0.0	0.0	0.0	0.25294792652130127	0.22986610233783722	0.18766552209854126	0.20429424941539764	0.0	-0.002181112766265869	0.0
s2_yd	2	delta	2	wrong	0,3	-0.00390625	2	14	-0.0009400248527526855	-0.0008430629968643188	0.00024387240409851074	-0.0006085485219955444	0.2520079016685486	0.2290230393409729	0.18790939450263977	0.2036857008934021	0.0009976625442504883	-0.04488325119018555	-0.024290040135383606
s2_yd	2	delta	2	wrong	3,3	-0.0078125	2	14	-0.00138130784034729	-0.002785995602607727	-0.0005385875701904297	0.00044430792331695557	0.251566618680954	0.2270801067352295	0.18712693452835083	0.2047385573387146	0.0008829832077026367	-0.024451732635498047	-0.004289254546165466
s2_yd	2	delta	2	wrong	5,6	-0.01171875	4	14	-0.00282403826713562	-0.0021459609270095825	-0.0019708573818206787	-0.0026537030935287476	0.25012388825416565	0.22772014141082764	0.18569466471672058	0.2016405463218689	0.0018426179885864258	-0.027932167053222656	-0.003924459218978882
s2_yd	2	delta	2	wrong	5,7	0.01171875	12	14	-0.007450312376022339	-0.005615070462226868	-0.0008844584226608276	-0.003576233983039856	0.24549761414527893	0.22425103187561035	0.18678106367588043	0.2007180154323578	0.009151339530944824	-0.03136241436004639	-0.00871327519416809
s2_yd	2	delta	2	wrong	6,4	0.0	0	14	0.0	0.0	0.0	0.0	0.25294792652130127	0.22986610233783722	0.18766552209854126	0.20429424941539764	0.0	-0.009012818336486816	0.0
s2_yd	2	delta	2	wrong	5,3	-0.01953125	8	14	-0.004553079605102539	-0.005265489220619202	-0.002637133002281189	-0.002467811107635498	0.24839484691619873	0.22460061311721802	0.18502838909626007	0.20182643830776215	0.007336258888244629	-0.02295100688934326	-0.006336122751235962
s2_yd	2	delta	2	wrong	1,5	-0.015625	4	14	-0.0029485225677490234	-0.0031610429286956787	-0.0020518898963928223	-0.0012899786233901978	0.24999940395355225	0.22670505940914154	0.18561363220214844	0.20300427079200745	0.0025113821029663086	-0.018094539642333984	0.00030481815338134766
s2_yd	2	delta	2	wrong	2,7	-0.0078125	4	14	-0.0017653703689575195	-0.002307787537574768	0.0008402317762374878	0.0013741403818130493	0.25118255615234375	0.22755831480026245	0.18850575387477875	0.2056683897972107	0.001702427864074707	-0.042238712310791016	-0.014754056930541992
s2_yd	2	delta	2	wrong	1,2	0.0	0	14	0.0	0.0	0.0	0.0	0.25294792652130127	0.22986610233783722	0.18766552209854126	0.20429424941539764	0.0	-0.007688343524932861	0.0
s2_yd	2	delta	2	wrong	7,5	-0.01171875	25	14	-0.0017244815826416016	0.0020917505025863647	-0.0017664432525634766	6.085634231567383e-05	0.25122344493865967	0.23195785284042358	0.18589907884597778	0.20435510575771332	0.02078235149383545	-0.042679786682128906	-0.007581457495689392
s2_yd	2	delta	2	wrong	3,1	-0.01171875	3	14	-0.0012603998184204102	-0.0014948099851608276	-0.0008650422096252441	-0.0003092139959335327	0.25168752670288086	0.2283712923526764	0.18680047988891602	0.2039850354194641	0.0035496950149536133	-0.030095219612121582	-0.006945908069610596
s2_yd	2	delta	2	wrong	0,1	0.0	0	14	0.0	0.0	0.0	0.0	0.25294792652130127	0.22986610233783722	0.18766552209854126	0.20429424941539764	0.0	-0.01803112030029297	-0.0032917261123657227
s2_yd	2	delta	2	wrong	5,5	-0.0546875	27	14	-0.007925331592559814	-0.009152531623840332	-0.00535564124584198	-0.006491467356681824	0.24502259492874146	0.2207135707139969	0.18230988085269928	0.19780278205871582	0.04844021797180176	0.009857356548309326	0.026821225881576538
s2_yd	2	delta	2	wrong	0,6	-0.09765625	25	14	-0.000179290771484375	-0.0017591267824172974	0.002715960144996643	-0.005921944975852966	0.2527686357498169	0.22810697555541992	0.1903814822435379	0.19837230443954468	0.012803196907043457	-0.04717588424682617	-0.016274690628051758
s2_yd	2	delta	2	wrong	3,6	0.0	1	14	-0.00034058094024658203	-0.0001859515905380249	6.866455078125e-05	-5.4970383644104004e-05	0.2526073455810547	0.2296801507472992	0.1877341866493225	0.20423927903175354	0.001027226448059082	-0.041191935539245605	-0.008882462978363037
s2_yd	2	delta	2	wrong	7,7	-0.08984375	30	14	-0.018963992595672607	-0.01845279335975647	0.0007750988006591797	0.0104912668466568	0.23398393392562866	0.21141330897808075	0.18844062089920044	0.21478551626205444	0.030421137809753418	-0.07405686378479004	-0.0051767826080322266
s2_yd	2	delta	2	wrong	5,4	0.0	2	14	-0.001696556806564331	-0.0012618452310562134	-0.0013122260570526123	-0.001512274146080017	0.25125136971473694	0.228604257106781	0.18635329604148865	0.20278197526931763	0.0007566213607788086	-0.013640761375427246	-0.0045503973960876465
s2_yd	2	delta	2	wrong	0,5	-0.00390625	3	14	0.0016449987888336182	0.001146271824836731	0.00011032819747924805	-0.0008035898208618164	0.2545929253101349	0.23101237416267395	0.1877758502960205	0.20349065959453583	0.002087235450744629	-0.031290531158447266	-0.009081542491912842
s2_yd	2	delta	2	wrong	7,0	-0.05078125	18	14	-0.006499812006950378	-0.004700794816017151	0.0027417242527008057	0.005636677145957947	0.2464481145143509	0.22516530752182007	0.19040724635124207	0.2099309265613556	0.021741747856140137	-0.03700387477874756	0.00924798846244812
s2_yd	2	delta	2	wrong	1,4	0.0	0	14	0.0	0.0	0.0	0.0	0.25294792652130127	0.22986610233783722	0.18766552209854126	0.20429424941539764	0.0	-0.027682781219482422	-0.00212743878364563
s2_yd	2	delta	2	wrong	0,0	0.0	3	14	0.0021072328090667725	0.0005888193845748901	0.0006259232759475708	0.00012347102165222168	0.25505515933036804	0.2304549217224121	0.18829144537448883	0.20441772043704987	0.0008281469345092773	-0.024176180362701416	-0.0023539215326309204
s2_yd	2	delta	2	wrong	4,4	0.0	0	14	0.0	0.0	0.0	0.0	0.25294792652130127	0.22986610233783722	0.18766552209854126	0.20429424941539764	0.0	-0.027654290199279785	-0.0021755993366241455
s2_yd	2	delta	2	wrong	4,7	-0.0234375	6	14	-0.005818396806716919	-0.0059911757707595825	-0.004014402627944946	-0.00202120840549469	0.24712952971458435	0.22387492656707764	0.1836511194705963	0.20227304100990295	0.006409764289855957	-0.03188037872314453	0.002424567937850952
s2_yd	2	delta	2	wrong	1,0	-0.015625	5	14	-0.0051802098751068115	-0.0053938329219818115	-0.0030590593814849854	-0.0015960931777954102	0.24776771664619446	0.2244722694158554	0.18460646271705627	0.20269815623760223	0.004987359046936035	-0.01640331745147705	0.0032042711973190308
s2_yd	2	delta	2	wrong	2,2	0.0	0	14	0.0	0.0	0.0	0.0	0.25294792652130127	0.22986610233783722	0.18766552209854126	0.20429424941539764	0.0	-0.00838160514831543	-0.0005437731742858887
s2_yd	2	delta	2	wrong	2,1	0.0	0	14	0.0	0.0	0.0	0.0	0.25294792652130127	0.22986610233783722	0.18766552209854126	0.20429424941539764	0.0	-0.01383662223815918	-0.0018724501132965088
s2_yd	2	delta	2	wrong	6,7	0.0	0	14	0.0	0.0	0.0	0.0	0.25294792652130127	0.22986610233783722	0.18766552209854126	0.20429424941539764	0.0	-0.00965893268585205	0.0
s2_yd	2	delta	2	wrong	6,0	0.0	0	14	0.0	0.0	0.0	0.0	0.25294792652130127	0.22986610233783722	0.18766552209854126	0.20429424941539764	0.0	-0.003054499626159668	0.0
s2_yd	2	delta	2	wrong	0,2	0.0	0	14	0.0	0.0	0.0	0.0	0.25294792652130127	0.22986610233783722	0.18766552209854126	0.20429424941539764	0.0	-0.008349120616912842	0.0
s2_yd	2	delta	2	wrong	6,3	0.0	0	14	0.0	0.0	0.0	0.0	0.25294792652130127	0.22986610233783722	0.18766552209854126	0.20429424941539764	0.0	-0.0023940205574035645	0.0
s2_yd	2	single	-1	true	5,0	0.19921875	-1	1					0.09707731008529663	0.07722729444503784	0.11364693939685822	0.11343343555927277	-0.31329330801963806	0.0	0.0
s2_yd	2	single	-1	true	3,0	0.19921875	-1	1					0.18218770623207092	0.11420919746160507	0.14782045781612396	0.21258923411369324	-0.023024611175060272	0.0	0.0
s2_yd	2	single	-1	true	4,6	0.0234375	-1	1					0.07384011894464493	0.07580728828907013	0.05687049776315689	0.11459589749574661	-0.01162467896938324	0.0	0.0
s2_yd	2	single	-1	true	1,3	0.0234375	-1	1					0.05789799615740776	0.03533049672842026	0.1295090913772583	0.09091131389141083	-0.48893797397613525	0.0	0.0
s2_yd	2	single	-1	true	3,2	0.15625	-1	1					0.14603164792060852	0.09057410806417465	0.16469788551330566	0.2360411286354065	-0.5758816003799438	0.0	0.0
s2_yd	2	single	-1	true	7,1	0.15625	-1	1					0.17015421390533447	0.1735493540763855	0.2559029459953308	0.23623304069042206	0.2880581021308899	0.0	0.0
s2_yd	2	single	-1	true	5,0	0.19921875	-1	1					0.09707731008529663	0.07722729444503784	0.11364693939685822	0.11343343555927277	-0.31329330801963806	0.0	0.0
s2_yd	2	single	-1	true	7,6	0.46875	-1	1					0.20107929408550262	0.19142018258571625	0.17213986814022064	0.20936022698879242	0.7349693179130554	0.0	0.0
s2_yd	2	single	-1	true	2,5	0.1640625	-1	1					0.23862645030021667	0.2505341172218323	0.17065870761871338	0.21230220794677734	-0.48464107513427734	0.0	0.0
s2_yd	2	single	-1	true	5,2	0.1640625	-1	1					0.062382251024246216	0.048372723162174225	0.17285603284835815	0.13537976145744324	-0.8661503791809082	0.0	0.0
s2_yd	2	single	-1	true	7,6	0.46875	-1	1					0.20107929408550262	0.19142018258571625	0.17213986814022064	0.20936022698879242	0.7349693179130554	0.0	0.0
s2_yd	2	single	-1	true	1,1	0.25	-1	1					0.10758282244205475	0.10008599609136581	0.11694636195898056	0.14457961916923523	-0.5590026378631592	0.0	0.0
s2_yd	2	single	-1	true	0,7	0.21875	-1	1					0.20499922335147858	0.14641451835632324	0.23292845487594604	0.20363199710845947	-0.2618590295314789	0.0	0.0
s2_yd	2	single	-1	true	2,6	0.46875	-1	1					0.20107929408550262	0.19142018258571625	0.17213986814022064	0.20936022698879242	-0.17028206586837769	0.0	0.0
s2_yd	2	single	-1	true	1,6	0.15625	-1	1					0.08146394789218903	0.07486210018396378	0.08015358448028564	0.12949615716934204	-0.11209141463041306	0.0	0.0
s2_yd	2	single	-1	true	6,1	0.15625	-1	1					0.1507127583026886	0.12195320427417755	0.056268222630023956	0.1301739662885666	-1.8179019689559937	0.0	0.0
s2_yd	2	single	-1	wrong	3,7	0.15625	-1	1					0.14603164792060852	0.09057410806417465	0.16469788551330566	0.2360411286354065	0.2396712303161621	0.0	0.0
s2_yd	2	single	-1	wrong	0,4	0.0	-1	1					0.24753743410110474	0.2159058153629303	0.16761013865470886	0.12669804692268372	-0.7470320463180542	0.0	0.0
s2_yd	2	single	-1	wrong	6,6	0.0	-1	1					0.07621628046035767	0.057338520884513855	0.04887375980615616	0.11254485696554184	-1.3709906339645386	0.0	0.0
s2_yd	2	single	-1	wrong	7,3	0.0	-1	1					0.10825439542531967	0.0694536566734314	0.22837527096271515	0.1581963449716568	0.3581227660179138	0.0	0.0
s2_yd	2	single	-1	wrong	1,7	0.0	-1	1					0.07997049391269684	0.060823507606983185	0.12431421130895615	0.19036829471588135	-0.07861468940973282	0.0	0.0
s2_yd	2	single	-1	wrong	2,3	0.0	-1	1					0.10825439542531967	0.0694536566734314	0.22837527096271515	0.1581963449716568	-0.5471286773681641	0.0	0.0
s2_yd	2	single	-1	wrong	5,1	0.0	-1	1					0.08412589132785797	0.07770144939422607	0.13811174035072327	0.10156363248825073	-0.5309854745864868	0.0	0.0
s2_yd	2	single	-1	wrong	4,0	0.0	-1	1					0.10021542012691498	0.09733544290065765	0.04497096315026283	0.14837618172168732	-0.24084380269050598	0.0	0.0
s2_yd	2	single	-1	wrong	2,4	0.0	-1	1					0.19055384397506714	0.19974613189697266	0.17001870274543762	0.20409464836120605	-0.6219784617424011	0.0	0.0
s2_yd	2	single	-1	wrong	3,4	0.0	-1	1					0.05893084034323692	0.03230684995651245	0.1104188859462738	0.15003643929958344	-0.2455018311738968	0.0	0.0
s2_yd	2	single	-1	wrong	6,5	0.0	-1	1					0.1574021726846695	0.13735952973365784	0.06886191666126251	0.12003690004348755	-1.685349702835083	0.0	0.0
s2_yd	2	single	-1	wrong	7,4	0.0	-1	1					0.19055384397506714	0.19974613189697266	0.17001870274543762	0.20409464836120605	0.28327298164367676	0.0	0.0
s2_yd	2	single	-1	wrong	4,5	0.0	-1	1					0.11590349674224854	0.12845173478126526	0.0732317864894867	0.131169855594635	-0.3259837031364441	0.0	0.0
s2_yd	2	single	-1	wrong	4,2	0.0	-1	1					0.05608990788459778	0.0482642836868763	0.0687984973192215	0.1690996140241623	-0.7937008142471313	0.0	0.0
s2_yd	2	single	-1	wrong	2,0	0.0	-1	1					0.2030140608549118	0.1714351922273636	0.18895836174488068	0.2698459029197693	-0.3995012044906616	0.0	0.0
s2_yd	2	single	-1	wrong	4,3	0.0	-1	1					0.054168254137039185	0.040110863745212555	0.08484791219234467	0.09272626042366028	-0.38847124576568604	0.0	0.0
s2_yd	2	single	-1	wrong	7,2	0.0	-1	1					0.13138291239738464	0.10821646451950073	0.21579429507255554	0.3111696243286133	-0.04710681736469269	0.0	0.0
s2_yd	2	single	-1	wrong	6,2	0.0	-1	1					0.08151999115943909	0.058273185044527054	0.0739508792757988	0.1672196388244629	-2.153066635131836	0.0	0.0
s2_yd	2	single	-1	wrong	0,3	0.0	-1	1					0.1392667591571808	0.0687328577041626	0.2476261556148529	0.100701704621315	-0.6721822619438171	0.0	0.0
s2_yd	2	single	-1	wrong	3,3	0.0	-1	1					0.06524591892957687	0.022588439285755157	0.1446920782327652	0.13242022693157196	-0.17065203189849854	0.0	0.0
s2_yd	2	single	-1	wrong	5,6	0.0	-1	1					0.05972445011138916	0.05647941306233406	0.11521977931261063	0.0805567055940628	-0.08407421410083771	0.0	0.0
s2_yd	2	single	-1	wrong	5,7	0.1640625	-1	1					0.062382251024246216	0.048372723162174225	0.17285603284835815	0.13537976145744324	-0.05059749260544777	0.0	0.0
s2_yd	2	single	-1	wrong	6,4	0.0	-1	1					0.06825942546129227	0.05936504527926445	0.05534667521715164	0.10445675253868103	-1.822687029838562	0.0	0.0
s2_yd	2	single	-1	wrong	5,3	0.0	-1	1					0.06514246761798859	0.04146195203065872	0.15943604707717896	0.06651300191879272	-0.4609207510948181	0.0	0.0
s2_yd	2	single	-1	wrong	1,5	0.0	-1	1					0.16091053187847137	0.14428722858428955	0.08179804682731628	0.13043196499347687	-0.4264504313468933	0.0	0.0
s2_yd	2	single	-1	wrong	2,7	0.0	-1	1					0.13138291239738464	0.10821646451950073	0.21579429507255554	0.3111696243286133	-0.13680537045001984	0.0	0.0
s2_yd	2	single	-1	wrong	1,2	0.0	-1	1					0.07997049391269684	0.060823507606983185	0.12431421130895615	0.19036829471588135	-0.8941674828529358	0.0	0.0
s2_yd	2	single	-1	wrong	7,5	0.1640625	-1	1					0.23862645030021667	0.2505341172218323	0.17065870761871338	0.21230220794677734	0.42061030864715576	0.0	0.0
s2_yd	2	single	-1	wrong	3,1	0.0	-1	1					0.11241518706083298	0.07214859873056412	0.14896699786186218	0.1787387877702713	-0.24071674048900604	0.0	0.0
s2_yd	2	single	-1	wrong	0,1	0.0	-1	1					0.2422524243593216	0.2144153118133545	0.26233378052711487	0.1575891077518463	-0.7422469854354858	0.0	0.0
s2_yd	2	single	-1	wrong	5,5	0.0	-1	1					0.12129268050193787	0.11678686738014221	0.12244834750890732	0.09549728035926819	-0.39843320846557617	0.0	0.0
s2_yd	2	single	-1	wrong	0,6	0.0	-1	1					0.1843462735414505	0.14748108386993408	0.19967740774154663	0.12860116362571716	-0.29533571004867554	0.0	0.0
s2_yd	2	single	-1	wrong	3,6	0.0	-1	1					0.06622897833585739	0.0331246480345726	0.11792320013046265	0.17277739942073822	0.20619449019432068	0.0	0.0
s2_yd	2	single	-1	wrong	7,7	0.0	-1	1					0.13138291239738464	0.10821646451950073	0.21579429507255554	0.3111696243286133	0.7684459686279297	0.0	0.0
s2_yd	2	single	-1	wrong	5,4	0.0	-1	1					0.05814339220523834	0.0539814755320549	0.11489413678646088	0.0854530781507492	-0.5357705354690552	0.0	0.0
s2_yd	2	single	-1	wrong	0,5	0.0	-1	1					0.3417871594429016	0.30948299169540405	0.2049848586320877	0.14142373204231262	-0.6096947193145752	0.0	0.0
s2_yd	2	single	-1	wrong	7,0	0.0	-1	1					0.2030140608549118	0.1714351922273636	0.18895836174488068	0.2698459029197693	0.5057501792907715	0.0	0.0
s2_yd	2	single	-1	wrong	1,4	0.0	-1	1					0.086028091609478	0.08127055317163467	0.08769232034683228	0.124590203166008	-0.5637877583503723	0.0	0.0
s2_yd	2	single	-1	wrong	0,0	0.0	-1	1					0.28357985615730286	0.21045494079589844	0.22137759625911713	0.17770135402679443	-0.5245548486709595	0.0	0.0
s2_yd	2	single	-1	wrong	4,4	0.0	-1	1					0.0610448494553566	0.07144295424222946	0.06761883199214935	0.11729791015386581	-0.4633210301399231	0.0	0.0
s2_yd	2	single	-1	wrong	4,7	0.0	-1	1					0.05608990788459778	0.0482642836868763	0.0687984973192215	0.1690996140241623	0.021852029487490654	0.0	0.0
s2_yd	2	single	-1	wrong	1,0	0.0	-1	1					0.13233356177806854	0.10674688220024109	0.08154630661010742	0.15987122058868408	-0.3413105309009552	0.0	0.0
s2_yd	2	single	-1	wrong	2,2	0.0	-1	1					0.13138291239738464	0.10821646451950073	0.21579429507255554	0.3111696243286133	-0.9523581862449646	0.0	0.0
s2_yd	2	single	-1	wrong	2,1	0.15625	-1	1					0.17015421390533447	0.1735493540763855	0.2559029459953308	0.23623304069042206	-0.617193341255188	0.0	0.0
s2_yd	2	single	-1	wrong	6,7	0.0	-1	1					0.08151999115943909	0.058273185044527054	0.0739508792757988	0.1672196388244629	-1.3375139236450195	0.0	0.0
s2_yd	2	single	-1	wrong	6,0	0.0	-1	1					0.15932878851890564	0.11253056675195694	0.0592266246676445	0.1523474156856537	-1.6002099514007568	0.0	0.0
s2_yd	2	single	-1	wrong	0,2	0.21875	-1	1					0.20499922335147858	0.14641451835632324	0.23292845487594604	0.20363199710845947	-1.0774118900299072	0.0	0.0
s2_yd	2	single	-1	wrong	6,3	0.0	-1	1					0.047796569764614105	0.02127200737595558	0.0490601509809494	0.08304880559444427	-1.7478371858596802	0.0	0.0
s2_yd	2	single	-1	wrong	3,5	0.0	-1	1					0.10789049416780472	0.06567319482564926	0.15867333114147186	0.16820794343948364	-0.10816451907157898	0.0	0.0
s2_yd	2	single	-1	wrong	4,1	0.0	-1	1					0.08169110119342804	0.0803072601556778	0.07504329085350037	0.1348421275615692	-0.45853596925735474	0.0	0.0
s2_yd	3	delta	0	true	4,7	0.0	0	26	0.0	0.0	0.0	0.0	0.34555137157440186	0.28227347135543823	0.29783618450164795	0.28989893198013306	0.0	-0.015741825103759766	-0.0004774332046508789
s2_yd	3	delta	0	true	5,7	0.0078125	3	26	-0.00010579824447631836	-6.0051679611206055e-05	0.0013748407363891602	4.094839096069336e-05	0.34544557332992554	0.282213419675827	0.2992110252380371	0.28993988037109375	0.0008243322372436523	-0.11861240863800049	-0.27209165692329407
s2_yd	3	delta	0	true	14,7	0.0	0	26	0.0	0.0	0.0	0.0	0.34555137157440186	0.28227347135543823	0.29783618450164795	0.28989893198013306	0.0	-0.07308512926101685	-0.22136205434799194
s2_yd	3	delta	0	true	15,6	0.0	0	26	0.0	0.0	0.0	0.0	0.34555137157440186	0.28227347135543823	0.29783618450164795	0.28989893198013306	0.0	-0.008897155523300171	-0.002873361110687256
s2_yd	3	delta	0	true	15,7	0.0	0	26	0.0	0.0	0.0	0.0	0.34555137157440186	0.28227347135543823	0.29783618450164795	0.28989893198013306	0.0	-0.015490740537643433	-0.0014792680740356445
s2_yd	3	delta	0	true	0,14	0.0	0	26	0.0	0.0	0.0	0.0	0.34555137157440186	0.28227347135543823	0.29783618450164795	0.28989893198013306	0.0	-0.0043891966342926025	0.0
s2_yd	3	delta	0	true	0,15	0.0	0	26	0.0	0.0	0.0	0.0	0.34555137157440186	0.28227347135543823	0.29783618450164795	0.28989893198013306	0.0	-0.003402024507522583	0.0
s2_yd	3	delta	0	true	1,15	0.0	0	26	0.0	0.0	0.0	0.0	0.34555137157440186	0.28227347135543823	0.29783618450164795	0.28989893198013306	0.0	-0.006395190954208374	0.0
s2_yd	3	delta	0	true	8,0	0.0	0	26	0.0	0.0	0.0	0.0	0.34555137157440186	0.28227347135543823	0.29783618450164795	0.28989893198013306	0.0	-0.002515554428100586	0.0
s2_yd	3	delta	0	true	8,1	0.0	0	26	0.0	0.0	0.0	0.0	0.34555137157440186	0.28227347135543823	0.29783618450164795	0.28989893198013306	0.0	-0.0016364753246307373	0.0
s2_yd	3	delta	0	true	9,0	0.0	0	26	0.0	0.0	0.0	0.0	0.34555137157440186	0.28227347135543823	0.29783618450164795	0.28989893198013306	0.0	-0.001753479242324829	0.0
s2_yd	3	delta	0	true	9,1	0.0	0	26	0.0	0.0	0.0	0.0	0.34555137157440186	0.28227347135543823	0.29783618450164795	0.28989893198013306	0.0	-0.0011903345584869385	0.0
s2_yd	3	delta	0	true	2,8	0.0	0	26	0.0	0.0	0.0	0.0	0.34555137157440186	0.28227347135543823	0.29783618450164795	0.28989893198013306	0.0	-0.0037131011486053467	0.0
s2_yd	3	delta	0	true	3,8	0.0	0	26	0.0	0.0	0.0	0.0	0.34555137157440186	0.28227347135543823	0.29783618450164795	0.28989893198013306	0.0	-0.0006980597972869873	0.0
s2_yd	3	delta	0	true	12,4	0.0	0	26	0.0	0.0	0.0	0.0	0.34555137157440186	0.28227347135543823	0.29783618450164795	0.28989893198013306	0.0	-0.003006488084793091	0.0
s2_yd	3	delta	0	true	12,5	0.0	0	26	0.0	0.0	0.0	0.0	0.34555137157440186	0.28227347135543823	0.29783618450164795	0.28989893198013306	0.0	-0.021960288286209106	-0.017744243144989014
s2_yd	3	delta	0	true	13,4	0.0	0	26	0.0	0.0	0.0	0.0	0.34555137157440186	0.28227347135543823	0.29783618450164795	0.28989893198013306	0.0	-0.0047151148319244385	-0.00013339519500732422
s2_yd	3	delta	0	true	13,5	0.0	1	26	6.404519081115723e-05	0.00026988983154296875	0.00010535120964050293	0.0004844069480895996	0.345615416765213	0.2825433611869812	0.29794153571128845	0.29038333892822266	0.0006108283996582031	-0.0313241183757782	-0.054212093353271484
s2_yd	3	delta	0	true	1,4	0.0	1	26	0.00020587444305419922	0.00030481815338134766	0.00011512637138366699	-0.0001806020736694336	0.34575724601745605	0.2825782895088196	0.2979513108730316	0.2897183299064636	0.000521540641784668	-0.030421435832977295	-0.0020513534545898438
s2_yd	3	delta	0	true	8,8	0.0	0	26	0.0	0.0	0.0	0.0	0.34555137157440186	0.28227347135543823	0.29783618450164795	0.28989893198013306	0.0	-0.0012207329273223877	0.0
s2_yd	3	delta	0	true	8,9	0.0	0	26	0.0	0.0	0.0	0.0	0.34555137157440186	0.28227347135543823	0.29783618450164795	0.28989893198013306	0.0	-0.0029876232147216797	0.0
s2_yd	3	delta	0	true	9,8	0.0	0	26	0.0	0.0	0.0	0.0	0.34555137157440186	0.28227347135543823	0.29783618450164795	0.28989893198013306	0.0	-0.0005265772342681885	0.0
s2_yd	3	delta	0	true	10,10	0.0	0	26	0.0	0.0	0.0	0.0	0.34555137157440186	0.28227347135543823	0.29783618450164795	0.28989893198013306	0.0	-0.4246424734592438	-0.5390934348106384
s2_yd	3	delta	0	true	10,11	0.0	0	26	0.0	0.0	0.0	0.0	0.34555137157440186	0.28227347135543823	0.29783618450164795	0.28989893198013306	0.0	-0.018499284982681274	-0.03848367929458618
s2_yd	3	delta	0	true	12,8	0.0	0	26	0.0	0.0	0.0	0.0	0.34555137157440186	0.28227347135543823	0.29783618450164795	0.28989893198013306	0.0	-0.004005163908004761	-2.5033950805664062e-05
s2_yd	3	delta	0	true	12,9	0.0	0	26	0.0	0.0	0.0	0.0	0.34555137157440186	0.28227347135543823	0.29783618450164795	0.28989893198013306	0.0	-0.007122308015823364	-0.0007005929946899414
s2_yd	3	delta	0	true	0,13	0.0	0	26	0.0	0.0	0.0	0.0	0.34555137157440186	0.28227347135543823	0.29783618450164795	0.28989893198013306	0.0	-0.004891902208328247	0.0
s2_yd	3	delta	0	true	10,4	0.00390625	2	26	-0.0003253817558288574	-6.35385513305664e-05	0.001125037670135498	-0.0006930828094482422	0.345225989818573	0.28220993280410767	0.29896122217178345	0.2892058491706848	0.0004943609237670898	-0.016888469457626343	-0.007752180099487305
s2_yd	3	delta	0	true	10,5	-0.01171875	15	26	0.0019661784172058105	0.0015984773635864258	0.002294301986694336	-0.002851158380508423	0.34751754999160767	0.28387194871902466	0.3001304864883423	0.28704777359962463	0.00914013385772705	-0.12247166037559509	-0.26211127638816833
s2_yd	3	delta	0	true	0,14	0.0	0	26	0.0	0.0	0.0	0.0	0.34555137157440186	0.28227347135543823	0.29783618450164795	0.28989893198013306	0.0	-0.0043891966342926025	0.0
s2_yd	3	delta	0	true	0,15	0.0	0	26	0.0	0.0	0.0	0.0	0.34555137157440186	0.28227347135543823	0.29783618450164795	0.28989893198013306	0.0	-0.003402024507522583	0.0
s2_yd	3	delta	0	true	1,15	0.0	0	26	0.0	0.0	0.0	0.0	0.34555137157440186	0.28227347135543823	0.29783618450164795	0.28989893198013306	0.0	-0.006395190954208374	0.0
s2_yd	3	delta	0	true	8,5	0.0	0	26	0.0	0.0	0.0	0.0	0.34555137157440186	0.28227347135543823	0.29783618450164795	0.28989893198013306	0.0	-0.013400882482528687	0.0
s2_yd	3	delta	0	true	12,2	0.0	0	26	0.0	0.0	0.0	0.0	0.34555137157440186	0.28227347135543823	0.29783618450164795	0.28989893198013306	0.0	-0.0123959481716156	-0.026483595371246338
s2_yd	3	delta	0	true	13,2	0.0	0	26	0.0	0.0	0.0	0.0	0.34555137157440186	0.28227347135543823	0.29783618450164795	0.28989893198013306	0.0	-0.018885403871536255	-0.07035660743713379
s2_yd	3	delta	0	true	13,3	0.0	0	26	0.0	0.0	0.0	0.0	0.34555137157440186	0.28227347135543823	0.29783618450164795	0.28989893198013306	0.0	-0.0008826851844787598	0.0
s2_yd	3	delta	0	true	10,11	0.0	0	26	0.0	0.0	0.0	0.0	0.34555137157440186	0.28227347135543823	0.29783618450164795	0.28989893198013306	0.0	-0.018499284982681274	-0.03848367929458618
s2_yd	3	delta	0	true	11,10	0.0	0	26	0.0	0.0	0.0	0.0	0.34555137157440186	0.28227347135543823	0.29783618450164795	0.28989893198013306	0.0	-0.020574957132339478	0.0
s2_yd	3	delta	0	true	11,11	0.0	0	26	0.0	0.0	0.0	0.0	0.34555137157440186	0.28227347135543823	0.29783618450164795	0.28989893198013306	0.0	-0.0005668401718139648	0.0
s2_yd	3	delta	0	wrong	3,3	0.0	0	26	0.0	0.0	0.0	0.0	0.34555137157440186	0.28227347135543823	0.29783618450164795	0.28989893198013306	0.0	-0.0001437366008758545	0.0
s2_yd	3	delta	0	wrong	2,13	0.0	0	26	0.0	0.0	0.0	0.0	0.34555137157440186	0.28227347135543823	0.29783618450164795	0.28989893198013306	0.0	-0.006713122129440308	-0.005074560642242432
s2_yd	3	delta	0	wrong	15,3	0.0	0	26	0.0	0.0	0.0	0.0	0.34555137157440186	0.28227347135543823	0.29783618450164795	0.28989893198013306	0.0	-0.0001245439052581787	0.0
s2_yd	3	delta	0	wrong	14,9	0.0	0	26	0.0	0.0	0.0	0.0	0.34555137157440186	0.28227347135543823	0.29783618450164795	0.28989893198013306	0.0	-0.006595909595489502	-0.00017023086547851562
s2_yd	3	delta	0	wrong	1,0	-0.00390625	5	26	-0.0007973313331604004	-0.0008654594421386719	-0.00045424699783325195	-0.00043898820877075195	0.34475404024124146	0.28140801191329956	0.2973819375038147	0.2894599437713623	0.001766204833984375	-0.014385968446731567	-0.00443345308303833
s2_yd	3	delta	0	wrong	12,0	0.0	0	26	0.0	0.0	0.0	0.0	0.34555137157440186	0.28227347135543823	0.29783618450164795	0.28989893198013306	0.0	-0.006000488996505737	0.0
s2_yd	3	delta	0	wrong	15,1	0.0	0	26	0.0	0.0	0.0	0.0	0.34555137157440186	0.28227347135543823	0.29783618450164795	0.28989893198013306	0.0	-0.0030092597007751465	-0.0005040168762207031
s2_yd	3	delta	0	wrong	0,6	0.0	0	26	0.0	0.0	0.0	0.0	0.34555137157440186	0.28227347135543823	0.29783618450164795	0.28989893198013306	0.0	-0.00901833176612854	-0.0014524459838867188
s2_yd	3	delta	0	wrong	10,0	0.0	2	26	-0.0027526021003723145	-0.002204984426498413	-7.635354995727539e-05	-0.00044664740562438965	0.34279876947402954	0.2800684869289398	0.2977598309516907	0.28945228457450867	0.00020968914031982422	-0.03571167588233948	-0.022417426109313965
s2_yd	3	delta	0	wrong	1,8	0.0	0	26	0.0	0.0	0.0	0.0	0.34555137157440186	0.28227347135543823	0.29783618450164795	0.28989893198013306	0.0	-0.009794414043426514	-5.507469177246094e-05
s2_yd	3	delta	0	wrong	14,13	0.0	0	26	0.0	0.0	0.0	0.0	0.34555137157440186	0.28227347135543823	0.29783618450164795	0.28989893198013306	0.0	-0.006780356168746948	-0.004243195056915283
s2_yd	3	delta	0	wrong	12,15	0.0	0	26	0.0	0.0	0.0	0.0	0.34555137157440186	0.28227347135543823	0.29783618450164795	0.28989893198013306	0.0	-0.0005558431148529053	0.0
s2_yd	3	delta	0	wrong	10,15	0.0	0	26	0.0	0.0	0.0	0.0	0.34555137157440186	0.28227347135543823	0.29783618450164795	0.28989893198013306	0.0	-0.00436672568321228	-0.000508427619934082
s2_yd	3	delta	0	wrong	5,1	-0.00390625	1	26	-0.0001914501190185547	-0.00018110871315002441	0.0002448856830596924	-0.00026366114616394043	0.3453599214553833	0.2820923626422882	0.29808107018470764	0.2896352708339691	0.0007902383804321289	-0.010376662015914917	-0.0016400814056396484
s2_yd	3	delta	0	wrong	13,0	0.0	0	26	0.0	0.0	0.0	0.0	0.34555137157440186	0.28227347135543823	0.29783618450164795	0.28989893198013306	0.0	-0.006813108921051025	0.0
s2_yd	3	delta	0	wrong	14,3	0.0	0	26	0.0	0.0	0.0	0.0	0.34555137157440186	0.28227347135543823	0.29783618450164795	0.28989893198013306	0.0	-0.0008349716663360596	0.0
s2_yd	3	delta	0	wrong	5,11	0.0	0	26	0.0	0.0	0.0	0.0	0.34555137157440186	0.28227347135543823	0.29783618450164795	0.28989893198013306	0.0	-0.003924071788787842	0.0
s2_yd	3	delta	0	wrong	15,8	0.0	0	26	0.0	0.0	0.0	0.0	0.34555137157440186	0.28227347135543823	0.29783618450164795	0.28989893198013306	0.0	-0.00043699145317077637	0.0
s2_yd	3	delta	0	wrong	4,1	0.0	0	26	0.0	0.0	0.0	0.0	0.34555137157440186	0.28227347135543823	0.29783618450164795	0.28989893198013306	0.0	-0.002562612295150757	-0.0004375576972961426
s2_yd	3	delta	0	wrong	13,11	0.0	0	26	0.0	0.0	0.0	0.0	0.34555137157440186	0.28227347135543823	0.29783618450164795	0.28989893198013306	0.0	-0.0033200085163116455	-1.9431114196777344e-05
s2_yd	3	delta	0	wrong	2,14	0.0	0	26	0.0	0.0	0.0	0.0	0.34555137157440186	0.28227347135543823	0.29783618450164795	0.28989893198013306	0.0	-0.007927685976028442	-0.005526900291442871
s2_yd	3	delta	0	wrong	8,15	0.0	0	26	0.0	0.0	0.0	0.0	0.34555137157440186	0.28227347135543823	0.29783618450164795	0.28989893198013306	0.0	-0.0004850625991821289	0.0
s2_yd	3	delta	0	wrong	15,14	0.0	0	26	0.0	0.0	0.0	0.0	0.34555137157440186	0.28227347135543823	0.29783618450164795	0.28989893198013306	0.0	-0.0014195442199707031	0.0
s2_yd	3	delta	0	wrong	11,0	0.0	0	26	0.0	0.0	0.0	0.0	0.34555137157440186	0.28227347135543823	0.29783618450164795	0.28989893198013306	0.0	-0.007928937673568726	-0.0010035037994384766
s2_yd	3	delta	0	wrong	1,10	-0.015625	12	26	-0.0084228515625	-0.006621181964874268	-0.003829360008239746	0.0010774731636047363	0.33712852001190186	0.27565228939056396	0.2940068244934082	0.2909764051437378	0.005195975303649902	-0.08292660117149353	-0.06369614601135254
s2_yd	3	delta	0	wrong	0,7	-0.0078125	3	26	-0.0023493170738220215	-0.0015741288661956787	-0.0021454691886901855	-0.0013328194618225098	0.34320205450057983	0.28069934248924255	0.29569071531295776	0.28856611251831055	0.0004981756210327148	-0.05089974403381348	-0.02329319715499878
s2_yd	3	delta	0	wrong	14,1	0.0	0	26	0.0	0.0	0.0	0.0	0.34555137157440186	0.28227347135543823	0.29783618450164795	0.28989893198013306	0.0	-0.003646284341812134	-0.0007635354995727539
s2_yd	3	delta	0	wrong	1,1	-0.00390625	2	26	-0.0001888275146484375	-0.0001919567584991455	0.0006408095359802246	-0.00019681453704833984	0.3453625440597534	0.2820815145969391	0.2984769940376282	0.2897021174430847	0.000798344612121582	-0.011971205472946167	-0.0022417306900024414
s2_yd	3	delta	0	wrong	6,9	0.0	0	26	0.0	0.0	0.0	0.0	0.34555137157440186	0.28227347135543823	0.29783618450164795	0.28989893198013306	0.0	-0.013529688119888306	0.0
s2_yd	3	delta	0	wrong	14,11	0.0	0	26	0.0	0.0	0.0	0.0	0.34555137157440186	0.28227347135543823	0.29783618450164795	0.28989893198013306	0.0	-0.002487689256668091	0.0
s2_yd	3	delta	0	wrong	9,15	0.0	0	26	0.0	0.0	0.0	0.0	0.34555137157440186	0.28227347135543823	0.29783618450164795	0.28989893198013306	0.0	-0.00030687451362609863	0.0
s2_yd	3	delta	0	wrong	15,11	0.0	0	26	0.0	0.0	0.0	0.0	0.34555137157440186	0.28227347135543823	0.29783618450164795	0.28989893198013306	0.0	-0.000294417142868042	0.0
s2_yd	3	delta	0	wrong	2,1	0.0	0	26	0.0	0.0	0.0	0.0	0.34555137157440186	0.28227347135543823	0.29783618450164795	0.28989893198013306	0.0	-0.003927260637283325	-0.0009636878967285156
s2_yd	3	delta	0	wrong	14,14	0.0	0	26	0.0	0.0	0.0	0.0	0.34555137157440186	0.28227347135543823	0.29783618450164795	0.28989893198013306	0.0	-0.008366197347640991	-0.005815744400024414
s2_yd	3	delta	0	wrong	5,15	0.0	0	26	0.0	0.0	0.0	0.0	0.34555137157440186	0.28227347135543823	0.29783618450164795	0.28989893198013306	0.0	-0.0011081695556640625	0.0
s2_yd	3	delta	0	wrong	3,14	0.0	0	26	0.0	0.0	0.0	0.0	0.34555137157440186	0.28227347135543823	0.29783618450164795	0.28989893198013306	0.0	-0.0014294981956481934	0.0
s2_yd	3	delta	0	wrong	5,14	0.0	0	26	0.0	0.0	0.0	0.0	0.34555137157440186	0.28227347135543823	0.29783618450164795	0.28989893198013306	0.0	-0.013307303190231323	-0.011330127716064453
s2_yd	3	delta	0	wrong	4,2	0.0	0	26	0.0	0.0	0.0	0.0	0.34555137157440186	0.28227347135543823	0.29783618450164795	0.28989893198013306	0.0	-0.002580314874649048	0.0
s2_yd	3	delta	0	wrong	12,12	0.0	0	26	0.0	0.0	0.0	0.0	0.34555137157440186	0.28227347135543823	0.29783618450164795	0.28989893198013306	0.0	-0.00041928887367248535	0.0
s2_yd	3	delta	0	wrong	11,1	0.0	0	26	0.0	0.0	0.0	0.0	0.34555137157440186	0.28227347135543823	0.29783618450164795	0.28989893198013306	0.0	-0.003254145383834839	-0.0008500814437866211
s2_yd	3	delta	0	wrong	6,1	-0.00390625	1	26	-0.0002548694610595703	-0.00017327070236206055	0.0006146728992462158	-0.000375896692276001	0.3452965021133423	0.28210020065307617	0.29845085740089417	0.28952303528785706	0.00019252300262451172	-0.006809800863265991	-0.0010870695114135742
s2_yd	3	delta	0	wrong	9,2	0.0	0	26	0.0	0.0	0.0	0.0	0.34555137157440186	0.28227347135543823	0.29783618450164795	0.28989893198013306	0.0	-0.001138448715209961	0.0
s2_yd	3	delta	0	wrong	10,14	0.0	0	26	0.0	0.0	0.0	0.0	0.34555137157440186	0.28227347135543823	0.29783618450164795	0.28989893198013306	0.0	-0.0609973669052124	-0.20983761548995972
s2_yd	3	delta	0	wrong	10,2	0.0	0	26	0.0	0.0	0.0	0.0	0.34555137157440186	0.28227347135543823	0.29783618450164795	0.28989893198013306	0.0	-0.1287340223789215	-0.31400221586227417
s2_yd	3	delta	0	wrong	4,5	0.0	0	26	0.0	0.0	0.0	0.0	0.34555137157440186	0.28227347135543823	0.29783618450164795	0.28989893198013306	0.0	-0.01569885015487671	0.0
s2_yd	3	delta	0	wrong	2,6	0.0	0	26	0.0	0.0	0.0	0.0	0.34555137157440186	0.28227347135543823	0.29783618450164795	0.28989893198013306	0.0	-0.008485585451126099	0.0
s2_yd	3	delta	0	wrong	14,5	0.0	1	26	1.0609626770019531e-05	0.00014382600784301758	6.902217864990234e-05	-0.0001710057258605957	0.3455619812011719	0.28241729736328125	0.29790520668029785	0.28972792625427246	0.00013959407806396484	-0.024666935205459595	-0.03507828712463379
s2_yd	3	delta	0	wrong	3,13	0.0	0	26	0.0	0.0	0.0	0.0	0.34555137157440186	0.28227347135543823	0.29783618450164795	0.28989893198013306	0.0	-0.0012629330158233643	0.0
s2_yd	3	delta	1	true	4,6	0.0	0	26	0.0	0.0	0.0	0.0	0.24436283111572266	0.20435789227485657	0.25432097911834717	0.27854758501052856	0.0	-0.007753610610961914	-0.0008011460304260254
s2_yd	3	delta	1	true	5,6	-0.00390625	12	26	0.0077075958251953125	0.005658537149429321	0.005372107028961182	0.002913057804107666	0.25207042694091797	0.2100164294242859	0.25969308614730835	0.28146064281463623	0.010080099105834961	-0.004900217056274414	-0.003820173442363739
s2_yd	3	delta	1	true	14,6	0.0	0	26	0.0	0.0	0.0	0.0	0.24436283111572266	0.20435789227485657	0.25432097911834717	0.27854758501052856	0.0	-0.01320946216583252	-0.0014866366982460022
s2_yd	3	delta	1	true	15,7	0.0	0	26	0.0	0.0	0.0	0.0	0.24436283111572266	0.20435789227485657	0.25432097911834717	0.27854758501052856	0.0	-0.02388930320739746	-0.0013295188546180725
s2_yd	3	delta	1	true	0,15	0.0	0	26	0.0	0.0	0.0	0.0	0.24436283111572266	0.20435789227485657	0.25432097911834717	0.27854758501052856	0.0	-0.011948585510253906	-0.00020737946033477783
s2_yd	3	delta	1	true	1,14	0.0	0	26	0.0	0.0	0.0	0.0	0.24436283111572266	0.20435789227485657	0.25432097911834717	0.27854758501052856	0.0	-0.020005226135253906	0.0
s2_yd	3	delta	1	true	8,0	0.0	0	26	0.0	0.0	0.0	0.0	0.24436283111572266	0.20435789227485657	0.25432097911834717	0.27854758501052856	0.0	-0.004273891448974609	-0.0003457963466644287
s2_yd	3	delta	1	true	9,0	0.0	0	26	0.0	0.0	0.0	0.0	0.24436283111572266	0.20435789227485657	0.25432097911834717	0.27854758501052856	0.0	-0.0030040740966796875	0.0
s2_yd	3	delta	1	true	9,1	0.0	0	26	0.0	0.0	0.0	0.0	0.24436283111572266	0.20435789227485657	0.25432097911834717	0.27854758501052856	0.0	-0.002058267593383789	-5.066394805908203e-07
s2_yd	3	delta	1	true	2,8	0.0	0	26	0.0	0.0	0.0	0.0	0.24436283111572266	0.20435789227485657	0.25432097911834717	0.27854758501052856	0.0	-0.007035493850708008	0.0
s2_yd	3	delta	1	true	3,8	0.0	0	26	0.0	0.0	0.0	0.0	0.24436283111572266	0.20435789227485657	0.25432097911834717	0.27854758501052856	0.0	-0.001291036605834961	0.0
s2_yd	3	delta	1	true	3,9	0.0	0	26	0.0	0.0	0.0	0.0	0.24436283111572266	0.20435789227485657	0.25432097911834717	0.27854758501052856	0.0	-0.0026754140853881836	0.0
s2_yd	3	delta	1	true	12,5	-0.0078125	7	26	0.004750549793243408	0.0030060112476348877	0.0006516575813293457	-0.0012261271476745605	0.24911338090896606	0.20736390352249146	0.2549726366996765	0.277321457862854	0.0034302473068237305	-0.029896020889282227	0.0006629228591918945
s2_yd	3	delta	1	true	13,5	-0.0078125	22	26	0.008177101612091064	0.008233770728111267	0.006632119417190552	0.003854990005493164	0.2525399327278137	0.21259166300296783	0.2609530985355377	0.28240257501602173	0.009945988655090332	-0.03072810173034668	0.004289746284484863
s2_yd	3	delta	1	true	0,5	0.046875	68	26	-0.058093518018722534	-0.047467172145843506	-0.009222477674484253	-0.017262756824493408	0.18626931309700012	0.15689072012901306	0.24509850144386292	0.26128482818603516	0.06514477729797363	0.06394040584564209	0.02598421275615692
s2_yd	3	delta	1	true	1,5	0.05078125	88	26	-0.01185007393360138	-0.0204412043094635	-0.007204562425613403	-0.0023136138916015625	0.23251275718212128	0.18391668796539307	0.24711641669273376	0.276233971118927	0.12062406539916992	0.1595807671546936	0.0735800713300705
s2_yd	3	delta	1	true	8,8	0.0	0	26	0.0	0.0	0.0	0.0	0.24436283111572266	0.20435789227485657	0.25432097911834717	0.27854758501052856	0.0	-0.0025115013122558594	0.0
s2_yd	3	delta	1	true	9,8	0.0	0	26	0.0	0.0	0.0	0.0	0.24436283111572266	0.20435789227485657	0.25432097911834717	0.27854758501052856	0.0	-0.0011913776397705078	0.0
s2_yd	3	delta	1	true	10,10	0.2265625	183	26	0.11313486099243164	0.09399083256721497	0.04945918917655945	0.011719465255737305	0.3574976921081543	0.29834872484207153	0.3037801682949066	0.29026705026626587	0.2807248830795288	0.38367706537246704	0.19660426676273346
s2_yd	3	delta	1	true	11,11	0.0	0	26	0.0	0.0	0.0	0.0	0.24436283111572266	0.20435789227485657	0.25432097911834717	0.27854758501052856	0.0	-0.0010737180709838867	0.0
s2_yd	3	delta	1	true	12,8	0.00390625	2	26	0.002855539321899414	0.0023298412561416626	0.00036215782165527344	-0.0005819797515869141	0.24721837043762207	0.20668773353099823	0.25468313694000244	0.27796560525894165	0.00047135353088378906	-0.00541234016418457	2.5466084480285645e-05
s2_yd	3	delta	1	true	12,9	0.0	3	26	0.003767445683479309	0.002509862184524536	0.0018495023250579834	0.00024020671844482422	0.24813027679920197	0.2068677544593811	0.25617048144340515	0.2787877917289734	0.001771688461303711	-0.005625247955322266	0.000911325216293335
s2_yd	3	delta	1	true	13,8	0.00390625	2	26	0.002721264958381653	0.002645820379257202	0.0013689994812011719	-0.0005262792110443115	0.2470840960741043	0.20700371265411377	0.25568997859954834	0.27802130579948425	0.0004423856735229492	-0.008159279823303223	-0.0002932697534561157
s2_yd	3	delta	1	true	13,9	-0.00390625	4	26	0.0026421397924423218	0.0022730231285095215	0.0024943947792053223	0.0014882385730743408	0.24700497090816498	0.2066309154033661	0.2568153738975525	0.2800358235836029	0.001932978630065918	-0.009335041046142578	0.0004818364977836609
s2_yd	3	delta	1	true	0,12	0.0	0	26	0.0	0.0	0.0	0.0	0.24436283111572266	0.20435789227485657	0.25432097911834717	0.27854758501052856	0.0	-0.003169536590576172	0.0
s2_yd	3	delta	1	true	1,12	0.0	0	26	0.0	0.0	0.0	0.0	0.24436283111572266	0.20435789227485657	0.25432097911834717	0.27854758501052856	0.0	-0.006654024124145508	0.0
s2_yd	3	delta	1	true	1,13	-0.00390625	1	26	-0.0005435347557067871	-0.00029164552688598633	-0.0008602738380432129	1.0102987289428711e-05	0.24381929636001587	0.20406624674797058	0.25346070528030396	0.278557687997818	0.0001666545867919922	-0.021616220474243164	-0.0010191947221755981
s2_yd	3	delta	1	true	10,4	0.00390625	7	26	-0.0030114352703094482	-0.002480417490005493	0.005081117153167725	0.000784456729888916	0.2413513958454132	0.20187747478485107	0.2594020962715149	0.2793320417404175	0.004389047622680664	-0.017505645751953125	0.001964762806892395
s2_yd	3	delta	1	true	10,5	-0.02734375	104	26	0.044911742210388184	0.03641405701637268	0.02665024995803833	-0.012395799160003662	0.28927457332611084	0.24077194929122925	0.2809712290763855	0.2661517858505249	0.09990906715393066	0.09317457675933838	0.05946551263332367
s2_yd	3	delta	1	true	11,4	0.0	0	26	0.0	0.0	0.0	0.0	0.24436283111572266	0.20435789227485657	0.25432097911834717	0.27854758501052856	0.0	-0.0021796226501464844	0.0
s2_yd	3	delta	1	true	11,5	0.0	0	26	0.0	0.0	0.0	0.0	0.24436283111572266	0.20435789227485657	0.25432097911834717	0.27854758501052856	0.0	-0.012948751449584961	-3.612041473388672e-05
s2_yd	3	delta	1	true	0,15	0.0	0	26	0.0	0.0	0.0	0.0	0.24436283111572266	0.20435789227485657	0.25432097911834717	0.27854758501052856	0.0	-0.011948585510253906	-0.00020737946033477783
s2_yd	3	delta	1	true	1,15	0.0	0	26	0.0	0.0	0.0	0.0	0.24436283111572266	0.20435789227485657	0.25432097911834717	0.27854758501052856	0.0	-0.02312636375427246	-0.0026421844959259033
s2_yd	3	delta	1	true	8,4	0.0	0	26	0.0	0.0	0.0	0.0	0.24436283111572266	0.20435789227485657	0.25432097911834717	0.27854758501052856	0.0	-0.005833029747009277	0.0
s2_yd	3	delta	1	true	9,4	0.0	0	26	0.0	0.0	0.0	0.0	0.24436283111572266	0.20435789227485657	0.25432097911834717	0.27854758501052856	0.0	-0.003906965255737305	0.0
s2_yd	3	delta	1	true	9,5	0.0	0	26	0.0	0.0	0.0	0.0	0.24436283111572266	0.20435789227485657	0.25432097911834717	0.27854758501052856	0.0	-0.024016141891479492	-0.0005105882883071899
s2_yd	3	delta	1	true	12,3	0.0	0	26	0.0	0.0	0.0	0.0	0.24436283111572266	0.20435789227485657	0.25432097911834717	0.27854758501052856	0.0	-0.001284956932067871	0.0
s2_yd	3	delta	1	true	13,3	0.0	0	26	0.0	0.0	0.0	0.0	0.24436283111572266	0.20435789227485657	0.25432097911834717	0.27854758501052856	0.0	-0.001963019371032715	0.0
s2_yd	3	delta	1	true	10,10	0.2265625	183	26	0.11313486099243164	0.09399083256721497	0.04945918917655945	0.011719465255737305	0.3574976921081543	0.29834872484207153	0.3037801682949066	0.29026705026626587	0.2807248830795288	0.38367706537246704	0.19660426676273346
s2_yd	3	delta	1	wrong	3,3	0.0	0	26	0.0	0.0	0.0	0.0	0.24436283111572266	0.20435789227485657	0.25432097911834717	0.27854758501052856	0.0	-0.00027060508728027344	0.0
s2_yd	3	delta	1	wrong	2,13	0.0	0	26	0.0	0.0	0.0	0.0	0.24436283111572266	0.20435789227485657	0.25432097911834717	0.27854758501052856	0.0	-0.013717412948608398	0.0
s2_yd	3	delta	1	wrong	15,3	0.0	0	26	0.0	0.0	0.0	0.0	0.24436283111572266	0.20435789227485657	0.25432097911834717	0.27854758501052856	0.0	-0.00019550323486328125	0.0
s2_yd	3	delta	1	wrong	14,9	0.0	0	26	0.0	0.0	0.0	0.0	0.24436283111572266	0.20435789227485657	0.25432097911834717	0.27854758501052856	0.0	-0.012136459350585938	-8.741766214370728e-05
s2_yd	3	delta	1	wrong	1,0	-0.0234375	10	26	0.002427831292152405	0.0019529461860656738	0.0016355812549591064	0.0003636777400970459	0.24679066240787506	0.20631083846092224	0.2559565603733063	0.2789112627506256	0.007069706916809082	-0.006682395935058594	-0.0013084784150123596
s2_yd	3	delta	1	wrong	12,0	0.0	0	26	0.0	0.0	0.0	0.0	0.24436283111572266	0.20435789227485657	0.25432097911834717	0.27854758501052856	0.0	-0.009555578231811523	-0.0011372566223144531
s2_yd	3	delta	1	wrong	15,1	-0.00390625	1	26	-1.761317253112793e-05	4.461407661437988e-05	-0.00015282630920410156	-0.00026735663414001465	0.24434521794319153	0.20440250635147095	0.25416815280914307	0.27828022837638855	0.00015878677368164062	-0.0038226842880249023	-0.0003489777445793152
s2_yd	3	delta	1	wrong	0,6	-0.00390625	3	26	-0.0005176514387130737	-0.0007236897945404053	0.0008297562599182129	0.0002728700637817383	0.24384517967700958	0.20363420248031616	0.2551507353782654	0.2788204550743103	0.0018963813781738281	-0.007904052734375	-0.0008000284433364868
s2_yd	3	delta	1	wrong	10,0	-0.03515625	14	26	-0.006009846925735474	-0.008868783712387085	0.0038934051990509033	-4.330277442932129e-05	0.23835298418998718	0.19548910856246948	0.25821438431739807	0.27850428223609924	0.007943987846374512	-0.024629950523376465	-0.009104177355766296
s2_yd	3	delta	1	wrong	1,8	0.0	1	26	-0.0009543001651763916	-0.00020179152488708496	2.205371856689453e-06	5.957484245300293e-05	0.24340853095054626	0.20415610074996948	0.25432318449020386	0.27860715985298157	5.316734313964844e-05	-0.024996519088745117	-0.002953469753265381
s2_yd	3	delta	1	wrong	14,13	0.0	0	26	0.0	0.0	0.0	0.0	0.24436283111572266	0.20435789227485657	0.25432097911834717	0.27854758501052856	0.0	-0.013898134231567383	0.0
s2_yd	3	delta	1	wrong	12,15	0.0	0	26	0.0	0.0	0.0	0.0	0.24436283111572266	0.20435789227485657	0.25432097911834717	0.27854758501052856	0.0	-0.0011380910873413086	0.0
s2_yd	3	delta	1	wrong	10,15	0.0	0	26	0.0	0.0	0.0	0.0	0.24436283111572266	0.20435789227485657	0.25432097911834717	0.27854758501052856	0.0	-0.009327173233032227	0.0
s2_yd	3	delta	1	wrong	5,1	-0.00390625	4	26	-0.0002250969409942627	-0.0010886937379837036	0.0018901824951171875	-0.0001232624053955078	0.2441377341747284	0.20326919853687286	0.25621116161346436	0.27842432260513306	0.0020210742950439453	-0.011586427688598633	-0.003133125603199005
s2_yd	3	delta	1	wrong	13,0	-0.00390625	2	26	0.00048817694187164307	0.00014358758926391602	0.0024397969245910645	0.000492483377456665	0.2448510080575943	0.20450147986412048	0.25676077604293823	0.27904006838798523	0.00019073486328125	-0.010342597961425781	-0.0013683140277862549
s2_yd	3	delta	1	wrong	14,3	0.0	0	26	0.0	0.0	0.0	0.0	0.24436283111572266	0.20435789227485657	0.25432097911834717	0.27854758501052856	0.0	-0.0017802715301513672	0.0
s2_yd	3	delta	1	wrong	5,11	0.0	0	26	0.0	0.0	0.0	0.0	0.24436283111572266	0.20435789227485657	0.25432097911834717	0.27854758501052856	0.0	-0.007807493209838867	0.0
s2_yd	3	delta	1	wrong	15,8	0.0	0	26	0.0	0.0	0.0	0.0	0.24436283111572266	0.20435789227485657	0.25432097911834717	0.27854758501052856	0.0	-0.0007477998733520508	0.0
s2_yd	3	delta	1	wrong	4,1	-0.00390625	1	26	-5.300343036651611e-05	-6.496906280517578e-06	0.0005278587341308594	-0.00018066167831420898	0.24430982768535614	0.20435139536857605	0.254848837852478	0.27836692333221436	9.226799011230469e-05	-0.003965258598327637	-0.0004153922200202942
s2_yd	3	delta	1	wrong	13,11	0.0	0	26	0.0	0.0	0.0	0.0	0.24436283111572266	0.20435789227485657	0.25432097911834717	0.27854758501052856	0.0	-0.0069010257720947266	0.0
s2_yd	3	delta	1	wrong	2,14	0.0	0	26	0.0	0.0	0.0	0.0	0.24436283111572266	0.20435789227485657	0.25432097911834717	0.27854758501052856	0.0	-0.01700890064239502	0.0
s2_yd	3	delta	1	wrong	8,15	0.0	0	26	0.0	0.0	0.0	0.0	0.24436283111572266	0.20435789227485657	0.25432097911834717	0.27854758501052856	0.0	-0.0013942718505859375	0.0
s2_yd	3	delta	1	wrong	15,14	0.0	0	26	0.0	0.0	0.0	0.0	0.24436283111572266	0.20435789227485657	0.25432097911834717	0.27854758501052856	0.0	-0.002229452133178711	0.0
s2_yd	3	delta	1	wrong	11,0	0.0	0	26	0.0	0.0	0.0	0.0	0.24436283111572266	0.20435789227485657	0.25432097911834717	0.27854758501052856	0.0	-0.012431025505065918	-0.0028917640447616577
s2_yd	3	delta	1	wrong	1,10	-0.046875	79	26	-0.06146860122680664	-0.05795958638191223	-0.026176929473876953	0.012241780757904053	0.18289422988891602	0.14639830589294434	0.22814404964447021	0.2907893657684326	0.06588995456695557	0.0459437370300293	0.01856827735900879
s2_yd	3	delta	1	wrong	0,7	-0.01953125	40	26	-0.03964534401893616	-0.03334149718284607	-0.01856839656829834	-0.0066086649894714355	0.2047174870967865	0.1710163950920105	0.23575258255004883	0.27193892002105713	0.02492976188659668	-0.01880812644958496	0.00040937960147857666
s2_yd	3	delta	1	wrong	14,1	-0.00390625	1	26	-8.241832256317139e-05	-2.142786979675293e-05	-5.1021575927734375e-05	-0.00034308433532714844	0.24428041279315948	0.20433646440505981	0.25426995754241943	0.2782045006752014	0.0001595020294189453	-0.004912018775939941	-0.0003481656312942505
s2_yd	3	delta	1	wrong	1,1	-0.00390625	6	26	-0.0006188750267028809	-0.0010794401168823242	0.002308964729309082	-0.00031131505966186523	0.24374395608901978	0.20327845215797424	0.25662994384765625	0.2782362699508667	0.004059553146362305	-0.010243535041809082	-0.0005977228283882141
s2_yd	3	delta	1	wrong	6,9	0.0	2	26	-0.0005355179309844971	-0.0011951178312301636	-0.00019991397857666016	0.0004318356513977051	0.24382731318473816	0.2031627744436264	0.2541210651397705	0.27897942066192627	0.00023412704467773438	-0.03157377243041992	-0.0050244927406311035
s2_yd	3	delta	1	wrong	14,11	0.0	0	26	0.0	0.0	0.0	0.0	0.24436283111572266	0.20435789227485657	0.25432097911834717	0.27854758501052856	0.0	-0.005036115646362305	0.0
s2_yd	3	delta	1	wrong	9,15	0.0	0	26	0.0	0.0	0.0	0.0	0.24436283111572266	0.20435789227485657	0.25432097911834717	0.27854758501052856	0.0	-0.0010012388229370117	0.0
s2_yd	3	delta	1	wrong	15,11	0.0	0	26	0.0	0.0	0.0	0.0	0.24436283111572266	0.20435789227485657	0.25432097911834717	0.27854758501052856	0.0	-0.0005140304565429688	0.0
s2_yd	3	delta	1	wrong	2,1	-0.00390625	1	26	-9.72449779510498e-05	-2.1666288375854492e-05	-0.00015458464622497559	-0.0003463327884674072	0.2442655861377716	0.2043362259864807	0.2541663944721222	0.27820125222206116	0.0003122091293334961	-0.004768848419189453	-0.00024916231632232666
s2_yd	3	delta	1	wrong	14,14	0.0	0	26	0.0	0.0	0.0	0.0	0.24436283111572266	0.20435789227485657	0.25432097911834717	0.27854758501052856	0.0	-0.01799297332763672	0.0
s2_yd	3	delta	1	wrong	5,15	0.0	0	26	0.0	0.0	0.0	0.0	0.24436283111572266	0.20435789227485657	0.25432097911834717	0.27854758501052856	0.0	-0.0023949146270751953	0.0
s2_yd	3	delta	1	wrong	3,14	0.0	0	26	0.0	0.0	0.0	0.0	0.24436283111572266	0.20435789227485657	0.25432097911834717	0.27854758501052856	0.0	-0.0027353763580322266	0.0
s2_yd	3	delta	1	wrong	5,14	0.0	0	26	0.0	0.0	0.0	0.0	0.24436283111572266	0.20435789227485657	0.25432097911834717	0.27854758501052856	0.0	-0.02597188949584961	0.0
s2_yd	3	delta	1	wrong	4,2	0.0	0	26	0.0	0.0	0.0	0.0	0.24436283111572266	0.20435789227485657	0.25432097911834717	0.27854758501052856	0.0	-0.004924774169921875	0.0
s2_yd	3	delta	1	wrong	12,12	0.0	0	26	0.0	0.0	0.0	0.0	0.24436283111572266	0.20435789227485657	0.25432097911834717	0.27854758501052856	0.0	-0.0007537603378295898	0.0
s2_yd	3	delta	1	wrong	11,1	-0.00390625	1	26	-3.479421138763428e-05	9.238719940185547e-06	7.915496826171875e-05	-0.0003037452697753906	0.24432803690433502	0.20436713099479675	0.2544001340866089	0.2782438397407532	0.0005047321319580078	-0.002848982810974121	-2.898275852203369e-06
s2_yd	3	delta	1	wrong	6,1	-0.00390625	3	26	-0.000931859016418457	-0.0013433992862701416	0.0011909008026123047	-0.00033783912658691406	0.2434309720993042	0.20301449298858643	0.2555118799209595	0.27820974588394165	0.0011720657348632812	-0.009011507034301758	-0.0004927739500999451
s2_yd	3	delta	1	wrong	9,2	0.0	0	26	0.0	0.0	0.0	0.0	0.24436283111572266	0.20435789227485657	0.25432097911834717	0.27854758501052856	0.0	-0.002283453941345215	0.0
s2_yd	3	delta	1	wrong	10,14	-0.00390625	27	26	-0.0011287927627563477	-0.0012714862823486328	-0.006582319736480713	-0.0017514526844024658	0.2432340383529663	0.20308640599250793	0.24773865938186646	0.2767961323261261	0.005833268165588379	-0.11021316051483154	-0.006957754492759705
s2_yd	3	delta	1	wrong	10,2	0.0625	115	26	0.029082000255584717	0.018244922161102295	-0.03956851363182068	-0.02434214949607849	0.2734448313713074	0.22260281443595886	0.2147524654865265	0.2542054355144501	0.06921887397766113	0.010061502456665039	0.024726390838623047
s2_yd	3	delta	1	wrong	4,5	-0.00390625	9	26	-0.00040169060230255127	-0.00010742247104644775	-0.0003975033760070801	0.0008711516857147217	0.2439611405134201	0.20425046980381012	0.2539234757423401	0.2794187366962433	0.003809690475463867	-0.0333176851272583	-0.002274632453918457
s2_yd	3	delta	1	wrong	2,6	0.0	0	26	0.0	0.0	0.0	0.0	0.24436283111572266	0.20435789227485657	0.25432097911834717	0.27854758501052856	0.0	-0.013463735580444336	-0.0018487870693206787
s2_yd	3	delta	1	wrong	14,5	-0.01171875	10	26	-0.0016611218452453613	-0.0015775561332702637	-0.001483142375946045	-0.0017170608043670654	0.2427017092704773	0.2027803361415863	0.2528378367424011	0.2768305242061615	0.0033004283905029297	-0.03754532337188721	0.0008666962385177612
s2_yd	3	delta	1	wrong	3,13	0.0	0	26	0.0	0.0	0.0	0.0	0.24436283111572266	0.20435789227485657	0.25432097911834717	0.27854758501052856	0.0	-0.0023365020751953125	0.0
s2_yd	3	delta	2	true	4,6	0.0	0	26	0.0	0.0	0.0	0.0	0.3580372929573059	0.296269953250885	0.30586978793144226	0.29330673813819885	0.0	-0.0068819522857666016	-2.7626752853393555e-05
s2_yd	3	delta	2	true	4,7	-0.00390625	1	26	-0.0015887022018432617	-0.0016573667526245117	-0.0016215145587921143	-0.0003000199794769287	0.35644859075546265	0.2946125864982605	0.30424827337265015	0.2930067181587219	0.00017464160919189453	-0.023538172245025635	-0.00024017691612243652
s2_yd	3	delta	2	true	5,6	0.0	12	26	0.007925987243652344	0.008635878562927246	0.003202497959136963	0.002199232578277588	0.36596328020095825	0.30490583181381226	0.3090722858905792	0.29550597071647644	0.012060761451721191	0.009353995323181152	0.0088101327419281
s2_yd	3	delta	2	true	14,7	0.0	0	26	0.0	0.0	0.0	0.0	0.3580372929573059	0.296269953250885	0.30586978793144226	0.29330673813819885	0.0	-0.0631670355796814	-0.0070220232009887695
s2_yd	3	delta	2	true	15,6	0.0	3	26	0.0014643073081970215	0.003342270851135254	-0.0009427964687347412	-0.00019380450248718262	0.35950160026550293	0.29961222410202026	0.3049269914627075	0.29311293363571167	0.002292633056640625	-0.004124701023101807	0.0009020864963531494
s2_yd	3	delta	2	true	0,14	0.0	0	26	0.0	0.0	0.0	0.0	0.3580372929573059	0.296269953250885	0.30586978793144226	0.29330673813819885	0.0	-0.0072670578956604	0.0
s2_yd	3	delta	2	true	0,15	0.0	0	26	0.0	0.0	0.0	0.0	0.3580372929573059	0.296269953250885	0.30586978793144226	0.29330673813819885	0.0	-0.012044131755828857	-0.00020736455917358398
s2_yd	3	delta	2	true	8,1	0.0	0	26	0.0	0.0	0.0	0.0	0.3580372929573059	0.296269953250885	0.30586978793144226	0.29330673813819885	0.0	-0.0023919343948364258	0.0
s2_yd	3	delta	2	true	9,0	0.0	0	26	0.0	0.0	0.0	0.0	0.3580372929573059	0.296269953250885	0.30586978793144226	0.29330673813819885	0.0	-0.002630889415740967	0.0
s2_yd	3	delta	2	true	2,8	0.0	0	26	0.0	0.0	0.0	0.0	0.3580372929573059	0.296269953250885	0.30586978793144226	0.29330673813819885	0.0	-0.003506958484649658	0.0
s2_yd	3	delta	2	true	2,9	0.0	0	26	0.0	0.0	0.0	0.0	0.3580372929573059	0.296269953250885	0.30586978793144226	0.29330673813819885	0.0	-0.007248103618621826	-0.0003001391887664795
s2_yd	3	delta	2	true	3,8	0.0	0	26	0.0	0.0	0.0	0.0	0.3580372929573059	0.296269953250885	0.30586978793144226	0.29330673813819885	0.0	-0.000721275806427002	0.0
s2_yd	3	delta	2	true	12,4	0.0	0	26	0.0	0.0	0.0	0.0	0.3580372929573059	0.296269953250885	0.30586978793144226	0.29330673813819885	0.0	-0.0036593079566955566	0.0
s2_yd	3	delta	2	true	13,4	0.0	0	26	0.0	0.0	0.0	0.0	0.3580372929573059	0.296269953250885	0.30586978793144226	0.29330673813819885	0.0	-0.006128132343292236	0.0
s2_yd	3	delta	2	true	0,5	0.03125	53	26	-0.05280187726020813	-0.04228752851486206	-0.006114572286605835	-0.015660226345062256	0.3052354156970978	0.25398242473602295	0.2997552156448364	0.2776465117931366	0.05694460868835449	0.04148584604263306	0.01901569962501526
s2_yd	3	delta	2	true	1,5	0.0390625	70	26	-0.020658671855926514	-0.02333855628967285	-0.010464757680892944	-0.005592912435531616	0.3373786211013794	0.27293139696121216	0.2954050302505493	0.28771382570266724	0.10173320770263672	0.10281461477279663	0.053238123655319214
s2_yd	3	delta	2	true	8,8	0.0	0	26	0.0	0.0	0.0	0.0	0.3580372929573059	0.296269953250885	0.30586978793144226	0.29330673813819885	0.0	-0.0018014311790466309	0.0
s2_yd	3	delta	2	true	8,9	0.0	0	26	0.0	0.0	0.0	0.0	0.3580372929573059	0.296269953250885	0.30586978793144226	0.29330673813819885	0.0	-0.004929661750793457	0.0
s2_yd	3	delta	2	true	9,8	0.0	0	26	0.0	0.0	0.0	0.0	0.3580372929573059	0.296269953250885	0.30586978793144226	0.29330673813819885	0.0	-0.0009956955909729004	0.0
s2_yd	3	delta	2	true	9,9	0.0	0	26	0.0	0.0	0.0	0.0	0.3580372929573059	0.296269953250885	0.30586978793144226	0.29330673813819885	0.0	-0.003008544445037842	0.0
s2_yd	3	delta	2	true	10,10	0.0	0	26	0.0	0.0	0.0	0.0	0.3580372929573059	0.296269953250885	0.30586978793144226	0.29330673813819885	0.0	-0.38172978162765503	-0.2788880169391632
s2_yd	3	delta	2	true	10,11	0.0	0	26	0.0	0.0	0.0	0.0	0.3580372929573059	0.296269953250885	0.30586978793144226	0.29330673813819885	0.0	-0.017639636993408203	0.0
s2_yd	3	delta	2	true	11,10	0.0	0	26	0.0	0.0	0.0	0.0	0.3580372929573059	0.296269953250885	0.30586978793144226	0.29330673813819885	0.0	-0.018518805503845215	0.0
s2_yd	3	delta	2	true	12,8	0.0	0	26	0.0	0.0	0.0	0.0	0.3580372929573059	0.296269953250885	0.30586978793144226	0.29330673813819885	0.0	-0.0036903023719787598	0.0
s2_yd	3	delta	2	true	13,8	0.0	0	26	0.0	0.0	0.0	0.0	0.3580372929573059	0.296269953250885	0.30586978793144226	0.29330673813819885	0.0	-0.004963696002960205	0.0
s2_yd	3	delta	2	true	13,9	0.0	1	26	-0.0007185041904449463	-0.00027176737785339355	-2.9146671295166016e-05	-2.8699636459350586e-05	0.35731878876686096	0.2959981858730316	0.3058406412601471	0.2932780385017395	0.00016355514526367188	-0.008992433547973633	-0.000348895788192749
s2_yd	3	delta	2	true	0,12	0.0	0	26	0.0	0.0	0.0	0.0	0.3580372929573059	0.296269953250885	0.30586978793144226	0.29330673813819885	0.0	-0.0028364062309265137	0.0
s2_yd	3	delta	2	true	1,12	0.0	0	26	0.0	0.0	0.0	0.0	0.3580372929573059	0.296269953250885	0.30586978793144226	0.29330673813819885	0.0	-0.005949556827545166	0.0
s2_yd	3	delta	2	true	10,4	0.0078125	2	26	-0.001307368278503418	-0.0005285441875457764	0.0006802380084991455	-0.001170426607131958	0.3567299246788025	0.29574140906333923	0.3065500259399414	0.2921363115310669	0.00044655799865722656	-0.019911527633666992	-0.0009712874889373779
s2_yd	3	delta	2	true	10,5	-0.0234375	30	26	-0.005598187446594238	-0.004330277442932129	-0.0009890496730804443	-0.0063301026821136475	0.35243910551071167	0.2919396758079529	0.3048807382583618	0.2869766354560852	0.01626133918762207	-0.09994089603424072	-0.06790661811828613
s2_yd	3	delta	2	true	11,4	0.0	0	26	0.0	0.0	0.0	0.0	0.3580372929573059	0.296269953250885	0.30586978793144226	0.29330673813819885	0.0	-0.0015849471092224121	0.0
s2_yd	3	delta	2	true	0,15	0.0	0	26	0.0	0.0	0.0	0.0	0.3580372929573059	0.296269953250885	0.30586978793144226	0.29330673813819885	0.0	-0.012044131755828857	-0.00020736455917358398
s2_yd	3	delta	2	true	1,14	0.0	0	26	0.0	0.0	0.0	0.0	0.3580372929573059	0.296269953250885	0.30586978793144226	0.29330673813819885	0.0	-0.015085697174072266	0.0
s2_yd	3	delta	2	true	1,15	0.0	0	26	0.0	0.0	0.0	0.0	0.3580372929573059	0.296269953250885	0.30586978793144226	0.29330673813819885	0.0	-0.023361146450042725	-0.0027258098125457764
s2_yd	3	delta	2	true	8,5	-0.00390625	1	26	-0.0016463696956634521	-0.001270204782485962	-0.0013704895973205566	-0.0015963613986968994	0.35639092326164246	0.29499974846839905	0.3044992983341217	0.29171037673950195	0.00021851062774658203	-0.030425608158111572	-0.0017746984958648682
s2_yd	3	delta	2	true	9,5	0.0	0	26	0.0	0.0	0.0	0.0	0.3580372929573059	0.296269953250885	0.30586978793144226	0.29330673813819885	0.0	-0.0226173996925354	-0.0008291304111480713
s2_yd	3	delta	2	true	13,3	0.0	0	26	0.0	0.0	0.0	0.0	0.3580372929573059	0.296269953250885	0.30586978793144226	0.29330673813819885	0.0	-0.0007317662239074707	0.0
s2_yd	3	delta	2	true	10,11	0.0	0	26	0.0	0.0	0.0	0.0	0.3580372929573059	0.296269953250885	0.30586978793144226	0.29330673813819885	0.0	-0.017639636993408203	0.0
s2_yd	3	delta	2	true	11,11	0.0	0	26	0.0	0.0	0.0	0.0	0.3580372929573059	0.296269953250885	0.30586978793144226	0.29330673813819885	0.0	-0.0006144046783447266	0.0
s2_yd	3	delta	2	wrong	3,3	0.0	0	26	0.0	0.0	0.0	0.0	0.3580372929573059	0.296269953250885	0.30586978793144226	0.29330673813819885	0.0	-0.0001195073127746582	0.0
s2_yd	3	delta	2	wrong	2,13	0.0	0	26	0.0	0.0	0.0	0.0	0.3580372929573059	0.296269953250885	0.30586978793144226	0.29330673813819885	0.0	-0.005763411521911621	0.0
s2_yd	3	delta	2	wrong	15,3	0.0	0	26	0.0	0.0	0.0	0.0	0.3580372929573059	0.296269953250885	0.30586978793144226	0.29330673813819885	0.0	-9.942054748535156e-05	0.0
s2_yd	3	delta	2	wrong	14,9	0.0	0	26	0.0	0.0	0.0	0.0	0.3580372929573059	0.296269953250885	0.30586978793144226	0.29330673813819885	0.0	-0.006666243076324463	0.0
s2_yd	3	delta	2	wrong	1,0	-0.015625	9	26	0.000997304916381836	0.0018565058708190918	0.0007890760898590088	-0.00010004639625549316	0.35903459787368774	0.2981264591217041	0.30665886402130127	0.29320669174194336	0.006908416748046875	-0.0023979544639587402	0.003108680248260498
s2_yd	3	delta	2	wrong	12,0	0.0	0	26	0.0	0.0	0.0	0.0	0.3580372929573059	0.296269953250885	0.30586978793144226	0.29330673813819885	0.0	-0.007163882255554199	-0.00014713406562805176
s2_yd	3	delta	2	wrong	15,1	-0.00390625	1	26	-1.7642974853515625e-05	4.458427429199219e-05	-0.00015282630920410156	-0.00026735663414001465	0.3580196499824524	0.296314537525177	0.30571696162223816	0.29303938150405884	0.00015878677368164062	-0.0032169222831726074	-0.00018659234046936035
s2_yd	3	delta	2	wrong	0,6	-0.0078125	4	26	-0.0009269118309020996	-0.00135117769241333	-0.00015214085578918457	-0.0011282861232757568	0.3571103811264038	0.2949187755584717	0.3057176470756531	0.2921784520149231	0.0019333362579345703	-0.005428671836853027	0.0010611116886138916
s2_yd	3	delta	2	wrong	10,0	-0.02734375	13	26	-0.006038308143615723	-0.0060028135776519775	0.002008408308029175	-0.0005883872509002686	0.3519989848136902	0.29026713967323303	0.30787819623947144	0.2927183508872986	0.009741544723510742	-0.0025382637977600098	0.006242185831069946
s2_yd	3	delta	2	wrong	1,8	0.0	1	26	-0.0009543299674987793	-0.00020182132720947266	2.175569534301758e-06	5.957484245300293e-05	0.35708296298980713	0.29606813192367554	0.30587196350097656	0.29336631298065186	5.316734313964844e-05	-0.02272874116897583	-0.0034036338329315186
s2_yd	3	delta	2	wrong	14,13	0.0	0	26	0.0	0.0	0.0	0.0	0.3580372929573059	0.296269953250885	0.30586978793144226	0.29330673813819885	0.0	-0.005813777446746826	0.0
s2_yd	3	delta	2	wrong	12,15	0.0	0	26	0.0	0.0	0.0	0.0	0.3580372929573059	0.296269953250885	0.30586978793144226	0.29330673813819885	0.0	-0.000700533390045166	0.0
s2_yd	3	delta	2	wrong	10,15	0.0	0	26	0.0	0.0	0.0	0.0	0.3580372929573059	0.296269953250885	0.30586978793144226	0.29330673813819885	0.0	-0.005143582820892334	0.0
s2_yd	3	delta	2	wrong	5,1	-0.0078125	5	26	0.0004248619079589844	-0.0006327033042907715	0.0020011067390441895	-2.1725893020629883e-05	0.3584621548652649	0.29563724994659424	0.30787089467048645	0.2932850122451782	0.0019576549530029297	-0.008212625980377197	0.0006428658962249756
s2_yd	3	delta	2	wrong	13,0	0.0	1	26	8.004903793334961e-05	-5.364418029785156e-07	0.0011030733585357666	0.0001367628574371338	0.35811734199523926	0.29626941680908203	0.306972861289978	0.293443500995636	0.0001800060272216797	-0.007545590400695801	-0.00019064545631408691
s2_yd	3	delta	2	wrong	14,3	0.0	0	26	0.0	0.0	0.0	0.0	0.3580372929573059	0.296269953250885	0.30586978793144226	0.29330673813819885	0.0	-0.0006840825080871582	0.0
s2_yd	3	delta	2	wrong	5,11	0.0	0	26	0.0	0.0	0.0	0.0	0.3580372929573059	0.296269953250885	0.30586978793144226	0.29330673813819885	0.0	-0.004275023937225342	0.0
s2_yd	3	delta	2	wrong	15,8	0.0	0	26	0.0	0.0	0.0	0.0	0.3580372929573059	0.296269953250885	0.30586978793144226	0.29330673813819885	0.0	-0.00048089027404785156	0.0
s2_yd	3	delta	2	wrong	4,1	-0.00390625	1	26	-5.301833152770996e-05	-6.496906280517578e-06	0.0005278587341308594	-0.0001806318759918213	0.3579842746257782	0.2962634563446045	0.3063976466655731	0.29312610626220703	9.226799011230469e-05	-0.003347337245941162	-0.0002529919147491455
s2_yd	3	delta	2	wrong	13,11	0.0	0	26	0.0	0.0	0.0	0.0	0.3580372929573059	0.296269953250885	0.30586978793144226	0.29330673813819885	0.0	-0.0034527182579040527	0.0
s2_yd	3	delta	2	wrong	2,14	0.0	0	26	0.0	0.0	0.0	0.0	0.3580372929573059	0.296269953250885	0.30586978793144226	0.29330673813819885	0.0	-0.00661855936050415	0.0
s2_yd	3	delta	2	wrong	8,15	0.0	0	26	0.0	0.0	0.0	0.0	0.3580372929573059	0.296269953250885	0.30586978793144226	0.29330673813819885	0.0	-0.001293957233428955	0.0
s2_yd	3	delta	2	wrong	15,14	0.0	0	26	0.0	0.0	0.0	0.0	0.3580372929573059	0.296269953250885	0.30586978793144226	0.29330673813819885	0.0	-0.0011804699897766113	0.0
s2_yd	3	delta	2	wrong	11,0	-0.0078125	2	26	0.0008565783500671387	0.0022243857383728027	0.0008258223533630371	0.0003077685832977295	0.35889387130737305	0.2984943389892578	0.3066956102848053	0.2936145067214966	0.0009114742279052734	-0.00781339406967163	-1.7911195755004883e-05
s2_yd	3	delta	2	wrong	1,10	-0.0390625	60	26	-0.060437560081481934	-0.055132344365119934	-0.021352261304855347	0.005923092365264893	0.297599732875824	0.24113760888576508	0.2845175266265869	0.29922983050346375	0.04430675506591797	-0.0008050799369812012	-0.0037665069103240967
s2_yd	3	delta	2	wrong	0,7	-0.0234375	30	26	-0.037083566188812256	-0.03099912405014038	-0.013737678527832031	-0.00705292820930481	0.32095372676849365	0.26527082920074463	0.29213210940361023	0.28625380992889404	0.014229536056518555	-0.039439380168914795	-0.011569768190383911
s2_yd	3	delta	2	wrong	14,1	-0.00390625	1	26	-8.243322372436523e-05	-2.1457672119140625e-05	-5.105137825012207e-05	-0.00034311413764953613	0.35795485973358154	0.29624849557876587	0.30581873655319214	0.2929636240005493	0.0001595020294189453	-0.003463566303253174	-0.00018575787544250488
s2_yd	3	delta	2	wrong	1,1	-0.00390625	6	26	-0.0006189048290252686	-0.001079469919204712	0.002308964729309082	-0.00031134486198425293	0.35741838812828064	0.2951904833316803	0.30817875266075134	0.2929953932762146	0.004059553146362305	-0.007168412208557129	0.0014705657958984375
s2_yd	3	delta	2	wrong	6,9	0.0	1	26	-0.000690460205078125	-0.0011612772941589355	0.00021642446517944336	0.00042375922203063965	0.3573468327522278	0.2951086759567261	0.3060862123966217	0.2937304973602295	0.00016736984252929688	-0.029169201850891113	-0.0047043561935424805
s2_yd	3	delta	2	wrong	14,11	0.0	0	26	0.0	0.0	0.0	0.0	0.3580372929573059	0.296269953250885	0.30586978793144226	0.29330673813819885	0.0	-0.0023799538612365723	0.0
s2_yd	3	delta	2	wrong	9,15	0.0	0	26	0.0	0.0	0.0	0.0	0.3580372929573059	0.296269953250885	0.30586978793144226	0.29330673813819885	0.0	-0.0009830594062805176	0.0
s2_yd	3	delta	2	wrong	15,11	0.0	0	26	0.0	0.0	0.0	0.0	0.3580372929573059	0.296269953250885	0.30586978793144226	0.29330673813819885	0.0	-0.0003224015235900879	0.0
s2_yd	3	delta	2	wrong	2,1	-0.00390625	1	26	-9.72747802734375e-05	-2.1696090698242188e-05	-0.00015461444854736328	-0.0003463327884674072	0.35794001817703247	0.29624825716018677	0.3057151734828949	0.29296040534973145	0.0003122091293334961	-0.003229081630706787	-3.311038017272949e-05
s2_yd	3	delta	2	wrong	14,14	0.0	0	26	0.0	0.0	0.0	0.0	0.3580372929573059	0.296269953250885	0.30586978793144226	0.29330673813819885	0.0	-0.006980240345001221	0.0
s2_yd	3	delta	2	wrong	5,15	0.0	0	26	0.0	0.0	0.0	0.0	0.3580372929573059	0.296269953250885	0.30586978793144226	0.29330673813819885	0.0	-0.0016331076622009277	0.0
s2_yd	3	delta	2	wrong	3,14	0.0	0	26	0.0	0.0	0.0	0.0	0.3580372929573059	0.296269953250885	0.30586978793144226	0.29330673813819885	0.0	-0.0012312531471252441	0.0
s2_yd	3	delta	2	wrong	5,14	0.0	0	26	0.0	0.0	0.0	0.0	0.3580372929573059	0.296269953250885	0.30586978793144226	0.29330673813819885	0.0	-0.011296093463897705	0.0
s2_yd	3	delta	2	wrong	4,2	0.0	0	26	0.0	0.0	0.0	0.0	0.3580372929573059	0.296269953250885	0.30586978793144226	0.29330673813819885	0.0	-0.003243386745452881	0.0
s2_yd	3	delta	2	wrong	12,12	0.0	0	26	0.0	0.0	0.0	0.0	0.3580372929573059	0.296269953250885	0.30586978793144226	0.29330673813819885	0.0	-0.0004883408546447754	0.0
s2_yd	3	delta	2	wrong	11,1	-0.00390625	1	26	-3.4809112548828125e-05	9.238719940185547e-06	7.915496826171875e-05	-0.0003037452697753906	0.3580024838447571	0.2962791919708252	0.305948942899704	0.29300299286842346	0.0005047321319580078	-0.002010166645050049	0.0001595020294189453
s2_yd	3	delta	2	wrong	6,1	-0.00390625	3	26	-0.0009318888187408447	-0.0013434290885925293	0.001190871000289917	-0.00033786892890930176	0.35710540413856506	0.2949265241622925	0.3070606589317322	0.29296886920928955	0.0011719465255737305	-0.007541000843048096	-4.652142524719238e-05
s2_yd	3	delta	2	wrong	9,2	0.0	0	26	0.0	0.0	0.0	0.0	0.3580372929573059	0.296269953250885	0.30586978793144226	0.29330673813819885	0.0	-0.0014604926109313965	0.0
s2_yd	3	delta	2	wrong	10,14	0.0	0	26	0.0	0.0	0.0	0.0	0.3580372929573059	0.296269953250885	0.30586978793144226	0.29330673813819885	0.0	-0.051553308963775635	-0.00860169529914856
s2_yd	3	delta	2	wrong	10,2	0.0	0	26	0.0	0.0	0.0	0.0	0.3580372929573059	0.296269953250885	0.30586978793144226	0.29330673813819885	0.0	-0.10935288667678833	-0.07458736002445221
s2_yd	3	delta	2	wrong	4,5	-0.00390625	8	26	-0.00150299072265625	-0.0014860033988952637	0.0010692477226257324	-0.0010721385478973389	0.35653430223464966	0.29478394985198975	0.306939035654068	0.2922345995903015	0.0033349990844726562	-0.03280550241470337	-0.004388242959976196
s2_yd	3	delta	2	wrong	2,6	0.0	0	26	0.0	0.0	0.0	0.0	0.3580372929573059	0.296269953250885	0.30586978793144226	0.29330673813819885	0.0	-0.010769307613372803	-0.0006351768970489502
s2_yd	3	delta	2	wrong	14,5	0.0	0	26	0.0	0.0	0.0	0.0	0.3580372929573059	0.296269953250885	0.30586978793144226	0.29330673813819885	0.0	-0.026066243648529053	-0.0004228651523590088
s2_yd	3	delta	2	wrong	3,13	0.0	0	26	0.0	0.0	0.0	0.0	0.3580372929573059	0.296269953250885	0.30586978793144226	0.29330673813819885	0.0	-0.0011576414108276367	0.0
s2_yd	3	single	-1	true	4,6	0.23828125	-1	1					0.20988456904888153	0.16215559840202332	0.26718682050704956	0.2705003023147583	-0.5827209949493408	0.0	0.0
s2_yd	3	single	-1	true	4,7	0.23828125	-1	1					0.12903428077697754	0.08935733139514923	0.20970164239406586	0.28857672214508057	0.4749751687049866	0.0	0.0
s2_yd	3	single	-1	true	5,6	0.23828125	-1	1					0.3166957199573517	0.27958208322525024	0.25843122601509094	0.30392807722091675	-0.06887272000312805	0.0	0.0
s2_yd	3	single	-1	true	5,7	0.23828125	-1	1					0.20361262559890747	0.17576400935649872	0.28294360637664795	0.33038967847824097	0.988823413848877	0.0	0.0
s2_yd	3	single	-1	true	14,6	0.23828125	-1	1					0.07371579110622406	0.056046053767204285	0.09836398810148239	0.21203729510307312	-0.26061955094337463	0.0	0.0
s2_yd	3	single	-1	true	14,7	0.23828125	-1	1					0.09411567449569702	0.07763059437274933	0.1263589709997177	0.2460246980190277	0.7970765829086304	0.0	0.0
s2_yd	3	single	-1	true	15,6	0.23828125	-1	1					0.27522987127304077	0.2342384159564972	0.11195597052574158	0.23322570323944092	-0.7778162360191345	0.0	0.0
s2_yd	3	single	-1	true	15,7	0.23828125	-1	1					0.13185791671276093	0.09477654099464417	0.11586661636829376	0.2371692657470703	0.27987992763519287	0.0	0.0
s2_yd	3	single	-1	true	0,14	0.1484375	-1	1					0.02320266328752041	0.016655249521136284	0.09807322919368744	0.1723446100950241	0.1069771945476532	0.0	0.0
s2_yd	3	single	-1	true	0,15	0.1484375	-1	1					0.054592519998550415	0.0326058603823185	0.051250919699668884	0.10905198752880096	-0.5509430170059204	0.0	0.0
s2_yd	3	single	-1	true	1,14	0.1484375	-1	1					0.04034578055143356	0.021714117377996445	0.09641758352518082	0.25399845838546753	0.2984873652458191	0.0	0.0
s2_yd	3	single	-1	true	1,15	0.1484375	-1	1					0.08608294278383255	0.044147178530693054	0.08032840490341187	0.17502865195274353	-0.3594329059123993	0.0	0.0
s2_yd	3	single	-1	true	8,0	0.0	-1	1					0.20467346906661987	0.17457279562950134	0.19442445039749146	0.2551262676715851	-0.5388246178627014	0.0	0.0
s2_yd	3	single	-1	true	8,1	0.0	-1	1					0.08738498389720917	0.057410962879657745	0.15678265690803528	0.20199285447597504	-0.7710936665534973	0.0	0.0
s2_yd	3	single	-1	true	9,0	0.0	-1	1					0.10584340989589691	0.0878886729478836	0.17451471090316772	0.18954508006572723	-0.7742310762405396	0.0	0.0
s2_yd	3	single	-1	true	9,1	0.0	-1	1					0.07066099345684052	0.04794420674443245	0.12630325555801392	0.1454675793647766	-1.006500244140625	0.0	0.0
s2_yd	3	single	-1	true	2,8	0.04296875	-1	1					0.0877942144870758	0.07181760668754578	0.11897528171539307	0.15211103856563568	-0.13893738389015198	0.0	0.0
s2_yd	3	single	-1	true	2,9	0.04296875	-1	1					0.04690258949995041	0.03159578517079353	0.0817069560289383	0.20897361636161804	0.08111134171485901	0.0	0.0
s2_yd	3	single	-1	true	3,8	0.04296875	-1	1					0.06630958616733551	0.04016093909740448	0.17888738214969635	0.12081038951873779	-0.5100624561309814	0.0	0.0
s2_yd	3	single	-1	true	3,9	0.04296875	-1	1					0.051231496036052704	0.02907705307006836	0.10079184919595718	0.17046356201171875	-0.29001373052597046	0.0	0.0
s2_yd	3	single	-1	true	12,4	0.04296875	-1	1					0.16745087504386902	0.09691105782985687	0.22664645314216614	0.19574137032032013	-0.20861154794692993	0.0	0.0
s2_yd	3	single	-1	true	12,5	0.04296875	-1	1					0.2454390674829483	0.17930009961128235	0.26828497648239136	0.2002236545085907	0.5134181380271912	0.0	0.0
s2_yd	3	single	-1	true	13,4	0.1015625	-1	1					0.09836715459823608	0.05958584323525429	0.25199079513549805	0.23499071598052979	-0.08185548335313797	0.0	0.0
s2_yd	3	single	-1	true	13,5	0.1015625	-1	1					0.2873794436454773	0.24906213581562042	0.30988991260528564	0.24803534150123596	0.640174150466919	0.0	0.0
s2_yd	3	single	-1	true	0,4	0.15625	-1	1					0.24374741315841675	0.1907641589641571	0.13433745503425598	0.13838303089141846	-0.2098851203918457	0.0	0.0
s2_yd	3	single	-1	true	0,5	0.15625	-1	1					0.1028735414147377	0.07819999754428864	0.21140816807746887	0.13722437620162964	0.5121445655822754	0.0	0.0
s2_yd	3	single	-1	true	1,4	0.15625	-1	1					0.35029518604278564	0.25720271468162537	0.23214802145957947	0.21739381551742554	-0.01837494596838951	0.0	0.0
s2_yd	3	single	-1	true	1,5	0.15625	-1	1					0.22697992622852325	0.15894289314746857	0.2121325582265854	0.20914152264595032	0.7036547064781189	0.0	0.0
s2_yd	3	single	-1	true	8,8	0.15625	-1	1					0.23220987617969513	0.21277187764644623	0.2739641070365906	0.1955375373363495	-0.41467130184173584	0.0	0.0
s2_yd	3	single	-1	true	8,9	0.15625	-1	1					0.32981836795806885	0.3043751120567322	0.1915002167224884	0.2560617923736572	-0.19462259113788605	0.0	0.0
s2_yd	3	single	-1	true	9,8	0.15625	-1	1					0.09187399595975876	0.07099597156047821	0.22708944976329803	0.14162704348564148	-0.650077760219574	0.0	0.0
s2_yd	3	single	-1	true	9,9	0.15625	-1	1					0.0786619558930397	0.05404496192932129	0.2117525339126587	0.19245655834674835	-0.43002909421920776	0.0	0.0
s2_yd	3	single	-1	true	10,10	0.4296875	-1	1					0.31704920530319214	0.26998093724250793	0.31434208154678345	0.32178008556365967	1.308037281036377	0.0	0.0
s2_yd	3	single	-1	true	10,11	0.4296875	-1	1					0.2504100799560547	0.23333165049552917	0.2160835862159729	0.22029420733451843	0.4554029107093811	0.0	0.0
s2_yd	3	single	-1	true	11,10	0.4296875	-1	1					0.1090855747461319	0.08488737791776657	0.12458144128322601	0.24943257868289948	0.47786277532577515	0.0	0.0
s2_yd	3	single	-1	true	11,11	0.4296875	-1	1					0.057689692825078964	0.048192501068115234	0.16446100175380707	0.17449522018432617	-0.3747715353965759	0.0	0.0
s2_yd	3	single	-1	true	12,8	0.30078125	-1	1					0.24344968795776367	0.1674569845199585	0.24662059545516968	0.1835397630929947	-0.19639122486114502	0.0	0.0
s2_yd	3	single	-1	true	12,9	0.30078125	-1	1					0.25990456342697144	0.18197289109230042	0.2021731585264206	0.24295952916145325	0.023657500743865967	0.0	0.0
s2_yd	3	single	-1	true	13,8	0.30078125	-1	1					0.2732057273387909	0.21159012615680695	0.2965429127216339	0.22023271024227142	-0.06963516026735306	0.0	0.0
s2_yd	3	single	-1	true	13,9	0.30078125	-1	1					0.20667687058448792	0.15677931904792786	0.2108372300863266	0.283326119184494	0.15041357278823853	0.0	0.0
s2_yd	3	single	-1	true	0,12	0.05859375	-1	1					0.1308266520500183	0.09032492339611053	0.19261859357357025	0.15095818042755127	-0.8485704660415649	0.0	0.0
s2_yd	3	single	-1	true	0,13	0.05859375	-1	1					0.02948443964123726	0.017207559198141098	0.13063058257102966	0.186331644654274	0.08740004897117615	0.0	0.0
s2_yd	3	single	-1	true	1,12	0.05859375	-1	1					0.2677052617073059	0.18941715359687805	0.21381068229675293	0.2240133285522461	-0.6570602655410767	0.0	0.0
s2_yd	3	single	-1	true	1,13	0.05859375	-1	1					0.07598530501127243	0.040081337094306946	0.14279437065124512	0.2704944908618927	0.27891021966934204	0.0	0.0
s2_yd	3	single	-1	true	10,4	0.1015625	-1	1					0.09836715459823608	0.05958584323525429	0.25199079513549805	0.23499071598052979	0.3622741103172302	0.0	0.0
s2_yd	3	single	-1	true	10,5	0.1015625	-1	1					0.2873794436454773	0.24906213581562042	0.30988991260528564	0.24803534150123596	1.0843037366867065	0.0	0.0
s2_yd	3	single	-1	true	11,4	0.05859375	-1	1					0.12146546691656113	0.08445873856544495	0.11218806356191635	0.17987564206123352	-0.4679003357887268	0.0	0.0
s2_yd	3	single	-1	true	11,5	0.05859375	-1	1					0.1048646867275238	0.0878792479634285	0.1462722271680832	0.189374178647995	0.2541292905807495	0.0	0.0
s2_yd	3	single	-1	true	0,14	0.1484375	-1	1					0.02320266328752041	0.016655249521136284	0.09807322919368744	0.1723446100950241	0.1069771945476532	0.0	0.0
s2_yd	3	single	-1	true	0,15	0.1484375	-1	1					0.054592519998550415	0.0326058603823185	0.051250919699668884	0.10905198752880096	-0.5509430170059204	0.0	0.0
s2_yd	3	single	-1	true	1,14	0.1484375	-1	1					0.04034578055143356	0.021714117377996445	0.09641758352518082	0.25399845838546753	0.2984873652458191	0.0	0.0
s2_yd	3	single	-1	true	1,15	0.1484375	-1	1					0.08608294278383255	0.044147178530693054	0.08032840490341187	0.17502865195274353	-0.3594329059123993	0.0	0.0
s2_yd	3	single	-1	true	8,4	0.1484375	-1	1					0.12657418847084045	0.08227579295635223	0.17825397849082947	0.20407330989837646	-0.42689162492752075	0.0	0.0
s2_yd	3	single	-1	true	8,5	0.1484375	-1	1					0.2523695230484009	0.23252898454666138	0.2592191994190216	0.21190409362316132	0.29513806104660034	0.0	0.0
s2_yd	3	single	-1	true	9,4	0.1484375	-1	1					0.10183585435152054	0.06463461369276047	0.18178346753120422	0.1486097276210785	-0.6622980833053589	0.0	0.0
s2_yd	3	single	-1	true	9,5	0.1484375	-1	1					0.09370343387126923	0.07096581906080246	0.25703859329223633	0.15352310240268707	0.05973154678940773	0.0	0.0
s2_yd	3	single	-1	true	12,2	0.12890625	-1	1					0.08937741816043854	0.05692662298679352	0.12019608169794083	0.2075512409210205	0.263841450214386	0.0	0.0
s2_yd	3	single	-1	true	12,3	0.12890625	-1	1					0.09128448367118835	0.053949400782585144	0.16284209489822388	0.19298624992370605	-0.5565149188041687	0.0	0.0
s2_yd	3	single	-1	true	13,2	0.12890625	-1	1					0.1997588574886322	0.16353338956832886	0.14271685481071472	0.25477391481399536	0.39059746265411377	0.0	0.0
s2_yd	3	single	-1	true	13,3	0.12890625	-1	1					0.0997825413942337	0.0753663033246994	0.18329644203186035	0.2304328978061676	-0.42975884675979614	0.0	0.0
s2_yd	3	single	-1	true	10,10	0.4296875	-1	1					0.31704920530319214	0.26998093724250793	0.31434208154678345	0.32178008556365967	1.308037281036377	0.0	0.0
s2_yd	3	single	-1	true	10,11	0.4296875	-1	1					0.2504100799560547	0.23333165049552917	0.2160835862159729	0.22029420733451843	0.4554029107093811	0.0	0.0
s2_yd	3	single	-1	true	11,10	0.4296875	-1	1					0.1090855747461319	0.08488737791776657	0.12458144128322601	0.24943257868289948	0.47786277532577515	0.0	0.0
s2_yd	3	single	-1	true	11,11	0.4296875	-1	1					0.057689692825078964	0.048192501068115234	0.16446100175380707	0.17449522018432617	-0.3747715353965759	0.0	0.0
s2_yd	3	single	-1	wrong	3,3	0.0	-1	1					0.016571929678320885	0.007507283240556717	0.15107358992099762	0.1376378834247589	-0.8701861500740051	0.0	0.0
s2_yd	3	single	-1	wrong	2,13	0.0	-1	1					0.0873529464006424	0.07873454689979553	0.12196458876132965	0.21965435147285461	0.14612744748592377	0.0	0.0
s2_yd	3	single	-1	wrong	15,3	0.0	-1	1					0.023032912984490395	0.013791162520647049	0.07472805678844452	0.17637085914611816	-1.0137865543365479	0.0	0.0
s2_yd	3	single	-1	wrong	14,9	0.0	-1	1					0.05228463187813759	0.03473224490880966	0.09478846937417984	0.21617838740348816	0.08358250558376312	0.0	0.0
s2_yd	3	single	-1	wrong	1,0	0.0	-1	1					0.2563247084617615	0.20058001577854156	0.23475991189479828	0.257735013961792	-0.13030794262886047	0.0	0.0
s2_yd	3	single	-1	wrong	12,0	0.0	-1	1					0.22049149870872498	0.1676369309425354	0.1663641482591629	0.24358054995536804	-0.3205445408821106	0.0	0.0
s2_yd	3	single	-1	wrong	15,1	0.0	-1	1					0.19995282590389252	0.14419244229793549	0.06884735822677612	0.17554280161857605	-1.0100853443145752	0.0	0.0
s2_yd	3	single	-1	wrong	0,6	0.0	-1	1					0.16130360960960388	0.13740047812461853	0.14644809067249298	0.17922762036323547	-0.32181811332702637	0.0	0.0
s2_yd	3	single	-1	wrong	10,0	0.0	-1	1					0.12863749265670776	0.09690763056278229	0.21040350198745728	0.2812960743904114	0.25034111738204956	0.0	0.0
s2_yd	3	single	-1	wrong	1,8	0.0	-1	1					0.10489775985479355	0.0650264248251915	0.21668916940689087	0.18878278136253357	-0.006154604256153107	0.0	0.0
s2_yd	3	single	-1	wrong	14,13	0.23828125	-1	1					0.09411567449569702	0.07763059437274933	0.1263589709997177	0.2460246980190277	0.1485985964536667	0.0	0.0
s2_yd	3	single	-1	wrong	12,15	0.0	-1	1					0.13899442553520203	0.08431918919086456	0.12539181113243103	0.16071821749210358	-0.5496695041656494	0.0	0.0
s2_yd	3	single	-1	wrong	10,15	0.0	-1	1					0.1540800929069519	0.11807912588119507	0.115114226937294	0.20113074779510498	0.021216144785284996	0.0	0.0
s2_yd	3	single	-1	wrong	5,1	0.0	-1	1					0.18135926127433777	0.12244875729084015	0.2244524359703064	0.2439204752445221	-0.30114176869392395	0.0	0.0
s2_yd	3	single	-1	wrong	13,0	0.0	-1	1					0.12863749265670776	0.09690763056278229	0.21040350198745728	0.2812960743904114	-0.19378849864006042	0.0	0.0
s2_yd	3	single	-1	wrong	14,3	0.0	-1	1					0.031016265973448753	0.022093461826443672	0.11045172810554504	0.1773085594177246	-0.4965899586677551	0.0	0.0
s2_yd	3	single	-1	wrong	5,11	0.0	-1	1					0.15865489840507507	0.1531875729560852	0.22673319280147552	0.23541343212127686	0.13618910312652588	0.0	0.0
s2_yd	3	single	-1	wrong	15,8	0.0	-1	1					0.1213812306523323	0.09997782111167908	0.16736316680908203	0.16444633901119232	-0.653662919998169	0.0	0.0
s2_yd	3	single	-1	wrong	4,1	0.0	-1	1					0.14591528475284576	0.09361860901117325	0.2215610146522522	0.22412610054016113	-0.8149899244308472	0.0	0.0
s2_yd	3	single	-1	wrong	13,11	0.4296875	-1	1					0.2504100799560547	0.23333165049552917	0.2160835862159729	0.22029420733451843	0.011273343116044998	0.0	0.0
s2_yd	3	single	-1	wrong	2,14	0.0	-1	1					0.045109156519174576	0.04313473030924797	0.09381203353404999	0.19761046767234802	0.16570459306240082	0.0	0.0
s2_yd	3	single	-1	wrong	8,15	0.0	-1	1					0.14494487643241882	0.10732366889715195	0.08092004060745239	0.17257159948349	-0.7679495811462402	0.0	0.0
s2_yd	3	single	-1	wrong	15,14	0.0	-1	1					0.0385669469833374	0.028139248490333557	0.09975217282772064	0.21579134464263916	-0.34902089834213257	0.0	0.0
s2_yd	3	single	-1	wrong	11,0	0.0	-1	1					0.18585743010044098	0.16889077425003052	0.13387733697891235	0.22783055901527405	-0.5798333883285522	0.0	0.0
s2_yd	3	single	-1	wrong	1,10	0.05859375	-1	1					0.07598530501127243	0.040081337094306946	0.14279437065124512	0.2704944908618927	0.9273881912231445	0.0	0.0
s2_yd	3	single	-1	wrong	0,7	0.05859375	-1	1					0.02948443964123726	0.017207559198141098	0.13063058257102966	0.186331644654274	0.735878050327301	0.0	0.0
s2_yd	3	single	-1	wrong	14,1	0.0	-1	1					0.051420003175735474	0.0352102592587471	0.08138866722583771	0.17336708307266235	-0.49288859963417053	0.0	0.0
s2_yd	3	single	-1	wrong	1,1	0.0	-1	1					0.21613970398902893	0.15187300741672516	0.20682227611541748	0.21209219098091125	-0.362576961517334	0.0	0.0
s2_yd	3	single	-1	wrong	6,9	0.0	-1	1					0.13854506611824036	0.10301772505044937	0.16509641706943512	0.1812629997730255	0.022383935749530792	0.0	0.0
s2_yd	3	single	-1	wrong	14,11	0.0	-1	1					0.07925784587860107	0.07228152453899384	0.158985897898674	0.1661311537027359	-0.055557724088430405	0.0	0.0
s2_yd	3	single	-1	wrong	9,15	0.0	-1	1					0.048298563808202744	0.0321086049079895	0.08492816984653473	0.11785723268985748	-1.0033560991287231	0.0	0.0
s2_yd	3	single	-1	wrong	15,11	0.0	-1	1					0.0845329612493515	0.07024508714675903	0.1517869532108307	0.16668225824832916	-0.5727543830871582	0.0	0.0
s2_yd	3	single	-1	wrong	2,1	0.0	-1	1					0.040553923696279526	0.0303480327129364	0.09040367603302002	0.15649040043354034	-0.49535974860191345	0.0	0.0
s2_yd	3	single	-1	wrong	14,14	0.0	-1	1					0.048268675804138184	0.04033692926168442	0.13011972606182098	0.21770161390304565	0.16817574203014374	0.0	0.0
s2_yd	3	single	-1	wrong	5,15	0.0	-1	1					0.10817693918943405	0.09039846062660217	0.10772226750850677	0.210686594247818	-0.29799768328666687	0.0	0.0
s2_yd	3	single	-1	wrong	3,14	0.0	-1	1					0.02619655430316925	0.014448460191488266	0.12398211658000946	0.1653258353471756	-0.20542047917842865	0.0	0.0
s2_yd	3	single	-1	wrong	5,14	0.0	-1	1					0.08607673645019531	0.07282213866710663	0.20863458514213562	0.2987050712108612	0.3599225878715515	0.0	0.0
s2_yd	3	single	-1	wrong	4,2	0.0	-1	1					0.04899110645055771	0.032057132571935654	0.12177087366580963	0.23788170516490936	0.0016650243196636438	0.0	0.0
s2_yd	3	single	-1	wrong	12,12	0.0	-1	1					0.27694129943847656	0.17327980697155	0.25174152851104736	0.21832343935966492	-0.847296953201294	0.0	0.0
s2_yd	3	single	-1	wrong	11,1	0.0	-1	1					0.13257551193237305	0.09238621592521667	0.08976531028747559	0.17773164808750153	-0.8121023774147034	0.0	0.0
s2_yd	3	single	-1	wrong	6,1	0.0	-1	1					0.14011219143867493	0.10639049857854843	0.11973210424184799	0.1361253559589386	-0.5540871620178223	0.0	0.0
s2_yd	3	single	-1	wrong	9,2	0.0	-1	1					0.01820475608110428	0.013833841308951378	0.09000018239021301	0.15981224179267883	-0.18984514474868774	0.0	0.0
s2_yd	3	single	-1	wrong	10,14	0.0	-1	1					0.13431303203105927	0.11546790599822998	0.1890709102153778	0.2837424576282501	0.6791363954544067	0.0	0.0
s2_yd	3	single	-1	wrong	10,2	0.12890625	-1	1					0.1997588574886322	0.16353338956832886	0.14271685481071472	0.25477391481399536	0.8347270488739014	0.0	0.0
s2_yd	3	single	-1	wrong	4,5	0.0	-1	1					0.19069457054138184	0.13868176937103271	0.2407979965209961	0.22678238153457642	0.2512417137622833	0.0	0.0
s2_yd	3	single	-1	wrong	2,6	0.0	-1	1					0.06801673769950867	0.05331164225935936	0.11468950659036636	0.20275066792964935	-0.26309069991111755	0.0	0.0
s2_yd	3	single	-1	wrong	14,5	0.0	-1	1					0.09987620264291763	0.08177722990512848	0.12878280878067017	0.18515914678573608	0.5733430981636047	0.0	0.0
s2_yd	3	single	-1	wrong	3,13	0.0	-1	1					0.06341945379972458	0.036946602165699005	0.11685363948345184	0.1769576519727707	-0.2249976098537445	0.0	0.0
s2_yd	3	single	-1	wrong	9,10	0.0	-1	1					0.021609611809253693	0.015470404177904129	0.16790184378623962	0.2018679976463318	0.28346502780914307	0.0	0.0
s2_yd	3	single	-1	wrong	8,11	0.0	-1	1					0.21442396938800812	0.200112447142601	0.19522663950920105	0.1951986700296402	-0.3337628245353699	0.0	0.0
s2_yd	3	single	-1	wrong	2,5	0.0	-1	1					0.08085419982671738	0.07394342124462128	0.11081436276435852	0.1702822744846344	0.5708719491958618	0.0	0.0
s2_yd	3	single	-1	wrong	13,7	0.4296875	-1	1					0.31704920530319214	0.26998093724250793	0.31434208154678345	0.32178008556365967	0.8639076948165894	0.0	0.0
s2_yd	3	single	-1	wrong	11,8	0.0	-1	1					0.10720957815647125	0.08981592208147049	0.1899065524339676	0.16821694374084473	-0.4556800425052643	0.0	0.0
s2_yd	3	single	-1	wrong	2,15	0.0	-1	1					0.043494582176208496	0.035784654319286346	0.041704099625349045	0.12973982095718384	-0.492215633392334	0.0	0.0
s2_yd	3	single	-1	wrong	12,14	0.0	-1	1					0.06988240033388138	0.0444277748465538	0.16420161724090576	0.2376493513584137	0.10825075209140778	0.0	0.0
s2_yd	3	single	-1	wrong	12,10	0.0	-1	1					0.08872545510530472	0.05438406020402908	0.21959292888641357	0.2657579779624939	0.737151563167572	0.0	0.0
s2_yd	3	single	-1	wrong	15,9	0.0	-1	1					0.1748007833957672	0.13688570261001587	0.12065034359693527	0.23150363564491272	-0.43361419439315796	0.0	0.0
s2_yd	3	single	-1	wrong	12,1	0.0	-1	1					0.12830553948879242	0.0779963806271553	0.1659069061279297	0.1958986520767212	-0.5528135895729065	0.0	0.0
s2_yd	3	single	-1	wrong	0,2	0.0	-1	1					0.0257512666285038	0.01754605583846569	0.060636237263679504	0.15418343245983124	0.2625678777694702	0.0	0.0
s2_yd	3	single	-1	wrong	7,9	0.30078125	-1	1					0.20667687058448792	0.15677931904792786	0.2108372300863266	0.283326119184494	0.5945430994033813	0.0	0.0
s2_yd	3	single	-1	wrong	11,14	0.0	-1	1					0.039162710309028625	0.031013868749141693	0.13273973762989044	0.2262927144765854	-0.1510380655527115	0.0	0.0
s2_yd	3	single	-1	wrong	2,12	0.0	-1	1					0.05081360042095184	0.03059443086385727	0.07116241753101349	0.17363888025283813	-0.7898430824279785	0.0	0.0
s2_yd	3	single	-1	wrong	0,8	0.0	-1	1					0.05306486040353775	0.039780691266059875	0.21167615056037903	0.128435879945755	-0.1976647824048996	0.0	0.0
s2_yd	3	single	-1	wrong	3,5	0.0	-1	1					0.08903932571411133	0.05032828450202942	0.14532038569450378	0.13567347824573517	0.19974690675735474	0.0	0.0
s2_yd	3	single	-1	wrong	1,9	0.0	-1	1					0.22452330589294434	0.15533038973808289	0.19373084604740143	0.2617237865924835	0.2138940989971161	0.0	0.0
s2_yd	3	single	-1	wrong	8,7	0.0	-1	1					0.1706414669752121	0.14068017899990082	0.18617817759513855	0.27643147110939026	0.518871545791626	0.0	0.0
s2_yd	3	single	-1	wrong	11,3	0.0	-1	1					0.019336529076099396	0.011376628652215004	0.12015366554260254	0.18118543922901154	-0.8158037662506104	0.0	0.0
s2_yd	3	single	-1	wrong	5,8	0.0	-1	1					0.21834278106689453	0.19276389479637146	0.3425412178039551	0.23302756249904633	0.05528061091899872	0.0	0.0
s2_yd	3	single	-1	wrong	4,14	0.0	-1	1					0.03759691119194031	0.026278624311089516	0.15017861127853394	0.26779869198799133	-0.15392565727233887	0.0	0.0
s2_yd	3	single	-1	wrong	7,3	0.12890625	-1	1					0.0997825413942337	0.0753663033246994	0.18329644203186035	0.2304328978061676	0.014370705932378769	0.0	0.0
s2_yd	3	single	-1	wrong	13,13	0.4296875	-1	1					0.31704920530319214	0.26998093724250793	0.31434208154678345	0.32178008556365967	0.2154296636581421	0.0	0.0
s2_yd	3	single	-1	wrong	3,6	0.0	-1	1					0.09417665004730225	0.06550882756710052	0.11146632581949234	0.1665993481874466	-0.634215772151947	0.0	0.0
s2_yd	3	single	-1	wrong	1,3	0.0	-1	1					0.0322444885969162	0.014724977314472198	0.0783047005534172	0.2208329141139984	-0.3662783205509186	0.0	0.0
s2_yd	3	single	-1	wrong	5,2	0.0	-1	1					0.1372748613357544	0.11533784866333008	0.1689690500497818	0.2652454972267151	0.5155132412910461	0.0	0.0
s2_yd	3	single	-1	wrong	3,7	0.0	-1	1					0.06341945379972458	0.036946602165699005	0.11685363948345184	0.1769576519727707	0.423480361700058	0.0	0.0
s2_yd	3	single	-1	wrong	7,8	0.30078125	-1	1					0.2732057273387909	0.21159012615680695	0.2965429127216339	0.22023271024227142	0.37449443340301514	0.0	0.0
s2_yd	3	single	-1	wrong	11,12	0.0	-1	1					0.16076266765594482	0.12379847466945648	0.1297561675310135	0.19739225506782532	-1.1065857410430908	0.0	0.0
s2_yd	3	single	-1	wrong	11,9	0.0	-1	1					0.1345030665397644	0.10963360965251923	0.13626426458358765	0.2285609096288681	-0.2356313169002533	0.0	0.0
s2_yd	3	single	-1	wrong	9,14	0.0	-1	1					0.019424743950366974	0.016288936138153076	0.13268080353736877	0.18219365179538727	-0.34543582797050476	0.0	0.0
s2_yd	3	single	-1	wrong	5,13	0.23828125	-1	1					0.20361262559890747	0.17576400935649872	0.28294360637664795	0.33038967847824097	0.34034544229507446	0.0	0.0
s2_yd	3	single	-1	wrong	15,12	0.0	-1	1					0.22883501648902893	0.17510780692100525	0.11731863021850586	0.19758255779743195	-1.3045686483383179	0.0	0.0
s2_yd	3	single	-1	wrong	14,2	0.0	-1	1					0.055085133761167526	0.043033890426158905	0.0866522416472435	0.19405873119831085	0.32376641035079956	0.0	0.0
s2_yd	3	single	-1	wrong	10,13	0.4296875	-1	1					0.31704920530319214	0.26998093724250793	0.31434208154678345	0.32178008556365967	0.6595592498779297	0.0	0.0
s2_yd	3	single	-1	wrong	3,4	0.0	-1	1					0.06617939472198486	0.03351482376456261	0.09294778108596802	0.13435672223567963	-0.5222827792167664	0.0	0.0
s2_yd	3	single	-1	wrong	3,11	0.0	-1	1					0.04594908282160759	0.030589060857892036	0.15954402089118958	0.12961652874946594	-0.4291539490222931	0.0	0.0
s2_yd	3	single	-1	wrong	14,4	0.0	-1	1					0.04154026508331299	0.024578312411904335	0.09203033149242401	0.17861728370189667	-0.14868655800819397	0.0	0.0
s2_yd	3	single	-1	wrong	9,12	0.0	-1	1					0.08143158257007599	0.05006915330886841	0.22866280376911163	0.16652944684028625	-1.3009835481643677	0.0	0.0
s2_yd	3	single	-1	wrong	2,2	0.0	-1	1					0.045818544924259186	0.039362117648124695	0.07506471127271652	0.1774488091468811	0.32129526138305664	0.0	0.0
s2_yd	3	single	-1	wrong	5,5	0.0	-1	1					0.17183110117912292	0.16338589787483215	0.31805485486984253	0.2578260898590088	0.7650899887084961	0.0	0.0
s2_yd	3	single	-1	wrong	11,15	0.0	-1	1					0.04095766693353653	0.025870434939861298	0.07242818176746368	0.1506127268075943	-0.8089582920074463	0.0	0.0
s2_yd	3	single	-1	wrong	14,15	0.0	-1	1					0.04732247069478035	0.03283391147851944	0.05729687213897705	0.14800676703453064	-0.48974451422691345	0.0	0.0
s2_yd	3	single	-1	wrong	11,2	0.0	-1	1					0.05118918418884277	0.04036182165145874	0.10753390192985535	0.1985078603029251	0.004552608355879784	0.0	0.0
s2_yd	3	single	-1	wrong	13,1	0.0	-1	1					0.07533704489469528	0.050187524408102036	0.19819708168506622	0.2319338619709015	-0.4260575473308563	0.0	0.0
s2_yd	3	single	-1	wrong	3,1	0.0	-1	1					0.07126596570014954	0.040280453860759735	0.070034921169281	0.1295745074748993	-0.8664848208427429	0.0	0.0
s2_yd	3	single	-1	wrong	8,2	0.0	-1	1					0.12452429533004761	0.09575425833463669	0.0953182578086853	0.22673439979553223	0.04556134715676308	0.0	0.0
s2_yd	3	single	-1	wrong	4,15	0.0	-1	1					0.06793216615915298	0.043549396097660065	0.10824047774076462	0.18613547086715698	-0.8118458986282349	0.0	0.0
s2_yd	4	delta	0	true	3,22	0.0	0	81	0.0	0.0	0.0	0.0	0.2147180438041687	0.17374107241630554	0.21958263218402863	0.2878662347793579	0.0	-0.02431774139404297	0.0
s2_yd	4	delta	0	true	5,19	0.0	0	81	0.0	0.0	0.0	0.0	0.2147180438041687	0.17374107241630554	0.21958263218402863	0.2878662347793579	0.0	-0.0014808177947998047	0.0
s2_yd	4	delta	0	true	2,30	0.0	0	81	0.0	0.0	0.0	0.0	0.2147180438041687	0.17374107241630554	0.21958263218402863	0.2878662347793579	0.0	-2.288818359375e-05	0.0
s2_yd	4	delta	0	true	5,30	0.0	0	81	0.0	0.0	0.0	0.0	0.2147180438041687	0.17374107241630554	0.21958263218402863	0.2878662347793579	0.0	-0.00040400028228759766	0.0
s2_yd	4	delta	0	true	6,29	0.0	0	81	0.0	0.0	0.0	0.0	0.2147180438041687	0.17374107241630554	0.21958263218402863	0.2878662347793579	0.0	-2.5033950805664062e-06	0.0
s2_yd	4	delta	0	true	48,59	0.0	0	81	0.0	0.0	0.0	0.0	0.2147180438041687	0.17374107241630554	0.21958263218402863	0.2878662347793579	0.0	-0.0001932382583618164	0.0
s2_yd	4	delta	0	true	48,60	0.0	0	81	0.0	0.0	0.0	0.0	0.2147180438041687	0.17374107241630554	0.21958263218402863	0.2878662347793579	0.0	-0.11446678638458252	-0.001601342111825943
s2_yd	4	delta	0	true	52,59	0.0	0	81	0.0	0.0	0.0	0.0	0.2147180438041687	0.17374107241630554	0.21958263218402863	0.2878662347793579	0.0	-1.0967254638671875e-05	0.0
s2_yd	4	delta	0	true	52,61	0.0	0	81	0.0	0.0	0.0	0.0	0.2147180438041687	0.17374107241630554	0.21958263218402863	0.2878662347793579	0.0	-0.00025582313537597656	0.0
s2_yd	4	delta	0	true	55,58	0.0	0	81	0.0	0.0	0.0	0.0	0.2147180438041687	0.17374107241630554	0.21958263218402863	0.2878662347793579	0.0	-0.0016117095947265625	0.0
s2_yd	4	delta	0	true	16,51	0.0	0	81	0.0	0.0	0.0	0.0	0.2147180438041687	0.17374107241630554	0.21958263218402863	0.2878662347793579	0.0	-1.6450881958007812e-05	0.0
s2_yd	4	delta	0	true	17,48	0.0	0	81	0.0	0.0	0.0	0.0	0.2147180438041687	0.17374107241630554	0.21958263218402863	0.2878662347793579	0.0	-0.0022156238555908203	0.0
s2_yd	4	delta	0	true	17,52	0.0	0	81	0.0	0.0	0.0	0.0	0.2147180438041687	0.17374107241630554	0.21958263218402863	0.2878662347793579	0.0	-3.24249267578125e-05	0.0
s2_yd	4	delta	0	true	18,49	0.0	0	81	0.0	0.0	0.0	0.0	0.2147180438041687	0.17374107241630554	0.21958263218402863	0.2878662347793579	0.0	-6.4373016357421875e-06	0.0
s2_yd	4	delta	0	true	20,52	0.0	0	81	0.0	0.0	0.0	0.0	0.2147180438041687	0.17374107241630554	0.21958263218402863	0.2878662347793579	0.0	-6.9141387939453125e-06	0.0
s2_yd	4	delta	0	true	25,42	0.0	0	81	0.0	0.0	0.0	0.0	0.2147180438041687	0.17374107241630554	0.21958263218402863	0.2878662347793579	0.0	-0.004137277603149414	0.0
s2_yd	4	delta	0	true	25,47	0.0	0	81	0.0	0.0	0.0	0.0	0.2147180438041687	0.17374107241630554	0.21958263218402863	0.2878662347793579	0.0	-0.0029740333557128906	0.0
s2_yd	4	delta	0	true	28,41	0.0	0	81	0.0	0.0	0.0	0.0	0.2147180438041687	0.17374107241630554	0.21958263218402863	0.2878662347793579	0.0	-0.00013005733489990234	0.0
s2_yd	4	delta	0	true	28,43	0.0	0	81	0.0	0.0	0.0	0.0	0.2147180438041687	0.17374107241630554	0.21958263218402863	0.2878662347793579	0.0	-5.984306335449219e-05	0.0
s2_yd	4	delta	0	true	31,43	0.0	0	81	0.0	0.0	0.0	0.0	0.2147180438041687	0.17374107241630554	0.21958263218402863	0.2878662347793579	0.0	-8.058547973632812e-05	0.0
s2_yd	4	delta	0	true	32,61	0.6640625	253	81	0.23225033283233643	0.22350332140922546	0.1720939427614212	0.011589348316192627	0.4469683766365051	0.397244393825531	0.39167657494544983	0.29945558309555054	0.15086513757705688	0.5201539397239685	0.10546477138996124
s2_yd	4	delta	0	true	34,62	0.0	0	81	0.0	0.0	0.0	0.0	0.2147180438041687	0.17374107241630554	0.21958263218402863	0.2878662347793579	0.0	-0.01344442367553711	0.0
s2_yd	4	delta	0	true	35,59	0.0	0	81	0.0	0.0	0.0	0.0	0.2147180438041687	0.17374107241630554	0.21958263218402863	0.2878662347793579	0.0	-1.5616416931152344e-05	0.0
s2_yd	4	delta	0	true	38,57	0.0	0	81	0.0	0.0	0.0	0.0	0.2147180438041687	0.17374107241630554	0.21958263218402863	0.2878662347793579	0.0	-7.30752944946289e-05	0.0
s2_yd	4	delta	0	true	32,51	0.0	0	81	0.0	0.0	0.0	0.0	0.2147180438041687	0.17374107241630554	0.21958263218402863	0.2878662347793579	0.0	-0.007510781288146973	0.0
s2_yd	4	delta	0	true	33,52	0.0	0	81	0.0	0.0	0.0	0.0	0.2147180438041687	0.17374107241630554	0.21958263218402863	0.2878662347793579	0.0	-0.00014841556549072266	0.0
s2_yd	4	delta	0	true	34,55	0.0	0	81	0.0	0.0	0.0	0.0	0.2147180438041687	0.17374107241630554	0.21958263218402863	0.2878662347793579	0.0	-0.0006593465805053711	0.0
s2_yd	4	delta	0	true	35,50	0.0	0	81	0.0	0.0	0.0	0.0	0.2147180438041687	0.17374107241630554	0.21958263218402863	0.2878662347793579	0.0	-0.00010204315185546875	0.0
s2_yd	4	delta	0	true	35,54	0.0	0	81	0.0	0.0	0.0	0.0	0.2147180438041687	0.17374107241630554	0.21958263218402863	0.2878662347793579	0.0	-2.86102294921875e-06	0.0
s2_yd	4	delta	0	true	39,48	0.0	0	81	0.0	0.0	0.0	0.0	0.2147180438041687	0.17374107241630554	0.21958263218402863	0.2878662347793579	0.0	-0.0025632381439208984	0.0
s2_yd	4	delta	0	true	38,40	0.0	0	81	0.0	0.0	0.0	0.0	0.2147180438041687	0.17374107241630554	0.21958263218402863	0.2878662347793579	0.0	-0.0007660388946533203	0.0
s2_yd	4	delta	0	true	38,41	0.0	0	81	0.0	0.0	0.0	0.0	0.2147180438041687	0.17374107241630554	0.21958263218402863	0.2878662347793579	0.0	-0.000759124755859375	0.0
s2_yd	4	delta	0	true	38,47	0.0	0	81	0.0	0.0	0.0	0.0	0.2147180438041687	0.17374107241630554	0.21958263218402863	0.2878662347793579	0.0	-0.00035059452056884766	0.0
s2_yd	4	delta	0	true	0,59	0.0	0	81	0.0	0.0	0.0	0.0	0.2147180438041687	0.17374107241630554	0.21958263218402863	0.2878662347793579	0.0	-1.9550323486328125e-05	0.0
s2_yd	4	delta	0	true	3,26	0.0	0	81	0.0	0.0	0.0	0.0	0.2147180438041687	0.17374107241630554	0.21958263218402863	0.2878662347793579	0.0	-0.009685993194580078	0.0
s2_yd	4	delta	0	true	7,29	0.0	0	81	0.0	0.0	0.0	0.0	0.2147180438041687	0.17374107241630554	0.21958263218402863	0.2878662347793579	0.0	-5.841255187988281e-05	0.0
s2_yd	4	delta	0	true	32,34	0.6484375	250	81	0.2590835392475128	0.19335734844207764	0.11455275118350983	-0.00039187073707580566	0.4738015830516815	0.3670984208583832	0.33413538336753845	0.2874743640422821	0.11246389150619507	0.35637223720550537	0.06751598417758942
s2_yd	4	delta	0	true	36,35	0.0	0	81	0.0	0.0	0.0	0.0	0.2147180438041687	0.17374107241630554	0.21958263218402863	0.2878662347793579	0.0	-2.2292137145996094e-05	0.0
s2_yd	4	delta	0	true	39,32	0.01171875	7	81	0.003787696361541748	0.003145769238471985	0.0013581663370132446	0.0013120174407958984	0.21850574016571045	0.17688684165477753	0.22094079852104187	0.2891782522201538	0.0004337430000305176	-0.08997726440429688	-0.001657087355852127
s2_yd	4	delta	0	true	49,42	0.0	0	81	0.0	0.0	0.0	0.0	0.2147180438041687	0.17374107241630554	0.21958263218402863	0.2878662347793579	0.0	-8.368492126464844e-05	0.0
s2_yd	4	delta	0	true	51,44	0.0	0	81	0.0	0.0	0.0	0.0	0.2147180438041687	0.17374107241630554	0.21958263218402863	0.2878662347793579	0.0	-0.0007034540176391602	0.0
s2_yd	4	delta	0	true	53,41	0.0	0	81	0.0	0.0	0.0	0.0	0.2147180438041687	0.17374107241630554	0.21958263218402863	0.2878662347793579	0.0	-0.00189208984375	0.0
s2_yd	4	delta	0	true	54,42	0.0	0	81	0.0	0.0	0.0	0.0	0.2147180438041687	0.17374107241630554	0.21958263218402863	0.2878662347793579	0.0	-4.8160552978515625e-05	0.0
s2_yd	4	delta	0	true	1,25	0.0	0	81	0.0	0.0	0.0	0.0	0.2147180438041687	0.17374107241630554	0.21958263218402863	0.2878662347793579	0.0	-0.01370382308959961	0.0
s2_yd	4	delta	0	true	7,25	0.0	0	81	0.0	0.0	0.0	0.0	0.2147180438041687	0.17374107241630554	0.21958263218402863	0.2878662347793579	0.0	-0.006893634796142578	0.0
s2_yd	4	delta	0	true	7,26	0.0	0	81	0.0	0.0	0.0	0.0	0.2147180438041687	0.17374107241630554	0.21958263218402863	0.2878662347793579	0.0	-0.0005810260772705078	0.0
s2_yd	4	delta	0	true	7,29	0.0	0	81	0.0	0.0	0.0	0.0	0.2147180438041687	0.17374107241630554	0.21958263218402863	0.2878662347793579	0.0	-5.841255187988281e-05	0.0
s2_yd	4	delta	0	true	12,38	0.0	0	81	0.0	0.0	0.0	0.0	0.2147180438041687	0.17374107241630554	0.21958263218402863	0.2878662347793579	0.0	-4.1961669921875e-05	0.0
s2_yd	4	delta	0	wrong	14,5	0.0	0	81	0.0	0.0	0.0	0.0	0.2147180438041687	0.17374107241630554	0.21958263218402863	0.2878662347793579	0.0	-0.0009475946426391602	0.0
s2_yd	4	delta	0	wrong	24,35	0.0	0	81	0.0	0.0	0.0	0.0	0.2147180438041687	0.17374107241630554	0.21958263218402863	0.2878662347793579	0.0	-3.814697265625e-05	0.0
s2_yd	4	delta	0	wrong	53,17	0.0	0	81	0.0	0.0	0.0	0.0	0.2147180438041687	0.17374107241630554	0.21958263218402863	0.2878662347793579	0.0	-0.0008630752563476562	0.0
s2_yd	4	delta	0	wrong	2,47	0.0	0	81	0.0	0.0	0.0	0.0	0.2147180438041687	0.17374107241630554	0.21958263218402863	0.2878662347793579	0.0	-0.0008587837219238281	0.0
s2_yd	4	delta	0	wrong	53,20	0.0	0	81	0.0	0.0	0.0	0.0	0.2147180438041687	0.17374107241630554	0.21958263218402863	0.2878662347793579	0.0	-0.0004985332489013672	0.0
s2_yd	4	delta	0	wrong	1,11	0.0	0	81	0.0	0.0	0.0	0.0	0.2147180438041687	0.17374107241630554	0.21958263218402863	0.2878662347793579	0.0	-0.0001552104949951172	0.0
s2_yd	4	delta	0	wrong	12,42	0.0	0	81	0.0	0.0	0.0	0.0	0.2147180438041687	0.17374107241630554	0.21958263218402863	0.2878662347793579	0.0	-8.976459503173828e-05	0.0
s2_yd	4	delta	0	wrong	63,12	0.0	0	81	0.0	0.0	0.0	0.0	0.2147180438041687	0.17374107241630554	0.21958263218402863	0.2878662347793579	0.0	0.0	0.0
s2_yd	4	delta	0	wrong	35,29	0.0	0	81	0.0	0.0	0.0	0.0	0.2147180438041687	0.17374107241630554	0.21958263218402863	0.2878662347793579	0.0	-2.384185791015625e-06	0.0
s2_yd	4	delta	0	wrong	40,44	0.0	0	81	0.0	0.0	0.0	0.0	0.2147180438041687	0.17374107241630554	0.21958263218402863	0.2878662347793579	0.0	-0.00013244152069091797	0.0
s2_yd	4	delta	0	wrong	50,30	0.0	0	81	0.0	0.0	0.0	0.0	0.2147180438041687	0.17374107241630554	0.21958263218402863	0.2878662347793579	0.0	-4.661083221435547e-05	0.0
s2_yd	4	delta	0	wrong	30,15	0.0	0	81	0.0	0.0	0.0	0.0	0.2147180438041687	0.17374107241630554	0.21958263218402863	0.2878662347793579	0.0	0.0	0.0
s2_yd	4	delta	0	wrong	11,22	0.0	0	81	0.0	0.0	0.0	0.0	0.2147180438041687	0.17374107241630554	0.21958263218402863	0.2878662347793579	0.0	-9.834766387939453e-05	0.0
s2_yd	4	delta	0	wrong	25,30	0.0	0	81	0.0	0.0	0.0	0.0	0.2147180438041687	0.17374107241630554	0.21958263218402863	0.2878662347793579	0.0	-7.772445678710938e-05	0.0
s2_yd	4	delta	0	wrong	59,0	0.0	0	81	0.0	0.0	0.0	0.0	0.2147180438041687	0.17374107241630554	0.21958263218402863	0.2878662347793579	0.0	0.0	0.0
s2_yd	4	delta	0	wrong	45,5	-0.15234375	253	81	0.13512259721755981	0.11690399050712585	0.12479154765605927	-0.026600539684295654	0.3498406410217285	0.2906450629234314	0.3443741798400879	0.26126569509506226	0.15235787630081177	0.528911828994751	0.10696618258953094
s2_yd	4	delta	0	wrong	62,18	0.0	0	81	0.0	0.0	0.0	0.0	0.2147180438041687	0.17374107241630554	0.21958263218402863	0.2878662347793579	0.0	-0.00018548965454101562	0.0
s2_yd	4	delta	0	wrong	7,50	0.0	0	81	0.0	0.0	0.0	0.0	0.2147180438041687	0.17374107241630554	0.21958263218402863	0.2878662347793579	0.0	-0.001997232437133789	0.0
s2_yd	4	delta	0	wrong	17,3	0.0	0	81	0.0	0.0	0.0	0.0	0.2147180438041687	0.17374107241630554	0.21958263218402863	0.2878662347793579	0.0	-0.015116214752197266	0.0
s2_yd	4	delta	0	wrong	28,4	0.0	0	81	0.0	0.0	0.0	0.0	0.2147180438041687	0.17374107241630554	0.21958263218402863	0.2878662347793579	0.0	-2.384185791015625e-07	0.0
s2_yd	4	delta	0	wrong	19,21	0.0	0	81	0.0	0.0	0.0	0.0	0.2147180438041687	0.17374107241630554	0.21958263218402863	0.2878662347793579	0.0	-0.00048100948333740234	0.0
s2_yd	4	delta	0	wrong	8,55	0.0	0	81	0.0	0.0	0.0	0.0	0.2147180438041687	0.17374107241630554	0.21958263218402863	0.2878662347793579	0.0	-0.00021469593048095703	0.0
s2_yd	4	delta	0	wrong	1,6	0.0	0	81	0.0	0.0	0.0	0.0	0.2147180438041687	0.17374107241630554	0.21958263218402863	0.2878662347793579	0.0	0.0	0.0
s2_yd	4	delta	0	wrong	58,49	0.0	0	81	0.0	0.0	0.0	0.0	0.2147180438041687	0.17374107241630554	0.21958263218402863	0.2878662347793579	0.0	-0.00029397010803222656	0.0
s2_yd	4	delta	0	wrong	16,21	0.0	0	81	0.0	0.0	0.0	0.0	0.2147180438041687	0.17374107241630554	0.21958263218402863	0.2878662347793579	0.0	-0.001493215560913086	0.0
s2_yd	4	delta	0	wrong	39,2	0.0	0	81	0.0	0.0	0.0	0.0	0.2147180438041687	0.17374107241630554	0.21958263218402863	0.2878662347793579	0.0	-2.5033950805664062e-06	0.0
s2_yd	4	delta	0	wrong	50,1	0.0	0	81	0.0	0.0	0.0	0.0	0.2147180438041687	0.17374107241630554	0.21958263218402863	0.2878662347793579	0.0	-0.0008193254470825195	0.0
s2_yd	4	delta	0	wrong	14,25	0.0	0	81	0.0	0.0	0.0	0.0	0.2147180438041687	0.17374107241630554	0.21958263218402863	0.2878662347793579	0.0	-0.00024962425231933594	0.0
s2_yd	4	delta	0	wrong	21,33	0.0	0	81	0.0	0.0	0.0	0.0	0.2147180438041687	0.17374107241630554	0.21958263218402863	0.2878662347793579	0.0	-0.009964823722839355	0.0
s2_yd	4	delta	0	wrong	46,51	0.0	0	81	0.0	0.0	0.0	0.0	0.2147180438041687	0.17374107241630554	0.21958263218402863	0.2878662347793579	0.0	-4.291534423828125e-06	0.0
s2_yd	4	delta	0	wrong	58,23	0.0	0	81	0.0	0.0	0.0	0.0	0.2147180438041687	0.17374107241630554	0.21958263218402863	0.2878662347793579	0.0	-0.01588726043701172	0.0
s2_yd	4	delta	0	wrong	10,17	0.0	0	81	0.0	0.0	0.0	0.0	0.2147180438041687	0.17374107241630554	0.21958263218402863	0.2878662347793579	0.0	-0.0027364492416381836	0.0
s2_yd	4	delta	0	wrong	32,0	0.0	0	81	0.0	0.0	0.0	0.0	0.2147180438041687	0.17374107241630554	0.21958263218402863	0.2878662347793579	0.0	-1.0013580322265625e-05	0.0
s2_yd	4	delta	0	wrong	37,27	0.0	0	81	0.0	0.0	0.0	0.0	0.2147180438041687	0.17374107241630554	0.21958263218402863	0.2878662347793579	0.0	-0.0007797479629516602	0.0
s2_yd	4	delta	0	wrong	45,46	0.0	0	81	0.0	0.0	0.0	0.0	0.2147180438041687	0.17374107241630554	0.21958263218402863	0.2878662347793579	0.0	-0.00706791877746582	0.0
s2_yd	4	delta	0	wrong	23,32	-0.109375	226	81	0.18919599056243896	0.1920548379421234	0.1681123822927475	0.01879945397377014	0.40391403436660767	0.36579591035842896	0.3876950144767761	0.30666568875312805	0.09242492914199829	0.26002955436706543	0.050726767629384995
s2_yd	4	delta	0	wrong	31,21	0.0	0	81	0.0	0.0	0.0	0.0	0.2147180438041687	0.17374107241630554	0.21958263218402863	0.2878662347793579	0.0	-0.00023686885833740234	0.0
s2_yd	4	delta	0	wrong	33,19	0.0	0	81	0.0	0.0	0.0	0.0	0.2147180438041687	0.17374107241630554	0.21958263218402863	0.2878662347793579	0.0	-0.00022208690643310547	0.0
s2_yd	4	delta	0	wrong	13,46	0.0	0	81	0.0	0.0	0.0	0.0	0.2147180438041687	0.17374107241630554	0.21958263218402863	0.2878662347793579	0.0	-6.794929504394531e-06	0.0
s2_yd	4	delta	0	wrong	6,48	0.0	0	81	0.0	0.0	0.0	0.0	0.2147180438041687	0.17374107241630554	0.21958263218402863	0.2878662347793579	0.0	-0.00019073486328125	0.0
s2_yd	4	delta	0	wrong	24,54	0.0	0	81	0.0	0.0	0.0	0.0	0.2147180438041687	0.17374107241630554	0.21958263218402863	0.2878662347793579	0.0	-1.33514404296875e-05	0.0
s2_yd	4	delta	0	wrong	63,5	0.0	0	81	0.0	0.0	0.0	0.0	0.2147180438041687	0.17374107241630554	0.21958263218402863	0.2878662347793579	0.0	-0.0017514228820800781	0.0
s2_yd	4	delta	0	wrong	31,59	0.0	0	81	0.0	0.0	0.0	0.0	0.2147180438041687	0.17374107241630554	0.21958263218402863	0.2878662347793579	0.0	-1.2636184692382812e-05	0.0
s2_yd	4	delta	0	wrong	38,12	0.0	0	81	0.0	0.0	0.0	0.0	0.2147180438041687	0.17374107241630554	0.21958263218402863	0.2878662347793579	0.0	0.0	0.0
s2_yd	4	delta	0	wrong	23,38	0.0	0	81	0.0	0.0	0.0	0.0	0.2147180438041687	0.17374107241630554	0.21958263218402863	0.2878662347793579	0.0	-0.002240419387817383	0.0
s2_yd	4	delta	0	wrong	30,37	0.0	0	81	0.0	0.0	0.0	0.0	0.2147180438041687	0.17374107241630554	0.21958263218402863	0.2878662347793579	0.0	-1.895427703857422e-05	0.0
s2_yd	4	delta	0	wrong	42,40	0.0	0	81	0.0	0.0	0.0	0.0	0.2147180438041687	0.17374107241630554	0.21958263218402863	0.2878662347793579	0.0	-0.00015473365783691406	0.0
s2_yd	4	delta	0	wrong	42,62	0.0	0	81	0.0	0.0	0.0	0.0	0.2147180438041687	0.17374107241630554	0.21958263218402863	0.2878662347793579	0.0	-0.0002053976058959961	0.0
s2_yd	4	delta	1	true	59,37	0.0	0	81	0.0	0.0	0.0	0.0	0.14979146420955658	0.11450974643230438	0.19443444907665253	0.2375316321849823	0.0	-0.0002739429473876953	0.0
s2_yd	4	delta	1	true	2,29	0.0	0	81	0.0	0.0	0.0	0.0	0.14979146420955658	0.11450974643230438	0.19443444907665253	0.2375316321849823	0.0	-9.584426879882812e-05	0.0
s2_yd	4	delta	1	true	2,30	0.0	0	81	0.0	0.0	0.0	0.0	0.14979146420955658	0.11450974643230438	0.19443444907665253	0.2375316321849823	0.0	-5.829334259033203e-05	0.0
s2_yd	4	delta	1	true	3,25	0.02734375	106	81	-0.014799848198890686	-0.01380990445613861	-0.0017830878496170044	0.01897081732749939	0.1349916160106659	0.10069984197616577	0.19265136122703552	0.2565024495124817	0.038251399993896484	0.0426211953163147	-0.04845637083053589
s2_yd	4	delta	1	true	42,24	0.0	0	81	0.0	0.0	0.0	0.0	0.14979146420955658	0.11450974643230438	0.19443444907665253	0.2375316321849823	0.0	-0.00013512372970581055	0.0
s2_yd	4	delta	1	true	49,57	0.0	0	81	0.0	0.0	0.0	0.0	0.14979146420955658	0.11450974643230438	0.19443444907665253	0.2375316321849823	0.0	-3.808736801147461e-05	0.0
s2_yd	4	delta	1	true	49,60	0.0	3	81	-0.0002826601266860962	0.0003148093819618225	-0.0008594095706939697	-0.0016071945428848267	0.14950880408287048	0.1148245558142662	0.19357503950595856	0.23592443764209747	0.0003032088279724121	-0.02510225772857666	-0.004319220781326294
s2_yd	4	delta	1	true	54,58	0.0	0	81	0.0	0.0	0.0	0.0	0.14979146420955658	0.11450974643230438	0.19443444907665253	0.2375316321849823	0.0	-0.0003380775451660156	0.0
s2_yd	4	delta	1	true	54,59	0.0	0	81	0.0	0.0	0.0	0.0	0.14979146420955658	0.11450974643230438	0.19443444907665253	0.2375316321849823	0.0	-1.6391277313232422e-05	0.0
s2_yd	4	delta	1	true	16,50	0.0	0	81	0.0	0.0	0.0	0.0	0.14979146420955658	0.11450974643230438	0.19443444907665253	0.2375316321849823	0.0	-0.001123189926147461	0.0
s2_yd	4	delta	1	true	17,50	0.0	0	81	0.0	0.0	0.0	0.0	0.14979146420955658	0.11450974643230438	0.19443444907665253	0.2375316321849823	0.0	-0.0026552677154541016	0.0
s2_yd	4	delta	1	true	19,50	0.0	0	81	0.0	0.0	0.0	0.0	0.14979146420955658	0.11450974643230438	0.19443444907665253	0.2375316321849823	0.0	-0.0004429817199707031	0.0
s2_yd	4	delta	1	true	21,51	0.0	0	81	0.0	0.0	0.0	0.0	0.14979146420955658	0.11450974643230438	0.19443444907665253	0.2375316321849823	0.0	-0.0002796649932861328	0.0
s2_yd	4	delta	1	true	28,46	0.0	0	81	0.0	0.0	0.0	0.0	0.14979146420955658	0.11450974643230438	0.19443444907665253	0.2375316321849823	0.0	-2.7239322662353516e-05	0.0
s2_yd	4	delta	1	true	32,57	0.0	0	81	0.0	0.0	0.0	0.0	0.14979146420955658	0.11450974643230438	0.19443444907665253	0.2375316321849823	0.0	-0.11658799648284912	-0.06396995484828949
s2_yd	4	delta	1	true	32,61	0.7734375	256	81	0.29872679710388184	0.28399133682250977	0.19853068888187408	0.06174558401107788	0.4485182464122772	0.39850109815597534	0.3929651379585266	0.2992772161960602	0.2459600567817688	0.5688844919204712	0.06353715062141418
s2_yd	4	delta	1	true	33,56	0.0	0	81	0.0	0.0	0.0	0.0	0.14979146420955658	0.11450974643230438	0.19443444907665253	0.2375316321849823	0.0	-0.05051112174987793	-0.01384320855140686
s2_yd	4	delta	1	true	35,58	0.0	0	81	0.0	0.0	0.0	0.0	0.14979146420955658	0.11450974643230438	0.19443444907665253	0.2375316321849823	0.0	-0.0010350942611694336	0.0
s2_yd	4	delta	1	true	36,57	0.0	0	81	0.0	0.0	0.0	0.0	0.14979146420955658	0.11450974643230438	0.19443444907665253	0.2375316321849823	0.0	-8.744001388549805e-05	0.0
s2_yd	4	delta	1	true	36,63	0.0	0	81	0.0	0.0	0.0	0.0	0.14979146420955658	0.11450974643230438	0.19443444907665253	0.2375316321849823	0.0	-6.67572021484375e-05	0.0
s2_yd	4	delta	1	true	36,51	0.0	0	81	0.0	0.0	0.0	0.0	0.14979146420955658	0.11450974643230438	0.19443444907665253	0.2375316321849823	0.0	-1.919269561767578e-05	0.0
s2_yd	4	delta	1	true	38,53	0.0	0	81	0.0	0.0	0.0	0.0	0.14979146420955658	0.11450974643230438	0.19443444907665253	0.2375316321849823	0.0	-0.00022262334823608398	0.0
s2_yd	4	delta	1	true	32,43	-0.015625	110	81	-0.01144610345363617	-0.0118241086602211	0.01830361783504486	0.025718331336975098	0.1383453607559204	0.10268563777208328	0.2127380669116974	0.2632499635219574	0.04592365026473999	0.040334999561309814	-0.06500663608312607
s2_yd	4	delta	1	true	32,45	0.0	256	81	0.263300359249115	0.25339198112487793	0.17797254025936127	0.13699227571487427	0.41309183835983276	0.3679017424583435	0.3724069893360138	0.37452390789985657	0.48070865869522095	0.8464327454566956	0.29828569293022156
s2_yd	4	delta	1	true	34,45	0.0	105	81	-0.008575886487960815	-2.022087574005127e-05	-0.0076593756675720215	0.030340909957885742	0.14121557772159576	0.11448952555656433	0.1867750734090805	0.26787254214286804	0.013338685035705566	-0.23258936405181885	-0.14489862322807312
s2_yd	4	delta	1	true	36,43	0.0	0	81	0.0	0.0	0.0	0.0	0.14979146420955658	0.11450974643230438	0.19443444907665253	0.2375316321849823	0.0	-0.00035506486892700195	0.0
s2_yd	4	delta	1	true	2,62	0.0	0	81	0.0	0.0	0.0	0.0	0.14979146420955658	0.11450974643230438	0.19443444907665253	0.2375316321849823	0.0	-0.010445713996887207	0.0
s2_yd	4	delta	1	true	3,62	-0.0078125	93	81	0.08207808434963226	0.0630606859922409	0.035693541169166565	0.02124449610710144	0.23186954855918884	0.1775704324245453	0.2301279902458191	0.25877612829208374	0.014214158058166504	-0.21029126644134521	-0.13792981207370758
s2_yd	4	delta	1	true	4,59	0.0	0	81	0.0	0.0	0.0	0.0	0.14979146420955658	0.11450974643230438	0.19443444907665253	0.2375316321849823	0.0	-0.00038552284240722656	0.0
s2_yd	4	delta	1	true	4,61	0.0	0	81	0.0	0.0	0.0	0.0	0.14979146420955658	0.11450974643230438	0.19443444907665253	0.2375316321849823	0.0	-0.009818792343139648	0.0
s2_yd	4	delta	1	true	5,62	0.0	37	81	0.004271373152732849	0.003839068114757538	-0.004063501954078674	0.001382201910018921	0.15406283736228943	0.11834881454706192	0.19037094712257385	0.23891383409500122	0.0026636123657226562	-0.22004222869873047	-0.12134174257516861
s2_yd	4	delta	1	true	6,57	0.0	0	81	0.0	0.0	0.0	0.0	0.14979146420955658	0.11450974643230438	0.19443444907665253	0.2375316321849823	0.0	-3.3795833587646484e-05	0.0
s2_yd	4	delta	1	true	1,26	0.0	0	81	0.0	0.0	0.0	0.0	0.14979146420955658	0.11450974643230438	0.19443444907665253	0.2375316321849823	0.0	-0.002829313278198242	0.0
s2_yd	4	delta	1	true	2,31	0.0	0	81	0.0	0.0	0.0	0.0	0.14979146420955658	0.11450974643230438	0.19443444907665253	0.2375316321849823	0.0	-7.742643356323242e-05	0.0
s2_yd	4	delta	1	true	6,31	0.0	0	81	0.0	0.0	0.0	0.0	0.14979146420955658	0.11450974643230438	0.19443444907665253	0.2375316321849823	0.0	-5.4836273193359375e-06	0.0
s2_yd	4	delta	1	true	7,31	0.0	0	81	0.0	0.0	0.0	0.0	0.14979146420955658	0.11450974643230438	0.19443444907665253	0.2375316321849823	0.0	-0.0001308917999267578	0.0
s2_yd	4	delta	1	true	34,36	0.0	0	81	0.0	0.0	0.0	0.0	0.14979146420955658	0.11450974643230438	0.19443444907665253	0.2375316321849823	0.0	-0.006538808345794678	0.0
s2_yd	4	delta	1	true	35,37	0.0	0	81	0.0	0.0	0.0	0.0	0.14979146420955658	0.11450974643230438	0.19443444907665253	0.2375316321849823	0.0	-0.00016570091247558594	0.0
s2_yd	4	delta	1	true	36,38	0.0	0	81	0.0	0.0	0.0	0.0	0.14979146420955658	0.11450974643230438	0.19443444907665253	0.2375316321849823	0.0	-0.0002281665802001953	0.0
s2_yd	4	delta	1	true	36,39	0.0	0	81	0.0	0.0	0.0	0.0	0.14979146420955658	0.11450974643230438	0.19443444907665253	0.2375316321849823	0.0	-0.00030094385147094727	0.0
s2_yd	4	delta	1	true	52,46	0.0	0	81	0.0	0.0	0.0	0.0	0.14979146420955658	0.11450974643230438	0.19443444907665253	0.2375316321849823	0.0	-2.5272369384765625e-05	0.0
s2_yd	4	delta	1	true	55,41	0.0	0	81	0.0	0.0	0.0	0.0	0.14979146420955658	0.11450974643230438	0.19443444907665253	0.2375316321849823	0.0	-0.0024198293685913086	0.0
s2_yd	4	delta	1	true	55,46	0.0	0	81	0.0	0.0	0.0	0.0	0.14979146420955658	0.11450974643230438	0.19443444907665253	0.2375316321849823	0.0	-0.00018596649169921875	0.0
s2_yd	4	delta	1	true	8,39	0.0	0	81	0.0	0.0	0.0	0.0	0.14979146420955658	0.11450974643230438	0.19443444907665253	0.2375316321849823	0.0	-0.001900315284729004	0.0
s2_yd	4	delta	1	true	9,33	0.0	0	81	0.0	0.0	0.0	0.0	0.14979146420955658	0.11450974643230438	0.19443444907665253	0.2375316321849823	0.0	-0.0010712742805480957	0.0
s2_yd	4	delta	1	true	9,37	0.0	0	81	0.0	0.0	0.0	0.0	0.14979146420955658	0.11450974643230438	0.19443444907665253	0.2375316321849823	0.0	-0.00010842084884643555	0.0
s2_yd	4	delta	1	true	12,35	0.0	0	81	0.0	0.0	0.0	0.0	0.14979146420955658	0.11450974643230438	0.19443444907665253	0.2375316321849823	0.0	-3.8504600524902344e-05	0.0
s2_yd	4	delta	1	true	15,35	0.0	0	81	0.0	0.0	0.0	0.0	0.14979146420955658	0.11450974643230438	0.19443444907665253	0.2375316321849823	0.0	-8.940696716308594e-06	0.0
s2_yd	4	delta	1	wrong	14,5	0.0	0	81	0.0	0.0	0.0	0.0	0.14979146420955658	0.11450974643230438	0.19443444907665253	0.2375316321849823	0.0	-0.002953827381134033	0.0
s2_yd	4	delta	1	wrong	24,35	0.0	0	81	0.0	0.0	0.0	0.0	0.14979146420955658	0.11450974643230438	0.19443444907665253	0.2375316321849823	0.0	-0.00010102987289428711	0.0
s2_yd	4	delta	1	wrong	53,17	0.0	0	81	0.0	0.0	0.0	0.0	0.14979146420955658	0.11450974643230438	0.19443444907665253	0.2375316321849823	0.0	-0.002654552459716797	0.0
s2_yd	4	delta	1	wrong	2,47	0.0	0	81	0.0	0.0	0.0	0.0	0.14979146420955658	0.11450974643230438	0.19443444907665253	0.2375316321849823	0.0	-0.0026244521141052246	0.0
s2_yd	4	delta	1	wrong	53,20	0.0	0	81	0.0	0.0	0.0	0.0	0.14979146420955658	0.11450974643230438	0.19443444907665253	0.2375316321849823	0.0	-0.001500546932220459	0.0
s2_yd	4	delta	1	wrong	1,11	0.0	0	81	0.0	0.0	0.0	0.0	0.14979146420955658	0.11450974643230438	0.19443444907665253	0.2375316321849823	0.0	-0.00038826465606689453	0.0
s2_yd	4	delta	1	wrong	12,42	0.0	0	81	0.0	0.0	0.0	0.0	0.14979146420955658	0.11450974643230438	0.19443444907665253	0.2375316321849823	0.0	-0.00020492076873779297	0.0
s2_yd	4	delta	1	wrong	63,12	0.0	0	81	0.0	0.0	0.0	0.0	0.14979146420955658	0.11450974643230438	0.19443444907665253	0.2375316321849823	0.0	0.0	0.0
s2_yd	4	delta	1	wrong	35,29	0.0	0	81	0.0	0.0	0.0	0.0	0.14979146420955658	0.11450974643230438	0.19443444907665253	0.2375316321849823	0.0	-7.152557373046875e-06	0.0
s2_yd	4	delta	1	wrong	40,44	0.0	0	81	0.0	0.0	0.0	0.0	0.14979146420955658	0.11450974643230438	0.19443444907665253	0.2375316321849823	0.0	-0.00038051605224609375	0.0
s2_yd	4	delta	1	wrong	50,30	0.0	0	81	0.0	0.0	0.0	0.0	0.14979146420955658	0.11450974643230438	0.19443444907665253	0.2375316321849823	0.0	-0.00011920928955078125	0.0
s2_yd	4	delta	1	wrong	30,15	0.0	0	81	0.0	0.0	0.0	0.0	0.14979146420955658	0.11450974643230438	0.19443444907665253	0.2375316321849823	0.0	0.0	0.0
s2_yd	4	delta	1	wrong	11,22	0.0	0	81	0.0	0.0	0.0	0.0	0.14979146420955658	0.11450974643230438	0.19443444907665253	0.2375316321849823	0.0	-0.0002911090850830078	0.0
s2_yd	4	delta	1	wrong	25,30	0.0	0	81	0.0	0.0	0.0	0.0	0.14979146420955658	0.11450974643230438	0.19443444907665253	0.2375316321849823	0.0	-0.00018554925918579102	0.0
s2_yd	4	delta	1	wrong	59,0	0.0	0	81	0.0	0.0	0.0	0.0	0.14979146420955658	0.11450974643230438	0.19443444907665253	0.2375316321849823	0.0	0.0	0.0
s2_yd	4	delta	1	wrong	45,5	-0.05078125	256	81	0.20125551521778107	0.17723070085048676	0.1515503078699112	0.023666083812713623	0.35104697942733765	0.29174044728279114	0.3459847569465637	0.2611977159976959	0.24744421243667603	0.5819461941719055	0.06502130627632141
s2_yd	4	delta	1	wrong	62,18	0.0	0	81	0.0	0.0	0.0	0.0	0.14979146420955658	0.11450974643230438	0.19443444907665253	0.2375316321849823	0.0	-0.0005992650985717773	0.0
s2_yd	4	delta	1	wrong	7,50	0.0	0	81	0.0	0.0	0.0	0.0	0.14979146420955658	0.11450974643230438	0.19443444907665253	0.2375316321849823	0.0	-0.005535602569580078	0.0
s2_yd	4	delta	1	wrong	17,3	0.0	0	81	0.0	0.0	0.0	0.0	0.14979146420955658	0.11450974643230438	0.19443444907665253	0.2375316321849823	0.0	-0.04713618755340576	-0.004965648055076599
s2_yd	4	delta	1	wrong	28,4	0.0	0	81	0.0	0.0	0.0	0.0	0.14979146420955658	0.11450974643230438	0.19443444907665253	0.2375316321849823	0.0	-4.76837158203125e-07	0.0
s2_yd	4	delta	1	wrong	19,21	0.0	0	81	0.0	0.0	0.0	0.0	0.14979146420955658	0.11450974643230438	0.19443444907665253	0.2375316321849823	0.0	-0.0014736652374267578	0.0
s2_yd	4	delta	1	wrong	8,55	0.0	0	81	0.0	0.0	0.0	0.0	0.14979146420955658	0.11450974643230438	0.19443444907665253	0.2375316321849823	0.0	-0.0005643963813781738	0.0
s2_yd	4	delta	1	wrong	1,6	0.0	0	81	0.0	0.0	0.0	0.0	0.14979146420955658	0.11450974643230438	0.19443444907665253	0.2375316321849823	0.0	0.0	0.0
s2_yd	4	delta	1	wrong	58,49	0.0	0	81	0.0	0.0	0.0	0.0	0.14979146420955658	0.11450974643230438	0.19443444907665253	0.2375316321849823	0.0	-0.0007710456848144531	0.0
s2_yd	4	delta	1	wrong	16,21	0.0	0	81	0.0	0.0	0.0	0.0	0.14979146420955658	0.11450974643230438	0.19443444907665253	0.2375316321849823	0.0	-0.004636645317077637	0.0
s2_yd	4	delta	1	wrong	39,2	0.0	0	81	0.0	0.0	0.0	0.0	0.14979146420955658	0.11450974643230438	0.19443444907665253	0.2375316321849823	0.0	-7.3909759521484375e-06	0.0
s2_yd	4	delta	1	wrong	50,1	0.0	0	81	0.0	0.0	0.0	0.0	0.14979146420955658	0.11450974643230438	0.19443444907665253	0.2375316321849823	0.0	-0.0022255778312683105	0.0
s2_yd	4	delta	1	wrong	14,25	0.0	0	81	0.0	0.0	0.0	0.0	0.14979146420955658	0.11450974643230438	0.19443444907665253	0.2375316321849823	0.0	-0.0006090998649597168	0.0
s2_yd	4	delta	1	wrong	21,33	0.0	0	81	0.0	0.0	0.0	0.0	0.14979146420955658	0.11450974643230438	0.19443444907665253	0.2375316321849823	0.0	-0.03197920322418213	-0.0015796273946762085
s2_yd	4	delta	1	wrong	46,51	0.0	0	81	0.0	0.0	0.0	0.0	0.14979146420955658	0.11450974643230438	0.19443444907665253	0.2375316321849823	0.0	-9.894371032714844e-06	0.0
s2_yd	4	delta	1	wrong	58,23	0.0	0	81	0.0	0.0	0.0	0.0	0.14979146420955658	0.11450974643230438	0.19443444907665253	0.2375316321849823	0.0	-0.05050039291381836	-0.015261813998222351
s2_yd	4	delta	1	wrong	10,17	0.0	0	81	0.0	0.0	0.0	0.0	0.14979146420955658	0.11450974643230438	0.19443444907665253	0.2375316321849823	0.0	-0.00849980115890503	0.0
s2_yd	4	delta	1	wrong	32,0	0.0	0	81	0.0	0.0	0.0	0.0	0.14979146420955658	0.11450974643230438	0.19443444907665253	0.2375316321849823	0.0	-2.7894973754882812e-05	0.0
s2_yd	4	delta	1	wrong	37,27	0.0	0	81	0.0	0.0	0.0	0.0	0.14979146420955658	0.11450974643230438	0.19443444907665253	0.2375316321849823	0.0	-0.0019303560256958008	0.0
s2_yd	4	delta	1	wrong	45,46	0.0	0	81	0.0	0.0	0.0	0.0	0.14979146420955658	0.11450974643230438	0.19443444907665253	0.2375316321849823	0.0	-0.02142244577407837	-0.000501677393913269
s2_yd	4	delta	1	wrong	23,32	-0.05078125	252	81	0.2670114040374756	0.26320719718933105	0.20606304705142975	0.06901344656944275	0.41680288314819336	0.37771695852279663	0.4004974961280823	0.30654507875442505	0.18350964784622192	0.41172969341278076	0.0012531280517578125
s2_yd	4	delta	1	wrong	31,21	0.0	0	81	0.0	0.0	0.0	0.0	0.14979146420955658	0.11450974643230438	0.19443444907665253	0.2375316321849823	0.0	-0.0007039308547973633	0.0
s2_yd	4	delta	1	wrong	33,19	0.0	0	81	0.0	0.0	0.0	0.0	0.14979146420955658	0.11450974643230438	0.19443444907665253	0.2375316321849823	0.0	-0.0007187128067016602	0.0
s2_yd	4	delta	1	wrong	13,46	0.0	0	81	0.0	0.0	0.0	0.0	0.14979146420955658	0.11450974643230438	0.19443444907665253	0.2375316321849823	0.0	-1.8358230590820312e-05	0.0
s2_yd	4	delta	1	wrong	6,48	0.0	0	81	0.0	0.0	0.0	0.0	0.14979146420955658	0.11450974643230438	0.19443444907665253	0.2375316321849823	0.0	-0.0005009770393371582	0.0
s2_yd	4	delta	1	wrong	24,54	0.0	0	81	0.0	0.0	0.0	0.0	0.14979146420955658	0.11450974643230438	0.19443444907665253	0.2375316321849823	0.0	-2.9027462005615234e-05	0.0
s2_yd	4	delta	1	wrong	63,5	0.0	0	81	0.0	0.0	0.0	0.0	0.14979146420955658	0.11450974643230438	0.19443444907665253	0.2375316321849823	0.0	-0.005823254585266113	0.0
s2_yd	4	delta	1	wrong	31,59	0.0	0	81	0.0	0.0	0.0	0.0	0.14979146420955658	0.11450974643230438	0.19443444907665253	0.2375316321849823	0.0	-3.600120544433594e-05	0.0
s2_yd	4	delta	1	wrong	38,12	0.0	0	81	0.0	0.0	0.0	0.0	0.14979146420955658	0.11450974643230438	0.19443444907665253	0.2375316321849823	0.0	-1.1920928955078125e-07	0.0
s2_yd	4	delta	1	wrong	23,38	0.0	0	81	0.0	0.0	0.0	0.0	0.14979146420955658	0.11450974643230438	0.19443444907665253	0.2375316321849823	0.0	-0.0068648457527160645	0.0
s2_yd	4	delta	1	wrong	30,37	0.0	0	81	0.0	0.0	0.0	0.0	0.14979146420955658	0.11450974643230438	0.19443444907665253	0.2375316321849823	0.0	-5.614757537841797e-05	0.0
s2_yd	4	delta	1	wrong	42,40	0.0	0	81	0.0	0.0	0.0	0.0	0.14979146420955658	0.11450974643230438	0.19443444907665253	0.2375316321849823	0.0	-0.0003209114074707031	0.0
s2_yd	4	delta	1	wrong	42,62	0.0	0	81	0.0	0.0	0.0	0.0	0.14979146420955658	0.11450974643230438	0.19443444907665253	0.2375316321849823	0.0	-0.0005959272384643555	0.0
s2_yd	4	delta	2	true	0,20	0.0	0	81	0.0	0.0	0.0	0.0	0.27253174781799316	0.2402617186307907	0.35713738203048706	0.37330496311187744	0.0	-1.952052116394043e-05	0.0
s2_yd	4	delta	2	true	1,16	0.0	0	81	0.0	0.0	0.0	0.0	0.27253174781799316	0.2402617186307907	0.35713738203048706	0.37330496311187744	0.0	-0.000722050666809082	0.0
s2_yd	4	delta	2	true	2,17	0.0	0	81	0.0	0.0	0.0	0.0	0.27253174781799316	0.2402617186307907	0.35713738203048706	0.37330496311187744	0.0	-0.0003089606761932373	0.0
s2_yd	4	delta	2	true	2,21	0.0	0	81	0.0	0.0	0.0	0.0	0.27253174781799316	0.2402617186307907	0.35713738203048706	0.37330496311187744	0.0	-0.000886082649230957	0.0
s2_yd	4	delta	2	true	2,22	0.0	0	81	0.0	0.0	0.0	0.0	0.27253174781799316	0.2402617186307907	0.35713738203048706	0.37330496311187744	0.0	-0.00018267333507537842	0.0
s2_yd	4	delta	2	true	56,32	0.0	0	81	0.0	0.0	0.0	0.0	0.27253174781799316	0.2402617186307907	0.35713738203048706	0.37330496311187744	0.0	-0.03655749559402466	-0.007773458957672119
s2_yd	4	delta	2	true	58,37	0.0	0	81	0.0	0.0	0.0	0.0	0.27253174781799316	0.2402617186307907	0.35713738203048706	0.37330496311187744	0.0	-0.0006722807884216309	0.0
s2_yd	4	delta	2	true	58,38	0.0	0	81	0.0	0.0	0.0	0.0	0.27253174781799316	0.2402617186307907	0.35713738203048706	0.37330496311187744	0.0	-0.0004482269287109375	0.0
s2_yd	4	delta	2	true	2,26	0.0	0	81	0.0	0.0	0.0	0.0	0.27253174781799316	0.2402617186307907	0.35713738203048706	0.37330496311187744	0.0	-9.296834468841553e-05	0.0
s2_yd	4	delta	2	true	6,27	0.0	0	81	0.0	0.0	0.0	0.0	0.27253174781799316	0.2402617186307907	0.35713738203048706	0.37330496311187744	0.0	-3.4421682357788086e-05	0.0
s2_yd	4	delta	2	true	41,27	0.0	0	81	0.0	0.0	0.0	0.0	0.27253174781799316	0.2402617186307907	0.35713738203048706	0.37330496311187744	0.0	-0.0005205422639846802	0.0
s2_yd	4	delta	2	true	45,27	0.0	0	81	0.0	0.0	0.0	0.0	0.27253174781799316	0.2402617186307907	0.35713738203048706	0.37330496311187744	0.0	-0.021891862154006958	0.0
s2_yd	4	delta	2	true	49,59	0.0	0	81	0.0	0.0	0.0	0.0	0.27253174781799316	0.2402617186307907	0.35713738203048706	0.37330496311187744	0.0	-3.814697265625e-06	0.0
s2_yd	4	delta	2	true	16,51	0.0	0	81	0.0	0.0	0.0	0.0	0.27253174781799316	0.2402617186307907	0.35713738203048706	0.37330496311187744	0.0	-4.246830940246582e-06	0.0
s2_yd	4	delta	2	true	16,53	0.0	0	81	0.0	0.0	0.0	0.0	0.27253174781799316	0.2402617186307907	0.35713738203048706	0.37330496311187744	0.0	-1.8596649169921875e-05	0.0
s2_yd	4	delta	2	true	19,50	0.0	0	81	0.0	0.0	0.0	0.0	0.27253174781799316	0.2402617186307907	0.35713738203048706	0.37330496311187744	0.0	-4.4792890548706055e-05	0.0
s2_yd	4	delta	2	true	19,51	0.0	0	81	0.0	0.0	0.0	0.0	0.27253174781799316	0.2402617186307907	0.35713738203048706	0.37330496311187744	0.0	-1.9073486328125e-06	0.0
s2_yd	4	delta	2	true	24,47	0.0	0	81	0.0	0.0	0.0	0.0	0.27253174781799316	0.2402617186307907	0.35713738203048706	0.37330496311187744	0.0	-6.181001663208008e-05	0.0
s2_yd	4	delta	2	true	26,41	0.0	0	81	0.0	0.0	0.0	0.0	0.27253174781799316	0.2402617186307907	0.35713738203048706	0.37330496311187744	0.0	-0.0005178004503250122	0.0
s2_yd	4	delta	2	true	29,43	0.0	0	81	0.0	0.0	0.0	0.0	0.27253174781799316	0.2402617186307907	0.35713738203048706	0.37330496311187744	0.0	-3.950297832489014e-05	0.0
s2_yd	4	delta	2	true	31,46	0.0	0	81	0.0	0.0	0.0	0.0	0.27253174781799316	0.2402617186307907	0.35713738203048706	0.37330496311187744	0.0	-3.0100345611572266e-06	0.0
s2_yd	4	delta	2	true	33,58	0.0	0	81	0.0	0.0	0.0	0.0	0.27253174781799316	0.2402617186307907	0.35713738203048706	0.37330496311187744	0.0	-0.0034882724285125732	0.0
s2_yd	4	delta	2	true	33,59	0.0	0	81	0.0	0.0	0.0	0.0	0.27253174781799316	0.2402617186307907	0.35713738203048706	0.37330496311187744	0.0	-0.00017127394676208496	0.0
s2_yd	4	delta	2	true	37,58	0.0	0	81	0.0	0.0	0.0	0.0	0.27253174781799316	0.2402617186307907	0.35713738203048706	0.37330496311187744	0.0	-0.00030200183391571045	0.0
s2_yd	4	delta	2	true	37,62	0.0	0	81	0.0	0.0	0.0	0.0	0.27253174781799316	0.2402617186307907	0.35713738203048706	0.37330496311187744	0.0	-0.0002763420343399048	0.0
s2_yd	4	delta	2	true	38,62	0.0	0	81	0.0	0.0	0.0	0.0	0.27253174781799316	0.2402617186307907	0.35713738203048706	0.37330496311187744	0.0	-0.00029662251472473145	0.0
s2_yd	4	delta	2	true	39,61	0.0	0	81	0.0	0.0	0.0	0.0	0.27253174781799316	0.2402617186307907	0.35713738203048706	0.37330496311187744	0.0	-0.0009037256240844727	0.0
s2_yd	4	delta	2	true	32,48	0.0	2	81	-0.0008660554885864258	-0.0005919337272644043	-0.0016689896583557129	-0.0019037127494812012	0.27166569232940674	0.2396697849035263	0.35546839237213135	0.37140125036239624	7.236003875732422e-05	-0.09015923738479614	-0.04091617465019226
s2_yd	4	delta	2	true	34,50	0.0	0	81	0.0	0.0	0.0	0.0	0.27253174781799316	0.2402617186307907	0.35713738203048706	0.37330496311187744	0.0	-0.0009109377861022949	0.0
s2_yd	4	delta	2	true	36,54	0.0	0	81	0.0	0.0	0.0	0.0	0.27253174781799316	0.2402617186307907	0.35713738203048706	0.37330496311187744	0.0	-1.6391277313232422e-06	0.0
s2_yd	4	delta	2	true	39,54	0.0	0	81	0.0	0.0	0.0	0.0	0.27253174781799316	0.2402617186307907	0.35713738203048706	0.37330496311187744	0.0	-9.34302806854248e-06	0.0
s2_yd	4	delta	2	true	32,45	0.03515625	232	81	0.13001850247383118	0.1171652227640152	0.016142964363098145	0.0021390318870544434	0.40255025029182434	0.3574269413948059	0.3732803463935852	0.3754439949989319	0.05776572227478027	-0.3570500612258911	-0.26524871587753296
s2_yd	4	delta	2	true	33,40	0.0	0	81	0.0	0.0	0.0	0.0	0.27253174781799316	0.2402617186307907	0.35713738203048706	0.37330496311187744	0.0	-0.0018716305494308472	0.0
s2_yd	4	delta	2	true	34,44	0.0	0	81	0.0	0.0	0.0	0.0	0.27253174781799316	0.2402617186307907	0.35713738203048706	0.37330496311187744	0.0	-0.004672005772590637	0.0
s2_yd	4	delta	2	true	34,47	0.0	0	81	0.0	0.0	0.0	0.0	0.27253174781799316	0.2402617186307907	0.35713738203048706	0.37330496311187744	0.0	-0.000726744532585144	0.0
s2_yd	4	delta	2	true	37,40	0.0	0	81	0.0	0.0	0.0	0.0	0.27253174781799316	0.2402617186307907	0.35713738203048706	0.37330496311187744	0.0	-0.00021645426750183105	0.0
s2_yd	4	delta	2	true	37,45	0.0	0	81	0.0	0.0	0.0	0.0	0.27253174781799316	0.2402617186307907	0.35713738203048706	0.37330496311187744	0.0	-0.002358868718147278	0.0
s2_yd	4	delta	2	true	5,61	0.0	0	81	0.0	0.0	0.0	0.0	0.27253174781799316	0.2402617186307907	0.35713738203048706	0.37330496311187744	0.0	-0.022528231143951416	-0.0006113946437835693
s2_yd	4	delta	2	true	2,26	0.0	0	81	0.0	0.0	0.0	0.0	0.27253174781799316	0.2402617186307907	0.35713738203048706	0.37330496311187744	0.0	-9.296834468841553e-05	0.0
s2_yd	4	delta	2	true	49,40	0.0	0	81	0.0	0.0	0.0	0.0	0.27253174781799316	0.2402617186307907	0.35713738203048706	0.37330496311187744	0.0	-5.391240119934082e-05	0.0
s2_yd	4	delta	2	true	52,43	0.0	0	81	0.0	0.0	0.0	0.0	0.27253174781799316	0.2402617186307907	0.35713738203048706	0.37330496311187744	0.0	-2.25752592086792e-05	0.0
s2_yd	4	delta	2	true	53,46	0.0	0	81	0.0	0.0	0.0	0.0	0.27253174781799316	0.2402617186307907	0.35713738203048706	0.37330496311187744	0.0	-3.0159950256347656e-05	0.0
s2_yd	4	delta	2	true	54,41	0.0	0	81	0.0	0.0	0.0	0.0	0.27253174781799316	0.2402617186307907	0.35713738203048706	0.37330496311187744	0.0	-2.880394458770752e-05	0.0
s2_yd	4	delta	2	true	1,28	0.0	0	81	0.0	0.0	0.0	0.0	0.27253174781799316	0.2402617186307907	0.35713738203048706	0.37330496311187744	0.0	-1.9222497940063477e-05	0.0
s2_yd	4	delta	2	true	12,39	0.0	0	81	0.0	0.0	0.0	0.0	0.27253174781799316	0.2402617186307907	0.35713738203048706	0.37330496311187744	0.0	-1.4036893844604492e-05	0.0
s2_yd	4	delta	2	true	13,36	0.0	0	81	0.0	0.0	0.0	0.0	0.27253174781799316	0.2402617186307907	0.35713738203048706	0.37330496311187744	0.0	-4.4405460357666016e-06	0.0
s2_yd	4	delta	2	true	14,39	0.0	0	81	0.0	0.0	0.0	0.0	0.27253174781799316	0.2402617186307907	0.35713738203048706	0.37330496311187744	0.0	-7.420778274536133e-06	0.0
s2_yd	4	delta	2	true	15,34	0.0	0	81	0.0	0.0	0.0	0.0	0.27253174781799316	0.2402617186307907	0.35713738203048706	0.37330496311187744	0.0	-2.014636993408203e-05	0.0
s2_yd	4	delta	2	wrong	14,5	0.0	0	81	0.0	0.0	0.0	0.0	0.27253174781799316	0.2402617186307907	0.35713738203048706	0.37330496311187744	0.0	-0.0002161562442779541	0.0
s2_yd	4	delta	2	wrong	24,35	0.0	0	81	0.0	0.0	0.0	0.0	0.27253174781799316	0.2402617186307907	0.35713738203048706	0.37330496311187744	0.0	-1.0251998901367188e-05	0.0
s2_yd	4	delta	2	wrong	53,17	0.0	0	81	0.0	0.0	0.0	0.0	0.27253174781799316	0.2402617186307907	0.35713738203048706	0.37330496311187744	0.0	-0.00021007657051086426	0.0
s2_yd	4	delta	2	wrong	2,47	0.0	0	81	0.0	0.0	0.0	0.0	0.27253174781799316	0.2402617186307907	0.35713738203048706	0.37330496311187744	0.0	-0.0001989901065826416	0.0
s2_yd	4	delta	2	wrong	53,20	0.0	0	81	0.0	0.0	0.0	0.0	0.27253174781799316	0.2402617186307907	0.35713738203048706	0.37330496311187744	0.0	-0.00012476742267608643	0.0
s2_yd	4	delta	2	wrong	1,11	0.0	0	81	0.0	0.0	0.0	0.0	0.27253174781799316	0.2402617186307907	0.35713738203048706	0.37330496311187744	0.0	-3.960728645324707e-05	0.0
s2_yd	4	delta	2	wrong	12,42	0.0	0	81	0.0	0.0	0.0	0.0	0.27253174781799316	0.2402617186307907	0.35713738203048706	0.37330496311187744	0.0	-2.4825334548950195e-05	0.0
s2_yd	4	delta	2	wrong	63,12	0.0	0	81	0.0	0.0	0.0	0.0	0.27253174781799316	0.2402617186307907	0.35713738203048706	0.37330496311187744	0.0	0.0	0.0
s2_yd	4	delta	2	wrong	35,29	0.0	0	81	0.0	0.0	0.0	0.0	0.27253174781799316	0.2402617186307907	0.35713738203048706	0.37330496311187744	0.0	-6.705522537231445e-07	0.0
s2_yd	4	delta	2	wrong	40,44	0.0	0	81	0.0	0.0	0.0	0.0	0.27253174781799316	0.2402617186307907	0.35713738203048706	0.37330496311187744	0.0	-3.56137752532959e-05	0.0
s2_yd	4	delta	2	wrong	50,30	0.0	0	81	0.0	0.0	0.0	0.0	0.27253174781799316	0.2402617186307907	0.35713738203048706	0.37330496311187744	0.0	-1.2814998626708984e-05	0.0
s2_yd	4	delta	2	wrong	30,15	0.0	0	81	0.0	0.0	0.0	0.0	0.27253174781799316	0.2402617186307907	0.35713738203048706	0.37330496311187744	0.0	0.0	0.0
s2_yd	4	delta	2	wrong	11,22	0.0	0	81	0.0	0.0	0.0	0.0	0.27253174781799316	0.2402617186307907	0.35713738203048706	0.37330496311187744	0.0	-2.7477741241455078e-05	0.0
s2_yd	4	delta	2	wrong	25,30	0.0	0	81	0.0	0.0	0.0	0.0	0.27253174781799316	0.2402617186307907	0.35713738203048706	0.37330496311187744	0.0	-2.1770596504211426e-05	0.0
s2_yd	4	delta	2	wrong	59,0	0.0	0	81	0.0	0.0	0.0	0.0	0.27253174781799316	0.2402617186307907	0.35713738203048706	0.37330496311187744	0.0	0.0	0.0
s2_yd	4	delta	2	wrong	45,5	0.0	0	81	0.0	0.0	0.0	0.0	0.27253174781799316	0.2402617186307907	0.35713738203048706	0.37330496311187744	0.0	-0.1836729645729065	-0.14844489097595215
s2_yd	4	delta	2	wrong	62,18	0.0	0	81	0.0	0.0	0.0	0.0	0.27253174781799316	0.2402617186307907	0.35713738203048706	0.37330496311187744	0.0	-4.208087921142578e-05	0.0
s2_yd	4	delta	2	wrong	7,50	0.0	0	81	0.0	0.0	0.0	0.0	0.27253174781799316	0.2402617186307907	0.35713738203048706	0.37330496311187744	0.0	-0.0004795193672180176	0.0
s2_yd	4	delta	2	wrong	17,3	0.0	0	81	0.0	0.0	0.0	0.0	0.27253174781799316	0.2402617186307907	0.35713738203048706	0.37330496311187744	0.0	-0.0033222585916519165	0.0
s2_yd	4	delta	2	wrong	28,4	0.0	0	81	0.0	0.0	0.0	0.0	0.27253174781799316	0.2402617186307907	0.35713738203048706	0.37330496311187744	0.0	-2.9802322387695312e-08	0.0
s2_yd	4	delta	2	wrong	19,21	0.0	0	81	0.0	0.0	0.0	0.0	0.27253174781799316	0.2402617186307907	0.35713738203048706	0.37330496311187744	0.0	-0.00011458992958068848	0.0
s2_yd	4	delta	2	wrong	8,55	0.0	0	81	0.0	0.0	0.0	0.0	0.27253174781799316	0.2402617186307907	0.35713738203048706	0.37330496311187744	0.0	-5.5149197578430176e-05	0.0
s2_yd	4	delta	2	wrong	1,6	0.0	0	81	0.0	0.0	0.0	0.0	0.27253174781799316	0.2402617186307907	0.35713738203048706	0.37330496311187744	0.0	0.0	0.0
s2_yd	4	delta	2	wrong	58,49	0.0	0	81	0.0	0.0	0.0	0.0	0.27253174781799316	0.2402617186307907	0.35713738203048706	0.37330496311187744	0.0	-7.298588752746582e-05	0.0
s2_yd	4	delta	2	wrong	16,21	0.0	0	81	0.0	0.0	0.0	0.0	0.27253174781799316	0.2402617186307907	0.35713738203048706	0.37330496311187744	0.0	-0.00034731626510620117	0.0
s2_yd	4	delta	2	wrong	39,2	0.0	0	81	0.0	0.0	0.0	0.0	0.27253174781799316	0.2402617186307907	0.35713738203048706	0.37330496311187744	0.0	-6.109476089477539e-07	0.0
s2_yd	4	delta	2	wrong	50,1	0.0	0	81	0.0	0.0	0.0	0.0	0.27253174781799316	0.2402617186307907	0.35713738203048706	0.37330496311187744	0.0	-0.000201299786567688	0.0
s2_yd	4	delta	2	wrong	14,25	0.0	0	81	0.0	0.0	0.0	0.0	0.27253174781799316	0.2402617186307907	0.35713738203048706	0.37330496311187744	0.0	-6.827712059020996e-05	0.0
s2_yd	4	delta	2	wrong	21,33	0.0	0	81	0.0	0.0	0.0	0.0	0.27253174781799316	0.2402617186307907	0.35713738203048706	0.37330496311187744	0.0	-0.002170741558074951	0.0
s2_yd	4	delta	2	wrong	46,51	0.0	0	81	0.0	0.0	0.0	0.0	0.27253174781799316	0.2402617186307907	0.35713738203048706	0.37330496311187744	0.0	-1.1920928955078125e-06	0.0
s2_yd	4	delta	2	wrong	58,23	0.0	0	81	0.0	0.0	0.0	0.0	0.27253174781799316	0.2402617186307907	0.35713738203048706	0.37330496311187744	0.0	-0.003405749797821045	0.0
s2_yd	4	delta	2	wrong	10,17	0.0	0	81	0.0	0.0	0.0	0.0	0.27253174781799316	0.2402617186307907	0.35713738203048706	0.37330496311187744	0.0	-0.0006722956895828247	0.0
s2_yd	4	delta	2	wrong	32,0	0.0	0	81	0.0	0.0	0.0	0.0	0.27253174781799316	0.2402617186307907	0.35713738203048706	0.37330496311187744	0.0	-2.3543834686279297e-06	0.0
s2_yd	4	delta	2	wrong	37,27	0.0	0	81	0.0	0.0	0.0	0.0	0.27253174781799316	0.2402617186307907	0.35713738203048706	0.37330496311187744	0.0	-0.00020903348922729492	0.0
s2_yd	4	delta	2	wrong	45,46	0.0	0	81	0.0	0.0	0.0	0.0	0.27253174781799316	0.2402617186307907	0.35713738203048706	0.37330496311187744	0.0	-0.0016615986824035645	0.0
s2_yd	4	delta	2	wrong	23,32	0.0	0	81	0.0	0.0	0.0	0.0	0.27253174781799316	0.2402617186307907	0.35713738203048706	0.37330496311187744	0.0	-0.12099918723106384	-0.08818234503269196
s2_yd	4	delta	2	wrong	31,21	0.0	0	81	0.0	0.0	0.0	0.0	0.27253174781799316	0.2402617186307907	0.35713738203048706	0.37330496311187744	0.0	-5.882978439331055e-05	0.0
s2_yd	4	delta	2	wrong	33,19	0.0	0	81	0.0	0.0	0.0	0.0	0.27253174781799316	0.2402617186307907	0.35713738203048706	0.37330496311187744	0.0	-5.1975250244140625e-05	0.0
s2_yd	4	delta	2	wrong	13,46	0.0	0	81	0.0	0.0	0.0	0.0	0.27253174781799316	0.2402617186307907	0.35713738203048706	0.37330496311187744	0.0	-1.8775463104248047e-06	0.0
s2_yd	4	delta	2	wrong	6,48	0.0	0	81	0.0	0.0	0.0	0.0	0.27253174781799316	0.2402617186307907	0.35713738203048706	0.37330496311187744	0.0	-4.947185516357422e-05	0.0
s2_yd	4	delta	2	wrong	24,54	0.0	0	81	0.0	0.0	0.0	0.0	0.27253174781799316	0.2402617186307907	0.35713738203048706	0.37330496311187744	0.0	-3.919005393981934e-06	0.0
s2_yd	4	delta	2	wrong	63,5	0.0	0	81	0.0	0.0	0.0	0.0	0.27253174781799316	0.2402617186307907	0.35713738203048706	0.37330496311187744	0.0	-0.0003662109375	0.0
s2_yd	4	delta	2	wrong	31,59	0.0	0	81	0.0	0.0	0.0	0.0	0.27253174781799316	0.2402617186307907	0.35713738203048706	0.37330496311187744	0.0	-3.11434268951416e-06	0.0
s2_yd	4	delta	2	wrong	38,12	0.0	0	81	0.0	0.0	0.0	0.0	0.27253174781799316	0.2402617186307907	0.35713738203048706	0.37330496311187744	0.0	0.0	0.0
s2_yd	4	delta	2	wrong	23,38	0.0	0	81	0.0	0.0	0.0	0.0	0.27253174781799316	0.2402617186307907	0.35713738203048706	0.37330496311187744	0.0	-0.0005446076393127441	0.0
s2_yd	4	delta	2	wrong	30,37	0.0	0	81	0.0	0.0	0.0	0.0	0.27253174781799316	0.2402617186307907	0.35713738203048706	0.37330496311187744	0.0	-5.036592483520508e-06	0.0
s2_yd	4	delta	2	wrong	42,40	0.0	0	81	0.0	0.0	0.0	0.0	0.27253174781799316	0.2402617186307907	0.35713738203048706	0.37330496311187744	0.0	-4.6253204345703125e-05	0.0
s2_yd	4	delta	2	wrong	42,62	0.0	0	81	0.0	0.0	0.0	0.0	0.27253174781799316	0.2402617186307907	0.35713738203048706	0.37330496311187744	0.0	-5.249679088592529e-05	0.0
s2_yd	4	single	-1	true	0,18	0.30859375	-1	1					0.2234145700931549	0.17436373233795166	0.19659945368766785	0.24491997063159943	-0.5090513229370117	0.0	0.0
s2_yd	4	single	-1	true	1,18	0.30859375	-1	1					0.17705313861370087	0.13349083065986633	0.14709612727165222	0.27183806896209717	-0.042004529386758804	0.0	0.0
s2_yd	4	single	-1	true	1,21	0.30859375	-1	1					0.1478613018989563	0.1083066388964653	0.1349261999130249	0.26969820261001587	0.576968789100647	0.0	0.0
s2_yd	4	single	-1	true	1,23	0.30859375	-1	1					0.1703871786594391	0.1372159719467163	0.2144850790500641	0.3339325785636902	0.586054265499115	0.0	0.0
s2_yd	4	single	-1	true	3,17	0.30859375	-1	1					0.1506173014640808	0.13145066797733307	0.14822176098823547	0.20984677970409393	0.7260626554489136	0.0	0.0
s2_yd	4	single	-1	true	6,18	0.30859375	-1	1					0.32682716846466064	0.2748776078224182	0.150050550699234	0.2225334495306015	-0.5731203556060791	0.0	0.0
s2_yd	4	single	-1	true	6,19	0.30859375	-1	1					0.2206120789051056	0.17204400897026062	0.1140657365322113	0.18249985575675964	-0.5371121764183044	0.0	0.0
s2_yd	4	single	-1	true	7,16	0.30859375	-1	1					0.12212619185447693	0.11022202670574188	0.09625587612390518	0.20065322518348694	0.32362502813339233	0.0	0.0
s2_yd	4	single	-1	true	59,37	0.30859375	-1	1					0.14440949261188507	0.13540107011795044	0.09105543047189713	0.13763627409934998	-0.09524901956319809	0.0	0.0
s2_yd	4	single	-1	true	60,37	0.48046875	-1	1					0.3252182602882385	0.3041168451309204	0.1932346075773239	0.22954857349395752	0.8490335941314697	0.0	0.0
s2_yd	4	single	-1	true	62,35	0.82421875	-1	1					0.12166935950517654	0.07692661881446838	0.11282455921173096	0.18410685658454895	0.199917733669281	0.0	0.0
s2_yd	4	single	-1	true	63,34	0.82421875	-1	1					0.08684726059436798	0.06246783956885338	0.13737398386001587	0.15565648674964905	0.11370743811130524	0.0	0.0
s2_yd	4	single	-1	true	1,24	0.09375	-1	1					0.08909263461828232	0.04449855536222458	0.09624515473842621	0.2084093689918518	0.30150824785232544	0.0	0.0
s2_yd	4	single	-1	true	1,26	0.09375	-1	1					0.10940192639827728	0.059314168989658356	0.09737283736467361	0.21746930480003357	0.21680009365081787	0.0	0.0
s2_yd	4	single	-1	true	2,25	0.09375	-1	1					0.2770581543445587	0.22076347470283508	0.19218209385871887	0.23448650538921356	0.3681344985961914	0.0	0.0
s2_yd	4	single	-1	true	3,26	0.09375	-1	1					0.14666767418384552	0.08865712583065033	0.1320226788520813	0.23112335801124573	0.5191604495048523	0.0	0.0
s2_yd	4	single	-1	true	4,30	0.09375	-1	1					0.047643255442380905	0.03437361866235733	0.08180838078260422	0.14585936069488525	-0.3336729407310486	0.0	0.0
s2_yd	4	single	-1	true	6,26	0.09375	-1	1					0.3279613256454468	0.2303914874792099	0.10778801888227463	0.16602152585983276	-0.3143157958984375	0.0	0.0
s2_yd	4	single	-1	true	7,24	0.09375	-1	1					0.10171392560005188	0.05444881319999695	0.05765599384903908	0.1870923638343811	0.23743918538093567	0.0	0.0
s2_yd	4	single	-1	true	7,28	0.09375	-1	1					0.1388990730047226	0.1245650202035904	0.16366103291511536	0.2290203720331192	-0.15377095341682434	0.0	0.0
s2_yd	4	single	-1	true	40,27	0.07421875	-1	1					0.08702840656042099	0.05884326994419098	0.14499123394489288	0.1372998058795929	-0.21449802815914154	0.0	0.0
s2_yd	4	single	-1	true	40,30	0.07421875	-1	1					0.1117715984582901	0.08303891122341156	0.15305206179618835	0.10908793658018112	-0.7864124774932861	0.0	0.0
s2_yd	4	single	-1	true	42,27	0.07421875	-1	1					0.2078007012605667	0.13693031668663025	0.20763833820819855	0.19826602935791016	-0.12494197487831116	0.0	0.0
s2_yd	4	single	-1	true	43,31	0.07421875	-1	1					0.040352918207645416	0.02417707070708275	0.07192444801330566	0.14828774333000183	-0.163264662027359	0.0	0.0
s2_yd	4	single	-1	true	44,25	0.07421875	-1	1					0.04900432378053665	0.03250997141003609	0.1701371967792511	0.19540876150131226	0.5122537016868591	0.0	0.0
s2_yd	4	single	-1	true	45,26	0.07421875	-1	1					0.16345056891441345	0.10068224370479584	0.12832021713256836	0.18437808752059937	0.5554438829421997	0.0	0.0
s2_yd	4	single	-1	true	46,25	0.07421875	-1	1					0.09805961698293686	0.0653761476278305	0.10165539383888245	0.1582202911376953	0.01606263965368271	0.0	0.0
s2_yd	4	single	-1	true	46,29	0.07421875	-1	1					0.11241480708122253	0.08728503435850143	0.1214301735162735	0.13895007967948914	-0.5704519748687744	0.0	0.0
s2_yd	4	single	-1	true	47,24	0.07421875	-1	1					0.11146818101406097	0.0641222894191742	0.05704721063375473	0.1441485583782196	0.14396092295646667	0.0	0.0
s2_yd	4	single	-1	true	48,56	0.0625	-1	1					0.025193601846694946	0.021655017510056496	0.03680126368999481	0.10307624936103821	0.4356380105018616	0.0	0.0
s2_yd	4	single	-1	true	48,62	0.0625	-1	1					0.04143529385328293	0.03296481445431709	0.1108751893043518	0.15216735005378723	0.430180162191391	0.0	0.0
s2_yd	4	single	-1	true	49,61	0.0625	-1	1					0.04902361333370209	0.04455383121967316	0.08251605927944183	0.1252182424068451	0.05645863711833954	0.0	0.0
s2_yd	4	single	-1	true	50,60	0.0625	-1	1					0.07203559577465057	0.0578702911734581	0.13462646305561066	0.26469773054122925	0.9624789953231812	0.0	0.0
s2_yd	4	single	-1	true	50,62	0.0625	-1	1					0.06077813357114792	0.03895879164338112	0.12349365651607513	0.2075785994529724	0.5197361707687378	0.0	0.0
s2_yd	4	single	-1	true	51,56	0.0625	-1	1					0.0684763640165329	0.04234642535448074	0.07748480886220932	0.12845605611801147	0.11261902749538422	0.0	0.0
s2_yd	4	single	-1	true	51,57	0.0625	-1	1					0.08366522192955017	0.04652123153209686	0.09304726123809814	0.10641423612833023	-0.2742934226989746	0.0	0.0
s2_yd	4	single	-1	true	52,60	0.0625	-1	1					0.1543656885623932	0.11952219903469086	0.25506070256233215	0.23904885351657867	0.4680941104888916	0.0	0.0
s2_yd	4	single	-1	true	53,58	0.0625	-1	1					0.17746520042419434	0.15229955315589905	0.2869763970375061	0.1928606927394867	0.39910557866096497	0.0	0.0
s2_yd	4	single	-1	true	54,60	0.0625	-1	1					0.1298144906759262	0.10467984527349472	0.23409508168697357	0.18947219848632812	0.37689054012298584	0.0	0.0
s2_yd	4	single	-1	true	54,63	0.0625	-1	1					0.07665376365184784	0.046914663165807724	0.12659010291099548	0.11992459744215012	-0.4697415232658386	0.0	0.0
s2_yd	4	single	-1	true	17,49	0.0625	-1	1					0.0359262079000473	0.023256784304976463	0.050857022404670715	0.1802050620317459	-0.15113109350204468	0.0	0.0
s2_yd	4	single	-1	true	18,50	0.0625	-1	1					0.029649635776877403	0.017164690420031548	0.09819108992815018	0.10956159234046936	-0.12721875309944153	0.0	0.0
s2_yd	4	single	-1	true	18,51	0.0625	-1	1					0.026509523391723633	0.015911391004920006	0.06403815001249313	0.13964340090751648	-0.5695507526397705	0.0	0.0
s2_yd	4	single	-1	true	19,48	0.0625	-1	1					0.04003969579935074	0.01959419436752796	0.04681902751326561	0.11909966170787811	0.056534502655267715	0.0	0.0
s2_yd	4	single	-1	true	20,51	0.0625	-1	1					0.052606843411922455	0.03246041387319565	0.07337552309036255	0.16604197025299072	-0.47153639793395996	0.0	0.0
s2_yd	4	single	-1	true	24,42	0.38671875	-1	1					0.36511561274528503	0.273311972618103	0.17152486741542816	0.1372472047805786	-0.10487182438373566	0.0	0.0
s2_yd	4	single	-1	true	26,44	0.38671875	-1	1					0.2839265465736389	0.20442144572734833	0.15467165410518646	0.22701579332351685	0.3144746422767639	0.0	0.0
s2_yd	4	single	-1	true	26,47	0.38671875	-1	1					0.2186567783355713	0.13682821393013	0.196556955575943	0.19669604301452637	0.10304449498653412	0.0	0.0
s2_yd	4	single	-1	true	27,45	0.38671875	-1	1					0.19590197503566742	0.165104478597641	0.202987939119339	0.2621799409389496	0.9049981832504272	0.0	0.0
s2_yd	4	single	-1	true	29,41	0.38671875	-1	1					0.31470876932144165	0.22430217266082764	0.16396811604499817	0.19241808354854584	0.004088539630174637	0.0	0.0
s2_yd	4	single	-1	true	33,59	0.38671875	-1	1					0.21172171831130981	0.17005625367164612	0.2346557080745697	0.1405731439590454	0.2375294268131256	0.0	0.0
s2_yd	4	single	-1	true	35,57	0.38671875	-1	1					0.05507946014404297	0.03379308059811592	0.09810799360275269	0.08459996432065964	-0.2677471339702606	0.0	0.0
s2_yd	4	single	-1	true	35,58	0.38671875	-1	1					0.0771971195936203	0.06568364799022675	0.1389417052268982	0.15082813799381256	0.12825077772140503	0.0	0.0
s2_yd	4	single	-1	true	36,59	0.38671875	-1	1					0.26339825987815857	0.19423723220825195	0.27466529607772827	0.13659779727458954	-0.1841052621603012	0.0	0.0
s2_yd	4	single	-1	true	38,57	0.38671875	-1	1					0.26321181654930115	0.18811729550361633	0.24697092175483704	0.13480323553085327	-0.07933492958545685	0.0	0.0
s2_yd	4	single	-1	true	36,49	0.05078125	-1	1					0.05490083247423172	0.037236183881759644	0.07101389765739441	0.16029180586338043	-0.35898953676223755	0.0	0.0
s2_yd	4	single	-1	true	37,48	0.05078125	-1	1					0.11022387444972992	0.06568361073732376	0.10148550570011139	0.13857218623161316	0.18238748610019684	0.0	0.0
s2_yd	4	single	-1	true	38,50	0.05078125	-1	1					0.11199380457401276	0.07719580829143524	0.16541823744773865	0.16142085194587708	0.11249004304409027	0.0	0.0
s2_yd	4	single	-1	true	38,55	0.05078125	-1	1					0.1256212592124939	0.08654207736253738	0.15976600348949432	0.17930394411087036	-0.10200969129800797	0.0	0.0
s2_yd	4	single	-1	true	32,47	0.05078125	-1	1					0.3193053901195526	0.22976505756378174	0.2882160246372223	0.28600186109542847	0.9308573603630066	0.0	0.0
s2_yd	4	single	-1	true	36,41	0.05078125	-1	1					0.1333206295967102	0.0879843533039093	0.20398657023906708	0.1622989922761917	0.0401172861456871	0.0	0.0
s2_yd	4	single	-1	true	39,40	0.05078125	-1	1					0.12466547638177872	0.08381611108779907	0.1820809543132782	0.21526212990283966	0.19837188720703125	0.0	0.0
s2_yd	4	single	-1	true	1,58	0.01953125	-1	1					0.12982326745986938	0.10042092204093933	0.20250453054904938	0.2539927661418915	0.5866779088973999	0.0	0.0
s2_yd	4	single	-1	true	2,56	0.01953125	-1	1					0.2666873335838318	0.19739341735839844	0.12479552626609802	0.1953398585319519	0.4129059910774231	0.0	0.0
s2_yd	4	single	-1	true	2,60	0.01953125	-1	1					0.2731606960296631	0.2415497601032257	0.2652108669281006	0.32582980394363403	0.8501909375190735	0.0	0.0
s2_yd	4	single	-1	true	3,62	0.01953125	-1	1					0.3648693561553955	0.2740376591682434	0.2875274419784546	0.289519727230072	0.8744949102401733	0.0	0.0
s2_yd	4	single	-1	true	4,61	0.01953125	-1	1					0.0773911252617836	0.0632503479719162	0.1462201178073883	0.19961096346378326	0.40111690759658813	0.0	0.0
s2_yd	4	single	-1	true	6,61	0.01953125	-1	1					0.20931553840637207	0.18008384108543396	0.1563754826784134	0.21559274196624756	0.07987217605113983	0.0	0.0
s2_yd	4	single	-1	true	7,61	0.01953125	-1	1					0.11545594036579132	0.09386380761861801	0.18655450642108917	0.23827946186065674	0.5469189882278442	0.0	0.0
s2_yd	4	single	-1	true	7,63	0.01953125	-1	1					0.14010542631149292	0.09172728657722473	0.12905392050743103	0.18145206570625305	0.10417617112398148	0.0	0.0
s2_yd	4	single	-1	true	0,26	0.09375	-1	1					0.22497528791427612	0.14106711745262146	0.16675713658332825	0.19276225566864014	-0.25024670362472534	0.0	0.0
s2_yd	4	single	-1	true	1,29	0.09375	-1	1					0.10507158935070038	0.08218921720981598	0.15596604347229004	0.21852630376815796	-0.05369367450475693	0.0	0.0
s2_yd	4	single	-1	true	2,31	0.09375	-1	1					0.24687829613685608	0.18650031089782715	0.1395816057920456	0.1495232731103897	-0.2524799704551697	0.0	0.0
s2_yd	4	single	-1	true	4,26	0.09375	-1	1					0.08884584903717041	0.05298358201980591	0.07604289054870605	0.1561373919248581	0.006928948685526848	0.0	0.0
s2_yd	4	single	-1	true	7,30	0.09375	-1	1					0.08646184951066971	0.06835111975669861	0.10906145721673965	0.17600564658641815	-0.1878708302974701	0.0	0.0
s2_yd	4	single	-1	true	7,31	0.09375	-1	1					0.09168614447116852	0.06107237562537193	0.08706340938806534	0.14393211901187897	-0.15186262130737305	0.0	0.0
s2_yd	4	single	-1	true	33,38	0.48046875	-1	1					0.40969428420066833	0.45091721415519714	0.22563260793685913	0.21787604689598083	0.33201128244400024	0.0	0.0
s2_yd	4	single	-1	true	34,33	0.82421875	-1	1					0.11352550983428955	0.0938563123345375	0.16409650444984436	0.2432895451784134	0.6426604986190796	0.0	0.0
s2_yd	4	single	-1	true	36,32	0.515625	-1	1					0.4091276526451111	0.3591189980506897	0.33063411712646484	0.22228041291236877	0.6310065984725952	0.0	0.0
s2_yd	4	single	-1	true	38,38	0.171875	-1	1					0.43643343448638916	0.4318063259124756	0.3471048176288605	0.2583391070365906	0.024232445284724236	0.0	0.0
s2_yd	4	single	-1	true	49,42	0.171875	-1	1					0.10822253674268723	0.0713973343372345	0.07391193509101868	0.12283934652805328	-0.26989591121673584	0.0	0.0
s2_yd	4	single	-1	true	50,42	0.171875	-1	1					0.12507444620132446	0.0838407352566719	0.129794642329216	0.1957981288433075	0.2322351634502411	0.0	0.0
s2_yd	4	single	-1	true	52,40	0.171875	-1	1					0.1846192181110382	0.12347452342510223	0.1743534803390503	0.1655678153038025	-0.1774415522813797	0.0	0.0
s2_yd	4	single	-1	true	52,42	0.171875	-1	1					0.17450109124183655	0.10918207466602325	0.20802763104438782	0.17965123057365417	-0.26214975118637085	0.0	0.0
s2_yd	4	single	-1	true	0,27	0.09375	-1	1					0.15802989900112152	0.11217732727527618	0.21757110953330994	0.21750271320343018	-0.018934067338705063	0.0	0.0
s2_yd	4	single	-1	true	1,25	0.09375	-1	1					0.06398719549179077	0.04204778000712395	0.13706344366073608	0.24060413241386414	0.5328208804130554	0.0	0.0
s2_yd	4	single	-1	true	1,31	0.09375	-1	1					0.10105127841234207	0.06493633985519409	0.1091187372803688	0.16008806228637695	-0.08779355883598328	0.0	0.0
s2_yd	4	single	-1	true	3,28	0.09375	-1	1					0.226427361369133	0.20997965335845947	0.2759919762611389	0.28008976578712463	0.21265849471092224	0.0	0.0
s2_yd	4	single	-1	true	6,31	0.09375	-1	1					0.22780528664588928	0.17062628269195557	0.0952601432800293	0.12426671385765076	-0.6189094185829163	0.0	0.0
s2_yd	4	single	-1	true	8,38	0.0	-1	1					0.03944743424654007	0.04443000257015228	0.08753828704357147	0.17507755756378174	0.15229293704032898	0.0	0.0
s2_yd	4	single	-1	true	9,37	0.0	-1	1					0.04903518036007881	0.03947443515062332	0.04176902770996094	0.08774010837078094	-0.23335933685302734	0.0	0.0
s2_yd	4	single	-1	true	11,32	0.0625	-1	1					0.09358029067516327	0.06800283491611481	0.13406211137771606	0.2350374311208725	0.5499039888381958	0.0	0.0
s2_yd	4	single	-1	true	12,34	0.0	-1	1					0.19405382871627808	0.138032466173172	0.18150527775287628	0.21521735191345215	0.1067352443933487	0.0	0.0
s2_yd	4	single	-1	true	12,37	0.0	-1	1					0.18451234698295593	0.15899187326431274	0.11387383937835693	0.14951884746551514	-0.1442292183637619	0.0	0.0
s2_yd	4	single	-1	true	12,39	0.0	-1	1					0.1949169933795929	0.1939990520477295	0.16027206182479858	0.20248442888259888	-0.13514375686645508	0.0	0.0
s2_yd	4	single	-1	true	14,37	0.0	-1	1					0.07485166192054749	0.06204577907919884	0.08644206821918488	0.12009862065315247	-0.23543277382850647	0.0	0.0
s2_yd	4	single	-1	wrong	14,5	0.0	-1	1					0.09214261919260025	0.06868942081928253	0.14487850666046143	0.19750195741653442	0.24508917331695557	0.0	0.0
s2_yd	4	single	-1	wrong	24,35	0.0	-1	1					0.15656433999538422	0.10493592917919159	0.10991427302360535	0.10712875425815582	-0.22126008570194244	0.0	0.0
s2_yd	4	single	-1	wrong	53,17	0.0	-1	1					0.1670030653476715	0.15255284309387207	0.19132477045059204	0.13216346502304077	0.2361299991607666	0.0	0.0
s2_yd	4	single	-1	wrong	2,47	0.0	-1	1					0.251874715089798	0.20017601549625397	0.2387510985136032	0.25791940093040466	0.23830737173557281	0.0	0.0
s2_yd	4	single	-1	wrong	53,20	0.0	-1	1					0.20504862070083618	0.14785975217819214	0.11764147877693176	0.1610557585954666	0.15808385610580444	0.0	0.0
s2_yd	4	single	-1	wrong	1,11	0.0	-1	1					0.05424949526786804	0.0326937735080719	0.08172223716974258	0.2502977252006531	-0.05982700735330582	0.0	0.0
s2_yd	4	single	-1	wrong	12,42	0.0	-1	1					0.3025168478488922	0.22638387978076935	0.20267003774642944	0.19138608872890472	-0.1807657778263092	0.0	0.0
s2_yd	4	single	-1	wrong	63,12	0.0	-1	1					0.1050231009721756	0.11112682521343231	0.15378940105438232	0.14724811911582947	-1.201470136642456	0.0	0.0
s2_yd	4	single	-1	wrong	35,29	0.0	-1	1					0.11202473193407059	0.10790950059890747	0.12979921698570251	0.11788956075906754	-0.5121207237243652	0.0	0.0
s2_yd	4	single	-1	wrong	40,44	0.0	-1	1					0.15177255868911743	0.11078178882598877	0.14371392130851746	0.16974467039108276	-0.04818679392337799	0.0	0.0
s2_yd	4	single	-1	wrong	50,30	0.0	-1	1					0.04118656367063522	0.03252185136079788	0.05339086800813675	0.14787259697914124	-0.17620012164115906	0.0	0.0
s2_yd	4	single	-1	wrong	30,15	0.0	-1	1					0.039550162851810455	0.027215944603085518	0.09302212297916412	0.12732663750648499	-1.3628047704696655	0.0	0.0
s2_yd	4	single	-1	wrong	11,22	0.171875	-1	1					0.10198915749788284	0.06819190829992294	0.07435067743062973	0.2034568339586258	-0.11023172736167908	0.0	0.0
s2_yd	4	single	-1	wrong	25,30	0.0	-1	1					0.08547700941562653	0.06725513935089111	0.13031110167503357	0.10632540285587311	-0.15409618616104126	0.0	0.0
s2_yd	4	single	-1	wrong	59,0	0.0	-1	1					0.04891886189579964	0.03933776542544365	0.08067885786294937	0.14454814791679382	-1.2782700061798096	0.0	0.0
s2_yd	4	single	-1	wrong	45,5	0.0	-1	1					0.35104697942733765	0.29174044728279114	0.3459847569465637	0.2611977159976959	1.1403357982635498	0.0	0.0
s2_yd	4	single	-1	wrong	62,18	0.0	-1	1					0.2098512053489685	0.165842667222023	0.1239180937409401	0.24504795670509338	-0.01033205445855856	0.0	0.0
s2_yd	4	single	-1	wrong	7,50	0.0	-1	1					0.06557472050189972	0.04437266290187836	0.08690809458494186	0.16422462463378906	0.3184358477592468	0.0	0.0
s2_yd	4	single	-1	wrong	17,3	0.0	-1	1					0.04225830361247063	0.028465894982218742	0.06953061372041702	0.22079111635684967	0.6093076467514038	0.0	0.0
s2_yd	4	single	-1	wrong	28,4	0.0	-1	1					0.13262909650802612	0.14698170125484467	0.16952970623970032	0.2002907246351242	-0.8315412998199463	0.0	0.0
s2_yd	4	single	-1	wrong	19,21	0.0	-1	1					0.09272187203168869	0.054909758269786835	0.06726288795471191	0.15594220161437988	0.16629020869731903	0.0	0.0
s2_yd	4	single	-1	wrong	8,55	0.0	-1	1					0.013473708182573318	0.01127819623798132	0.04482658952474594	0.11389265954494476	0.026050817221403122	0.0	0.0
s2_yd	4	single	-1	wrong	1,6	0.0	-1	1					0.06428264081478119	0.05156152695417404	0.1341722458600998	0.23884935677051544	-1.260114312171936	0.0	0.0
s2_yd	4	single	-1	wrong	58,49	0.0	-1	1					0.04208790510892868	0.032246097922325134	0.04544205963611603	0.18922622501850128	0.052860334515571594	0.0	0.0
s2_yd	4	single	-1	wrong	16,21	0.0	-1	1					0.07795940339565277	0.06755764782428741	0.09467872977256775	0.17547138035297394	0.30191147327423096	0.0	0.0
s2_yd	4	single	-1	wrong	39,2	0.0	-1	1					0.10808386653661728	0.09682153165340424	0.2050895094871521	0.24689701199531555	-0.4999386966228485	0.0	0.0
s2_yd	4	single	-1	wrong	50,1	0.0	-1	1					0.03272586315870285	0.02177581936120987	0.07342760264873505	0.17191770672798157	0.20003941655158997	0.0	0.0
s2_yd	4	single	-1	wrong	14,25	0.0	-1	1					0.07072947919368744	0.055526766926050186	0.0903434157371521	0.15697211027145386	-0.023781931027770042	0.0	0.0
s2_yd	4	single	-1	wrong	21,33	0.0	-1	1					0.25851401686668396	0.22746479511260986	0.3239637017250061	0.18433475494384766	0.5584896206855774	0.0	0.0
s2_yd	4	single	-1	wrong	46,51	0.0	-1	1					0.05825624242424965	0.03680659830570221	0.06564447283744812	0.17259711027145386	-0.5765852928161621	0.0	0.0
s2_yd	4	single	-1	wrong	58,23	0.0	-1	1					0.25844281911849976	0.22715817391872406	0.18675532937049866	0.2720416784286499	0.6140334606170654	0.0	0.0
s2_yd	4	single	-1	wrong	10,17	0.0	-1	1					0.034243300557136536	0.02724917232990265	0.054966822266578674	0.1384028196334839	0.3713039457798004	0.0	0.0
s2_yd	4	single	-1	wrong	32,0	0.0	-1	1					0.14431263506412506	0.11908268928527832	0.17132222652435303	0.2239341288805008	-0.33398744463920593	0.0	0.0
s2_yd	4	single	-1	wrong	37,27	0.0	-1	1					0.10393325984477997	0.07382398843765259	0.14174693822860718	0.1756676286458969	0.16328713297843933	0.0	0.0
s2_yd	4	single	-1	wrong	45,46	0.0	-1	1					0.2200678586959839	0.14412781596183777	0.19277608394622803	0.19239887595176697	0.5103248953819275	0.0	0.0
s2_yd	4	single	-1	wrong	23,32	0.0	-1	1					0.42248356342315674	0.38240790367126465	0.4048556983470917	0.3063867688179016	1.0762346982955933	0.0	0.0
s2_yd	4	single	-1	wrong	31,21	0.0	-1	1					0.10217752307653427	0.07363525778055191	0.1361488699913025	0.1641424149274826	0.06586582958698273	0.0	0.0
s2_yd	4	single	-1	wrong	33,19	0.0	-1	1					0.19648022949695587	0.16903440654277802	0.16146212816238403	0.15852460265159607	0.031767673790454865	0.0	0.0
s2_yd	4	single	-1	wrong	13,46	0.0	-1	1					0.0840645506978035	0.055534154176712036	0.15620379149913788	0.1572462022304535	-0.42060190439224243	0.0	0.0
s2_yd	4	single	-1	wrong	6,48	0.0	-1	1					0.16840004920959473	0.11477981507778168	0.07143183797597885	0.15342126786708832	-0.06390278041362762	0.0	0.0
s2_yd	4	single	-1	wrong	24,54	0.0	-1	1					0.16214793920516968	0.10548263788223267	0.08756403625011444	0.0888684093952179	-0.4528127908706665	0.0	0.0
s2_yd	4	single	-1	wrong	63,5	0.0	-1	1					0.08718083798885345	0.07395652681589127	0.11181280016899109	0.1723165512084961	0.3432649075984955	0.0	0.0
s2_yd	4	single	-1	wrong	31,59	0.0	-1	1					0.09278549253940582	0.06010568514466286	0.16993531584739685	0.13504043221473694	-0.31133753061294556	0.0	0.0
s2_yd	4	single	-1	wrong	38,12	0.0	-1	1					0.15704907476902008	0.15124240517616272	0.2855828106403351	0.2196342796087265	-1.013057827949524	0.0	0.0
s2_yd	4	single	-1	wrong	23,38	0.0	-1	1					0.44914817810058594	0.4507780075073242	0.3500450551509857	0.27154022455215454	0.3556046783924103	0.0	0.0
s2_yd	4	single	-1	wrong	30,37	0.0	-1	1					0.060368552803993225	0.053404223173856735	0.11851970106363297	0.10982945561408997	-0.28897804021835327	0.0	0.0
s2_yd	4	single	-1	wrong	42,40	0.0	-1	1					0.44034573435783386	0.31538689136505127	0.2502949833869934	0.1824878603219986	-0.2037130445241928	0.0	0.0
s2_yd	4	single	-1	wrong	42,62	0.0	-1	1					0.21536466479301453	0.11878971755504608	0.2537321150302887	0.2104097306728363	-0.0009201793000102043	0.0	0.0
s2_yd	4	single	-1	wrong	63,30	0.0	-1	1					0.04041314125061035	0.03667541593313217	0.07879403233528137	0.11651363968849182	-0.5822288990020752	0.0	0.0
s2_yd	4	single	-1	wrong	17,26	0.0	-1	1					0.05843459069728851	0.033356163650751114	0.05575868487358093	0.15539565682411194	0.04078783467411995	0.0	0.0
s2_yd	4	single	-1	wrong	47,0	0.0	-1	1					0.0695687085390091	0.05670899897813797	0.0998653769493103	0.14560911059379578	-1.0193983316421509	0.0	0.0
s2_yd	4	single	-1	wrong	4,4	0.0	-1	1					0.050148144364356995	0.04869665205478668	0.08993285149335861	0.21168862283229828	-0.5224679112434387	0.0	0.0
s2_yd	4	single	-1	wrong	22,13	0.0	-1	1					0.07813198119401932	0.05894842743873596	0.17854246497154236	0.25155389308929443	-1.01641047000885	0.0	0.0
s2_yd	4	single	-1	wrong	3,51	0.0	-1	1					0.07436728477478027	0.051913291215896606	0.0919652208685875	0.27307963371276855	0.2425333857536316	0.0	0.0
s2_yd	4	single	-1	wrong	26,29	0.0	-1	1					0.24898824095726013	0.19664476811885834	0.19531172513961792	0.16371065378189087	-0.35364294052124023	0.0	0.0
s2_yd	4	single	-1	wrong	41,40	0.0	-1	1					0.041882261633872986	0.02311515063047409	0.12844997644424438	0.16666296124458313	0.20431452989578247	0.0	0.0
s2_yd	4	single	-1	wrong	37,2	0.0	-1	1					0.0850612074136734	0.07427133619785309	0.19765527546405792	0.2030092030763626	-0.6137945055961609	0.0	0.0
s2_yd	4	single	-1	wrong	47,50	0.0	-1	1					0.0559147372841835	0.03961806371808052	0.0834776759147644	0.13472968339920044	0.22495758533477783	0.0	0.0
s2_yd	4	single	-1	wrong	19,16	0.0	-1	1					0.03689469397068024	0.027713369578123093	0.06662346422672272	0.1436816155910492	-0.022984500974416733	0.0	0.0
s2_yd	4	single	-1	wrong	31,2	0.0	-1	1					0.030133597552776337	0.027457959949970245	0.17675885558128357	0.1799180656671524	-0.8400719165802002	0.0	0.0
s2_yd	4	single	-1	wrong	10,49	0.0	-1	1					0.025010637938976288	0.015648024156689644	0.026994723826646805	0.18847531080245972	-0.027517169713974	0.0	0.0
s2_yd	4	single	-1	wrong	48,31	0.0	-1	1					0.012981364503502846	0.011375297792255878	0.03961880877614021	0.07952015846967697	-0.22974793612957	0.0	0.0
s2_yd	4	single	-1	wrong	37,20	0.0	-1	1					0.2630244791507721	0.18813881278038025	0.12176501005887985	0.16113045811653137	0.06083056703209877	0.0	0.0
s2_yd	4	single	-1	wrong	2,8	0.0	-1	1					0.15430042147636414	0.10501094162464142	0.12253805249929428	0.18490013480186462	0.30252668261528015	0.0	0.0
s2_yd	4	single	-1	wrong	57,59	0.0	-1	1					0.10614698380231857	0.07101568579673767	0.1337699294090271	0.11998847872018814	-0.3305094540119171	0.0	0.0
s2_yd	4	single	-1	wrong	40,17	0.0	-1	1					0.07296653091907501	0.057250991463661194	0.1321849226951599	0.09972219914197922	-0.23890843987464905	0.0	0.0
s2_yd	4	single	-1	wrong	42,55	0.0	-1	1					0.21909406781196594	0.14715470373630524	0.1250118911266327	0.16126486659049988	-0.40504953265190125	0.0	0.0
s2_yd	4	single	-1	wrong	10,0	0.0	-1	1					0.04108930006623268	0.033419303596019745	0.05407700687646866	0.1516476273536682	-0.9142493605613708	0.0	0.0
s2_yd	4	single	-1	wrong	31,50	0.0	-1	1					0.04107188433408737	0.02410852536559105	0.1171824261546135	0.12030366063117981	-0.12859806418418884	0.0	0.0
s2_yd	4	single	-1	wrong	47,60	0.0	-1	1					0.11609091609716415	0.10205119848251343	0.16062074899673462	0.24985387921333313	0.8573300242424011	0.0	0.0
s2_yd	4	single	-1	wrong	22,19	0.0	-1	1					0.06251130998134613	0.0408644899725914	0.19564248621463776	0.19569560885429382	-0.30384987592697144	0.0	0.0
s2_yd	4	single	-1	wrong	24,23	0.38671875	-1	1					0.20072729885578156	0.18551024794578552	0.13227581977844238	0.1803663820028305	0.1965489685535431	0.0	0.0
s2_yd	4	single	-1	wrong	50,6	0.0	-1	1					0.026079628616571426	0.021329183131456375	0.05770651996135712	0.17967471480369568	-1.3125126361846924	0.0	0.0
s2_yd	4	single	-1	wrong	22,47	0.0	-1	1					0.12142087519168854	0.07519003003835678	0.22511745989322662	0.2125396877527237	0.10514021664857864	0.0	0.0
s2_yd	4	single	-1	wrong	57,46	0.0	-1	1					0.0359368771314621	0.022174589335918427	0.09570644795894623	0.1353231966495514	-0.35859373211860657	0.0	0.0
s2_yd	4	single	-1	wrong	60,28	0.0	-1	1					0.37184852361679077	0.3432024121284485	0.29578644037246704	0.27756479382514954	0.4381616711616516	0.0	0.0
s2_yd	4	single	-1	wrong	58,41	0.0	-1	1					0.06954315304756165	0.0531485378742218	0.10181115567684174	0.19386258721351624	0.45196714997291565	0.0	0.0
s2_yd	4	single	-1	wrong	4,43	0.0	-1	1					0.05702217295765877	0.03493552654981613	0.07642918825149536	0.184927836060524	0.12940867245197296	0.0	0.0
s2_yd	4	single	-1	wrong	56,55	0.0	-1	1					0.03356213495135307	0.025042522698640823	0.05682268738746643	0.12494716048240662	0.08212853968143463	0.0	0.0
s2_yd	4	single	-1	wrong	52,27	0.0	-1	1					0.07309041172266006	0.04830171912908554	0.12943270802497864	0.17486950755119324	-0.09867049753665924	0.0	0.0
s2_yd	4	single	-1	wrong	53,13	0.0	-1	1					0.19605135917663574	0.1665724664926529	0.20576348900794983	0.2149553745985031	-0.9061291217803955	0.0	0.0
s2_yd	4	single	-1	wrong	48,12	0.0	-1	1					0.04828214645385742	0.05514521896839142	0.07347080111503601	0.14599880576133728	-0.8849973678588867	0.0	0.0
s2_yd	4	single	-1	wrong	16,22	0.0	-1	1					0.09132549911737442	0.07738436758518219	0.09256500005722046	0.1948195844888687	0.0796843022108078	0.0	0.0
s2_yd	4	single	-1	wrong	15,28	0.0	-1	1					0.0954103022813797	0.08643238246440887	0.1522594392299652	0.1540539413690567	-0.7731885313987732	0.0	0.0
s2_yd	4	single	-1	wrong	20,7	0.0	-1	1					0.13799145817756653	0.08492009341716766	0.17752152681350708	0.17165496945381165	-0.5575348734855652	0.0	0.0
s2_yd	4	single	-1	wrong	46,13	0.0	-1	1					0.14250893890857697	0.10091163963079453	0.11909545958042145	0.20449823141098022	-1.2353150844573975	0.0	0.0
s2_yd	4	single	-1	wrong	20,59	0.0	-1	1					0.16372522711753845	0.10429850965738297	0.2041635811328888	0.1352216899394989	-0.21194395422935486	0.0	0.0
s2_yd	4	single	-1	wrong	28,13	0.0	-1	1					0.19430729746818542	0.17587140202522278	0.2305532693862915	0.21350741386413574	-1.2375013828277588	0.0	0.0
s2_yd	4	single	-1	wrong	28,11	0.0	-1	1					0.08101116120815277	0.05873750150203705	0.06481198966503143	0.17665806412696838	-0.5787715911865234	0.0	0.0
s2_yd	4	single	-1	wrong	27,63	0.0	-1	1					0.1320878565311432	0.07750368863344193	0.1843721568584442	0.1610962152481079	0.2275068759918213	0.0	0.0
s2_yd	4	single	-1	wrong	38,7	0.0	-1	1					0.294467568397522	0.2015945017337799	0.249643474817276	0.21534517407417297	-0.41584035754203796	0.0	0.0
s2_yd	4	single	-1	wrong	56,30	0.0	-1	1					0.050782687962055206	0.04182136803865433	0.06949210911989212	0.1171756386756897	-0.20967841148376465	0.0	0.0
s2_yd	4	single	-1	wrong	40,9	0.0	-1	1					0.08277995139360428	0.05197295546531677	0.0671950951218605	0.1346110701560974	-0.6377295851707458	0.0	0.0
s2_yd	4	single	-1	wrong	48,1	0.0	-1	1					0.021012427285313606	0.016077671200037003	0.057657863944768906	0.11596071720123291	0.11048337817192078	0.0	0.0
s2_yd	4	single	-1	wrong	50,21	0.0	-1	1					0.04567122459411621	0.03587963059544563	0.05699197202920914	0.20436349511146545	0.5245704650878906	0.0	0.0
s2_yd	4	single	-1	wrong	24,56	0.0	-1	1					0.1737905740737915	0.12672097980976105	0.10162439942359924	0.09539097547531128	0.1880870759487152	0.0	0.0
s2_yd	5	delta	0	true	21,457	0.0	0	81	0.0	0.0	0.0	0.0	0.5698437690734863	0.4852410554885864	0.38955697417259216	0.3555946946144104	0.0	-3.6343932151794434e-05	0.0
s2_yd	5	delta	0	true	42,406	0.0	0	81	0.0	0.0	0.0	0.0	0.5698437690734863	0.4852410554885864	0.38955697417259216	0.3555946946144104	0.0	0.0	0.0
s2_yd	5	delta	0	true	879,829	0.0	0	81	0.0	0.0	0.0	0.0	0.5698437690734863	0.4852410554885864	0.38955697417259216	0.3555946946144104	0.0	0.0	0.0
s2_yd	5	delta	0	true	888,865	0.0	0	81	0.0	0.0	0.0	0.0	0.5698437690734863	0.4852410554885864	0.38955697417259216	0.3555946946144104	0.0	-1.4901161193847656e-08	0.0
s2_yd	5	delta	0	true	339,24	0.0	0	81	0.0	0.0	0.0	0.0	0.5698437690734863	0.4852410554885864	0.38955697417259216	0.3555946946144104	0.0	-1.4901161193847656e-08	0.0
s2_yd	5	delta	0	true	377,32	0.0	0	81	0.0	0.0	0.0	0.0	0.5698437690734863	0.4852410554885864	0.38955697417259216	0.3555946946144104	0.0	-5.960464477539063e-08	0.0
s2_yd	5	delta	0	true	48,840	0.0	0	81	0.0	0.0	0.0	0.0	0.5698437690734863	0.4852410554885864	0.38955697417259216	0.3555946946144104	0.0	-4.470348358154297e-08	0.0
s2_yd	5	delta	0	true	61,788	0.0	0	81	0.0	0.0	0.0	0.0	0.5698437690734863	0.4852410554885864	0.38955697417259216	0.3555946946144104	0.0	-1.4826655387878418e-06	0.0
s2_yd	5	delta	0	true	65,823	0.0	0	81	0.0	0.0	0.0	0.0	0.5698437690734863	0.4852410554885864	0.38955697417259216	0.3555946946144104	0.0	-7.450580596923828e-09	0.0
s2_yd	5	delta	0	true	104,779	0.0	0	81	0.0	0.0	0.0	0.0	0.5698437690734863	0.4852410554885864	0.38955697417259216	0.3555946946144104	0.0	-5.364418029785156e-07	0.0
s2_yd	5	delta	0	true	106,843	0.0	0	81	0.0	0.0	0.0	0.0	0.5698437690734863	0.4852410554885864	0.38955697417259216	0.3555946946144104	0.0	-7.450580596923828e-09	0.0
s2_yd	5	delta	0	true	124,861	0.0	0	81	0.0	0.0	0.0	0.0	0.5698437690734863	0.4852410554885864	0.38955697417259216	0.3555946946144104	0.0	-5.21540641784668e-08	0.0
s2_yd	5	delta	0	true	444,240	0.0	0	81	0.0	0.0	0.0	0.0	0.5698437690734863	0.4852410554885864	0.38955697417259216	0.3555946946144104	0.0	-1.4901161193847656e-08	0.0
s2_yd	5	delta	0	true	734,882	0.0	0	81	0.0	0.0	0.0	0.0	0.5698437690734863	0.4852410554885864	0.38955697417259216	0.3555946946144104	0.0	-7.450580596923828e-09	0.0
s2_yd	5	delta	0	true	743,782	0.0	0	81	0.0	0.0	0.0	0.0	0.5698437690734863	0.4852410554885864	0.38955697417259216	0.3555946946144104	0.0	-6.92903995513916e-07	0.0
s2_yd	5	delta	0	true	756,891	0.0	0	81	0.0	0.0	0.0	0.0	0.5698437690734863	0.4852410554885864	0.38955697417259216	0.3555946946144104	0.0	-7.450580596923828e-08	0.0
s2_yd	5	delta	0	true	768,798	0.0	0	81	0.0	0.0	0.0	0.0	0.5698437690734863	0.4852410554885864	0.38955697417259216	0.3555946946144104	0.0	-3.5762786865234375e-07	0.0
s2_yd	5	delta	0	true	804,772	0.0	0	81	0.0	0.0	0.0	0.0	0.5698437690734863	0.4852410554885864	0.38955697417259216	0.3555946946144104	0.0	-2.9802322387695312e-08	0.0
s2_yd	5	delta	0	true	811,850	0.0	0	81	0.0	0.0	0.0	0.0	0.5698437690734863	0.4852410554885864	0.38955697417259216	0.3555946946144104	0.0	-7.450580596923828e-09	0.0
s2_yd	5	delta	0	true	827,893	0.0	0	81	0.0	0.0	0.0	0.0	0.5698437690734863	0.4852410554885864	0.38955697417259216	0.3555946946144104	0.0	-7.450580596923828e-08	0.0
s2_yd	5	delta	0	true	245,12	0.0	0	81	0.0	0.0	0.0	0.0	0.5698437690734863	0.4852410554885864	0.38955697417259216	0.3555946946144104	0.0	-1.4901161193847656e-08	0.0
s2_yd	5	delta	0	true	400,351	0.0	0	81	0.0	0.0	0.0	0.0	0.5698437690734863	0.4852410554885864	0.38955697417259216	0.3555946946144104	0.0	0.0	0.0
s2_yd	5	delta	0	true	427,300	0.0	0	81	0.0	0.0	0.0	0.0	0.5698437690734863	0.4852410554885864	0.38955697417259216	0.3555946946144104	0.0	-2.332031726837158e-06	0.0
s2_yd	5	delta	0	true	470,300	0.0	0	81	0.0	0.0	0.0	0.0	0.5698437690734863	0.4852410554885864	0.38955697417259216	0.3555946946144104	0.0	-2.6032328605651855e-05	0.0
s2_yd	5	delta	0	true	510,278	0.0	0	81	0.0	0.0	0.0	0.0	0.5698437690734863	0.4852410554885864	0.38955697417259216	0.3555946946144104	0.0	-3.5762786865234375e-07	0.0
s2_yd	5	delta	0	true	660,12	0.0	0	81	0.0	0.0	0.0	0.0	0.5698437690734863	0.4852410554885864	0.38955697417259216	0.3555946946144104	0.0	-0.0002020522952079773	0.0
s2_yd	5	delta	0	true	660,57	0.0	0	81	0.0	0.0	0.0	0.0	0.5698437690734863	0.4852410554885864	0.38955697417259216	0.3555946946144104	0.0	-0.00027301162481307983	0.0
s2_yd	5	delta	0	true	708,123	0.0	0	81	0.0	0.0	0.0	0.0	0.5698437690734863	0.4852410554885864	0.38955697417259216	0.3555946946144104	0.0	0.0	0.0
s2_yd	5	delta	0	true	726,42	0.0	0	81	0.0	0.0	0.0	0.0	0.5698437690734863	0.4852410554885864	0.38955697417259216	0.3555946946144104	0.0	-3.4421682357788086e-06	0.0
s2_yd	5	delta	0	true	129,509	0.0	0	81	0.0	0.0	0.0	0.0	0.5698437690734863	0.4852410554885864	0.38955697417259216	0.3555946946144104	0.0	-7.7076256275177e-05	0.0
s2_yd	5	delta	0	true	169,393	0.0	0	81	0.0	0.0	0.0	0.0	0.5698437690734863	0.4852410554885864	0.38955697417259216	0.3555946946144104	0.0	-2.7880072593688965e-05	0.0
s2_yd	5	delta	0	true	195,509	0.0	0	81	0.0	0.0	0.0	0.0	0.5698437690734863	0.4852410554885864	0.38955697417259216	0.3555946946144104	0.0	-4.172325134277344e-07	0.0
s2_yd	5	delta	0	true	342,394	0.0	0	81	0.0	0.0	0.0	0.0	0.5698437690734863	0.4852410554885864	0.38955697417259216	0.3555946946144104	0.0	0.0	0.0
s2_yd	5	delta	0	true	378,427	0.0	0	81	0.0	0.0	0.0	0.0	0.5698437690734863	0.4852410554885864	0.38955697417259216	0.3555946946144104	0.0	-7.450580596923828e-09	0.0
s2_yd	5	delta	0	true	925,80	0.0	0	81	0.0	0.0	0.0	0.0	0.5698437690734863	0.4852410554885864	0.38955697417259216	0.3555946946144104	0.0	-0.0005341842770576477	0.0
s2_yd	5	delta	0	true	973,31	0.0	0	81	0.0	0.0	0.0	0.0	0.5698437690734863	0.4852410554885864	0.38955697417259216	0.3555946946144104	0.0	-1.1175870895385742e-06	0.0
s2_yd	5	delta	0	true	21,6	0.0	0	81	0.0	0.0	0.0	0.0	0.5698437690734863	0.4852410554885864	0.38955697417259216	0.3555946946144104	0.0	-2.3171305656433105e-06	0.0
s2_yd	5	delta	0	true	61,13	0.0	0	81	0.0	0.0	0.0	0.0	0.5698437690734863	0.4852410554885864	0.38955697417259216	0.3555946946144104	0.0	-1.3925135135650635e-05	0.0
s2_yd	5	delta	0	true	100,58	0.0	0	81	0.0	0.0	0.0	0.0	0.5698437690734863	0.4852410554885864	0.38955697417259216	0.3555946946144104	0.0	-2.2351741790771484e-08	0.0
s2_yd	5	delta	0	true	114,102	0.0	0	81	0.0	0.0	0.0	0.0	0.5698437690734863	0.4852410554885864	0.38955697417259216	0.3555946946144104	0.0	-1.8402934074401855e-05	0.0
s2_yd	5	delta	0	true	288,752	0.0	0	81	0.0	0.0	0.0	0.0	0.5698437690734863	0.4852410554885864	0.38955697417259216	0.3555946946144104	0.0	0.0	0.0
s2_yd	5	delta	0	true	320,690	0.0	0	81	0.0	0.0	0.0	0.0	0.5698437690734863	0.4852410554885864	0.38955697417259216	0.3555946946144104	0.0	-1.4901161193847656e-08	0.0
s2_yd	5	delta	0	true	323,677	0.0	0	81	0.0	0.0	0.0	0.0	0.5698437690734863	0.4852410554885864	0.38955697417259216	0.3555946946144104	0.0	-2.9802322387695312e-08	0.0
s2_yd	5	delta	0	true	379,651	0.0	0	81	0.0	0.0	0.0	0.0	0.5698437690734863	0.4852410554885864	0.38955697417259216	0.3555946946144104	0.0	-3.725290298461914e-08	0.0
s2_yd	5	delta	0	true	177,619	0.0	0	81	0.0	0.0	0.0	0.0	0.5698437690734863	0.4852410554885864	0.38955697417259216	0.3555946946144104	0.0	-1.773238182067871e-05	0.0
s2_yd	5	delta	0	true	184,598	0.0	0	81	0.0	0.0	0.0	0.0	0.5698437690734863	0.4852410554885864	0.38955697417259216	0.3555946946144104	0.0	-1.1369585990905762e-05	0.0
s2_yd	5	delta	0	true	193,593	0.0	0	81	0.0	0.0	0.0	0.0	0.5698437690734863	0.4852410554885864	0.38955697417259216	0.3555946946144104	0.0	-2.4065375328063965e-06	0.0
s2_yd	5	delta	0	true	227,609	0.0	0	81	0.0	0.0	0.0	0.0	0.5698437690734863	0.4852410554885864	0.38955697417259216	0.3555946946144104	0.0	-2.384185791015625e-07	0.0
s2_yd	5	delta	0	wrong	235,350	0.0	0	81	0.0	0.0	0.0	0.0	0.5698437690734863	0.4852410554885864	0.38955697417259216	0.3555946946144104	0.0	-1.4901161193847656e-08	0.0
s2_yd	5	delta	0	wrong	325,630	0.0	0	81	0.0	0.0	0.0	0.0	0.5698437690734863	0.4852410554885864	0.38955697417259216	0.3555946946144104	0.0	0.0	0.0
s2_yd	5	delta	0	wrong	694,375	0.0	0	81	0.0	0.0	0.0	0.0	0.5698437690734863	0.4852410554885864	0.38955697417259216	0.3555946946144104	0.0	-5.960464477539063e-08	0.0
s2_yd	5	delta	0	wrong	935,1005	0.0	0	81	0.0	0.0	0.0	0.0	0.5698437690734863	0.4852410554885864	0.38955697417259216	0.3555946946144104	0.0	-7.450580596923828e-09	0.0
s2_yd	5	delta	0	wrong	748,1001	0.0	0	81	0.0	0.0	0.0	0.0	0.5698437690734863	0.4852410554885864	0.38955697417259216	0.3555946946144104	0.0	-1.4901161193847656e-08	0.0
s2_yd	5	delta	0	wrong	760,288	0.0	0	81	0.0	0.0	0.0	0.0	0.5698437690734863	0.4852410554885864	0.38955697417259216	0.3555946946144104	0.0	-2.205371856689453e-06	0.0
s2_yd	5	delta	0	wrong	418,545	0.0	0	81	0.0	0.0	0.0	0.0	0.5698437690734863	0.4852410554885864	0.38955697417259216	0.3555946946144104	0.0	0.0	0.0
s2_yd	5	delta	0	wrong	439,701	0.0	0	81	0.0	0.0	0.0	0.0	0.5698437690734863	0.4852410554885864	0.38955697417259216	0.3555946946144104	0.0	-1.4901161193847656e-08	0.0
s2_yd	5	delta	0	wrong	917,250	0.0	0	81	0.0	0.0	0.0	0.0	0.5698437690734863	0.4852410554885864	0.38955697417259216	0.3555946946144104	0.0	-7.37607479095459e-07	0.0
s2_yd	5	delta	0	wrong	887,160	0.0	0	81	0.0	0.0	0.0	0.0	0.5698437690734863	0.4852410554885864	0.38955697417259216	0.3555946946144104	0.0	0.0	0.0
s2_yd	5	delta	0	wrong	387,481	0.0	0	81	0.0	0.0	0.0	0.0	0.5698437690734863	0.4852410554885864	0.38955697417259216	0.3555946946144104	0.0	0.0	0.0
s2_yd	5	delta	0	wrong	216,146	0.0	0	81	0.0	0.0	0.0	0.0	0.5698437690734863	0.4852410554885864	0.38955697417259216	0.3555946946144104	0.0	-1.9371509552001953e-07	0.0
s2_yd	5	delta	0	wrong	168,302	0.0	0	81	0.0	0.0	0.0	0.0	0.5698437690734863	0.4852410554885864	0.38955697417259216	0.3555946946144104	0.0	-2.6360154151916504e-05	0.0
s2_yd	5	delta	0	wrong	534,932	0.0	0	81	0.0	0.0	0.0	0.0	0.5698437690734863	0.4852410554885864	0.38955697417259216	0.3555946946144104	0.0	-1.4901161193847656e-08	0.0
s2_yd	5	delta	0	wrong	12,133	0.0	0	81	0.0	0.0	0.0	0.0	0.5698437690734863	0.4852410554885864	0.38955697417259216	0.3555946946144104	0.0	0.0	0.0
s2_yd	5	delta	0	wrong	813,181	0.0	0	81	0.0	0.0	0.0	0.0	0.5698437690734863	0.4852410554885864	0.38955697417259216	0.3555946946144104	0.0	0.0	0.0
s2_yd	5	delta	0	wrong	946,165	0.0	0	81	0.0	0.0	0.0	0.0	0.5698437690734863	0.4852410554885864	0.38955697417259216	0.3555946946144104	0.0	-4.3213367462158203e-07	0.0
s2_yd	5	delta	0	wrong	600,283	0.0	0	81	0.0	0.0	0.0	0.0	0.5698437690734863	0.4852410554885864	0.38955697417259216	0.3555946946144104	0.0	-7.450580596923828e-09	0.0
s2_yd	5	delta	0	wrong	35,540	0.0	0	81	0.0	0.0	0.0	0.0	0.5698437690734863	0.4852410554885864	0.38955697417259216	0.3555946946144104	0.0	0.0	0.0
s2_yd	5	delta	0	wrong	275,521	0.0	0	81	0.0	0.0	0.0	0.0	0.5698437690734863	0.4852410554885864	0.38955697417259216	0.3555946946144104	0.0	0.0	0.0
s2_yd	5	delta	0	wrong	924,260	0.0	0	81	0.0	0.0	0.0	0.0	0.5698437690734863	0.4852410554885864	0.38955697417259216	0.3555946946144104	0.0	-7.683783769607544e-05	0.0
s2_yd	5	delta	0	wrong	530,831	0.0	0	81	0.0	0.0	0.0	0.0	0.5698437690734863	0.4852410554885864	0.38955697417259216	0.3555946946144104	0.0	-1.862645149230957e-07	0.0
s2_yd	5	delta	0	wrong	527,113	0.0	0	81	0.0	0.0	0.0	0.0	0.5698437690734863	0.4852410554885864	0.38955697417259216	0.3555946946144104	0.0	-6.414949893951416e-06	0.0
s2_yd	5	delta	0	wrong	848,423	0.0	0	81	0.0	0.0	0.0	0.0	0.5698437690734863	0.4852410554885864	0.38955697417259216	0.3555946946144104	0.0	-1.4901161193847656e-08	0.0
s2_yd	5	delta	0	wrong	1013,854	0.0	0	81	0.0	0.0	0.0	0.0	0.5698437690734863	0.4852410554885864	0.38955697417259216	0.3555946946144104	0.0	-4.470348358154297e-08	0.0
s2_yd	5	delta	0	wrong	630,0	0.0	0	81	0.0	0.0	0.0	0.0	0.5698437690734863	0.4852410554885864	0.38955697417259216	0.3555946946144104	0.0	0.0	0.0
s2_yd	5	delta	0	wrong	907,302	0.0	0	81	0.0	0.0	0.0	0.0	0.5698437690734863	0.4852410554885864	0.38955697417259216	0.3555946946144104	0.0	-2.8014183044433594e-06	0.0
s2_yd	5	delta	0	wrong	141,242	0.0	0	81	0.0	0.0	0.0	0.0	0.5698437690734863	0.4852410554885864	0.38955697417259216	0.3555946946144104	0.0	0.0	0.0
s2_yd	5	delta	0	wrong	517,182	0.0	0	81	0.0	0.0	0.0	0.0	0.5698437690734863	0.4852410554885864	0.38955697417259216	0.3555946946144104	0.0	0.0	0.0
s2_yd	5	delta	0	wrong	655,995	0.0	0	81	0.0	0.0	0.0	0.0	0.5698437690734863	0.4852410554885864	0.38955697417259216	0.3555946946144104	0.0	0.0	0.0
s2_yd	5	delta	0	wrong	912,666	0.0	0	81	0.0	0.0	0.0	0.0	0.5698437690734863	0.4852410554885864	0.38955697417259216	0.3555946946144104	0.0	-0.15078698098659515	-0.18965713679790497
s2_yd	5	delta	0	wrong	643,685	0.0	0	81	0.0	0.0	0.0	0.0	0.5698437690734863	0.4852410554885864	0.38955697417259216	0.3555946946144104	0.0	-1.0639429092407227e-05	0.0
s2_yd	5	delta	0	wrong	610,299	0.0	0	81	0.0	0.0	0.0	0.0	0.5698437690734863	0.4852410554885864	0.38955697417259216	0.3555946946144104	0.0	0.0	0.0
s2_yd	5	delta	0	wrong	424,462	0.0	0	81	0.0	0.0	0.0	0.0	0.5698437690734863	0.4852410554885864	0.38955697417259216	0.3555946946144104	0.0	-1.7285346984863281e-06	0.0
s2_yd	5	delta	0	wrong	439,87	0.0	0	81	0.0	0.0	0.0	0.0	0.5698437690734863	0.4852410554885864	0.38955697417259216	0.3555946946144104	0.0	0.0	0.0
s2_yd	5	delta	0	wrong	558,87	0.0	0	81	0.0	0.0	0.0	0.0	0.5698437690734863	0.4852410554885864	0.38955697417259216	0.3555946946144104	0.0	-1.6391277313232422e-07	0.0
s2_yd	5	delta	0	wrong	323,192	0.0	0	81	0.0	0.0	0.0	0.0	0.5698437690734863	0.4852410554885864	0.38955697417259216	0.3555946946144104	0.0	0.0	0.0
s2_yd	5	delta	0	wrong	1000,289	0.0	0	81	0.0	0.0	0.0	0.0	0.5698437690734863	0.4852410554885864	0.38955697417259216	0.3555946946144104	0.0	0.0	0.0
s2_yd	5	delta	0	wrong	139,195	0.0	0	81	0.0	0.0	0.0	0.0	0.5698437690734863	0.4852410554885864	0.38955697417259216	0.3555946946144104	0.0	-2.9802322387695312e-08	0.0
s2_yd	5	delta	0	wrong	506,806	0.0	0	81	0.0	0.0	0.0	0.0	0.5698437690734863	0.4852410554885864	0.38955697417259216	0.3555946946144104	0.0	-7.450580596923828e-09	0.0
s2_yd	5	delta	0	wrong	991,977	0.0	0	81	0.0	0.0	0.0	0.0	0.5698437690734863	0.4852410554885864	0.38955697417259216	0.3555946946144104	0.0	-1.1175870895385742e-07	0.0
s2_yd	5	delta	0	wrong	401,847	0.0	0	81	0.0	0.0	0.0	0.0	0.5698437690734863	0.4852410554885864	0.38955697417259216	0.3555946946144104	0.0	-1.4901161193847656e-08	0.0
s2_yd	5	delta	0	wrong	802,416	0.0	0	81	0.0	0.0	0.0	0.0	0.5698437690734863	0.4852410554885864	0.38955697417259216	0.3555946946144104	0.0	0.0	0.0
s2_yd	5	delta	0	wrong	772,271	0.0	0	81	0.0	0.0	0.0	0.0	0.5698437690734863	0.4852410554885864	0.38955697417259216	0.3555946946144104	0.0	-1.4901161193847656e-08	0.0
s2_yd	5	delta	0	wrong	839,328	0.0	0	81	0.0	0.0	0.0	0.0	0.5698437690734863	0.4852410554885864	0.38955697417259216	0.3555946946144104	0.0	-3.725290298461914e-08	0.0
s2_yd	5	delta	0	wrong	597,679	0.0	0	81	0.0	0.0	0.0	0.0	0.5698437690734863	0.4852410554885864	0.38955697417259216	0.3555946946144104	0.0	-3.5762786865234375e-07	0.0
s2_yd	5	delta	0	wrong	330,1019	0.0	0	81	0.0	0.0	0.0	0.0	0.5698437690734863	0.4852410554885864	0.38955697417259216	0.3555946946144104	0.0	0.0	0.0
s2_yd	5	delta	0	wrong	1017,349	0.0	0	81	0.0	0.0	0.0	0.0	0.5698437690734863	0.4852410554885864	0.38955697417259216	0.3555946946144104	0.0	0.0	0.0
s2_yd	5	delta	1	true	12,479	0.0	0	81	0.0	0.0	0.0	0.0	0.2808434069156647	0.22433224320411682	0.22112736105918884	0.23408806324005127	0.0	-5.960464477539063e-08	0.0
s2_yd	5	delta	1	true	27,475	0.0	0	81	0.0	0.0	0.0	0.0	0.2808434069156647	0.22433224320411682	0.22112736105918884	0.23408806324005127	0.0	0.0	0.0
s2_yd	5	delta	1	true	773,786	0.0	0	81	0.0	0.0	0.0	0.0	0.2808434069156647	0.22433224320411682	0.22112736105918884	0.23408806324005127	0.0	-0.0004162788391113281	0.0
s2_yd	5	delta	1	true	778,798	0.0	0	81	0.0	0.0	0.0	0.0	0.2808434069156647	0.22433224320411682	0.22112736105918884	0.23408806324005127	0.0	0.0	0.0
s2_yd	5	delta	1	true	792,835	0.0	0	81	0.0	0.0	0.0	0.0	0.2808434069156647	0.22433224320411682	0.22112736105918884	0.23408806324005127	0.0	-2.9802322387695312e-06	0.0
s2_yd	5	delta	1	true	807,851	0.0	0	81	0.0	0.0	0.0	0.0	0.2808434069156647	0.22433224320411682	0.22112736105918884	0.23408806324005127	0.0	-5.960464477539063e-08	0.0
s2_yd	5	delta	1	true	810,806	0.0	0	81	0.0	0.0	0.0	0.0	0.2808434069156647	0.22433224320411682	0.22112736105918884	0.23408806324005127	0.0	0.0	0.0
s2_yd	5	delta	1	true	823,830	0.0	0	81	0.0	0.0	0.0	0.0	0.2808434069156647	0.22433224320411682	0.22112736105918884	0.23408806324005127	0.0	0.0	0.0
s2_yd	5	delta	1	true	848,809	0.0	0	81	0.0	0.0	0.0	0.0	0.2808434069156647	0.22433224320411682	0.22112736105918884	0.23408806324005127	0.0	-1.0132789611816406e-05	0.0
s2_yd	5	delta	1	true	880,874	0.0	0	81	0.0	0.0	0.0	0.0	0.2808434069156647	0.22433224320411682	0.22112736105918884	0.23408806324005127	0.0	-2.384185791015625e-07	0.0
s2_yd	5	delta	1	true	884,856	0.0	0	81	0.0	0.0	0.0	0.0	0.2808434069156647	0.22433224320411682	0.22112736105918884	0.23408806324005127	0.0	-1.1920928955078125e-07	0.0
s2_yd	5	delta	1	true	885,770	0.0	0	81	0.0	0.0	0.0	0.0	0.2808434069156647	0.22433224320411682	0.22112736105918884	0.23408806324005127	0.0	-0.0014448165893554688	0.0
s2_yd	5	delta	1	true	43,882	0.0	0	81	0.0	0.0	0.0	0.0	0.2808434069156647	0.22433224320411682	0.22112736105918884	0.23408806324005127	0.0	0.0	0.0
s2_yd	5	delta	1	true	58,836	0.0	0	81	0.0	0.0	0.0	0.0	0.2808434069156647	0.22433224320411682	0.22112736105918884	0.23408806324005127	0.0	-5.364418029785156e-07	0.0
s2_yd	5	delta	1	true	68,814	0.0	0	81	0.0	0.0	0.0	0.0	0.2808434069156647	0.22433224320411682	0.22112736105918884	0.23408806324005127	0.0	0.0	0.0
s2_yd	5	delta	1	true	424,140	0.0	0	81	0.0	0.0	0.0	0.0	0.2808434069156647	0.22433224320411682	0.22112736105918884	0.23408806324005127	0.0	-5.960464477539063e-08	0.0
s2_yd	5	delta	1	true	487,193	0.0	0	81	0.0	0.0	0.0	0.0	0.2808434069156647	0.22433224320411682	0.22112736105918884	0.23408806324005127	0.0	0.0	0.0
s2_yd	5	delta	1	true	492,160	0.0	0	81	0.0	0.0	0.0	0.0	0.2808434069156647	0.22433224320411682	0.22112736105918884	0.23408806324005127	0.0	-2.5033950805664062e-06	0.0
s2_yd	5	delta	1	true	768,837	0.0	0	81	0.0	0.0	0.0	0.0	0.2808434069156647	0.22433224320411682	0.22112736105918884	0.23408806324005127	0.0	-0.014774084091186523	0.0
s2_yd	5	delta	1	true	141,60	0.0	0	81	0.0	0.0	0.0	0.0	0.2808434069156647	0.22433224320411682	0.22112736105918884	0.23408806324005127	0.0	-3.5762786865234375e-07	0.0
s2_yd	5	delta	1	true	481,371	0.0	0	81	0.0	0.0	0.0	0.0	0.2808434069156647	0.22433224320411682	0.22112736105918884	0.23408806324005127	0.0	0.0	0.0
s2_yd	5	delta	1	true	651,44	0.0	0	81	0.0	0.0	0.0	0.0	0.2808434069156647	0.22433224320411682	0.22112736105918884	0.23408806324005127	0.0	-2.6226043701171875e-06	0.0
s2_yd	5	delta	1	true	692,7	0.0	0	81	0.0	0.0	0.0	0.0	0.2808434069156647	0.22433224320411682	0.22112736105918884	0.23408806324005127	0.0	-0.00020885467529296875	0.0
s2_yd	5	delta	1	true	725,116	0.0	0	81	0.0	0.0	0.0	0.0	0.2808434069156647	0.22433224320411682	0.22112736105918884	0.23408806324005127	0.0	-0.00010716915130615234	0.0
s2_yd	5	delta	1	true	762,101	0.0	0	81	0.0	0.0	0.0	0.0	0.2808434069156647	0.22433224320411682	0.22112736105918884	0.23408806324005127	0.0	-0.01016324758529663	0.0
s2_yd	5	delta	1	true	140,441	0.0	0	81	0.0	0.0	0.0	0.0	0.2808434069156647	0.22433224320411682	0.22112736105918884	0.23408806324005127	0.0	0.0	0.0
s2_yd	5	delta	1	true	169,406	0.0	0	81	0.0	0.0	0.0	0.0	0.2808434069156647	0.22433224320411682	0.22112736105918884	0.23408806324005127	0.0	-5.125999450683594e-06	0.0
s2_yd	5	delta	1	true	204,455	0.0	0	81	0.0	0.0	0.0	0.0	0.2808434069156647	0.22433224320411682	0.22112736105918884	0.23408806324005127	0.0	-2.1457672119140625e-06	0.0
s2_yd	5	delta	1	true	218,491	0.0	0	81	0.0	0.0	0.0	0.0	0.2808434069156647	0.22433224320411682	0.22112736105918884	0.23408806324005127	0.0	-2.384185791015625e-07	0.0
s2_yd	5	delta	1	true	251,411	0.0	0	81	0.0	0.0	0.0	0.0	0.2808434069156647	0.22433224320411682	0.22112736105918884	0.23408806324005127	0.0	-0.0001277327537536621	0.0
s2_yd	5	delta	1	true	258,394	0.0	0	81	0.0	0.0	0.0	0.0	0.2808434069156647	0.22433224320411682	0.22112736105918884	0.23408806324005127	0.0	-8.344650268554688e-07	0.0
s2_yd	5	delta	1	true	286,476	0.0	0	81	0.0	0.0	0.0	0.0	0.2808434069156647	0.22433224320411682	0.22112736105918884	0.23408806324005127	0.0	-2.562999725341797e-06	0.0
s2_yd	5	delta	1	true	351,455	0.0	0	81	0.0	0.0	0.0	0.0	0.2808434069156647	0.22433224320411682	0.22112736105918884	0.23408806324005127	0.0	-2.0384788513183594e-05	0.0
s2_yd	5	delta	1	true	357,474	0.0	0	81	0.0	0.0	0.0	0.0	0.2808434069156647	0.22433224320411682	0.22112736105918884	0.23408806324005127	0.0	-5.960464477539063e-08	0.0
s2_yd	5	delta	1	true	908,23	0.0	0	81	0.0	0.0	0.0	0.0	0.2808434069156647	0.22433224320411682	0.22112736105918884	0.23408806324005127	0.0	-1.1920928955078125e-06	0.0
s2_yd	5	delta	1	true	952,12	0.0	0	81	0.0	0.0	0.0	0.0	0.2808434069156647	0.22433224320411682	0.22112736105918884	0.23408806324005127	0.0	-0.0006417036056518555	0.0
s2_yd	5	delta	1	true	978,111	0.0	0	81	0.0	0.0	0.0	0.0	0.2808434069156647	0.22433224320411682	0.22112736105918884	0.23408806324005127	0.0	-7.152557373046875e-07	0.0
s2_yd	5	delta	1	true	993,42	0.0	0	81	0.0	0.0	0.0	0.0	0.2808434069156647	0.22433224320411682	0.22112736105918884	0.23408806324005127	0.0	-3.2186508178710938e-06	0.0
s2_yd	5	delta	1	true	27,57	0.0	0	81	0.0	0.0	0.0	0.0	0.2808434069156647	0.22433224320411682	0.22112736105918884	0.23408806324005127	0.0	-2.86102294921875e-06	0.0
s2_yd	5	delta	1	true	76,115	0.0	0	81	0.0	0.0	0.0	0.0	0.2808434069156647	0.22433224320411682	0.22112736105918884	0.23408806324005127	0.0	0.0	0.0
s2_yd	5	delta	1	true	105,72	0.0	0	81	0.0	0.0	0.0	0.0	0.2808434069156647	0.22433224320411682	0.22112736105918884	0.23408806324005127	0.0	-1.9669532775878906e-05	0.0
s2_yd	5	delta	1	true	280,688	0.0	0	81	0.0	0.0	0.0	0.0	0.2808434069156647	0.22433224320411682	0.22112736105918884	0.23408806324005127	0.0	-5.960464477539063e-08	0.0
s2_yd	5	delta	1	true	330,718	0.0	0	81	0.0	0.0	0.0	0.0	0.2808434069156647	0.22433224320411682	0.22112736105918884	0.23408806324005127	0.0	-2.384185791015625e-07	0.0
s2_yd	5	delta	1	true	170,512	0.0	0	81	0.0	0.0	0.0	0.0	0.2808434069156647	0.22433224320411682	0.22112736105918884	0.23408806324005127	0.0	-0.03444099426269531	0.0
s2_yd	5	delta	1	true	186,631	0.0	0	81	0.0	0.0	0.0	0.0	0.2808434069156647	0.22433224320411682	0.22112736105918884	0.23408806324005127	0.0	-4.1961669921875e-05	0.0
s2_yd	5	delta	1	true	190,629	0.0	0	81	0.0	0.0	0.0	0.0	0.2808434069156647	0.22433224320411682	0.22112736105918884	0.23408806324005127	0.0	-3.695487976074219e-05	0.0
s2_yd	5	delta	1	true	220,568	0.0	0	81	0.0	0.0	0.0	0.0	0.2808434069156647	0.22433224320411682	0.22112736105918884	0.23408806324005127	0.0	-5.960464477539063e-08	0.0
s2_yd	5	delta	1	true	250,601	0.0	0	81	0.0	0.0	0.0	0.0	0.2808434069156647	0.22433224320411682	0.22112736105918884	0.23408806324005127	0.0	-4.0531158447265625e-06	0.0
s2_yd	5	delta	1	wrong	235,350	0.0	0	81	0.0	0.0	0.0	0.0	0.2808434069156647	0.22433224320411682	0.22112736105918884	0.23408806324005127	0.0	-2.384185791015625e-07	0.0
s2_yd	5	delta	1	wrong	325,630	0.0	0	81	0.0	0.0	0.0	0.0	0.2808434069156647	0.22433224320411682	0.22112736105918884	0.23408806324005127	0.0	0.0	0.0
s2_yd	5	delta	1	wrong	694,375	0.0	0	81	0.0	0.0	0.0	0.0	0.2808434069156647	0.22433224320411682	0.22112736105918884	0.23408806324005127	0.0	-1.1920928955078125e-06	0.0
s2_yd	5	delta	1	wrong	935,1005	0.0	0	81	0.0	0.0	0.0	0.0	0.2808434069156647	0.22433224320411682	0.22112736105918884	0.23408806324005127	0.0	-5.960464477539063e-08	0.0
s2_yd	5	delta	1	wrong	748,1001	0.0	0	81	0.0	0.0	0.0	0.0	0.2808434069156647	0.22433224320411682	0.22112736105918884	0.23408806324005127	0.0	-5.960464477539063e-08	0.0
s2_yd	5	delta	1	wrong	760,288	0.0	0	81	0.0	0.0	0.0	0.0	0.2808434069156647	0.22433224320411682	0.22112736105918884	0.23408806324005127	0.0	-5.3822994232177734e-05	0.0
s2_yd	5	delta	1	wrong	418,545	0.0	0	81	0.0	0.0	0.0	0.0	0.2808434069156647	0.22433224320411682	0.22112736105918884	0.23408806324005127	0.0	0.0	0.0
s2_yd	5	delta	1	wrong	439,701	0.0	0	81	0.0	0.0	0.0	0.0	0.2808434069156647	0.22433224320411682	0.22112736105918884	0.23408806324005127	0.0	-2.384185791015625e-07	0.0
s2_yd	5	delta	1	wrong	917,250	0.0	0	81	0.0	0.0	0.0	0.0	0.2808434069156647	0.22433224320411682	0.22112736105918884	0.23408806324005127	0.0	-1.5854835510253906e-05	0.0
s2_yd	5	delta	1	wrong	887,160	0.0	0	81	0.0	0.0	0.0	0.0	0.2808434069156647	0.22433224320411682	0.22112736105918884	0.23408806324005127	0.0	0.0	0.0
s2_yd	5	delta	1	wrong	387,481	0.0	0	81	0.0	0.0	0.0	0.0	0.2808434069156647	0.22433224320411682	0.22112736105918884	0.23408806324005127	0.0	0.0	0.0
s2_yd	5	delta	1	wrong	216,146	0.0	0	81	0.0	0.0	0.0	0.0	0.2808434069156647	0.22433224320411682	0.22112736105918884	0.23408806324005127	0.0	-5.0067901611328125e-06	0.0
s2_yd	5	delta	1	wrong	168,302	0.0	0	81	0.0	0.0	0.0	0.0	0.2808434069156647	0.22433224320411682	0.22112736105918884	0.23408806324005127	0.0	-0.0006936192512512207	0.0
s2_yd	5	delta	1	wrong	534,932	0.0	0	81	0.0	0.0	0.0	0.0	0.2808434069156647	0.22433224320411682	0.22112736105918884	0.23408806324005127	0.0	-2.384185791015625e-07	0.0
s2_yd	5	delta	1	wrong	12,133	0.0	0	81	0.0	0.0	0.0	0.0	0.2808434069156647	0.22433224320411682	0.22112736105918884	0.23408806324005127	0.0	0.0	0.0
s2_yd	5	delta	1	wrong	813,181	0.0	0	81	0.0	0.0	0.0	0.0	0.2808434069156647	0.22433224320411682	0.22112736105918884	0.23408806324005127	0.0	0.0	0.0
s2_yd	5	delta	1	wrong	946,165	0.0	0	81	0.0	0.0	0.0	0.0	0.2808434069156647	0.22433224320411682	0.22112736105918884	0.23408806324005127	0.0	-9.179115295410156e-06	0.0
s2_yd	5	delta	1	wrong	600,283	0.0	0	81	0.0	0.0	0.0	0.0	0.2808434069156647	0.22433224320411682	0.22112736105918884	0.23408806324005127	0.0	-5.960464477539063e-08	0.0
s2_yd	5	delta	1	wrong	35,540	0.0	0	81	0.0	0.0	0.0	0.0	0.2808434069156647	0.22433224320411682	0.22112736105918884	0.23408806324005127	0.0	0.0	0.0
s2_yd	5	delta	1	wrong	275,521	0.0	0	81	0.0	0.0	0.0	0.0	0.2808434069156647	0.22433224320411682	0.22112736105918884	0.23408806324005127	0.0	-5.960464477539063e-08	0.0
s2_yd	5	delta	1	wrong	924,260	0.0	0	81	0.0	0.0	0.0	0.0	0.2808434069156647	0.22433224320411682	0.22112736105918884	0.23408806324005127	0.0	-0.0018746256828308105	0.0
s2_yd	5	delta	1	wrong	530,831	0.0	0	81	0.0	0.0	0.0	0.0	0.2808434069156647	0.22433224320411682	0.22112736105918884	0.23408806324005127	0.0	-4.708766937255859e-06	0.0
s2_yd	5	delta	1	wrong	527,113	0.0	0	81	0.0	0.0	0.0	0.0	0.2808434069156647	0.22433224320411682	0.22112736105918884	0.23408806324005127	0.0	-0.00016450881958007812	0.0
s2_yd	5	delta	1	wrong	848,423	0.0	0	81	0.0	0.0	0.0	0.0	0.2808434069156647	0.22433224320411682	0.22112736105918884	0.23408806324005127	0.0	-2.384185791015625e-07	0.0
s2_yd	5	delta	1	wrong	1013,854	0.0	0	81	0.0	0.0	0.0	0.0	0.2808434069156647	0.22433224320411682	0.22112736105918884	0.23408806324005127	0.0	-9.5367431640625e-07	0.0
s2_yd	5	delta	1	wrong	630,0	0.0	0	81	0.0	0.0	0.0	0.0	0.2808434069156647	0.22433224320411682	0.22112736105918884	0.23408806324005127	0.0	0.0	0.0
s2_yd	5	delta	1	wrong	907,302	0.0	0	81	0.0	0.0	0.0	0.0	0.2808434069156647	0.22433224320411682	0.22112736105918884	0.23408806324005127	0.0	-7.092952728271484e-05	0.0
s2_yd	5	delta	1	wrong	141,242	0.0	0	81	0.0	0.0	0.0	0.0	0.2808434069156647	0.22433224320411682	0.22112736105918884	0.23408806324005127	0.0	0.0	0.0
s2_yd	5	delta	1	wrong	517,182	0.0	0	81	0.0	0.0	0.0	0.0	0.2808434069156647	0.22433224320411682	0.22112736105918884	0.23408806324005127	0.0	0.0	0.0
s2_yd	5	delta	1	wrong	655,995	0.0	0	81	0.0	0.0	0.0	0.0	0.2808434069156647	0.22433224320411682	0.22112736105918884	0.23408806324005127	0.0	0.0	0.0
s2_yd	5	delta	1	wrong	912,666	-0.359375	256	81	0.1164715588092804	0.0660494863986969	0.10545274615287781	0.08147862553596497	0.39731496572494507	0.2903817296028137	0.32658010721206665	0.31556668877601624	0.12437164783477783	0.38884517550468445	0.10190119594335556
s2_yd	5	delta	1	wrong	643,685	0.0	0	81	0.0	0.0	0.0	0.0	0.2808434069156647	0.22433224320411682	0.22112736105918884	0.23408806324005127	0.0	-0.0002535581588745117	0.0
s2_yd	5	delta	1	wrong	610,299	0.0	0	81	0.0	0.0	0.0	0.0	0.2808434069156647	0.22433224320411682	0.22112736105918884	0.23408806324005127	0.0	0.0	0.0
s2_yd	5	delta	1	wrong	424,462	0.0	0	81	0.0	0.0	0.0	0.0	0.2808434069156647	0.22433224320411682	0.22112736105918884	0.23408806324005127	0.0	-4.3272972106933594e-05	0.0
s2_yd	5	delta	1	wrong	439,87	0.0	0	81	0.0	0.0	0.0	0.0	0.2808434069156647	0.22433224320411682	0.22112736105918884	0.23408806324005127	0.0	-5.960464477539063e-08	0.0
s2_yd	5	delta	1	wrong	558,87	0.0	0	81	0.0	0.0	0.0	0.0	0.2808434069156647	0.22433224320411682	0.22112736105918884	0.23408806324005127	0.0	-3.814697265625e-06	0.0
s2_yd	5	delta	1	wrong	323,192	0.0	0	81	0.0	0.0	0.0	0.0	0.2808434069156647	0.22433224320411682	0.22112736105918884	0.23408806324005127	0.0	0.0	0.0
s2_yd	5	delta	1	wrong	1000,289	0.0	0	81	0.0	0.0	0.0	0.0	0.2808434069156647	0.22433224320411682	0.22112736105918884	0.23408806324005127	0.0	0.0	0.0
s2_yd	5	delta	1	wrong	139,195	0.0	0	81	0.0	0.0	0.0	0.0	0.2808434069156647	0.22433224320411682	0.22112736105918884	0.23408806324005127	0.0	-6.556510925292969e-07	0.0
s2_yd	5	delta	1	wrong	506,806	0.0	0	81	0.0	0.0	0.0	0.0	0.2808434069156647	0.22433224320411682	0.22112736105918884	0.23408806324005127	0.0	-5.960464477539063e-08	0.0
s2_yd	5	delta	1	wrong	991,977	0.0	0	81	0.0	0.0	0.0	0.0	0.2808434069156647	0.22433224320411682	0.22112736105918884	0.23408806324005127	0.0	-2.4437904357910156e-06	0.0
s2_yd	5	delta	1	wrong	401,847	0.0	0	81	0.0	0.0	0.0	0.0	0.2808434069156647	0.22433224320411682	0.22112736105918884	0.23408806324005127	0.0	-1.1920928955078125e-07	0.0
s2_yd	5	delta	1	wrong	802,416	0.0	0	81	0.0	0.0	0.0	0.0	0.2808434069156647	0.22433224320411682	0.22112736105918884	0.23408806324005127	0.0	0.0	0.0
s2_yd	5	delta	1	wrong	772,271	0.0	0	81	0.0	0.0	0.0	0.0	0.2808434069156647	0.22433224320411682	0.22112736105918884	0.23408806324005127	0.0	-5.960464477539063e-08	0.0
s2_yd	5	delta	1	wrong	839,328	0.0	0	81	0.0	0.0	0.0	0.0	0.2808434069156647	0.22433224320411682	0.22112736105918884	0.23408806324005127	0.0	-5.960464477539062e-07	0.0
s2_yd	5	delta	1	wrong	597,679	0.0	0	81	0.0	0.0	0.0	0.0	0.2808434069156647	0.22433224320411682	0.22112736105918884	0.23408806324005127	0.0	-8.404254913330078e-06	0.0
s2_yd	5	delta	1	wrong	330,1019	0.0	0	81	0.0	0.0	0.0	0.0	0.2808434069156647	0.22433224320411682	0.22112736105918884	0.23408806324005127	0.0	0.0	0.0
s2_yd	5	delta	1	wrong	1017,349	0.0	0	81	0.0	0.0	0.0	0.0	0.2808434069156647	0.22433224320411682	0.22112736105918884	0.23408806324005127	0.0	0.0	0.0
s2_yd	5	delta	2	true	71,403	0.0	0	81	0.0	0.0	0.0	0.0	0.39293569326400757	0.3332997262477875	0.4005882143974304	0.3239203691482544	0.0	0.0	0.0
s2_yd	5	delta	2	true	821,784	0.0	0	81	0.0	0.0	0.0	0.0	0.39293569326400757	0.3332997262477875	0.4005882143974304	0.3239203691482544	0.0	-1.239776611328125e-05	0.0
s2_yd	5	delta	2	true	824,882	0.0	0	81	0.0	0.0	0.0	0.0	0.39293569326400757	0.3332997262477875	0.4005882143974304	0.3239203691482544	0.0	0.0	0.0
s2_yd	5	delta	2	true	895,867	0.0	0	81	0.0	0.0	0.0	0.0	0.39293569326400757	0.3332997262477875	0.4005882143974304	0.3239203691482544	0.0	0.0	0.0
s2_yd	5	delta	2	true	258,54	0.0	0	81	0.0	0.0	0.0	0.0	0.39293569326400757	0.3332997262477875	0.4005882143974304	0.3239203691482544	0.0	0.0	0.0
s2_yd	5	delta	2	true	356,49	0.0	0	81	0.0	0.0	0.0	0.0	0.39293569326400757	0.3332997262477875	0.4005882143974304	0.3239203691482544	0.0	0.0	0.0
s2_yd	5	delta	2	true	362,114	0.0	0	81	0.0	0.0	0.0	0.0	0.39293569326400757	0.3332997262477875	0.4005882143974304	0.3239203691482544	0.0	-1.424551010131836e-05	0.0
s2_yd	5	delta	2	true	34,863	0.0	0	81	0.0	0.0	0.0	0.0	0.39293569326400757	0.3332997262477875	0.4005882143974304	0.3239203691482544	0.0	0.0	0.0
s2_yd	5	delta	2	true	36,801	0.0	0	81	0.0	0.0	0.0	0.0	0.39293569326400757	0.3332997262477875	0.4005882143974304	0.3239203691482544	0.0	-2.7418136596679688e-05	0.0
s2_yd	5	delta	2	true	89,825	0.0	0	81	0.0	0.0	0.0	0.0	0.39293569326400757	0.3332997262477875	0.4005882143974304	0.3239203691482544	0.0	-1.1920928955078125e-07	0.0
s2_yd	5	delta	2	true	458,183	0.0	0	81	0.0	0.0	0.0	0.0	0.39293569326400757	0.3332997262477875	0.4005882143974304	0.3239203691482544	0.0	0.0	0.0
s2_yd	5	delta	2	true	484,245	0.0	0	81	0.0	0.0	0.0	0.0	0.39293569326400757	0.3332997262477875	0.4005882143974304	0.3239203691482544	0.0	0.0	0.0
s2_yd	5	delta	2	true	488,231	0.0	0	81	0.0	0.0	0.0	0.0	0.39293569326400757	0.3332997262477875	0.4005882143974304	0.3239203691482544	0.0	0.0	0.0
s2_yd	5	delta	2	true	511,194	0.0	0	81	0.0	0.0	0.0	0.0	0.39293569326400757	0.3332997262477875	0.4005882143974304	0.3239203691482544	0.0	0.0	0.0
s2_yd	5	delta	2	true	652,826	0.0	0	81	0.0	0.0	0.0	0.0	0.39293569326400757	0.3332997262477875	0.4005882143974304	0.3239203691482544	0.0	-2.849102020263672e-05	0.0
s2_yd	5	delta	2	true	662,889	0.0	0	81	0.0	0.0	0.0	0.0	0.39293569326400757	0.3332997262477875	0.4005882143974304	0.3239203691482544	0.0	-5.8531761169433594e-05	0.0
s2_yd	5	delta	2	true	665,857	0.0	0	81	0.0	0.0	0.0	0.0	0.39293569326400757	0.3332997262477875	0.4005882143974304	0.3239203691482544	0.0	-5.960464477539062e-07	0.0
s2_yd	5	delta	2	true	761,799	0.0	0	81	0.0	0.0	0.0	0.0	0.39293569326400757	0.3332997262477875	0.4005882143974304	0.3239203691482544	0.0	-6.794929504394531e-06	0.0
s2_yd	5	delta	2	true	773,777	0.0	0	81	0.0	0.0	0.0	0.0	0.39293569326400757	0.3332997262477875	0.4005882143974304	0.3239203691482544	0.0	-0.00028389692306518555	0.0
s2_yd	5	delta	2	true	778,841	0.0	0	81	0.0	0.0	0.0	0.0	0.39293569326400757	0.3332997262477875	0.4005882143974304	0.3239203691482544	0.0	0.0	0.0
s2_yd	5	delta	2	true	841,840	0.0	0	81	0.0	0.0	0.0	0.0	0.39293569326400757	0.3332997262477875	0.4005882143974304	0.3239203691482544	0.0	0.0	0.0
s2_yd	5	delta	2	true	178,83	0.0	0	81	0.0	0.0	0.0	0.0	0.39293569326400757	0.3332997262477875	0.4005882143974304	0.3239203691482544	0.0	-0.00022715330123901367	0.0
s2_yd	5	delta	2	true	507,344	0.0	0	81	0.0	0.0	0.0	0.0	0.39293569326400757	0.3332997262477875	0.4005882143974304	0.3239203691482544	0.0	0.0	0.0
s2_yd	5	delta	2	true	655,79	0.0	0	81	0.0	0.0	0.0	0.0	0.39293569326400757	0.3332997262477875	0.4005882143974304	0.3239203691482544	0.0	0.0	0.0
s2_yd	5	delta	2	true	129,427	0.0	0	81	0.0	0.0	0.0	0.0	0.39293569326400757	0.3332997262477875	0.4005882143974304	0.3239203691482544	0.0	-1.430511474609375e-05	0.0
s2_yd	5	delta	2	true	166,398	0.0	0	81	0.0	0.0	0.0	0.0	0.39293569326400757	0.3332997262477875	0.4005882143974304	0.3239203691482544	0.0	-7.748603820800781e-07	0.0
s2_yd	5	delta	2	true	205,508	0.0	0	81	0.0	0.0	0.0	0.0	0.39293569326400757	0.3332997262477875	0.4005882143974304	0.3239203691482544	0.0	-5.9604644775390625e-06	0.0
s2_yd	5	delta	2	true	226,450	0.0	0	81	0.0	0.0	0.0	0.0	0.39293569326400757	0.3332997262477875	0.4005882143974304	0.3239203691482544	0.0	-0.023942112922668457	0.0
s2_yd	5	delta	2	true	238,436	0.0	0	81	0.0	0.0	0.0	0.0	0.39293569326400757	0.3332997262477875	0.4005882143974304	0.3239203691482544	0.0	-1.1920928955078125e-07	0.0
s2_yd	5	delta	2	true	283,478	0.0	0	81	0.0	0.0	0.0	0.0	0.39293569326400757	0.3332997262477875	0.4005882143974304	0.3239203691482544	0.0	0.0	0.0
s2_yd	5	delta	2	true	286,465	0.0	0	81	0.0	0.0	0.0	0.0	0.39293569326400757	0.3332997262477875	0.4005882143974304	0.3239203691482544	0.0	-5.960464477539063e-08	0.0
s2_yd	5	delta	2	true	296,456	0.0	0	81	0.0	0.0	0.0	0.0	0.39293569326400757	0.3332997262477875	0.4005882143974304	0.3239203691482544	0.0	-1.2516975402832031e-06	0.0
s2_yd	5	delta	2	true	309,458	0.0	0	81	0.0	0.0	0.0	0.0	0.39293569326400757	0.3332997262477875	0.4005882143974304	0.3239203691482544	0.0	-2.205371856689453e-06	0.0
s2_yd	5	delta	2	true	358,504	0.0	0	81	0.0	0.0	0.0	0.0	0.39293569326400757	0.3332997262477875	0.4005882143974304	0.3239203691482544	0.0	-4.172325134277344e-07	0.0
s2_yd	5	delta	2	true	922,41	0.0	0	81	0.0	0.0	0.0	0.0	0.39293569326400757	0.3332997262477875	0.4005882143974304	0.3239203691482544	0.0	-0.011638402938842773	0.0
s2_yd	5	delta	2	true	944,27	0.0	0	81	0.0	0.0	0.0	0.0	0.39293569326400757	0.3332997262477875	0.4005882143974304	0.3239203691482544	0.0	-0.002161741256713867	0.0
s2_yd	5	delta	2	true	956,77	0.0	0	81	0.0	0.0	0.0	0.0	0.39293569326400757	0.3332997262477875	0.4005882143974304	0.3239203691482544	0.0	0.0	0.0
s2_yd	5	delta	2	true	996,51	0.0	0	81	0.0	0.0	0.0	0.0	0.39293569326400757	0.3332997262477875	0.4005882143974304	0.3239203691482544	0.0	0.0	0.0
s2_yd	5	delta	2	true	1014,29	0.0	0	81	0.0	0.0	0.0	0.0	0.39293569326400757	0.3332997262477875	0.4005882143974304	0.3239203691482544	0.0	-0.00020682811737060547	0.0
s2_yd	5	delta	2	true	47,83	0.0	0	81	0.0	0.0	0.0	0.0	0.39293569326400757	0.3332997262477875	0.4005882143974304	0.3239203691482544	0.0	-4.291534423828125e-06	0.0
s2_yd	5	delta	2	true	67,46	0.0	0	81	0.0	0.0	0.0	0.0	0.39293569326400757	0.3332997262477875	0.4005882143974304	0.3239203691482544	0.0	-2.384185791015625e-07	0.0
s2_yd	5	delta	2	true	119,37	0.0	0	81	0.0	0.0	0.0	0.0	0.39293569326400757	0.3332997262477875	0.4005882143974304	0.3239203691482544	0.0	-7.033348083496094e-06	0.0
s2_yd	5	delta	2	true	283,733	0.0	0	81	0.0	0.0	0.0	0.0	0.39293569326400757	0.3332997262477875	0.4005882143974304	0.3239203691482544	0.0	0.0	0.0
s2_yd	5	delta	2	true	342,698	0.0	0	81	0.0	0.0	0.0	0.0	0.39293569326400757	0.3332997262477875	0.4005882143974304	0.3239203691482544	0.0	-5.960464477539063e-08	0.0
s2_yd	5	delta	2	true	372,679	0.0	0	81	0.0	0.0	0.0	0.0	0.39293569326400757	0.3332997262477875	0.4005882143974304	0.3239203691482544	0.0	0.0	0.0
s2_yd	5	delta	2	true	139,520	0.0	0	81	0.0	0.0	0.0	0.0	0.39293569326400757	0.3332997262477875	0.4005882143974304	0.3239203691482544	0.0	-0.00011265277862548828	0.0
s2_yd	5	delta	2	true	190,574	0.0	0	81	0.0	0.0	0.0	0.0	0.39293569326400757	0.3332997262477875	0.4005882143974304	0.3239203691482544	0.0	0.0	0.0
s2_yd	5	delta	2	true	191,635	0.0	0	81	0.0	0.0	0.0	0.0	0.39293569326400757	0.3332997262477875	0.4005882143974304	0.3239203691482544	0.0	-1.2516975402832031e-06	0.0
s2_yd	5	delta	2	wrong	235,350	0.0	0	81	0.0	0.0	0.0	0.0	0.39293569326400757	0.3332997262477875	0.4005882143974304	0.3239203691482544	0.0	-1.1920928955078125e-07	0.0
s2_yd	5	delta	2	wrong	325,630	0.0	0	81	0.0	0.0	0.0	0.0	0.39293569326400757	0.3332997262477875	0.4005882143974304	0.3239203691482544	0.0	0.0	0.0
s2_yd	5	delta	2	wrong	694,375	0.0	0	81	0.0	0.0	0.0	0.0	0.39293569326400757	0.3332997262477875	0.4005882143974304	0.3239203691482544	0.0	-5.364418029785156e-07	0.0
s2_yd	5	delta	2	wrong	935,1005	0.0	0	81	0.0	0.0	0.0	0.0	0.39293569326400757	0.3332997262477875	0.4005882143974304	0.3239203691482544	0.0	0.0	0.0
s2_yd	5	delta	2	wrong	748,1001	0.0	0	81	0.0	0.0	0.0	0.0	0.39293569326400757	0.3332997262477875	0.4005882143974304	0.3239203691482544	0.0	0.0	0.0
s2_yd	5	delta	2	wrong	760,288	0.0	0	81	0.0	0.0	0.0	0.0	0.39293569326400757	0.3332997262477875	0.4005882143974304	0.3239203691482544	0.0	-2.753734588623047e-05	0.0
s2_yd	5	delta	2	wrong	418,545	0.0	0	81	0.0	0.0	0.0	0.0	0.39293569326400757	0.3332997262477875	0.4005882143974304	0.3239203691482544	0.0	0.0	0.0
s2_yd	5	delta	2	wrong	439,701	0.0	0	81	0.0	0.0	0.0	0.0	0.39293569326400757	0.3332997262477875	0.4005882143974304	0.3239203691482544	0.0	-1.1920928955078125e-07	0.0
s2_yd	5	delta	2	wrong	917,250	0.0	0	81	0.0	0.0	0.0	0.0	0.39293569326400757	0.3332997262477875	0.4005882143974304	0.3239203691482544	0.0	-8.344650268554688e-06	0.0
s2_yd	5	delta	2	wrong	887,160	0.0	0	81	0.0	0.0	0.0	0.0	0.39293569326400757	0.3332997262477875	0.4005882143974304	0.3239203691482544	0.0	0.0	0.0
s2_yd	5	delta	2	wrong	387,481	0.0	0	81	0.0	0.0	0.0	0.0	0.39293569326400757	0.3332997262477875	0.4005882143974304	0.3239203691482544	0.0	0.0	0.0
s2_yd	5	delta	2	wrong	216,146	0.0	0	81	0.0	0.0	0.0	0.0	0.39293569326400757	0.3332997262477875	0.4005882143974304	0.3239203691482544	0.0	-2.4437904357910156e-06	0.0
s2_yd	5	delta	2	wrong	168,302	0.0	0	81	0.0	0.0	0.0	0.0	0.39293569326400757	0.3332997262477875	0.4005882143974304	0.3239203691482544	0.0	-0.0003381967544555664	0.0
s2_yd	5	delta	2	wrong	534,932	0.0	0	81	0.0	0.0	0.0	0.0	0.39293569326400757	0.3332997262477875	0.4005882143974304	0.3239203691482544	0.0	-1.1920928955078125e-07	0.0
s2_yd	5	delta	2	wrong	12,133	0.0	0	81	0.0	0.0	0.0	0.0	0.39293569326400757	0.3332997262477875	0.4005882143974304	0.3239203691482544	0.0	0.0	0.0
s2_yd	5	delta	2	wrong	813,181	0.0	0	81	0.0	0.0	0.0	0.0	0.39293569326400757	0.3332997262477875	0.4005882143974304	0.3239203691482544	0.0	0.0	0.0
s2_yd	5	delta	2	wrong	946,165	0.0	0	81	0.0	0.0	0.0	0.0	0.39293569326400757	0.3332997262477875	0.4005882143974304	0.3239203691482544	0.0	-5.125999450683594e-06	0.0
s2_yd	5	delta	2	wrong	600,283	0.0	0	81	0.0	0.0	0.0	0.0	0.39293569326400757	0.3332997262477875	0.4005882143974304	0.3239203691482544	0.0	0.0	0.0
s2_yd	5	delta	2	wrong	35,540	0.0	0	81	0.0	0.0	0.0	0.0	0.39293569326400757	0.3332997262477875	0.4005882143974304	0.3239203691482544	0.0	0.0	0.0
s2_yd	5	delta	2	wrong	275,521	0.0	0	81	0.0	0.0	0.0	0.0	0.39293569326400757	0.3332997262477875	0.4005882143974304	0.3239203691482544	0.0	0.0	0.0
s2_yd	5	delta	2	wrong	924,260	0.0	0	81	0.0	0.0	0.0	0.0	0.39293569326400757	0.3332997262477875	0.4005882143974304	0.3239203691482544	0.0	-0.0009622573852539062	0.0
s2_yd	5	delta	2	wrong	530,831	0.0	0	81	0.0	0.0	0.0	0.0	0.39293569326400757	0.3332997262477875	0.4005882143974304	0.3239203691482544	0.0	-2.5033950805664062e-06	0.0
s2_yd	5	delta	2	wrong	527,113	0.0	0	81	0.0	0.0	0.0	0.0	0.39293569326400757	0.3332997262477875	0.4005882143974304	0.3239203691482544	0.0	-8.434057235717773e-05	0.0
s2_yd	5	delta	2	wrong	848,423	0.0	0	81	0.0	0.0	0.0	0.0	0.39293569326400757	0.3332997262477875	0.4005882143974304	0.3239203691482544	0.0	-1.1920928955078125e-07	0.0
s2_yd	5	delta	2	wrong	1013,854	0.0	0	81	0.0	0.0	0.0	0.0	0.39293569326400757	0.3332997262477875	0.4005882143974304	0.3239203691482544	0.0	-4.76837158203125e-07	0.0
s2_yd	5	delta	2	wrong	630,0	0.0	0	81	0.0	0.0	0.0	0.0	0.39293569326400757	0.3332997262477875	0.4005882143974304	0.3239203691482544	0.0	0.0	0.0
s2_yd	5	delta	2	wrong	907,302	0.0	0	81	0.0	0.0	0.0	0.0	0.39293569326400757	0.3332997262477875	0.4005882143974304	0.3239203691482544	0.0	-3.552436828613281e-05	0.0
s2_yd	5	delta	2	wrong	141,242	0.0	0	81	0.0	0.0	0.0	0.0	0.39293569326400757	0.3332997262477875	0.4005882143974304	0.3239203691482544	0.0	0.0	0.0
s2_yd	5	delta	2	wrong	517,182	0.0	0	81	0.0	0.0	0.0	0.0	0.39293569326400757	0.3332997262477875	0.4005882143974304	0.3239203691482544	0.0	0.0	0.0
s2_yd	5	delta	2	wrong	655,995	0.0	0	81	0.0	0.0	0.0	0.0	0.39293569326400757	0.3332997262477875	0.4005882143974304	0.3239203691482544	0.0	0.0	0.0
s2_yd	5	delta	2	wrong	912,666	-0.3828125	255	81	0.004821658134460449	-0.04265502095222473	-0.07489380240440369	-0.008508801460266113	0.397757351398468	0.29064470529556274	0.32569441199302673	0.3154115676879883	0.07768058776855469	0.11836183071136475	0.041419900953769684
s2_yd	5	delta	2	wrong	643,685	0.0	0	81	0.0	0.0	0.0	0.0	0.39293569326400757	0.3332997262477875	0.4005882143974304	0.3239203691482544	0.0	-0.00013375282287597656	0.0
s2_yd	5	delta	2	wrong	610,299	0.0	0	81	0.0	0.0	0.0	0.0	0.39293569326400757	0.3332997262477875	0.4005882143974304	0.3239203691482544	0.0	0.0	0.0
s2_yd	5	delta	2	wrong	424,462	0.0	0	81	0.0	0.0	0.0	0.0	0.39293569326400757	0.3332997262477875	0.4005882143974304	0.3239203691482544	0.0	-2.1278858184814453e-05	0.0
s2_yd	5	delta	2	wrong	439,87	0.0	0	81	0.0	0.0	0.0	0.0	0.39293569326400757	0.3332997262477875	0.4005882143974304	0.3239203691482544	0.0	0.0	0.0
s2_yd	5	delta	2	wrong	558,87	0.0	0	81	0.0	0.0	0.0	0.0	0.39293569326400757	0.3332997262477875	0.4005882143974304	0.3239203691482544	0.0	-1.9073486328125e-06	0.0
s2_yd	5	delta	2	wrong	323,192	0.0	0	81	0.0	0.0	0.0	0.0	0.39293569326400757	0.3332997262477875	0.4005882143974304	0.3239203691482544	0.0	0.0	0.0
s2_yd	5	delta	2	wrong	1000,289	0.0	0	81	0.0	0.0	0.0	0.0	0.39293569326400757	0.3332997262477875	0.4005882143974304	0.3239203691482544	0.0	0.0	0.0
s2_yd	5	delta	2	wrong	139,195	0.0	0	81	0.0	0.0	0.0	0.0	0.39293569326400757	0.3332997262477875	0.4005882143974304	0.3239203691482544	0.0	-2.384185791015625e-07	0.0
s2_yd	5	delta	2	wrong	506,806	0.0	0	81	0.0	0.0	0.0	0.0	0.39293569326400757	0.3332997262477875	0.4005882143974304	0.3239203691482544	0.0	0.0	0.0
s2_yd	5	delta	2	wrong	991,977	0.0	0	81	0.0	0.0	0.0	0.0	0.39293569326400757	0.3332997262477875	0.4005882143974304	0.3239203691482544	0.0	-1.1920928955078125e-06	0.0
s2_yd	5	delta	2	wrong	401,847	0.0	0	81	0.0	0.0	0.0	0.0	0.39293569326400757	0.3332997262477875	0.4005882143974304	0.3239203691482544	0.0	-1.1920928955078125e-07	0.0
s2_yd	5	delta	2	wrong	802,416	0.0	0	81	0.0	0.0	0.0	0.0	0.39293569326400757	0.3332997262477875	0.4005882143974304	0.3239203691482544	0.0	0.0	0.0
s2_yd	5	delta	2	wrong	772,271	0.0	0	81	0.0	0.0	0.0	0.0	0.39293569326400757	0.3332997262477875	0.4005882143974304	0.3239203691482544	0.0	0.0	0.0
s2_yd	5	delta	2	wrong	839,328	0.0	0	81	0.0	0.0	0.0	0.0	0.39293569326400757	0.3332997262477875	0.4005882143974304	0.3239203691482544	0.0	-2.980232238769531e-07	0.0
s2_yd	5	delta	2	wrong	597,679	0.0	0	81	0.0	0.0	0.0	0.0	0.39293569326400757	0.3332997262477875	0.4005882143974304	0.3239203691482544	0.0	-4.5299530029296875e-06	0.0
s2_yd	5	delta	2	wrong	330,1019	0.0	0	81	0.0	0.0	0.0	0.0	0.39293569326400757	0.3332997262477875	0.4005882143974304	0.3239203691482544	0.0	0.0	0.0
s2_yd	5	delta	2	wrong	1017,349	0.0	0	81	0.0	0.0	0.0	0.0	0.39293569326400757	0.3332997262477875	0.4005882143974304	0.3239203691482544	0.0	0.0	0.0
s2_yd	5	single	-1	true	60,454	0.36328125	-1	1					0.46878892183303833	0.3056260645389557	0.43188682198524475	0.22103440761566162	0.8349205255508423	0.0	0.0
s2_yd	5	single	-1	true	64,463	0.36328125	-1	1					0.13684120774269104	0.11773081123828888	0.1786797046661377	0.0980018675327301	0.21128827333450317	0.0	0.0
s2_yd	5	single	-1	true	68,478	0.36328125	-1	1					0.05937421694397926	0.03261851891875267	0.11570411175489426	0.12483040988445282	-0.05661566182971001	0.0	0.0
s2_yd	5	single	-1	true	86,394	0.12109375	-1	1					0.13129308819770813	0.08425714075565338	0.1899130791425705	0.11733892560005188	0.028961313888430595	0.0	0.0
s2_yd	5	single	-1	true	126,490	0.12109375	-1	1					0.2433837205171585	0.15515312552452087	0.10693296045064926	0.09861955046653748	0.04774295538663864	0.0	0.0
s2_yd	5	single	-1	true	773,889	0.18359375	-1	1					0.07961226999759674	0.05438784509897232	0.16978012025356293	0.11928453296422958	0.29279887676239014	0.0	0.0
s2_yd	5	single	-1	true	808,876	0.18359375	-1	1					0.13212502002716064	0.10588757693767548	0.18945197761058807	0.19603347778320312	0.36282920837402344	0.0	0.0
s2_yd	5	single	-1	true	832,786	0.18359375	-1	1					0.07876116037368774	0.04334533214569092	0.15166650712490082	0.21398672461509705	0.46389085054397583	0.0	0.0
s2_yd	5	single	-1	true	835,895	0.18359375	-1	1					0.052993498742580414	0.034163378179073334	0.09272217750549316	0.09940439462661743	0.09881790727376938	0.0	0.0
s2_yd	5	single	-1	true	844,796	0.18359375	-1	1					0.13826236128807068	0.13478019833564758	0.10852435231208801	0.13036680221557617	-0.045987799763679504	0.0	0.0
s2_yd	5	single	-1	true	874,846	0.18359375	-1	1					0.025339346379041672	0.012165026739239693	0.01770186424255371	0.07796835899353027	-0.2375701367855072	0.0	0.0
s2_yd	5	single	-1	true	258,74	0.0	-1	1					0.1054726392030716	0.06566163152456284	0.08543459326028824	0.08309076726436615	0.039012156426906586	0.0	0.0
s2_yd	5	single	-1	true	265,118	0.0	-1	1					0.15066948533058167	0.11815716326236725	0.22274860739707947	0.2471073865890503	-0.045347340404987335	0.0	0.0
s2_yd	5	single	-1	true	276,74	0.2421875	-1	1					0.10843775421380997	0.08516142517328262	0.15560302138328552	0.08937570452690125	0.17964056134223938	0.0	0.0
s2_yd	5	single	-1	true	280,126	0.0	-1	1					0.07011555135250092	0.055809520184993744	0.07442121207714081	0.1401035636663437	-0.1576577126979828	0.0	0.0
s2_yd	5	single	-1	true	287,48	0.2421875	-1	1					0.13116414844989777	0.11878479272127151	0.12956908345222473	0.18795141577720642	-0.28328341245651245	0.0	0.0
s2_yd	5	single	-1	true	327,116	0.0	-1	1					0.07990221679210663	0.06224508583545685	0.08487564325332642	0.1815338134765625	0.09485285729169846	0.0	0.0
s2_yd	5	single	-1	true	4,789	0.2421875	-1	1					0.19030146300792694	0.12604135274887085	0.1431790441274643	0.22217532992362976	0.39386042952537537	0.0	0.0
s2_yd	5	single	-1	true	24,849	0.0	-1	1					0.05696374550461769	0.045987166464328766	0.06033847853541374	0.15636759996414185	0.4163626432418823	0.0	0.0
s2_yd	5	single	-1	true	30,780	0.2421875	-1	1					0.20887334644794464	0.2053096741437912	0.13260093331336975	0.12078136205673218	0.51224684715271	0.0	0.0
s2_yd	5	single	-1	true	38,823	0.0	-1	1					0.26132696866989136	0.21890363097190857	0.27997756004333496	0.21539241075515747	0.3027273714542389	0.0	0.0
s2_yd	5	single	-1	true	52,823	0.0	-1	1					0.2837201654911041	0.19315838813781738	0.37821757793426514	0.25092941522598267	0.34808042645454407	0.0	0.0
s2_yd	5	single	-1	true	52,878	0.0	-1	1					0.22471612691879272	0.1190696433186531	0.2832634747028351	0.15680299699306488	0.3234367072582245	0.0	0.0
s2_yd	5	single	-1	true	62,803	0.12109375	-1	1					0.14489449560642242	0.09470370411872864	0.24572093784809113	0.0841047465801239	0.14132660627365112	0.0	0.0
s2_yd	5	single	-1	true	67,805	0.0	-1	1					0.06426118314266205	0.046078119426965714	0.10520239174365997	0.12389280647039413	-0.276091992855072	0.0	0.0
s2_yd	5	single	-1	true	395,225	0.12109375	-1	1					0.019869251176714897	0.016769733279943466	0.0762321799993515	0.167051762342453	0.3447888195514679	0.0	0.0
s2_yd	5	single	-1	true	408,148	0.12109375	-1	1					0.11180202662944794	0.09319493919610977	0.1505562961101532	0.18180203437805176	0.04938599467277527	0.0	0.0
s2_yd	5	single	-1	true	419,169	0.12109375	-1	1					0.011273075826466084	0.009837554767727852	0.034865155816078186	0.1516684889793396	0.187665656208992	0.0	0.0
s2_yd	5	single	-1	true	492,222	0.12109375	-1	1					0.05040297284722328	0.03911611810326576	0.10975200682878494	0.16917920112609863	0.04045086354017258	0.0	0.0
s2_yd	5	single	-1	true	648,780	0.30859375	-1	1					0.22973966598510742	0.19698897004127502	0.09147783368825912	0.11907044053077698	0.1985984891653061	0.0	0.0
s2_yd	5	single	-1	true	667,803	0.12109375	-1	1					0.12551164627075195	0.08413730561733246	0.1917979121208191	0.06979228556156158	0.05218220874667168	0.0	0.0
s2_yd	5	single	-1	true	691,879	0.12109375	-1	1					0.12154680490493774	0.08384373784065247	0.23054271936416626	0.14210717380046844	0.26694512367248535	0.0	0.0
s2_yd	5	single	-1	true	716,797	0.61328125	-1	1					0.15860849618911743	0.12520700693130493	0.032850150018930435	0.08986134827136993	-0.17311307787895203	0.0	0.0
s2_yd	5	single	-1	true	762,787	0.87890625	-1	1					0.09140343964099884	0.04415158927440643	0.06463754922151566	0.12088112533092499	0.45368140935897827	0.0	0.0
s2_yd	5	single	-1	true	766,848	0.12109375	-1	1					0.08580154925584793	0.055326610803604126	0.09080608934164047	0.18378512561321259	0.2510574460029602	0.0	0.0
s2_yd	5	single	-1	true	772,884	0.18359375	-1	1					0.06153247505426407	0.045559365302324295	0.1330071985721588	0.16228532791137695	0.133448988199234	0.0	0.0
s2_yd	5	single	-1	true	773,874	0.18359375	-1	1					0.23790623247623444	0.1725071519613266	0.2469598948955536	0.15790288150310516	0.2514103651046753	0.0	0.0
s2_yd	5	single	-1	true	805,768	0.18359375	-1	1					0.41371169686317444	0.3380359411239624	0.404787540435791	0.29446324706077576	0.591480016708374	0.0	0.0
s2_yd	5	single	-1	true	806,815	0.18359375	-1	1					0.16399291157722473	0.14765971899032593	0.1704995036125183	0.1460784375667572	-0.27747926115989685	0.0	0.0
s2_yd	5	single	-1	true	820,778	0.18359375	-1	1					0.17020145058631897	0.11309505999088287	0.14691674709320068	0.17307008802890778	0.08211775869131088	0.0	0.0
s2_yd	5	single	-1	true	834,849	0.18359375	-1	1					0.0471530519425869	0.028105515986680984	0.09946182370185852	0.13870127499103546	0.24554443359375	0.0	0.0
s2_yd	5	single	-1	true	852,824	0.18359375	-1	1					0.2712453305721283	0.2024100422859192	0.2993718385696411	0.20588602125644684	0.5973572731018066	0.0	0.0
s2_yd	5	single	-1	true	859,798	0.18359375	-1	1					0.038950365036726	0.03496907278895378	0.03715432807803154	0.1438722461462021	-0.13019080460071564	0.0	0.0
s2_yd	5	single	-1	true	871,866	0.18359375	-1	1					0.08205592632293701	0.054418064653873444	0.07778149098157883	0.1385185420513153	-0.37027519941329956	0.0	0.0
s2_yd	5	single	-1	true	879,893	0.18359375	-1	1					0.07320468127727509	0.07249309122562408	0.14053748548030853	0.20554035902023315	0.17194131016731262	0.0	0.0
s2_yd	5	single	-1	true	893,790	0.18359375	-1	1					0.11803369224071503	0.13088303804397583	0.279705286026001	0.23274929821491241	0.2812647819519043	0.0	0.0
s2_yd	5	single	-1	true	142,65	0.4921875	-1	1					0.1893707662820816	0.14646711945533752	0.13790041208267212	0.12772928178310394	0.2589195966720581	0.0	0.0
s2_yd	5	single	-1	true	144,17	0.4921875	-1	1					0.32847899198532104	0.23721057176589966	0.15085729956626892	0.2072952687740326	0.7687656879425049	0.0	0.0
s2_yd	5	single	-1	true	161,15	0.4921875	-1	1					0.22764451801776886	0.2012726068496704	0.12351915240287781	0.373973548412323	0.767217755317688	0.0	0.0
s2_yd	5	single	-1	true	166,8	0.4921875	-1	1					0.09264218807220459	0.06824016571044922	0.08379747718572617	0.23368941247463226	0.3316585123538971	0.0	0.0
s2_yd	5	single	-1	true	425,368	0.1875	-1	1					0.018511425703763962	0.011114601977169514	0.08615751564502716	0.14457431435585022	0.14600005745887756	0.0	0.0
s2_yd	5	single	-1	true	443,257	0.1875	-1	1					0.01869555190205574	0.0123605877161026	0.03520239144563675	0.061496980488300323	0.06513959914445877	0.0	0.0
s2_yd	5	single	-1	true	461,270	0.1875	-1	1					0.11087504029273987	0.07393722236156464	0.11092402040958405	0.1091139018535614	0.14144392311573029	0.0	0.0
s2_yd	5	single	-1	true	491,262	0.1875	-1	1					0.049010880291461945	0.03784242272377014	0.13241729140281677	0.11225316673517227	0.12240535020828247	0.0	0.0
s2_yd	5	single	-1	true	658,8	0.1875	-1	1					0.08986137807369232	0.07422386109828949	0.09351471066474915	0.17717614769935608	0.6046977043151855	0.0	0.0
s2_yd	5	single	-1	true	682,20	0.1875	-1	1					0.2845337688922882	0.211889386177063	0.06261193752288818	0.14765700697898865	0.1962088942527771	0.0	0.0
s2_yd	5	single	-1	true	689,6	0.1875	-1	1					0.24687498807907104	0.16383443772792816	0.229957714676857	0.26004451513290405	0.06813053041696548	0.0	0.0
s2_yd	5	single	-1	true	710,24	0.4921875	-1	1					0.3040165305137634	0.24081426858901978	0.2045263946056366	0.26194947957992554	0.44193074107170105	0.0	0.0
s2_yd	5	single	-1	true	715,96	0.87890625	-1	1					0.45978665351867676	0.39288753271102905	0.37729859352111816	0.29413849115371704	1.0407317876815796	0.0	0.0
s2_yd	5	single	-1	true	738,125	0.61328125	-1	1					0.0771726593375206	0.05224005877971649	0.02823156863451004	0.10335306823253632	0.27067214250564575	0.0	0.0
s2_yd	5	single	-1	true	753,121	0.87890625	-1	1					0.09933871030807495	0.07228700816631317	0.14170445501804352	0.21028625965118408	0.6108313798904419	0.0	0.0
s2_yd	5	single	-1	true	753,126	0.61328125	-1	1					0.13659723103046417	0.10672491788864136	0.1601274311542511	0.20981678366661072	0.41715192794799805	0.0	0.0
s2_yd	5	single	-1	true	757,68	0.4921875	-1	1					0.09953722357749939	0.06943625211715698	0.06443991512060165	0.09913433343172073	0.25705134868621826	0.0	0.0
s2_yd	5	single	-1	true	145,487	0.42578125	-1	1					0.17452453076839447	0.10957331955432892	0.19349895417690277	0.15470874309539795	0.5236461162567139	0.0	0.0
s2_yd	5	single	-1	true	145,510	0.42578125	-1	1					0.3600401282310486	0.2456321269273758	0.2544940412044525	0.2625567317008972	0.847632884979248	0.0	0.0
s2_yd	5	single	-1	true	211,449	0.3046875	-1	1					0.2928663492202759	0.23521941900253296	0.251472532749176	0.14143097400665283	0.4596940279006958	0.0	0.0
s2_yd	5	single	-1	true	218,486	0.3046875	-1	1					0.1699409931898117	0.10181118547916412	0.1911393702030182	0.10330601036548615	0.22904886305332184	0.0	0.0
s2_yd	5	single	-1	true	229,427	0.3046875	-1	1					0.11701220273971558	0.06502880156040192	0.06271224468946457	0.0910632312297821	-0.03962687402963638	0.0	0.0
s2_yd	5	single	-1	true	230,393	0.3046875	-1	1					0.06258921325206757	0.03583308309316635	0.08327988535165787	0.11468443274497986	0.21299007534980774	0.0	0.0
s2_yd	5	single	-1	true	247,404	0.3046875	-1	1					0.15353001654148102	0.09351692348718643	0.058585137128829956	0.1168411374092102	0.09162969887256622	0.0	0.0
s2_yd	5	single	-1	true	263,444	0.3046875	-1	1					0.11483097821474075	0.07347139716148376	0.1425386667251587	0.17296233773231506	-0.10829994827508926	0.0	0.0
s2_yd	5	single	-1	true	296,400	0.3046875	-1	1					0.3495097756385803	0.24391454458236694	0.09199127554893494	0.14416630566120148	-0.07516348361968994	0.0	0.0
s2_yd	5	single	-1	true	305,489	0.3046875	-1	1					0.24637016654014587	0.1504206657409668	0.10223798453807831	0.06298448890447617	-0.31043654680252075	0.0	0.0
s2_yd	5	single	-1	true	314,509	0.3046875	-1	1					0.21748287975788116	0.17480413615703583	0.1307746320962906	0.16852855682373047	0.22409474849700928	0.0	0.0
s2_yd	5	single	-1	true	333,401	0.3046875	-1	1					0.12365871667861938	0.0652078166604042	0.07881394028663635	0.12550535798072815	0.17205031216144562	0.0	0.0
s2_yd	5	single	-1	true	339,462	0.3046875	-1	1					0.15464286506175995	0.07354292273521423	0.033219337463378906	0.08050361275672913	0.0377933531999588	0.0	0.0
s2_yd	5	single	-1	true	340,442	0.3046875	-1	1					0.13041114807128906	0.06502795219421387	0.08825591206550598	0.0722830593585968	-0.40006589889526367	0.0	0.0
s2_yd	5	single	-1	true	367,477	0.3046875	-1	1					0.04093620926141739	0.029769835993647575	0.09098953753709793	0.18513453006744385	0.14386975765228271	0.0	0.0
s2_yd	5	single	-1	true	945,2	0.4921875	-1	1					0.2222190648317337	0.1577250361442566	0.21934913098812103	0.26327210664749146	0.26087772846221924	0.0	0.0
s2_yd	5	single	-1	true	14,14	0.2421875	-1	1					0.1887020319700241	0.13271568715572357	0.25525420904159546	0.21177342534065247	0.3137444853782654	0.0	0.0
s2_yd	5	single	-1	true	62,81	0.2421875	-1	1					0.1588708460330963	0.11603561788797379	0.29013216495513916	0.14451831579208374	0.5955153703689575	0.0	0.0
s2_yd	5	single	-1	true	63,123	0.36328125	-1	1					0.06375118345022202	0.04854174703359604	0.1828979253768921	0.1063804179430008	0.11130526661872864	0.0	0.0
s2_yd	5	single	-1	true	90,98	0.36328125	-1	1					0.23348422348499298	0.14412090182304382	0.1798616647720337	0.3026183843612671	0.34275364875793457	0.0	0.0
s2_yd	5	single	-1	true	113,59	0.2421875	-1	1					0.08948781341314316	0.07060083746910095	0.1064881980419159	0.13737934827804565	0.14893123507499695	0.0	0.0
s2_yd	5	single	-1	true	278,643	0.11328125	-1	1					0.11960630118846893	0.09085026383399963	0.1597250998020172	0.16071604192256927	-0.13353407382965088	0.0	0.0
s2_yd	5	single	-1	true	293,651	0.11328125	-1	1					0.22398093342781067	0.16358286142349243	0.11569499969482422	0.11509209871292114	-0.02610296942293644	0.0	0.0
s2_yd	5	single	-1	true	339,736	0.11328125	-1	1					0.06424389034509659	0.02416551299393177	0.014850153587758541	0.07585478574037552	-0.24482783675193787	0.0	0.0
s2_yd	5	single	-1	true	341,696	0.11328125	-1	1					0.10359872132539749	0.0693923830986023	0.043196044862270355	0.08907656371593475	-0.017458561807870865	0.0	0.0
s2_yd	5	single	-1	true	345,688	0.11328125	-1	1					0.14300456643104553	0.07048141956329346	0.02643500082194805	0.10882789641618729	0.01872219517827034	0.0	0.0
s2_yd	5	single	-1	true	368,717	0.11328125	-1	1					0.07590752094984055	0.048485275357961655	0.03750164806842804	0.17521648108959198	0.009934773668646812	0.0	0.0
s2_yd	5	single	-1	true	132,552	0.11328125	-1	1					0.19188973307609558	0.11829833686351776	0.07859387993812561	0.10544925928115845	0.14136667549610138	0.0	0.0
s2_yd	5	single	-1	true	154,635	0.11328125	-1	1					0.08467696607112885	0.041340552270412445	0.09580296277999878	0.1437768042087555	0.5391613841056824	0.0	0.0
s2_yd	5	single	-1	true	174,587	0.11328125	-1	1					0.09376034140586853	0.07409637421369553	0.09827646613121033	0.15104761719703674	0.24045532941818237	0.0	0.0
s2_yd	5	single	-1	true	175,517	0.11328125	-1	1					0.3132636249065399	0.2577548623085022	0.18954558670520782	0.21379224956035614	0.4590930938720703	0.0	0.0
s2_yd	5	single	-1	true	181,559	0.11328125	-1	1					0.12628325819969177	0.07418694347143173	0.08272510766983032	0.10944393277168274	0.12270136177539825	0.0	0.0
s2_yd	5	single	-1	true	226,601	0.11328125	-1	1					0.03412817418575287	0.01787557639181614	0.040928713977336884	0.0859493613243103	0.24252042174339294	0.0	0.0
s2_yd	5	single	-1	wrong	235,350	0.0	-1	1					0.044723398983478546	0.021569181233644485	0.028529535979032516	0.10507458448410034	0.05488161742687225	0.0	0.0
s2_yd	5	single	-1	wrong	325,630	0.0	-1	1					0.08926603198051453	0.05190356820821762	0.08015307784080505	0.11172574758529663	-0.1665840893983841	0.0	0.0
s2_yd	5	single	-1	wrong	694,375	0.0	-1	1					0.02555166929960251	0.017160318791866302	0.11449993401765823	0.21872206032276154	0.1727445423603058	0.0	0.0
s2_yd	5	single	-1	wrong	935,1005	0.0	-1	1					0.06647969037294388	0.05177417770028114	0.07029509544372559	0.1345321536064148	0.007327808067202568	0.0	0.0
s2_yd	5	single	-1	wrong	748,1001	0.0	-1	1					0.09036186337471008	0.07347790896892548	0.13571369647979736	0.12218090891838074	0.01629367284476757	0.0	0.0
s2_yd	5	single	-1	wrong	760,288	0.0	-1	1					0.1674627661705017	0.10338333249092102	0.13359233736991882	0.11109858006238937	0.4094887375831604	0.0	0.0
s2_yd	5	single	-1	wrong	418,545	0.0	-1	1					0.017700009047985077	0.010699109174311161	0.03055712580680847	0.09465943276882172	-0.3994925022125244	0.0	0.0
s2_yd	5	single	-1	wrong	439,701	0.0	-1	1					0.06544840335845947	0.06192716583609581	0.17008355259895325	0.24547651410102844	0.06890806555747986	0.0	0.0
s2_yd	5	single	-1	wrong	917,250	0.0	-1	1					0.15956783294677734	0.08335025608539581	0.05254068225622177	0.10723134875297546	0.3351120948791504	0.0	0.0
s2_yd	5	single	-1	wrong	887,160	0.0	-1	1					0.0260956771671772	0.01531090959906578	0.02744811773300171	0.1301458477973938	-0.09949308633804321	0.0	0.0
s2_yd	5	single	-1	wrong	387,481	0.0	-1	1					0.1041737049818039	0.08149735629558563	0.08218196779489517	0.05897222459316254	-0.12544448673725128	0.0	0.0
s2_yd	5	single	-1	wrong	216,146	0.0	-1	1					0.2934582829475403	0.19234377145767212	0.19712916016578674	0.17271211743354797	0.24338555335998535	0.0	0.0
s2_yd	5	single	-1	wrong	168,302	0.0	-1	1					0.2893892824649811	0.193747878074646	0.16510751843452454	0.14603905379772186	0.5659526586532593	0.0	0.0
s2_yd	5	single	-1	wrong	534,932	0.0	-1	1					0.06526340544223785	0.05110916122794151	0.08194486796855927	0.12012112140655518	0.06923818588256836	0.0	0.0
s2_yd	5	single	-1	wrong	12,133	0.0	-1	1					0.18588590621948242	0.11965727806091309	0.2582469880580902	0.13839107751846313	-0.15263336896896362	0.0	0.0
s2_yd	5	single	-1	wrong	813,181	0.0	-1	1					0.1542043834924698	0.11071638762950897	0.1448880434036255	0.14509716629981995	-0.3487967550754547	0.0	0.0
s2_yd	5	single	-1	wrong	946,165	0.0	-1	1					0.10024072229862213	0.06357390433549881	0.10569116473197937	0.15297144651412964	0.2873939275741577	0.0	0.0
s2_yd	5	single	-1	wrong	600,283	0.0	-1	1					0.05335167795419693	0.024903904646635056	0.08520356565713882	0.10424906015396118	0.0013103722594678402	0.0	0.0
s2_yd	5	single	-1	wrong	35,540	0.0	-1	1					0.10762010514736176	0.06718899309635162	0.034750744700431824	0.12772339582443237	-0.2858356833457947	0.0	0.0
s2_yd	5	single	-1	wrong	275,521	0.0	-1	1					0.05324622243642807	0.04544071853160858	0.09417642652988434	0.12191890925168991	-0.05595026910305023	0.0	0.0
s2_yd	5	single	-1	wrong	924,260	0.0	-1	1					0.10036465525627136	0.08775778114795685	0.05808719992637634	0.13861283659934998	0.6334390640258789	0.0	0.0
s2_yd	5	single	-1	wrong	530,831	0.0	-1	1					0.11472613364458084	0.07845743000507355	0.05202160030603409	0.14141176640987396	0.25840720534324646	0.0	0.0
s2_yd	5	single	-1	wrong	527,113	0.0	-1	1					0.09862658381462097	0.08128107339143753	0.12470579147338867	0.2587544322013855	0.48379871249198914	0.0	0.0
s2_yd	5	single	-1	wrong	848,423	0.0	-1	1					0.05901796743273735	0.036864541471004486	0.18773826956748962	0.1317937970161438	0.07622350752353668	0.0	0.0
s2_yd	5	single	-1	wrong	1013,854	0.0	-1	1					0.03819771111011505	0.02427642047405243	0.06943617761135101	0.16474056243896484	0.16323113441467285	0.0	0.0
s2_yd	5	single	-1	wrong	630,0	0.0	-1	1					0.04751451313495636	0.03666765242815018	0.14353282749652863	0.20654739439487457	-0.24491813778877258	0.0	0.0
s2_yd	5	single	-1	wrong	907,302	0.0	-1	1					0.2554529905319214	0.17737172544002533	0.22151757776737213	0.12739238142967224	0.42461180686950684	0.0	0.0
s2_yd	5	single	-1	wrong	141,242	0.0	-1	1					0.1291583776473999	0.07195643335580826	0.06126575171947479	0.09013243019580841	-0.195551335811615	0.0	0.0
s2_yd	5	single	-1	wrong	517,182	0.0	-1	1					0.07093659043312073	0.05958618223667145	0.11133645474910736	0.1357029378414154	-0.07395414263010025	0.0	0.0
s2_yd	5	single	-1	wrong	655,995	0.0	-1	1					0.10218393802642822	0.06238421052694321	0.1854124516248703	0.12768012285232544	-0.21846570074558258	0.0	0.0
s2_yd	5	single	-1	wrong	912,666	0.0	-1	1					0.39731496572494507	0.2903817296028137	0.32658010721206665	0.31556668877601624	1.1192209720611572	0.0	0.0
s2_yd	5	single	-1	wrong	643,685	0.0	-1	1					0.13517773151397705	0.12319964915513992	0.19359004497528076	0.21883824467658997	0.5144530534744263	0.0	0.0
s2_yd	5	single	-1	wrong	610,299	0.0	-1	1					0.08789114654064178	0.056273918598890305	0.19537830352783203	0.11019754409790039	-0.13224026560783386	0.0	0.0
s2_yd	5	single	-1	wrong	424,462	0.0	-1	1					0.11596058309078217	0.06818000972270966	0.13985076546669006	0.17013870179653168	0.39420849084854126	0.0	0.0
s2_yd	5	single	-1	wrong	439,87	0.0	-1	1					0.0981261357665062	0.09506795555353165	0.08019407093524933	0.21234993636608124	-0.07376474887132645	0.0	0.0
s2_yd	5	single	-1	wrong	558,87	0.0	-1	1					0.17649182677268982	0.1237066239118576	0.14150740206241608	0.1971440464258194	0.2433367669582367	0.0	0.0
s2_yd	5	single	-1	wrong	323,192	0.0	-1	1					0.07775995135307312	0.03170648217201233	0.040278635919094086	0.07383004575967789	-0.3052753210067749	0.0	0.0
s2_yd	5	single	-1	wrong	1000,289	0.0	-1	1					0.057387981563806534	0.04858366400003433	0.0820605531334877	0.06373227387666702	-0.08884032070636749	0.0	0.0
s2_yd	5	single	-1	wrong	139,195	0.0	-1	1					0.11684712022542953	0.07984532415866852	0.13014286756515503	0.10474671423435211	0.11537501960992813	0.0	0.0
s2_yd	5	single	-1	wrong	506,806	0.0	-1	1					0.17040231823921204	0.1330370157957077	0.12985625863075256	0.15914508700370789	-0.022061772644519806	0.0	0.0
s2_yd	5	single	-1	wrong	991,977	0.0	-1	1					0.04381895437836647	0.03769237548112869	0.07396195828914642	0.1572330743074417	0.21352525055408478	0.0	0.0
s2_yd	5	single	-1	wrong	401,847	0.0	-1	1					0.031159894540905952	0.022039923816919327	0.01407705433666706	0.08938383311033249	0.0355382040143013	0.0	0.0
s2_yd	5	single	-1	wrong	802,416	0.0	-1	1					0.13708147406578064	0.11630517244338989	0.11582548171281815	0.19214722514152527	-0.3119490146636963	0.0	0.0
s2_yd	5	single	-1	wrong	772,271	0.0	-1	1					0.03951188549399376	0.02557659149169922	0.06851037591695786	0.09579145908355713	0.0013653074856847525	0.0	0.0
s2_yd	5	single	-1	wrong	839,328	0.0	-1	1					0.028593257069587708	0.01774769090116024	0.05110304802656174	0.14711549878120422	0.12738105654716492	0.0	0.0
s2_yd	5	single	-1	wrong	597,679	0.0	-1	1					0.04211537539958954	0.03152360022068024	0.11294354498386383	0.09777877479791641	0.2945524752140045	0.0	0.0
s2_yd	5	single	-1	wrong	330,1019	0.0	-1	1					0.035003412514925	0.016071390360593796	0.018671274185180664	0.0771135687828064	-0.10315069556236267	0.0	0.0
s2_yd	5	single	-1	wrong	1017,349	0.0	-1	1					0.05890512838959694	0.044008783996105194	0.07606224715709686	0.10456985235214233	-0.05544658750295639	0.0	0.0
s2_yd	5	single	-1	wrong	575,423	0.0	-1	1					0.05558791756629944	0.037289809435606	0.1019611582159996	0.18897965550422668	0.045223791152238846	0.0	0.0
s2_yd	5	single	-1	wrong	255,201	0.0	-1	1					0.020647669211030006	0.01263461634516716	0.03753478080034256	0.0980747789144516	0.2469702661037445	0.0	0.0
s2_yd	5	single	-1	wrong	953,743	0.0	-1	1					0.059778593480587006	0.04012927785515785	0.07708753645420074	0.131812185049057	0.2485024631023407	0.0	0.0
s2_yd	5	single	-1	wrong	794,638	0.0	-1	1					0.1006280854344368	0.05411490797996521	0.043134745210409164	0.13861781358718872	-0.08658991754055023	0.0	0.0
s2_yd	5	single	-1	wrong	264,542	0.0	-1	1					0.04743776470422745	0.031141450628638268	0.020842894911766052	0.10144475102424622	-0.35289472341537476	0.0	0.0
s2_yd	5	single	-1	wrong	887,576	0.0	-1	1					0.03806542605161667	0.03119564615190029	0.10625886172056198	0.23892635107040405	0.3251379728317261	0.0	0.0
s2_yd	5	single	-1	wrong	775,671	0.0	-1	1					0.20544804632663727	0.15360195934772491	0.17069372534751892	0.15700657665729523	0.4832748770713806	0.0	0.0
s2_yd	5	single	-1	wrong	312,1000	0.0	-1	1					0.10429143905639648	0.07590484619140625	0.0699896290898323	0.19028165936470032	0.22465579211711884	0.0	0.0
s2_yd	5	single	-1	wrong	700,392	0.0	-1	1					0.20376372337341309	0.1609523594379425	0.2394445538520813	0.12624424695968628	0.47947776317596436	0.0	0.0
s2_yd	5	single	-1	wrong	857,285	0.0	-1	1					0.03903881460428238	0.03257404640316963	0.054081566631793976	0.19933921098709106	0.16842640936374664	0.0	0.0
s2_yd	5	single	-1	wrong	208,241	0.0	-1	1					0.12671338021755219	0.09241196513175964	0.10243324935436249	0.14013609290122986	0.18035666644573212	0.0	0.0
s2_yd	5	single	-1	wrong	609,648	0.0	-1	1					0.051472730934619904	0.04080185294151306	0.053318291902542114	0.18894831836223602	0.21493704617023468	0.0	0.0
s2_yd	5	single	-1	wrong	412,442	0.0	-1	1					0.0805828720331192	0.05335710942745209	0.16600164771080017	0.1159607321023941	0.07358921319246292	0.0	0.0
s2_yd	5	single	-1	wrong	383,374	0.0	-1	1					0.04206281900405884	0.025200417265295982	0.06859416514635086	0.17331071197986603	-0.13811567425727844	0.0	0.0
s2_yd	5	single	-1	wrong	115,1008	0.0	-1	1					0.14288681745529175	0.10606786608695984	0.12465210258960724	0.1835797280073166	0.27799493074417114	0.0	0.0
s2_yd	5	single	-1	wrong	241,273	0.0	-1	1					0.03757506608963013	0.025722449645400047	0.04191671311855316	0.0689828097820282	0.30599865317344666	0.0	0.0
s2_yd	5	single	-1	wrong	279,840	0.0	-1	1					0.08788307756185532	0.0546562597155571	0.07862428575754166	0.1289977729320526	-0.20231208205223083	0.0	0.0
s2_yd	5	single	-1	wrong	876,957	0.0	-1	1					0.09300938993692398	0.07733720541000366	0.1065654382109642	0.129183828830719	-0.031873177736997604	0.0	0.0
s2_yd	5	single	-1	wrong	408,606	0.0	-1	1					0.025896117091178894	0.015866799280047417	0.052695710211992264	0.12586504220962524	0.024529509246349335	0.0	0.0
s2_yd	5	single	-1	wrong	812,410	0.0	-1	1					0.32608139514923096	0.19986173510551453	0.23508784174919128	0.2211606204509735	0.09758490324020386	0.0	0.0
s2_yd	5	single	-1	wrong	44,926	0.0	-1	1					0.12337294220924377	0.08333142101764679	0.20641106367111206	0.1688164472579956	0.27676355838775635	0.0	0.0
s2_yd	5	single	-1	wrong	323,1010	0.0	-1	1					0.054767172783613205	0.021903639659285545	0.03335065394639969	0.10144579410552979	-0.077425017952919	0.0	0.0
s2_yd	5	single	-1	wrong	465,39	0.0	-1	1					0.05777190998196602	0.038710325956344604	0.08860664069652557	0.152263343334198	0.2245328277349472	0.0	0.0
s2_yd	5	single	-1	wrong	593,993	0.0	-1	1					0.15840619802474976	0.1366424709558487	0.03919354826211929	0.14768624305725098	0.36567944288253784	0.0	0.0
s2_yd	5	single	-1	wrong	131,644	0.0	-1	1					0.32915979623794556	0.2607036828994751	0.20499449968338013	0.2745245695114136	0.6319525241851807	0.0	0.0
s2_yd	5	single	-1	wrong	673,527	0.0	-1	1					0.07523350417613983	0.050562940537929535	0.09592816978693008	0.1304609775543213	0.19400478899478912	0.0	0.0
s2_yd	5	single	-1	wrong	910,948	0.0	-1	1					0.21584978699684143	0.1876896470785141	0.15270227193832397	0.16135546565055847	-0.3510022759437561	0.0	0.0
s2_yd	5	single	-1	wrong	568,79	0.0	-1	1					0.06624647229909897	0.044012390077114105	0.028449220582842827	0.1624344289302826	0.04000585153698921	0.0	0.0
s2_yd	5	single	-1	wrong	581,668	0.0	-1	1					0.2832190692424774	0.2882658839225769	0.40080952644348145	0.3380921483039856	1.094909906387329	0.0	0.0
s2_yd	5	single	-1	wrong	645,422	0.0	-1	1					0.16209261119365692	0.1248241737484932	0.16390301287174225	0.12701088190078735	-0.001582254422828555	0.0	0.0
s2_yd	5	single	-1	wrong	619,270	0.0	-1	1					0.049035847187042236	0.026517782360315323	0.03536723181605339	0.10800246894359589	0.09013663232326508	0.0	0.0
s2_yd	5	single	-1	wrong	494,583	0.0	-1	1					0.1595708131790161	0.11522538959980011	0.18687179684638977	0.30563265085220337	0.4793301820755005	0.0	0.0
s2_yd	5	single	-1	wrong	37,1009	0.0	-1	1					0.09051565825939178	0.07032577693462372	0.14080463349819183	0.1747732162475586	0.3366212844848633	0.0	0.0
s2_yd	5	single	-1	wrong	912,206	0.0	-1	1					0.05156831443309784	0.03019772842526436	0.09583061188459396	0.134368896484375	0.4814266562461853	0.0	0.0
s2_yd	5	single	-1	wrong	848,248	0.0	-1	1					0.05420701950788498	0.03304429352283478	0.07131978124380112	0.1419864445924759	0.20346100628376007	0.0	0.0
s2_yd	5	single	-1	wrong	894,403	0.0	-1	1					0.2471344769001007	0.14007380604743958	0.13997218012809753	0.22023406624794006	-0.035693150013685226	0.0	0.0
s2_yd	5	single	-1	wrong	532,398	0.0	-1	1					0.1088155210018158	0.05741360783576965	0.05885797366499901	0.058302558958530426	0.2346666157245636	0.0	0.0
s2_yd	5	single	-1	wrong	444,31	0.0	-1	1					0.2277718484401703	0.1907435655593872	0.29909029603004456	0.29939186573028564	0.6247601509094238	0.0	0.0
s2_yd	5	single	-1	wrong	683,673	0.0	-1	1					0.07443420588970184	0.05086628720164299	0.10587261617183685	0.08333707600831985	-0.0100588733330369	0.0	0.0
s2_yd	5	single	-1	wrong	781,639	0.0	-1	1					0.16919323801994324	0.09904780983924866	0.10729210823774338	0.16059981286525726	0.1353120505809784	0.0	0.0
s2_yd	5	single	-1	wrong	734,346	0.0	-1	1					0.03928384184837341	0.02004421502351761	0.04399162530899048	0.11489246040582657	0.20033851265907288	0.0	0.0
s2_yd	5	single	-1	wrong	947,903	0.0	-1	1					0.19133031368255615	0.11535914242267609	0.1525765359401703	0.1407780945301056	0.13454651832580566	0.0	0.0
s2_yd	5	single	-1	wrong	794,607	0.0	-1	1					0.06203954666852951	0.03688127547502518	0.04956632852554321	0.12655925750732422	-0.08119264245033264	0.0	0.0
s2_yd	5	single	-1	wrong	685,246	0.0	-1	1					0.10290957242250443	0.0838174819946289	0.12189652025699615	0.10122904181480408	-0.20283269882202148	0.0	0.0
s2_yd	5	single	-1	wrong	498,23	0.0	-1	1					0.13965588808059692	0.1371699869632721	0.13431185483932495	0.23078511655330658	0.07795359194278717	0.0	0.0
s2_yd	5	single	-1	wrong	333,881	0.0	-1	1					0.03585122153162956	0.018855728209018707	0.055537283420562744	0.09162142872810364	0.005183822941035032	0.0	0.0
s2_yd	5	single	-1	wrong	562,768	0.0	-1	1					0.3196040391921997	0.2548096179962158	0.13844983279705048	0.32066044211387634	0.712899923324585	0.0	0.0
s2_yd	5	single	-1	wrong	266,807	0.0	-1	1					0.14052227139472961	0.12641814351081848	0.08091485500335693	0.13915812969207764	-0.11992907524108887	0.0	0.0
