====================================================================================================
[aliquot] al_s2 — reduction
====================================================================================================
  arms   : al_pj_yk, al_rt_yk
  banked : vo_s3d2:voi3_dp, vo_s3e:voi3b_comp_yk, vo_s3e:voi3b_comp_pr_yk, so_s2:so_mg_yk, so_s2:so_cg_yk, so_s2:so_hy_yk

====================================================================================================
[A] LIFETIMES, COMMITS, AND THE IN-TAG IDENTITY CHECK
====================================================================================================
    arm                       cyc  commits (level@cycle)                 s/cycle
    al_pj_yk                  201  L2@c59, L3@c77, L4@c157             
    al_rt_yk                  201  L2@c59, L3@c77, L4@c157             
    vo_s3d2:voi3_dp           201  L2@c59, L3@c77, L4@c157                (banked)
    vo_s3e:voi3b_comp_yk      201  L2@c59, L3@c77, L4@c157                (banked)
    vo_s3e:voi3b_comp_pr_yk   201  L2@c59, L3@c77, L4@c157                (banked)
    so_s2:so_mg_yk            201  L2@c59, L3@c77, L4@c157                (banked)
    so_s2:so_cg_yk            201  L2@c59, L3@c77, L4@c157                (banked)
    so_s2:so_hy_yk            201  L2@c59, L3@c77, L4@c157                (banked)


====================================================================================================
[B] THE CORRIDOR — slots open, parity, misfire, and when it closed
====================================================================================================
    `n_open` is slots past the firing gate; `misfire` is fired rows whose span did not
    match `dp_features` exactly. An arm whose corridor closes stops executing with the
    head and falls back to the DP on every macro call.

    arm                    open@max  open@last  first c with open=0 after a peak   misfire(all)  misfire(era>=3)
    al_pj_yk                     28         28  None                             0.6051        0.6108
    al_rt_yk                     28         28  None                             0.4722        0.4685

    n_open per 10 cycles (the corridor's whole life):
      al_pj_yk                 0   0   0   0   0   0   0  16  16  19  24  23  22  23  24  24  26  26  27  27  28
      al_rt_yk                 0   0   0   0   0   0   0  16  17  24  24  23  24  23  23  23  24  28  28  27  28
      cycle                    1  11  21  31  41  51  61  71  81  91 101 111 121 131 141 151 161 171 181 191 201

====================================================================================================
[C] THE SAMPLER, REALISED — deviation and on-table projection
====================================================================================================
    `dev`  the sampled entry left the on-table argmax (the quantity the temperature is
           set on; `DESIGN.md` §17 predicted this would fall below the preflight's
           0.44-0.67 because a sharper plant deviates less at fixed T).
    `ont`  the on-table argmax was not the head's FREE-RUN emission — the projection
           component that rides with the write axis (`DESIGN.md` §11).

    al_pj_yk:
      era  cell        n        dev     ont
        2  2n0        32246    0.652   0.007
        2  2n1        39861    0.677   0.005
        2  2n2        38703    0.540   0.003
        2  2n3        36911    0.636   0.004
        2  2n4        16063    0.420   0.023
        2  2n5        42105    0.555   0.006
        2  2n6        35953    0.608   0.002
        2  2n7        40411    0.693   0.005
        2  2n8        31054    0.641   0.005
        2  2n9        35995    0.534   0.009
        2  2n10       39588    0.485   0.004
        2  2n11       32960    0.760   0.006
        2  2n12      154349    0.410   0.012
        2  2n13       54317    0.532   0.007
        2  2n14       31332    0.590   0.004
        2  2n15       33607    0.670   0.010
        2  3n0        40470    0.904   0.008
        2  3n1        51180    0.888   0.022
        2  3n2        39372    0.957   0.007
        2  3n3        44154    0.865   0.005
        2  3n4        43473    0.897   0.013
        2  3n5        43196    0.943   0.014
        2  3n6        84834    0.873   0.025
        2  3n7        43441    0.932   0.023
        3  2n0        31163    0.481   0.009
        3  2n1        40056    0.443   0.005
        3  2n2        55188    0.441   0.005
        3  2n3        57090    0.549   0.013
        3  2n4         9920    0.484   0.023
        3  2n5        25263    0.242   0.007
        3  2n6        47054    0.311   0.001
        3  2n7        23398    0.485   0.008
        3  2n8        22427    0.442   0.026
        3  2n9        23911    0.441   0.005
        3  2n10       91798    0.482   0.008
        3  2n11       16489    0.526   0.015
        3  2n12      415408    0.370   0.016
        3  2n13      320847    0.454   0.009
        3  2n14       17010    0.360   0.005
        3  2n15       22593    0.348   0.009
        3  3n0       124374    0.665   0.043
        3  3n1        65091    0.874   0.060
        3  3n2       202512    0.568   0.023
        3  3n3       199813    0.755   0.038
        3  3n4        98100    0.591   0.043
        3  3n5        71624    0.748   0.048
        3  3n6       860191    0.629   0.024
        3  3n7       458719    0.720   0.037
        3  4n0        64359    0.065   0.000
        3  4n1        78659    0.531   0.000
        3  4n2        97928    0.850   0.040
        3  4n3       106198    0.158   0.000
        4  2n0         7542    0.606   0.004
        4  2n1         5570    0.531   0.005
        4  2n2         1840    0.448   0.008
        4  2n3        16484    0.610   0.023
        4  2n4         1366    0.534   0.023
        4  2n5         3208    0.460   0.007
        4  2n6        11759    0.372   0.001
        4  2n7         2468    0.702   0.010
        4  2n8         2732    0.411   0.004
        4  2n9         1880    0.435   0.014
        4  2n10        7466    0.372   0.003
        4  2n11        6464    0.629   0.012
        4  2n12       73634    0.301   0.015
        4  2n13       75804    0.545   0.014
        4  2n14        3282    0.302   0.005
        4  2n15       22786    0.484   0.011
        4  3n0        44907    0.577   0.053
        4  3n1        17942    0.761   0.086
        4  3n2        48054    0.729   0.011
        4  3n3        41231    0.421   0.028
        4  3n4        38122    0.634   0.026
        4  3n5        12955    0.656   0.040
        4  3n6       200970    0.625   0.036
        4  3n7       145378    0.574   0.037
        4  4n0        14048    0.207   0.003
        4  4n1        29922    0.097   0.006
        4  4n2        68351    0.652   0.074
        4  4n3        90214    0.002   0.000
        5  2n0        11979    0.475   0.014
        5  2n1         6045    0.438   0.006
        5  2n2         2307    0.539   0.011
        5  2n3         7301    0.606   0.029
        5  2n4         1627    0.529   0.015
        5  2n5         9762    0.513   0.026
        5  2n6         9912    0.573   0.004
        5  2n7         1362    0.591   0.007
        5  2n8         3174    0.599   0.002
        5  2n9         3811    0.644   0.005
        5  2n10        3705    0.274   0.003
        5  2n11       11990    0.671   0.032
        5  2n12       43045    0.339   0.008
        5  2n13       51268    0.619   0.020
        5  2n14        3643    0.368   0.012
        5  2n15       30246    0.267   0.010
        5  3n0        51005    0.516   0.053
        5  3n1        21360    0.853   0.067
        5  3n2        32622    0.632   0.015
        5  3n3        43728    0.526   0.020
        5  3n4        41370    0.217   0.022
        5  3n5         7050    0.650   0.096
        5  3n6       145017    0.498   0.034
        5  3n7        92841    0.405   0.022
        5  4n0        29893    0.319   0.000
        5  4n1        44409    0.279   0.005
        5  4n2        68685    0.242   0.008
        5  4n3        88090    0.025   0.006

    al_rt_yk:
      era  cell        n        dev     ont
        2  2n0        52886    0.579   0.006
        2  2n1        52012    0.625   0.006
        2  2n2        36612    0.609   0.003
        2  2n3        38316    0.680   0.005
        2  2n4        22120    0.392   0.012
        2  2n5        43942    0.560   0.004
        2  2n6        33141    0.628   0.003
        2  2n7        43094    0.674   0.004
        2  2n8        36277    0.595   0.004
        2  2n9        32452    0.548   0.005
        2  2n10       32883    0.477   0.003
        2  2n11       31212    0.749   0.005
        2  2n12      144367    0.371   0.010
        2  2n13       47016    0.444   0.010
        2  2n14       33598    0.569   0.004
        2  2n15       35178    0.709   0.010
        2  3n0        43728    0.475   0.013
        2  3n1        43744    0.816   0.012
        2  3n2        50868    0.451   0.010
        2  3n3        50222    0.593   0.010
        2  3n4        46886    0.412   0.008
        2  3n5        52122    0.548   0.014
        2  3n6        75982    0.497   0.009
        2  3n7        50638    0.650   0.021
        3  2n0       144618    0.373   0.007
        3  2n1        32422    0.507   0.005
        3  2n2        49598    0.403   0.006
        3  2n3        89557    0.669   0.013
        3  2n4        40382    0.551   0.008
        3  2n5        48716    0.518   0.005
        3  2n6        10563    0.238   0.003
        3  2n7        12267    0.375   0.008
        3  2n8        29932    0.575   0.020
        3  2n9        13568    0.624   0.008
        3  2n10       15022    0.439   0.003
        3  2n11       17025    0.751   0.010
        3  2n12      404902    0.372   0.010
        3  2n13      169739    0.458   0.007
        3  2n14       32214    0.396   0.002
        3  2n15       73551    0.430   0.008
        3  3n0        88214    0.417   0.043
        3  3n1       109599    0.641   0.045
        3  3n2        49952    0.646   0.018
        3  3n3       235033    0.688   0.046
        3  3n4       211077    0.364   0.024
        3  3n5       205890    0.447   0.024
        3  3n6      1070912    0.530   0.014
        3  3n7       438479    0.436   0.014
        3  4n0        70817    0.365   0.002
        3  4n1        78339    0.232   0.003
        3  4n2        99525    0.467   0.014
        3  4n3       123863    0.005   0.001
        4  2n0        27415    0.349   0.017
        4  2n1         4088    0.260   0.014
        4  2n2         2344    0.573   0.004
        4  2n3        10675    0.686   0.010
        4  2n4         4991    0.313   0.008
        4  2n5         6029    0.375   0.015
        4  2n6         1478    0.254   0.004
        4  2n7         1356    0.456   0.018
        4  2n8         2355    0.313   0.051
        4  2n9         2573    0.614   0.004
        4  2n10        1654    0.625   0.005
        4  2n11        1869    0.708   0.012
        4  2n12       38362    0.552   0.018
        4  2n13       42362    0.405   0.026
        4  2n14       16254    0.380   0.005
        4  2n15       29924    0.205   0.008
        4  3n0        26289    0.513   0.036
        4  3n1        37311    0.763   0.063
        4  3n2         5270    0.312   0.023
        4  3n3        49442    0.762   0.059
        4  3n4        51490    0.190   0.016
        4  3n5        31941    0.363   0.027
        4  3n6       252796    0.194   0.019
        4  3n7       129242    0.156   0.003
        4  4n0        36088    0.160   0.000
        4  4n1        72867    0.235   0.002
        4  4n2        86483    0.020   0.003
        4  4n3       130941    0.256   0.000
        5  2n0        12924    0.290   0.004
        5  2n1         1184    0.274   0.005
        5  2n2         6560    0.533   0.002
        5  2n3         6634    0.799   0.009
        5  2n4         2459    0.374   0.015
        5  2n5         3676    0.303   0.018
        5  2n6         1240    0.372   0.002
        5  2n7         1066    0.513   0.014
        5  2n8         1434    0.245   0.001
        5  2n9         2406    0.498   0.010
        5  2n10        2123    0.833   0.007
        5  2n11        1917    0.797   0.018
        5  2n12       14909    0.418   0.014
        5  2n13       27042    0.354   0.029
        5  2n14        6802    0.371   0.001
        5  2n15       32617    0.186   0.006
        5  3n0        22274    0.366   0.028
        5  3n1        30241    0.697   0.060
        5  3n2         4320    0.379   0.028
        5  3n3        43469    0.600   0.090
        5  3n4        48683    0.164   0.024
        5  3n5        17952    0.464   0.032
        5  3n6       182379    0.193   0.017
        5  3n7        77825    0.202   0.004
        5  4n0        52227    0.030   0.000
        5  4n1        83086    0.263   0.003
        5  4n2        93553    0.004   0.001
        5  4n3       136590    0.205   0.000

====================================================================================================
[D] WHAT THE CHOOSER WROTE — Q0 §5's table, live, on the EXECUTED population
====================================================================================================
    Filed writes only (kept by the beam and on a graded tip). `rows` is the operative
    table's size, `dist` distinct tuples written, `keys` distinct class-pair keys,
    `tok` distinct token classes, `top1` the share of the era's filed writes on one
    tuple. Q0's banked numbers at the same nodes: L4 2.6-3.6 of 155-187 rows, top1
    0.91-0.94; L5 1.5-1.6 of 144-152, top1 0.80-0.93 (the FIRED population).

    al_pj_yk:
      era  cell      n_filed  rows   dist/cyc  keys/cyc  tok/cyc   top1(w)
        1  2n0         413    13      8.00     8.00    7.00     0.286
        1  2n1         317    13      7.00     7.00    6.00     0.315
        1  2n2         349    13      5.00     5.00    5.00     0.476
        1  2n3         268    13      6.00     6.00    4.00     0.560
        1  2n4         246    13      8.00     8.00    6.00     0.585
        1  2n5         300    13      5.00     5.00    3.00     0.510
        1  2n6         449    13      5.00     5.00    4.00     0.550
        1  2n7         408    13      7.00     7.00    4.00     0.284
        1  2n8         386    13      6.00     6.00    6.00     0.479
        1  2n9         581    13      7.00     7.00    6.00     0.530
        1  2n10        381    13      5.00     5.00    5.00     0.415
        1  2n11        460    13      6.00     6.00    6.00     0.396
        1  2n12        413    13      6.00     6.00    5.00     0.496
        1  2n13        525    13      6.00     6.00    4.00     0.541
        1  2n14        360    13      6.00     6.00    5.00     0.778
        1  2n15        421    13      8.00     8.00    6.00     0.363
        2  2n0        4570    14      5.26     5.26    4.94     0.464
        2  2n1        4534    14      4.24     4.24    4.12     0.595
        2  2n2        4969    14      4.14     4.14    3.86     0.520
        2  2n3        5285    14      4.40     4.40    3.66     0.510
        2  2n4        3740    14      5.00     5.00    4.68     0.477
        2  2n5        4640    14      4.10     4.10    3.56     0.538
        2  2n6        4659    14      3.70     3.70    3.62     0.610
        2  2n7        5370    14      4.58     4.58    3.96     0.477
        2  2n8        4316    14      5.20     5.20    4.88     0.458
        2  2n9        4536    14      4.38     4.38    3.94     0.537
        2  2n10       4144    14      4.48     4.48    4.10     0.479
        2  2n11       4436    14      4.40     4.40    3.70     0.522
        2  2n12       9227    14      4.30     4.30    4.08     0.488
        2  2n13       6245    14      3.72     3.72    3.30     0.548
        2  2n14       3971    14      3.72     3.72    3.60     0.525
        2  2n15       4580    14      3.44     3.44    3.22     0.612
        2  3n0        4113    61      4.18     3.52    3.48     0.539
        2  3n1        4442    61      3.12     2.85    2.70     0.675
        2  3n2        3821    61      4.42     3.82    3.79     0.479
        2  3n3        5545    61      3.36     2.88    2.76     0.626
        2  3n4        4543    61      3.67     3.52    3.42     0.637
        2  3n5        3768    61      3.79     3.45    3.30     0.574
        2  3n6        7058    61      4.91     4.09    4.00     0.507
        2  3n7        4413    61      2.88     2.55    2.48     0.639
        3  2n0        5755    16      5.13     5.13    4.71     0.444
        3  2n1        5475    16      4.67     4.67    3.83     0.506
        3  2n2        5914    16      4.60     4.60    4.09     0.506
        3  2n3        6971    16      4.79     4.79    3.41     0.487
        3  2n4        3744    16      4.79     4.79    4.41     0.451
        3  2n5        5382    16      3.86     3.86    3.30     0.540
        3  2n6        6137    16      3.59     3.59    3.19     0.598
        3  2n7        5906    16      4.57     4.57    3.39     0.476
        3  2n8        5385    16      4.43     4.43    4.03     0.500
        3  2n9        4959    16      4.27     4.27    3.29     0.572
        3  2n10       5897    16      5.06     5.06    4.36     0.427
        3  2n11       4710    16      5.24     5.24    3.70     0.418
        3  2n12      17989    16      6.01     6.01    4.91     0.444
        3  2n13      15567    16      5.33     5.33    3.80     0.450
        3  2n14       4570    16      3.66     3.66    3.33     0.566
        3  2n15       4961    16      3.79     3.79    3.33     0.533
        3  3n0       11035    81      3.14     2.73    2.70     0.625
        3  3n1        7326    81      4.29     3.70    3.50     0.548
        3  3n2       11025    81      4.54     3.67    3.73     0.533
        3  3n3       13465    81      4.53     2.87    2.84     0.494
        3  3n4        9433    81      4.14     3.89    3.57     0.603
        3  3n5        7023    81      4.70     3.97    3.97     0.479
        3  3n6       35026    81      6.10     4.74    4.50     0.490
        3  3n7       20967    81      5.16     3.66    3.66     0.431
        3  4n0        2237   156      1.22     1.13    1.13     0.963
        3  4n1        3604   156      2.70     1.70    1.70     0.785
        3  4n2        4772   156      3.57     2.22    2.17     0.670
        3  4n3        4977   156      1.26     1.13    1.13     0.930
        4  2n0        1020    17      5.33     5.33    4.58     0.426
        4  2n1         874    17      3.58     3.58    2.50     0.627
        4  2n2         893    17      4.92     4.92    4.33     0.489
        4  2n3        1110    17      3.58     3.58    2.83     0.626
        4  2n4         621    17      4.75     4.75    4.00     0.548
        4  2n5        1048    17      2.58     2.58    2.25     0.575
        4  2n6         951    17      3.58     3.58    2.67     0.686
        4  2n7         935    17      4.08     4.08    2.83     0.428
        4  2n8         890    17      3.75     3.75    2.92     0.493
        4  2n9         846    17      3.50     3.50    2.92     0.496
        4  2n10        730    17      4.42     4.42    3.33     0.437
        4  2n11        949    17      3.25     3.25    3.00     0.606
        4  2n12       3034    17      6.17     6.17    4.33     0.443
        4  2n13       2523    17      4.92     4.92    3.25     0.393
        4  2n14        718    17      3.08     3.08    2.50     0.616
        4  2n15        938    17      3.42     3.42    2.50     0.564
        4  3n0        2376    83      4.33     3.17    3.08     0.534
        4  3n1        1357    83      6.33     5.17    4.92     0.367
        4  3n2        2336    83      6.50     4.42    4.08     0.407
        4  3n3        2133    83      4.58     3.33    3.33     0.451
        4  3n4        1822    83      4.83     3.67    2.67     0.554
        4  3n5        1102    83      4.83     3.67    3.67     0.440
        4  3n6        6199    83      8.00     6.08    5.83     0.363
        4  3n7        5738    83      7.25     4.33    4.33     0.365
        4  4n0        1286   208      1.92     1.42    1.42     0.819
        4  4n1        1678   208      3.08     2.67    2.67     0.729
        4  4n2        3826   208      3.42     2.33    2.33     0.528
        4  4n3        3911   208      1.00     1.00    1.00     1.000
        5  2n0         745    17      5.11     5.11    4.56     0.356
        5  2n1         815    17      3.78     3.78    2.33     0.551
        5  2n2         826    17      4.44     4.44    3.44     0.449
        5  2n3         777    17      4.56     4.56    3.00     0.485
        5  2n4         425    17      4.22     4.22    3.56     0.468
        5  2n5        1006    17      3.11     3.11    2.11     0.593
        5  2n6         643    17      3.22     3.22    2.44     0.635
        5  2n7         585    17      5.11     5.11    3.11     0.426
        5  2n8         519    17      4.11     4.11    2.89     0.530
        5  2n9         594    17      3.67     3.67    2.78     0.465
        5  2n10        539    17      3.78     3.78    3.00     0.558
        5  2n11        947    17      3.44     3.44    3.11     0.667
        5  2n12       1932    17      5.33     5.33    3.67     0.437
        5  2n13       2284    17      4.78     4.78    3.11     0.569
        5  2n14        403    17      2.22     2.22    1.67     0.809
        5  2n15       1021    17      3.67     3.67    2.22     0.662
        5  3n0        2079    83      3.89     3.00    3.00     0.457
        5  3n1         959    83      5.33     3.44    3.33     0.471
        5  3n2        1897    83      5.22     3.33    3.33     0.482
        5  3n3        2236    83      4.00     2.56    2.56     0.445
        5  3n4        1613    83      4.44     3.11    2.44     0.678
        5  3n5         967    83      5.22     4.00    3.89     0.397
        5  3n6        4027    83      7.11     4.78    4.78     0.398
        5  3n7        3380    83      5.44     3.00    3.00     0.401
        5  4n0         819   208      1.56     1.00    1.00     0.894
        5  4n1        1782   208      3.11     2.00    2.11     0.622
        5  4n2        4988   208      2.67     1.89    1.89     0.771
        5  4n3        3672   208      1.00     1.00    1.00     1.000

    al_rt_yk:
      era  cell      n_filed  rows   dist/cyc  keys/cyc  tok/cyc   top1(w)
        1  2n0         413    13      8.00     8.00    7.00     0.286
        1  2n1         317    13      7.00     7.00    6.00     0.315
        1  2n2         349    13      5.00     5.00    5.00     0.476
        1  2n3         268    13      6.00     6.00    4.00     0.560
        1  2n4         246    13      8.00     8.00    6.00     0.585
        1  2n5         300    13      5.00     5.00    3.00     0.510
        1  2n6         449    13      5.00     5.00    4.00     0.550
        1  2n7         408    13      7.00     7.00    4.00     0.284
        1  2n8         386    13      6.00     6.00    6.00     0.479
        1  2n9         581    13      7.00     7.00    6.00     0.530
        1  2n10        381    13      5.00     5.00    5.00     0.415
        1  2n11        460    13      6.00     6.00    6.00     0.396
        1  2n12        413    13      6.00     6.00    5.00     0.496
        1  2n13        525    13      6.00     6.00    4.00     0.541
        1  2n14        360    13      6.00     6.00    5.00     0.778
        1  2n15        421    13      8.00     8.00    6.00     0.363
        2  2n0        5055    14      4.36     4.36    4.20     0.559
        2  2n1        5330    14      4.24     4.24    3.80     0.581
        2  2n2        5132    14      3.92     3.92    3.74     0.500
        2  2n3        5502    14      3.56     3.56    3.08     0.548
        2  2n4        4038    14      4.00     4.00    3.78     0.541
        2  2n5        5018    14      3.82     3.82    3.44     0.561
        2  2n6        4421    14      3.42     3.42    3.22     0.644
        2  2n7        4519    14      3.44     3.44    3.16     0.536
        2  2n8        4859    14      4.08     4.08    3.92     0.503
        2  2n9        4401    14      4.02     4.02    3.94     0.581
        2  2n10       3503    14      4.02     4.02    3.82     0.512
        2  2n11       4089    14      4.06     4.06    3.48     0.527
        2  2n12       9465    14      4.04     4.04    3.88     0.500
        2  2n13       6001    14      3.38     3.38    3.16     0.566
        2  2n14       3703    14      3.36     3.36    3.22     0.617
        2  2n15       4914    14      3.80     3.80    3.44     0.562
        2  3n0        4125    57      3.73     3.03    2.67     0.585
        2  3n1        4329    57      3.15     2.73    2.55     0.563
        2  3n2        3807    57      3.91     3.00    2.79     0.577
        2  3n3        4862    57      2.42     2.09    2.03     0.759
        2  3n4        4915    57      2.76     2.55    2.39     0.689
        2  3n5        4717    57      3.30     2.58    2.73     0.630
        2  3n6        6542    57      4.24     3.39    3.06     0.481
        2  3n7        4015    57      3.12     2.24    2.24     0.682
        3  2n0        9298    17      5.31     5.31    5.16     0.441
        3  2n1        5847    17      4.36     4.36    3.77     0.615
        3  2n2        5661    17      4.13     4.13    3.93     0.513
        3  2n3        7599    17      4.86     4.86    3.89     0.445
        3  2n4        4374    17      4.63     4.63    4.49     0.454
        3  2n5        7418    17      3.91     3.91    3.29     0.557
        3  2n6        4986    17      3.43     3.43    3.20     0.594
        3  2n7        5226    17      4.51     4.51    3.51     0.451
        3  2n8        5417    17      4.93     4.93    4.60     0.467
        3  2n9        4551    17      3.73     3.73    3.33     0.561
        3  2n10       4306    17      4.81     4.81    4.29     0.479
        3  2n11       5131    17      5.06     5.06    3.97     0.427
        3  2n12      14660    17      5.09     5.09    4.84     0.442
        3  2n13      11972    17      4.77     4.77    4.23     0.514
        3  2n14       5131    17      3.77     3.77    3.50     0.632
        3  2n15       6202    17      4.31     4.31    3.63     0.502
        3  3n0        9467    79      4.60     3.39    3.19     0.477
        3  3n1        8744    79      3.79     2.79    2.80     0.546
        3  3n2        5913    79      3.87     2.51    2.39     0.514
        3  3n3       13641    79      3.80     2.60    2.61     0.694
        3  3n4       13041    79      4.30     3.14    2.87     0.625
        3  3n5       10178    79      4.00     2.77    3.03     0.634
        3  3n6       38782    79      5.04     3.51    3.39     0.506
        3  3n7       19740    79      4.13     2.69    2.66     0.496
        3  4n0        3629    96      1.61     1.57    1.57     0.842
        3  4n1        3431    96      1.65     1.57    1.57     0.864
        3  4n2        5794    96      1.57     1.30    1.30     0.871
        3  4n3        6000    96      1.04     1.04    1.04     0.992
        4  2n0        1420    17      5.00     5.00    4.92     0.531
        4  2n1         724    17      3.92     3.92    3.83     0.627
        4  2n2         586    17      3.33     3.33    3.33     0.522
        4  2n3         764    17      4.75     4.75    4.25     0.543
        4  2n4         668    17      4.58     4.58    4.58     0.455
        4  2n5         747    17      3.33     3.33    3.08     0.542
        4  2n6         762    17      3.42     3.42    3.42     0.648
        4  2n7         678    17      4.67     4.67    3.25     0.388
        4  2n8         806    17      4.00     4.00    3.92     0.520
        4  2n9         755    17      3.42     3.42    3.25     0.597
        4  2n10        728    17      4.75     4.75    4.08     0.537
        4  2n11        711    17      4.42     4.42    4.17     0.506
        4  2n12       1549    17      4.58     4.58    4.17     0.474
        4  2n13       1675    17      4.42     4.42    3.33     0.617
        4  2n14       1298    17      3.50     3.50    3.50     0.702
        4  2n15       1051    17      3.50     3.50    3.17     0.568
        4  3n0        1624    79      3.83     3.50    3.33     0.587
        4  3n1        1981    79      4.50     2.75    2.75     0.486
        4  3n2         871    79      3.08     2.33    2.33     0.591
        4  3n3        2067    79      4.42     3.25    3.17     0.607
        4  3n4        2212    79      4.00     3.50    2.92     0.742
        4  3n5        1587    79      3.50     2.33    2.58     0.548
        4  3n6        6798    79      4.50     3.00    3.00     0.665
        4  3n7        5319    79      3.17     2.42    2.42     0.539
        4  4n0        3470    96      1.17     1.17    1.17     0.966
        4  4n1        3237    96      1.83     1.67    1.67     0.839
        4  4n2        4743    96      1.42     1.33    1.33     0.973
        4  4n3        5657    96      1.67     1.58    1.58     0.860
        5  2n0         859    18      4.78     4.78    4.67     0.538
        5  2n1         508    18      2.56     2.56    2.44     0.778
        5  2n2         466    18      3.89     3.89    3.89     0.496
        5  2n3         679    18      4.00     4.00    2.78     0.487
        5  2n4         449    18      3.22     3.22    3.22     0.590
        5  2n5         636    18      3.00     3.00    2.67     0.599
        5  2n6         910    18      3.11     3.11    3.11     0.646
        5  2n7         431    18      4.44     4.44    3.44     0.555
        5  2n8         406    18      3.22     3.22    3.22     0.571
        5  2n9         714    18      3.00     3.00    3.00     0.622
        5  2n10        531    18      4.00     4.00    3.78     0.580
        5  2n11        555    18      3.44     3.44    2.89     0.766
        5  2n12        724    18      3.67     3.67    3.56     0.528
        5  2n13        975    18      4.11     4.11    3.22     0.515
        5  2n14        534    18      2.67     2.67    2.67     0.704
        5  2n15       1059    18      2.56     2.56    2.56     0.843
        5  3n0        1116    81      4.33     3.78    3.44     0.444
        5  3n1        1744    81      4.22     2.56    2.56     0.611
        5  3n2         650    81      3.44     2.33    2.44     0.517
        5  3n3        1936    81      4.67     3.11    3.00     0.643
        5  3n4        1541    81      3.22     2.67    2.67     0.771
        5  3n5        1156    81      4.11     2.44    2.44     0.480
        5  3n6        4948    81      4.67     3.33    3.22     0.744
        5  3n7        2687    81      3.22     2.33    2.44     0.620
        5  4n0        3644   100      1.00     1.00    1.00     1.000
        5  4n1        3400   100      1.67     1.56    1.67     0.947
        5  4n2        5641   100      1.44     1.44    1.44     0.994
        5  4n3        5356   100      2.00     1.89    2.00     0.855

====================================================================================================
[E] THE WRITER'S CLASS ACCURACY ON THE PRICED BEAM (held-out: fresh instances/cycle)
====================================================================================================
    `contains` against the clean latent, `rep` against the set of features that REPAIR
    the instance there. On an open slot the writer IS the head, so `rep` is the head's
    class accuracy; where the corridor is closed it is the DP's. Q0 §3's audition-path
    numbers for the DP at the frontier: 4n3 contains_rep 0.718 (era 4), 5n1 0.582.

    al_pj_yk:
      era  cell     contains n    contains   rep n     rep
        1  2n0          413      0.446       64    0.078
        1  2n1          317      0.438       64    0.141
        1  2n2          349      0.590       64    0.219
        1  2n3          268      0.683       64    0.141
        1  2n4          246      0.492       64    0.328
        1  2n5          300      0.687       64    0.203
        1  2n6          449      0.844       64    0.172
        1  2n7          408      0.684       64    0.219
        1  2n8          386      0.718       64    0.141
        1  2n9          581      0.468       64    0.125
        1  2n10         381      0.874       64    0.156
        1  2n11         460      0.622       64    0.203
        1  2n12         413      0.441       64    0.391
        1  2n13         525      0.554       64    0.234
        1  2n14         360      0.814       64    0.109
        1  2n15         421      0.366       64    0.141
        2  2n0         4570      0.429     2835    0.229
        2  2n1         4534      0.554     3033    0.163
        2  2n2         4969      0.592     3103    0.235
        2  2n3         5285      0.431     3031    0.148
        2  2n4         3740      0.472     2857    0.186
        2  2n5         4640      0.524     3055    0.206
        2  2n6         4659      0.701     2976    0.244
        2  2n7         5370      0.446     3149    0.172
        2  2n8         4316      0.336     2901    0.142
        2  2n9         4536      0.375     2921    0.137
        2  2n10        4144      0.540     2959    0.245
        2  2n11        4436      0.394     2883    0.130
        2  2n12        9227      0.492     3152    0.565
        2  2n13        6245      0.398     3111    0.271
        2  2n14        3971      0.581     2797    0.249
        2  2n15        4580      0.381     2966    0.211
        2  3n0         4113      0.294     2034    0.113
        2  3n1         4442      0.259     2040    0.175
        2  3n2         3821      0.435     2032    0.205
        2  3n3         5545      0.228     2112    0.214
        2  3n4         4543      0.336     2001    0.139
        2  3n5         3768      0.298     1998    0.207
        2  3n6         7058      0.470     2112    0.514
        2  3n7         4413      0.324     2003    0.230
        3  2n0         5755      0.516     4141    0.292
        3  2n1         5475      0.582     4019    0.255
        3  2n2         5914      0.630     4102    0.279
        3  2n3         6971      0.439     4376    0.232
        3  2n4         3744      0.543     3361    0.258
        3  2n5         5382      0.554     3995    0.250
        3  2n6         6137      0.718     4244    0.330
        3  2n7         5906      0.505     4194    0.231
        3  2n8         5385      0.400     4052    0.217
        3  2n9         4959      0.475     3868    0.196
        3  2n10        5897      0.617     4056    0.300
        3  2n11        4710      0.459     3747    0.216
        3  2n12       17989      0.303     4458    0.269
        3  2n13       15567      0.337     4480    0.343
        3  2n14        4570      0.567     3737    0.285
        3  2n15        4961      0.392     3702    0.300
        3  3n0        11035      0.271     4472    0.205
        3  3n1         7326      0.372     4248    0.263
        3  3n2        11025      0.539     4472    0.244
        3  3n3        13465      0.377     4480    0.235
        3  3n4         9433      0.509     4446    0.270
        3  3n5         7023      0.356     4323    0.234
        3  3n6        35026      0.504     4480    0.587
        3  3n7        20967      0.283     4480    0.345
        3  4n0         2237      0.770     1278    0.329
        3  4n1         3604      0.690     1439    0.410
        3  4n2         4772      0.538     1446    0.423
        3  4n3         4977      0.870     1444    0.747
        4  2n0         1020      0.453      736    0.327
        4  2n1          874      0.581      702    0.298
        4  2n2          893      0.520      700    0.230
        4  2n3         1110      0.447      720    0.319
        4  2n4          621      0.649      554    0.374
        4  2n5         1048      0.403      762    0.291
        4  2n6          951      0.687      699    0.369
        4  2n7          935      0.482      705    0.288
        4  2n8          890      0.299      742    0.279
        4  2n9          846      0.482      681    0.209
        4  2n10         730      0.522      623    0.165
        4  2n11         949      0.361      705    0.345
        4  2n12        3034      0.309      768    0.126
        4  2n13        2523      0.261      768    0.217
        4  2n14         718      0.561      584    0.305
        4  2n15         938      0.281      672    0.324
        4  3n0         2376      0.277      768    0.303
        4  3n1         1357      0.317      764    0.173
        4  3n2         2336      0.599      768    0.212
        4  3n3         2133      0.438      768    0.214
        4  3n4         1822      0.517      768    0.292
        4  3n5         1102      0.299      733    0.218
        4  3n6         6199      0.283      768    0.251
        4  3n7         5738      0.235      768    0.383
        4  4n0         1286      0.698      732    0.361
        4  4n1         1678      0.821      768    0.388
        4  4n2         3826      0.426      768    0.346
        4  4n3         3911      0.803      768    0.706
        5  2n0          745      0.446      564    0.392
        5  2n1          815      0.575      530    0.270
        5  2n2          826      0.416      489    0.294
        5  2n3          777      0.523      576    0.286
        5  2n4          425      0.405      402    0.343
        5  2n5         1006      0.421      571    0.356
        5  2n6          643      0.613      465    0.351
        5  2n7          585      0.467      517    0.315
        5  2n8          519      0.150      469    0.303
        5  2n9          594      0.468      469    0.243
        5  2n10         539      0.212      468    0.306
        5  2n11         947      0.238      576    0.453
        5  2n12        1932      0.410      576    0.153
        5  2n13        2284      0.319      576    0.342
        5  2n14         403      0.628      382    0.259
        5  2n15        1021      0.258      533    0.478
        5  3n0         2079      0.438      576    0.439
        5  3n1          959      0.267      541    0.277
        5  3n2         1897      0.640      576    0.358
        5  3n3         2236      0.467      576    0.309
        5  3n4         1613      0.514      576    0.399
        5  3n5          967      0.221      576    0.266
        5  3n6         4027      0.244      576    0.200
        5  3n7         3380      0.219      576    0.337
        5  4n0          819      0.747      520    0.335
        5  4n1         1782      0.880      576    0.411
        5  4n2         4988      0.405      576    0.490
        5  4n3         3672      0.867      576    0.431

    al_rt_yk:
      era  cell     contains n    contains   rep n     rep
        1  2n0          413      0.446       64    0.078
        1  2n1          317      0.438       64    0.141
        1  2n2          349      0.590       64    0.219
        1  2n3          268      0.683       64    0.141
        1  2n4          246      0.492       64    0.328
        1  2n5          300      0.687       64    0.203
        1  2n6          449      0.844       64    0.172
        1  2n7          408      0.684       64    0.219
        1  2n8          386      0.718       64    0.141
        1  2n9          581      0.468       64    0.125
        1  2n10         381      0.874       64    0.156
        1  2n11         460      0.622       64    0.203
        1  2n12         413      0.441       64    0.391
        1  2n13         525      0.554       64    0.234
        1  2n14         360      0.814       64    0.109
        1  2n15         421      0.366       64    0.141
        2  2n0         5055      0.465     2981    0.216
        2  2n1         5330      0.487     3134    0.142
        2  2n2         5132      0.554     3095    0.225
        2  2n3         5502      0.411     3105    0.194
        2  2n4         4038      0.406     2970    0.154
        2  2n5         5018      0.491     2983    0.240
        2  2n6         4421      0.672     2978    0.179
        2  2n7         4519      0.571     3012    0.238
        2  2n8         4859      0.328     3139    0.159
        2  2n9         4401      0.408     2962    0.159
        2  2n10        3503      0.533     2596    0.246
        2  2n11        4089      0.442     2857    0.150
        2  2n12        9465      0.540     3146    0.589
        2  2n13        6001      0.435     3088    0.318
        2  2n14        3703      0.536     2743    0.239
        2  2n15        4914      0.360     2989    0.183
        2  3n0         4125      0.360     2037    0.140
        2  3n1         4329      0.281     2078    0.196
        2  3n2         3807      0.506     1955    0.217
        2  3n3         4862      0.348     2073    0.226
        2  3n4         4915      0.447     2053    0.142
        2  3n5         4717      0.401     2054    0.261
        2  3n6         6542      0.517     2108    0.540
        2  3n7         4015      0.302     2060    0.214
        3  2n0         9298      0.519     4441    0.247
        3  2n1         5847      0.554     4011    0.203
        3  2n2         5661      0.617     4065    0.261
        3  2n3         7599      0.482     4391    0.171
        3  2n4         4374      0.532     3696    0.228
        3  2n5         7418      0.600     4338    0.250
        3  2n6         4986      0.713     3924    0.264
        3  2n7         5226      0.522     3993    0.232
        3  2n8         5417      0.366     4035    0.236
        3  2n9         4551      0.504     3771    0.207
        3  2n10        4306      0.620     3644    0.333
        3  2n11        5131      0.463     3952    0.169
        3  2n12       14660      0.339     4459    0.230
        3  2n13       11972      0.328     4480    0.356
        3  2n14        5131      0.656     3966    0.260
        3  2n15        6202      0.374     4104    0.293
        3  3n0         9467      0.454     4451    0.206
        3  3n1         8744      0.427     4405    0.257
        3  3n2         5913      0.479     4086    0.237
        3  3n3        13641      0.524     4480    0.327
        3  3n4        13041      0.526     4480    0.244
        3  3n5        10178      0.419     4416    0.266
        3  3n6        38782      0.478     4480    0.566
        3  3n7        19740      0.271     4480    0.301
        3  4n0         3629      0.670     1448    0.249
        3  4n1         3431      0.686     1396    0.421
        3  4n2         5794      0.392     1472    0.448
        3  4n3         6000      0.851     1457    0.707
        4  2n0         1420      0.430      768    0.223
        4  2n1          724      0.512      607    0.236
        4  2n2          586      0.628      508    0.264
        4  2n3          764      0.526      642    0.198
        4  2n4          668      0.650      618    0.309
        4  2n5          747      0.668      613    0.269
        4  2n6          762      0.520      642    0.397
        4  2n7          678      0.456      558    0.301
        4  2n8          806      0.458      636    0.314
        4  2n9          755      0.542      628    0.346
        4  2n10         728      0.603      646    0.372
        4  2n11         711      0.318      623    0.231
        4  2n12        1549      0.140      703    0.092
        4  2n13        1675      0.176      768    0.214
        4  2n14        1298      0.516      745    0.328
        4  2n15        1051      0.271      715    0.276
        4  3n0         1624      0.241      768    0.207
        4  3n1         1981      0.570      768    0.439
        4  3n2          871      0.452      681    0.347
        4  3n3         2067      0.496      761    0.402
        4  3n4         2212      0.547      768    0.393
        4  3n5         1587      0.361      768    0.405
        4  3n6         6798      0.259      768    0.340
        4  3n7         5319      0.232      768    0.410
        4  4n0         3470      0.640      768    0.193
        4  4n1         3237      0.765      768    0.658
        4  4n2         4743      0.254      768    0.500
        4  4n3         5657      0.831      768    0.783
        5  2n0          859      0.448      544    0.290
        5  2n1          508      0.541      452    0.338
        5  2n2          466      0.528      456    0.393
        5  2n3          679      0.527      507    0.450
        5  2n4          449      0.626      406    0.352
        5  2n5          636      0.613      510    0.388
        5  2n6          910      0.537      530    0.530
        5  2n7          431      0.397      411    0.217
        5  2n8          406      0.200      388    0.448
        5  2n9          714      0.202      496    0.266
        5  2n10         531      0.290      462    0.338
        5  2n11         555      0.337      481    0.503
        5  2n12         724      0.322      520    0.225
        5  2n13         975      0.250      561    0.348
        5  2n14         534      0.522      468    0.342
        5  2n15        1059      0.238      552    0.324
        5  3n0         1116      0.411      551    0.194
        5  3n1         1744      0.497      571    0.394
        5  3n2          650      0.518      536    0.394
        5  3n3         1936      0.546      576    0.385
        5  3n4         1541      0.517      576    0.491
        5  3n5         1156      0.257      563    0.366
        5  3n6         4948      0.263      576    0.252
        5  3n7         2687      0.205      576    0.457
        5  4n0         3644      0.669      576    0.233
        5  4n1         3400      0.732      576    0.564
        5  4n2         5641      0.372      576    0.503
        5  4n3         5356      0.828      576    0.576

====================================================================================================
[F] THE IN-SITU READ-BACK — the number DESIGN §15 says decides whether Q2's
    `own_readback` has anything to read
====================================================================================================
    The frozen reader run on the span the learner just wrote, IN PLACE, quotiented
    through the arm's own class map and tallied against the record's class. Never
    summed with the verdict. Q0 §4: the STRUCTURAL disagreement on the token class is
    0.000 by construction on this draw, so everything here is the neural ear plus the
    learned quotient.

    al_pj_yk:
      era  cell         n   class_agree  tuple_agree   unnamed
        1  2n0         96       1.000       1.000     0.000
        1  2n1         96       1.000       1.000     0.000
        1  2n2         96       1.000       1.000     0.000
        1  2n3         96       1.000       1.000     0.000
        1  2n4         96       0.979       0.979     0.000
        1  2n5         96       1.000       1.000     0.000
        1  2n6         96       1.000       1.000     0.000
        1  2n7         96       1.000       1.000     0.000
        1  2n8         96       1.000       1.000     0.000
        1  2n9         96       1.000       1.000     0.000
        1  2n10        96       1.000       1.000     0.000
        1  2n11        96       1.000       1.000     0.000
        1  2n12        96       1.000       1.000     0.000
        1  2n13        96       1.000       1.000     0.000
        1  2n14        96       0.990       0.990     0.000
        1  2n15        96       1.000       1.000     0.000
        2  2n0       3688       0.965       0.965     0.000
        2  2n1       3775       0.978       0.978     0.000
        2  2n2       4181       0.948       0.948     0.000
        2  2n3       4210       0.801       0.801     0.000
        2  2n4       3419       0.923       0.923     0.000
        2  2n5       3993       0.911       0.911     0.000
        2  2n6       3948       0.975       0.975     0.000
        2  2n7       4339       0.825       0.825     0.000
        2  2n8       3694       0.960       0.960     0.000
        2  2n9       3671       0.948       0.948     0.000
        2  2n10      3682       0.907       0.907     0.000
        2  2n11      3749       0.786       0.786     0.000
        2  2n12      4614       0.994       0.994     0.000
        2  2n13      4322       0.953       0.953     0.000
        2  2n14      3419       0.986       0.986     0.000
        2  2n15      3728       0.963       0.963     0.000
        2  3n0       2701       0.999       0.630     0.000
        2  3n1       2821       1.000       0.280     0.000
        2  3n2       2694       1.000       0.454     0.000
        2  3n3       3105       1.000       0.276     0.000
        2  3n4       2747       0.999       0.562     0.000
        2  3n5       2618       0.994       0.340     0.000
        2  3n6       3146       0.999       0.424     0.000
        2  3n7       2829       1.000       0.380     0.000
        3  2n0       5136       0.957       0.957     0.000
        3  2n1       5080       0.870       0.870     0.000
        3  2n2       5212       0.903       0.903     0.000
        3  2n3       5860       0.759       0.759     0.000
        3  2n4       3726       0.853       0.853     0.000
        3  2n5       4936       0.921       0.921     0.000
        3  2n6       5506       0.935       0.935     0.000
        3  2n7       5302       0.820       0.820     0.000
        3  2n8       4926       0.931       0.931     0.000
        3  2n9       4698       0.878       0.878     0.000
        3  2n10      5319       0.863       0.863     0.000
        3  2n11      4503       0.741       0.741     0.000
        3  2n12      6666       0.884       0.884     0.000
        3  2n13      6709       0.901       0.901     0.000
        3  2n14      4407       0.915       0.915     0.000
        3  2n15      4488       0.889       0.889     0.000
        3  3n0       6607       1.000       0.665     0.000
        3  3n1       5879       1.000       0.369     0.000
        3  3n2       6596       1.000       0.506     0.000
        3  3n3       6711       1.000       0.502     0.000
        3  3n4       6480       1.000       0.795     0.000
        3  3n5       5888       1.000       0.582     0.000
        3  3n6       6720       0.999       0.483     0.000
        3  3n7       6708       1.000       0.491     0.000
        3  4n0       1584       1.000       0.982     0.000
        3  4n1       2010       1.000       0.622     0.000
        3  4n2       2145       1.000       0.792     0.000
        3  4n3       2116       1.000       0.980     0.000
        4  2n0        966       0.754       0.754     0.000
        4  2n1        859       0.708       0.708     0.000
        4  2n2        887       0.759       0.759     0.000
        4  2n3        962       0.353       0.353     0.000
        4  2n4        606       0.543       0.543     0.000
        4  2n5        992       0.371       0.371     0.000
        4  2n6        854       0.843       0.843     0.000
        4  2n7        899       0.492       0.492     0.000
        4  2n8        887       0.604       0.604     0.000
        4  2n9        795       0.567       0.567     0.000
        4  2n10       720       0.725       0.725     0.000
        4  2n11       878       0.440       0.440     0.000
        4  2n12      1152       0.786       0.786     0.000
        4  2n13      1139       0.746       0.746     0.000
        4  2n14       696       0.806       0.806     0.000
        4  2n15       867       0.588       0.588     0.000
        4  3n0       1152       1.000       0.660     0.000
        4  3n1       1071       1.000       0.376     0.000
        4  3n2       1120       1.000       0.480     0.000
        4  3n3       1123       1.000       0.687     0.000
        4  3n4       1152       1.000       0.510     0.000
        4  3n5        957       1.000       0.633     0.000
        4  3n6       1152       1.000       0.572     0.000
        4  3n7       1152       1.000       0.594     0.000
        4  4n0       1013       1.000       0.831     0.000
        4  4n1       1057       1.000       0.880     0.000
        4  4n2       1152       1.000       0.997     0.000
        4  4n3       1152       1.000       1.000     0.000
        5  2n0        693       0.841       0.841     0.000
        5  2n1        687       0.659       0.659     0.000
        5  2n2        662       0.684       0.684     0.000
        5  2n3        739       0.342       0.342     0.000
        5  2n4        425       0.668       0.668     0.000
        5  2n5        801       0.390       0.390     0.000
        5  2n6        579       0.812       0.812     0.000
        5  2n7        585       0.491       0.491     0.000
        5  2n8        519       0.819       0.819     0.000
        5  2n9        577       0.584       0.584     0.000
        5  2n10       524       0.706       0.706     0.000
        5  2n11       846       0.359       0.359     0.000
        5  2n12       864       0.631       0.631     0.000
        5  2n13       864       0.816       0.816     0.000
        5  2n14       403       0.839       0.839     0.000
        5  2n15       784       0.772       0.772     0.000
        5  3n0        864       1.000       0.865     0.000
        5  3n1        736       1.000       0.348     0.000
        5  3n2        864       1.000       0.536     0.000
        5  3n3        864       1.000       0.690     0.000
        5  3n4        864       1.000       0.793     0.000
        5  3n5        829       1.000       0.517     0.000
        5  3n6        864       1.000       0.705     0.000
        5  3n7        864       1.000       0.750     0.000
        5  4n0        655       1.000       0.855     0.000
        5  4n1        864       1.000       0.631     0.000
        5  4n2        864       1.000       1.000     0.000
        5  4n3        864       1.000       1.000     0.000

    al_rt_yk:
      era  cell         n   class_agree  tuple_agree   unnamed
        1  2n0         96       1.000       1.000     0.000
        1  2n1         96       1.000       1.000     0.000
        1  2n2         96       1.000       1.000     0.000
        1  2n3         96       1.000       1.000     0.000
        1  2n4         96       0.979       0.979     0.000
        1  2n5         96       1.000       1.000     0.000
        1  2n6         96       1.000       1.000     0.000
        1  2n7         96       1.000       1.000     0.000
        1  2n8         96       1.000       1.000     0.000
        1  2n9         96       1.000       1.000     0.000
        1  2n10        96       1.000       1.000     0.000
        1  2n11        96       1.000       1.000     0.000
        1  2n12        96       1.000       1.000     0.000
        1  2n13        96       1.000       1.000     0.000
        1  2n14        96       0.990       0.990     0.000
        1  2n15        96       1.000       1.000     0.000
        2  2n0       4013       0.985       0.985     0.000
        2  2n1       4250       0.916       0.916     0.000
        2  2n2       4134       0.880       0.880     0.000
        2  2n3       4288       0.707       0.707     0.000
        2  2n4       3693       0.951       0.951     0.000
        2  2n5       4019       0.892       0.892     0.000
        2  2n6       3844       0.949       0.949     0.000
        2  2n7       3909       0.877       0.877     0.000
        2  2n8       4200       0.989       0.989     0.000
        2  2n9       3682       0.968       0.968     0.000
        2  2n10      3077       0.877       0.877     0.000
        2  2n11      3598       0.758       0.758     0.000
        2  2n12      4640       0.974       0.974     0.000
        2  2n13      4364       0.944       0.944     0.000
        2  2n14      3291       0.978       0.978     0.000
        2  2n15      3957       0.885       0.885     0.000
        2  3n0       2784       1.000       0.941     0.000
        2  3n1       2858       0.999       0.463     0.000
        2  3n2       2594       1.000       0.823     0.000
        2  3n3       2953       1.000       0.293     0.000
        2  3n4       2994       1.000       0.991     0.000
        2  3n5       2924       0.991       0.742     0.000
        2  3n6       3067       0.999       0.757     0.000
        2  3n7       2871       1.000       0.409     0.000
        3  2n0       6416       0.973       0.973     0.000
        3  2n1       5139       0.881       0.881     0.000
        3  2n2       5159       0.830       0.830     0.000
        3  2n3       6022       0.708       0.708     0.000
        3  2n4       4234       0.959       0.959     0.000
        3  2n5       6013       0.897       0.897     0.000
        3  2n6       4715       0.974       0.974     0.000
        3  2n7       4988       0.719       0.719     0.000
        3  2n8       4967       0.966       0.966     0.000
        3  2n9       4407       0.941       0.941     0.000
        3  2n10      4218       0.900       0.900     0.000
        3  2n11      4767       0.746       0.746     0.000
        3  2n12      6567       0.985       0.985     0.000
        3  2n13      6671       0.927       0.927     0.000
        3  2n14      4834       0.931       0.931     0.000
        3  2n15      5372       0.920       0.920     0.000
        3  3n0       6407       1.000       0.954     0.000
        3  3n1       6211       0.996       0.715     0.000
        3  3n2       5317       1.000       0.695     0.000
        3  3n3       6664       1.000       0.277     0.000
        3  3n4       6669       1.000       0.948     0.000
        3  3n5       6481       0.991       0.769     0.000
        3  3n6       6720       1.000       0.642     0.000
        3  3n7       6720       0.999       0.757     0.000
        3  4n0       2059       1.000       1.000     0.000
        3  4n1       1935       1.000       0.997     0.000
        3  4n2       2182       1.000       1.000     0.000
        3  4n3       2161       1.000       1.000     0.000
        4  2n0       1060       0.984       0.984     0.000
        4  2n1        714       0.986       0.986     0.000
        4  2n2        561       0.841       0.841     0.000
        4  2n3        759       0.833       0.833     0.000
        4  2n4        666       0.959       0.959     0.000
        4  2n5        714       0.964       0.964     0.000
        4  2n6        730       0.978       0.978     0.000
        4  2n7        658       0.667       0.667     0.000
        4  2n8        766       0.971       0.971     0.000
        4  2n9        732       0.936       0.936     0.000
        4  2n10       721       0.825       0.825     0.000
        4  2n11       711       0.826       0.826     0.000
        4  2n12       989       0.957       0.957     0.000
        4  2n13      1119       0.935       0.935     0.000
        4  2n14      1008       0.963       0.963     0.000
        4  2n15       926       0.890       0.890     0.000
        4  3n0       1090       1.000       0.999     0.000
        4  3n1       1152       1.000       0.819     0.000
        4  3n2        851       1.000       0.814     0.000
        4  3n3       1081       1.000       0.353     0.000
        4  3n4       1152       1.000       0.999     0.000
        4  3n5       1138       1.000       0.750     0.000
        4  3n6       1152       1.000       0.991     0.000
        4  3n7       1152       1.000       0.910     0.000
        4  4n0       1152       1.000       1.000     0.000
        4  4n1       1152       1.000       0.945     0.000
        4  4n2       1152       1.000       1.000     0.000
        4  4n3       1152       1.000       0.995     0.000
        5  2n0        729       0.926       0.926     0.000
        5  2n1        508       0.967       0.967     0.000
        5  2n2        466       0.957       0.957     0.000
        5  2n3        631       0.686       0.686     0.000
        5  2n4        438       0.959       0.959     0.000
        5  2n5        622       0.942       0.942     0.000
        5  2n6        752       1.000       1.000     0.000
        5  2n7        431       0.687       0.687     0.000
        5  2n8        406       1.000       1.000     0.000
        5  2n9        633       0.956       0.956     0.000
        5  2n10       531       0.893       0.893     0.000
        5  2n11       555       0.852       0.852     0.000
        5  2n12       674       0.918       0.918     0.000
        5  2n13       811       0.862       0.862     0.000
        5  2n14       526       1.000       1.000     0.000
        5  2n15       792       0.984       0.984     0.000
        5  3n0        750       1.000       0.996     0.000
        5  3n1        827       1.000       0.874     0.000
        5  3n2        642       1.000       0.693     0.000
        5  3n3        852       1.000       0.331     0.000
        5  3n4        864       1.000       0.993     0.000
        5  3n5        802       0.993       0.778     0.000
        5  3n6        864       1.000       0.988     0.000
        5  3n7        864       1.000       0.931     0.000
        5  4n0        864       1.000       1.000     0.000
        5  4n1        864       1.000       1.000     0.000
        5  4n2        864       1.000       1.000     0.000
        5  4n3        864       1.000       1.000     0.000

====================================================================================================
[G] THE RECORD'S VOLUME AND THE OBJECTIVE'S DIET
====================================================================================================
    `filed` writes kept by the beam and on a graded tip; `solved` their verdict;
    `unnamed` training rows whose recorded class has no member in the current table
    (the argmax arms' own hazard — DESIGN §14); `verify_bad` gate V-1's counter.

    arm                    written    filed   solved%   unnamed   verify   v_bad   buf(last, max over slots)
    al_pj_yk                  1533108   457738    0.282         0   457738       0   8192
    al_rt_yk                  1604399   468421    0.306         0   468421       0   8192

====================================================================================================
[H] ARRIVAL, CLASS COVERAGE, MERGES AND THE BILL
====================================================================================================
    arm                   L5@sup(end) L6@sup(end)  L4 classes(end)  merges taken  exp_reads   t_cum
    al_pj_yk                         12           0              26            54    2242809    50988890
    al_rt_yk                         16           3              24            48    2227453    50947968
    vo_s3d2:voi3_dp                  13           0              26            50    2246273    50979162
    vo_s3e:voi3b_comp_yk             11           0              22            42    2251313    50937152
    vo_s3e:voi3b_comp_pr_yk          21           0              25            43    2262497    51168591
    so_s2:so_mg_yk                   14           0              29            44    2250057    50947776
    so_s2:so_cg_yk                   21           0              28            43    2255156    50980224
    so_s2:so_hy_yk                   15           1              24            46    2251059    51050076

====================================================================================================
[I] ERA-4/5 ERROR — with the caveat
====================================================================================================
    `enharmonic`'s matched-clock gaps between near-identical arms reach 0.08, and these
    arms are SELF-PACED and lived different numbers of cycles, so error is NOT a claim
    here. The structural readouts above are.

    arm                   era1  era2  era3  era4  era5
    al_pj_yk                 0.469  0.598  0.569  0.535  0.555
    al_rt_yk                 0.469  0.573  0.597  0.485  0.503
    vo_s3d2:voi3_dp          0.466  0.599  0.625  0.622  0.831
    vo_s3e:voi3b_comp_yk     0.469  0.589  0.577  0.597  0.769
    vo_s3e:voi3b_comp_pr_yk  0.469  0.593  0.548  0.556  0.708
    so_s2:so_mg_yk           0.469  0.592  0.569  0.582  0.607
    so_s2:so_cg_yk           0.469  0.582  0.582  0.532  0.595
    so_s2:so_hy_yk           0.469  0.569  0.569  0.542  0.553

====================================================================================================
[J] THE CRITIC — held-out AUC against the verdict, per slot, over the run
====================================================================================================
    The held-out split is by the parity gate's own BIJECTIVE row code, not a coin flip,
    so a context recurring across cycles cannot sit on both sides. `auc` is None where
    one class is absent on the held-out rows — an AUC is undefined then, and saying so
    beats reporting 0.5. DENOMINATORS AND BASE RATES ARE PART OF THE READING: the
    preflight's AUCs sat on 16-26 rows at base rate 0.045-0.08 and were a path check.

    [sotto] `auc_world` is the probe AUC scored against the WORLD'S verdict on the
    same rows rather than against the verdict that was FILED. On a world-graded arm the
    two columns are the same number; on a model-graded arm they are not, and the one
    the question is about is `auc_world` — can the critic rank what the world would have
    said, having been taught by a mirror. `filed==world` is the share of the filed
    probe rows whose verdict the world agreed with, i.e. the mirror's own accuracy on
    the rows it actually put into the critic.

    [Q3] THE TWO DIETS ARE READ APART and are NEVER pooled. The filed rows are the
    practice beam's own writes — a narrow, self-selected candidate set (Q0 finding 3:
    at the frontier almost every write falls in one token class) — and the probe rows
    are the babbler's substitutions, a DIFFERENT class by construction. A pooled AUC
    would read that candidate-set difference as discrimination. Both columns carry
    their own denominator and base rate.

    al_pj_yk:
      FILED rows                                              PROBE rows [Q3], the AUC scored against the WORLD [sotto]
      slot   reads  n(last) base(last)  auc f/med/last  >.5   n(last) base(last)  auc f/med/last  >.5   auc_world f/med/last  filed==world
      2:0      141      798      0.323  0.175/0.627/0.679  0.98       791      0.150  0.761/0.729/0.723  0.95   0.559/0.599/0.686   0.882
      2:1      142      865      0.245  0.250/0.639/0.631  0.89       784      0.177  0.448/0.533/0.541  0.67   0.609/0.662/0.695   0.884
      2:2      141      759      0.274  0.000/0.688/0.751  0.99       796      0.194  0.754/0.562/0.559  0.82   0.267/0.661/0.642   0.851
      2:3      142      907      0.198  0.950/0.655/0.714  0.96       888      0.184  0.639/0.673/0.638  1.00   0.053/0.623/0.652   0.865
      2:4      142      787      0.257  0.923/0.637/0.669  0.97       687      0.136  0.444/0.706/0.754  0.92   0.091/0.620/0.701   0.874
      2:5      142      918      0.242  0.062/0.568/0.746  0.87       972      0.228  0.852/0.667/0.746  0.98   0.530/0.489/0.591   0.890
      2:6      142      787      0.320  0.108/0.734/0.762  0.98       751      0.205  0.237/0.713/0.739  0.98   0.632/0.589/0.570   0.870
      2:7      142      747      0.280  0.987/0.631/0.608  0.99       728      0.211  0.924/0.568/0.570  0.98   0.320/0.613/0.612   0.840
      2:8      142      764      0.304  0.871/0.710/0.698  0.92       742      0.167  0.736/0.624/0.639  1.00   0.373/0.634/0.571   0.848
      2:9      142      858      0.171  0.768/0.670/0.636  0.84       842      0.213  0.818/0.569/0.579  0.82   0.173/0.663/0.579   0.836
      2:10     141      987      0.320  0.390/0.672/0.651  0.97       911      0.241  0.927/0.604/0.605  0.87   0.873/0.616/0.580   0.832
      2:11     142      786      0.277  0.991/0.675/0.840  0.85       763      0.181  0.203/0.610/0.618  0.86   0.478/0.607/0.651   0.831
      2:12     142      804      0.272  0.913/0.615/0.562  0.91       731      0.227  0.741/0.568/0.676  0.85   0.622/0.687/0.572   0.830
      2:13     142      769      0.336  1.000/0.624/0.572  0.99       828      0.253  1.000/0.664/0.633  1.00   0.967/0.673/0.627   0.825
      2:14     142      912      0.292  0.810/0.647/0.568  0.96       837      0.178  0.703/0.667/0.676  0.99   0.018/0.510/0.555   0.893
      2:15     142      844      0.248  0.842/0.634/0.785  0.84       865      0.189  0.778/0.644/0.628  0.88   0.226/0.640/0.700   0.861
      3:0      124      755      0.350  1.000/0.681/0.697  0.99       882      0.158  0.939/0.565/0.669  0.65   0.640/0.631/0.639   0.893
      3:1      124      886      0.221  0.831/0.559/0.721  0.67       811      0.166  0.857/0.649/0.712  0.81   0.431/0.504/0.570   0.906
      3:2      124      765      0.388  0.887/0.660/0.690  1.00       802      0.217  0.533/0.604/0.525  0.96   0.656/0.515/0.458   0.847
      3:3      124      790      0.268  0.720/0.633/0.706  1.00       812      0.176  0.368/0.651/0.646  0.91   0.356/0.615/0.678   0.874
      3:4      124      736      0.402  0.778/0.765/0.733  1.00       777      0.187  0.417/0.640/0.658  0.97   0.939/0.544/0.515   0.835
      3:5      124      727      0.246  0.034/0.615/0.556  0.75       666      0.177  0.750/0.588/0.652  0.90   0.091/0.562/0.560   0.869
      3:6      124      890      0.316  0.091/0.651/0.673  0.98       811      0.211  0.625/0.583/0.583  1.00   0.444/0.535/0.505   0.817
      3:7      124      832      0.304  0.575/0.567/0.619  0.78       789      0.184  0.438/0.642/0.640  0.97   0.696/0.462/0.543   0.874
      4:0       44      464      0.362  0.529/0.666/0.735  0.84       260      0.205  0.955/0.681/0.651  1.00   0.549/0.708/0.765   0.874
      4:1       44      869      0.519  0.771/0.818/0.827  1.00       330      0.260  0.281/0.676/0.737  0.71   0.785/0.732/0.733   0.796
      4:2       44      832      0.496  0.750/0.599/0.555  0.93       277      0.268  1.000/0.679/0.709  1.00   0.259/0.619/0.654   0.793
      4:3       44      925      0.589  1.000/0.740/0.625  1.00       290      0.272  0.500/0.668/0.623  0.98   0.905/0.751/0.669   0.767

    al_rt_yk:
      FILED rows                                              PROBE rows [Q3], the AUC scored against the WORLD [sotto]
      slot   reads  n(last) base(last)  auc f/med/last  >.5   n(last) base(last)  auc f/med/last  >.5   auc_world f/med/last  filed==world
      2:0      141      771      0.370  0.175/0.697/0.700  0.97       780      0.192  1.000/0.698/0.676  0.99   0.029/0.575/0.585   0.926
      2:1      142      823      0.109  0.250/0.537/0.571  0.68       747      0.125  0.346/0.546/0.525  0.79   0.270/0.551/0.661   0.915
      2:2      141     1024      0.188  0.000/0.714/0.655  0.99       936      0.229  0.660/0.590/0.634  1.00   0.333/0.664/0.687   0.869
      2:3      142      945      0.137  0.950/0.597/0.798  0.68       855      0.177  0.267/0.597/0.672  0.90   1.000/0.679/0.608   0.890
      2:4      142      864      0.166  0.923/0.667/0.680  0.99       762      0.181  0.273/0.594/0.663  0.69   0.621/0.395/0.404   0.868
      2:5      142      746      0.221  0.062/0.637/0.619  0.84       816      0.160  0.959/0.689/0.652  1.00   0.286/0.644/0.689   0.889
      2:6      142      796      0.212  0.108/0.692/0.662  0.98       786      0.156  0.200/0.562/0.696  0.84   0.979/0.650/0.705   0.945
      2:7      142      620      0.258  0.987/0.651/0.722  0.99       709      0.226  0.600/0.582/0.575  0.79   0.515/0.618/0.702   0.865
      2:8      142      858      0.284  0.871/0.624/0.667  0.96       852      0.176  0.796/0.656/0.649  1.00   0.947/0.589/0.582   0.886
      2:9      142      791      0.236  0.768/0.638/0.747  0.86       753      0.152  0.030/0.620/0.669  0.87   0.735/0.666/0.677   0.917
      2:10     141      680      0.326  0.789/0.722/0.537  0.94       662      0.268  0.542/0.530/0.452  0.58   0.471/0.662/0.517   0.879
      2:11     142      888      0.139  0.991/0.622/0.659  0.96       833      0.178  0.043/0.618/0.637  0.99   0.882/0.648/0.557   0.873
      2:12     142      746      0.210  0.913/0.658/0.640  0.88       760      0.272  0.237/0.573/0.620  0.89   0.722/0.595/0.667   0.831
      2:13     142      814      0.323  1.000/0.665/0.584  1.00       711      0.264  1.000/0.608/0.611  0.83   0.237/0.515/0.491   0.863
      2:14     142      743      0.353  0.810/0.692/0.729  0.96       763      0.166  0.910/0.580/0.590  0.78   0.750/0.679/0.685   0.927
      2:15     142      669      0.158  0.842/0.664/0.634  0.98       871      0.192  0.864/0.703/0.562  1.00   0.057/0.692/0.664   0.835
      3:0      124      787      0.239  1.000/0.674/0.785  0.94       804      0.138  0.503/0.673/0.748  0.82   0.357/0.646/0.740   0.941
      3:1      123      852      0.401  0.553/0.733/0.721  0.99       741      0.201  0.775/0.750/0.746  1.00   0.410/0.582/0.635   0.912
      3:2      124      720      0.179  0.903/0.719/0.714  1.00       627      0.172  0.471/0.531/0.695  0.54   0.289/0.517/0.542   0.950
      3:3      124      892      0.370  0.074/0.758/0.649  0.99       848      0.237  0.502/0.729/0.719  1.00   0.667/0.752/0.684   0.865
      3:4      124      827      0.376  0.312/0.648/0.767  0.85       851      0.184  0.810/0.542/0.568  0.74   0.222/0.536/0.577   0.894
      3:5      124      680      0.419  0.685/0.588/0.522  0.94       639      0.226  0.867/0.453/0.551  0.22   0.818/0.638/0.562   0.854
      3:6      124      704      0.469  0.046/0.550/0.631  0.72       773      0.258  0.350/0.625/0.653  0.79   0.905/0.517/0.541   0.858
      3:7      124      736      0.421  1.000/0.710/0.568  0.90       737      0.146  0.356/0.700/0.638  0.98   0.831/0.706/0.632   0.951
      4:0       44      926      0.651  0.976/0.725/0.715  1.00       295      0.353  0.977/0.672/0.632  1.00   0.913/0.591/0.588   0.819
      4:1       44      539      0.586  0.947/0.859/0.848  1.00       147      0.266  0.062/0.804/0.881  0.75   0.667/0.715/0.693   0.696
      4:2       44      950      0.572  0.124/0.653/0.699  0.95       319      0.248  0.167/0.691/0.641  0.95   0.180/0.616/0.644   0.899
      4:3       44      760      0.632  0.650/0.611/0.710  0.93       267      0.295  0.717/0.547/0.656  0.76   0.810/0.601/0.628   0.812

====================================================================================================
[K] EPSILON — its OWN counters, and the frontier it is confined to
====================================================================================================
    `n_eps` counts calls where epsilon FIRED; `eps_shift` those where the uniform class
    draw actually changed the write (it is below `n_eps` because a uniform draw can land
    on the class the argmax would have written). These are separate from `shift`, which
    also counts the CRITIC re-deciding — on a governed arm the two are not separable
    from `shift` alone. Q1 §19 is why the frontier confinement exists at all.

    al_pj_yk: epsilon never fired (argmax arm).

    al_rt_yk: epsilon never fired (argmax arm).

====================================================================================================
[L] GOVERNANCE — which slots the critic earned, when, and how often it moved the write
====================================================================================================
    A slot is governed once it holds `vo_critic_min` filed rows. `shift - eps_shift`
    is the part of the re-decision the CRITIC is responsible for.

    al_pj_yk:  28 slots governed
      slot   first  last   calls     critic-moved share
      2:0   c60    c201     82930               0.558
      2:1   c60    c201     91532               0.550
      2:2   c60    c201     98038               0.482
      2:3   c60    c201    117786               0.588
      2:4   c61    c201     28976               0.454
      2:5   c60    c201     80338               0.448
      2:6   c60    c201    104678               0.445
      2:7   c60    c201     67639               0.619
      2:8   c60    c201     59387               0.553
      2:9   c60    c201     65597               0.504
      2:10  c60    c201    142557               0.472
      2:11  c60    c201     67903               0.675
      2:12  c60    c201    686436               0.369
      2:13  c60    c201    502236               0.493
      2:14  c60    c201     55267               0.488
      2:15  c60    c201    109232               0.453
      3:0   c78    c201    260756               0.658
      3:1   c78    c201    155573               0.863
      3:2   c78    c201    322560               0.646
      3:3   c78    c201    328926               0.697
      3:4   c78    c201    221065               0.589
      3:5   c78    c201    134825               0.797
      3:6   c78    c201   1291012               0.629
      3:7   c78    c201    740379               0.664
      4:0   c158   c201    108300               0.153
      4:1   c158   c201    152990               0.373
      4:2   c158   c201    234964               0.615
      4:3   c158   c201    284502               0.068

    al_rt_yk:  28 slots governed
      slot   first  last   calls     critic-moved share
      2:0   c60    c201    237843               0.411
      2:1   c60    c201     89706               0.561
      2:2   c60    c201     95114               0.496
      2:3   c60    c201    145182               0.679
      2:4   c61    c201     69952               0.478
      2:5   c60    c201    102363               0.520
      2:6   c60    c201     46422               0.521
      2:7   c60    c201     57783               0.602
      2:8   c60    c201     69998               0.570
      2:9   c60    c201     50999               0.569
      2:10  c60    c201     51682               0.485
      2:11  c60    c201     52023               0.750
      2:12  c60    c201    602540               0.385
      2:13  c60    c201    286159               0.438
      2:14  c60    c201     88868               0.456
      2:15  c60    c201    171270               0.402
      3:0   c78    c201    180505               0.439
      3:1   c78    c201    220895               0.704
      3:2   c78    c201    110410               0.530
      3:3   c78    c201    378166               0.675
      3:4   c78    c201    358136               0.318
      3:5   c78    c201    307905               0.456
      3:6   c78    c201   1582069               0.436
      3:7   c78    c201    696184               0.374
      4:0   c158   c201    159132               0.208
      4:1   c158   c201    234292               0.244
      4:2   c158   c201    279561               0.174
      4:3   c158   c201    391394               0.159

====================================================================================================
[M] THE CORRIDOR UNDER A MOVED WRITE — misfire with the treatment's own draws removed
====================================================================================================
    `n_misfire` counts FIRED rows (the head executed) whose span did not match
    `dp_features` exactly. Where the treatment RE-DECIDED the write, a mismatch with the
    DP's row IS the treatment and not a defect — so the raw rate is not the corridor's
    health on a treated arm.

    [Q3] THE SPLIT Q2 COULD NOT MAKE. `n_sampled` / `n_xp_shift` count every
    re-decided call, OPEN and CLOSED alike, and `n_fired` counts only calls the head
    executed — so on an arm whose corridor is mostly shut, Q2's `shift - misfire` was
    a subtraction across two different denominators and `excess` had to be withheld
    wherever `shift > n_misfire`. The recorder now tallies the shift BY PATH
    (`n_shift_fired` / `n_shift_closed`), so `excess` below is
        (n_misfire - shift_FIRED) / n_fired
    on the same denominator throughout. It is the misfire the moved write does NOT
    explain. A negative value means the head matched the DP on rows the treatment had
    moved — possible, and printed rather than clipped. Q2's undecomposable form is kept
    in the last two columns so a Q2 tag reduces to the same numbers it did.

    arm                    open max/last  n_fired    misfire   shift_fire  shift_clos   excess    [Q2 form]
    al_pj_yk                   28 /   28    5509652    0.6051     2773121      856919    0.1018   shift/sampled 0.5503 excess n/a
    al_rt_yk                   28 /   28    6008593    0.4722     2258732      734263    0.0963   shift/sampled 0.4206 excess n/a

    n_open per 10 cycles:
      al_pj_yk                 0   0   0   0   0   0   0  16  16  19  24  23  22  23  24  24  26  26  27  27  28
      al_rt_yk                 0   0   0   0   0   0   0  16  17  24  24  23  24  23  23  23  24  28  28  27  28

====================================================================================================
[N] THE COMPOSED CHOICE — how often the critic moved the write off the DP's row
====================================================================================================
    On a governed slot the composed chooser is  argmax_t  z(dp_t / span) + w * z(critic_t)
    over the on-table candidates, each z-scored over the candidate SET. `moved` is the
    share of governed calls where that argmax is not the DP's own argmax — MEASURED at
    the choice, never inferred from the write.

    `dp_vs_head` is printed beside it and is a DIFFERENT quantity: on an OPEN slot the
    executor's own would-be write is the head's emission, not the DP's row, so the two
    priors already disagree before the critic is consulted. Reading `moved` without it
    would attribute that standing disagreement to the critic. It is 0 on a closed slot
    by construction (there the DP IS the writer).

    A `moved` share near 0 says the critic is decorative at this w; near 1 says the DP
    is. Neither is a defect and neither is read as one here.

    al_pj_yk:  mode=composed  w=1.0
      cell    governed calls      moved   share    dp_vs_head share
      2n0              82930      48897   0.590              0.117
      2n1              91532      52753   0.576              0.080
      2n2              98038      52023   0.531              0.106
      2n3             117786      73105   0.621              0.166
      2n4              28976      14965   0.516              0.179
      2n5              80338      38451   0.479              0.109
      2n6             104678      52095   0.498              0.090
      2n7              67639      44465   0.657              0.134
      2n8              59387      35209   0.593              0.095
      2n9              65597      34088   0.520              0.114
      2n10            142557      73821   0.518              0.119
      2n11             67903      48805   0.719              0.148
      2n12            686436     281488   0.410              0.135
      2n13            502236     291079   0.580              0.161
      2n14             55267      27624   0.500              0.076
      2n15            109232      51534   0.472              0.085
      3n0             260756     208627   0.800              0.258
      3n1             155573     147064   0.945              0.232
      3n2             322560     251066   0.778              0.221
      3n3             328926     259810   0.790              0.217
      3n4             221065     145825   0.660              0.179
      3n5             134825     112653   0.836              0.147
      3n6            1291012     966712   0.749              0.238
      3n7             740379     591462   0.799              0.248
      4n0             108300      24116   0.223              0.099
      4n1             152990      56899   0.372              0.009
      4n2             234964     146145   0.622              0.110
      4n3             284502      28666   0.101              0.037
      ALL            6596384    4159447   0.631

    al_rt_yk:  mode=composed  w=1.0
      cell    governed calls      moved   share    dp_vs_head share
      2n0             237843     112506   0.473              0.126
      2n1              89706      54064   0.603              0.095
      2n2              95114      52364   0.551              0.116
      2n3             145182     107924   0.743              0.150
      2n4              69952      39350   0.563              0.192
      2n5             102363      57917   0.566              0.103
      2n6              46422      25684   0.553              0.065
      2n7              57783      37225   0.644              0.088
      2n8              69998      42563   0.608              0.110
      2n9              50999      30480   0.598              0.095
      2n10             51682      26698   0.517              0.104
      2n11             52023      41069   0.789              0.113
      2n12            602540     250890   0.416              0.127
      2n13            286159     164383   0.574              0.197
      2n14             88868      43295   0.487              0.079
      2n15            171270      73926   0.432              0.108
      3n0             180505      95179   0.527              0.198
      3n1             220895     191358   0.866              0.304
      3n2             110410      61399   0.556              0.103
      3n3             378166     311462   0.824              0.204
      3n4             358136     142436   0.398              0.146
      3n5             307905     172254   0.559              0.176
      3n6            1582069     847144   0.535              0.200
      3n7             696184     351017   0.504              0.204
      4n0             159132      39271   0.247              0.082
      4n1             234292      58346   0.249              0.086
      4n2             279561      54843   0.196              0.039
      4n3             391394      59610   0.152              0.024
      ALL            7116553    3544657   0.498

====================================================================================================
[O] BABBLING OFF-STREAM — the probe's counts, what it graded, and its share of the bill
====================================================================================================
    Per governed slot per cycle, up to `vo_probe_n` filed contexts: the trajectory's
    FINAL configuration with a DIFFERENT on-table class substituted at that slot,
    rendered and graded once. The verdict answers 'would this write ALONE have been
    right, holding the rest of the trajectory fixed' — not 'would the beam have
    solved it'; the rest of the trajectory is the beam's own, unchanged. Said here
    because the probe's solve rate is only comparable to the FILED rate under that
    reading.

    PRICED: every probe grading is a grounding on the meter at `d_fb`, inside the
    cycle's own ledger. `share` below is of the WHOLE cycle's priced ledger, the
    probe's own cost included — the number the design's ~5% cap is stated against.
    Gate V-4B asserts the bill moved by exactly the probe count and gate V-5 that
    nothing else did.

    arm                    probes   graded    solved   solve rate    bill: mean / max    cycles billed
    al_pj_yk               204015        0     11792       0.0578    0.0000 / 0.0000          0 / 201
    al_rt_yk               203800        0     11563       0.0567    0.0000 / 0.0000          0 / 201

    the FILED solve rate on the same slots, for the comparison the reading above
    licenses (both are per-write verdicts; the filed one is on the write that was
    actually made, the probe one on a substitution into the same final state):
      al_pj_yk               filed  129211/457738  = 0.2823    probe   11792/204015  = 0.0578
      al_rt_yk               filed  143332/468421  = 0.3060    probe   11563/203800  = 0.0567

    the bill per era, so a share that grows with the ladder is visible:

====================================================================================================
[P] THE MIRROR — the outcome model against the world
====================================================================================================
    The outcome model reads a RENDERED CONFIGURATION and its root — what the world's
    grader reads — and is trained by BCE against the world's verdict on the
    configurations the learner actually produced (the filed rows' `fin` and `y`,
    deduplicated by (configuration, root) within the cycle). It is a separate object:
    its own parameters, its own optimizer, its own numpy streams, never the plant's.

    TWO NUMBERS, and the gap between them is the whole question. On HELD-OUT
    EXPERIENCE the mirror is scored on rows drawn from the same distribution it was
    polished on. On PROBES it is scored on substitutions the learner never wrote — off
    its own support by construction — against the world's verdict, which every arm
    computes as an instrument and no arm consumes (gate M-1).

    [aliquot] the BANKED mirror arms are printed here too (marked *), so the
    projection's column and `so_mg_yk`'s sit in one table.

    arm                  mode        K   rows   held-out EXPERIENCE      on PROBES
                                                 acc     AUC    base     acc    base   n
    al_pj_yk             proj        1  30000   0.7354  0.7282  0.2935   0.8313  0.0578  204015
    al_rt_yk             proj        1  30000   0.7354  0.7403  0.2930   0.8580  0.0567  203800
    so_s2:so_mg_yk       model       1  30000   0.9463  0.9864  0.2812   0.9258  0.0562  206493
    so_s2:so_cg_yk       committee   5  30000   0.9800  0.9979  0.2812   0.9381  0.0529  205654
    so_s2:so_hy_yk       hybrid      5  30000   0.8877  0.9590  0.2192   0.9427  0.0595  205892

    the mirror's own trajectory (held-out accuracy and AUC against the world, per
    cycle, thinned): a mirror that is still improving at the last cycle is a mirror
    whose blind region is a function of how much experience it has had, not of the
    architecture.
      al_pj_yk             c1:0.000  c26:0.000  c51:0.000  c76:0.831  c101:0.809  c126:0.752  c151:0.715  c176:0.728  c201:0.728
      al_rt_yk             c1:0.000  c26:0.000  c51:0.000  c76:0.884  c101:0.768  c126:0.729  c151:0.685  c176:0.727  c201:0.740
      so_s2:so_mg_yk       c1:0.000  c26:0.000  c51:0.000  c76:0.641  c101:0.705  c126:0.814  c151:0.887  c176:0.974  c201:0.986
      so_s2:so_cg_yk       c1:0.000  c26:0.000  c51:0.000  c76:0.609  c101:0.759  c126:0.783  c151:0.865  c176:0.985  c201:0.998
      so_s2:so_hy_yk       c1:0.000  c26:0.000  c51:0.000  c76:0.575  c101:0.584  c126:0.714  c151:0.653  c176:0.839  c201:0.959

    the committee's spread on held-out experience and the agreement threshold it set
    (the threshold is the q-th quantile of that spread, q = `vo_om_agree_q`):
      so_s2:so_cg_yk       spread(last) 0.05220   thr(last) 0.00048   experience rows 30000 (2972 held out)   world-graded rows admitted 0
      so_s2:so_hy_yk       spread(last) 0.11967   thr(last) 0.11251   experience rows 30000 (3057 held out)   world-graded rows admitted 86530

====================================================================================================
[Q] DISAGREEMENT AS A DETECTOR — does the committee's spread find the mirror's own error
====================================================================================================
    `committee_head` read disagreement at 0.716 as a reward-free reader of 'is this
    learnable', and `ballistic/directed` read it as finding where you LACK DATA rather
    than where data went stale. A counterfactual is by construction where you lack
    data, so the question here is whether the spread is sighted where the mean is not:
    the AUC of the spread as a detector of 'the committee's mean verdict disagrees with
    the world' on the probes themselves.

    Read off the capped per-probe instrument sample (`vo_probe_rows`), which is the
    only place the two are stored row by row. `n` is that sample's size, not the run's
    probe count — the denominator is part of the reading.

    arm                     n   err rate   AUC(spread -> wrong)   AUC(|p-0.5| -> right)
    al_pj_yk               4000    0.1762                 0.5000                 0.7597
    al_rt_yk               4000    0.1407                 0.5000                 0.7751

    THE SAMPLE'S WINDOW MATTERS AND IS PRINTED. Before the reservoir fix the sample
    filled front-to-back and stopped, so on `so_s1` / `so_s2` every row comes from the
    first five cycles in which probes fired — a FIVE-CYCLE-OLD mirror, not the run's.
    Read the between-cycle panel below instead on those tags.
      al_pj_yk             sample cycles 60-200 (141 distinct of 201)
      al_rt_yk             sample cycles 60-200 (141 distinct of 201)

    BETWEEN CYCLES, over the WHOLE run, from the per-cycle mirror counters (every
    cycle, every probe, no sample): does a cycle in which the committee is more spread
    have a higher mirror error rate? A different question from the between-probe one —
    it asks whether the spread tracks the mirror's error as the mirror MATURES rather
    than which individual counterfactual it is wrong about — and it is the one this
    tag's logging can answer over its whole life.
      arm                cycles   rho(spread, err)   AUC(spread -> err>median)   err first/last
      al_pj_yk                141                nan                      0.5000   0.0031/0.1879
      al_rt_yk                141                nan                      0.5000   0.0031/0.2249

    the same, per cycle, for the mirror's own error trajectory (thinned) — so a
    detector AUC near 0.5 can be read against whether the error moved at all:
      al_pj_yk             c61:0.003  c78:0.163  c95:0.136  c112:0.135  c129:0.106  c146:0.169  c163:0.177  c180:0.231  c197:0.261
      al_rt_yk             c61:0.003  c78:0.072  c95:0.098  c112:0.106  c129:0.116  c146:0.121  c163:0.181  c180:0.165  c197:0.175

    the same, split by whether the substituted class is in the slot's frequently-
    written set (`sup`), because that is the axis the blind region is expected on:
      al_pj_yk             sup=1  n=   669  err 0.1928  AUC(spread->wrong) 0.5000
      al_pj_yk             sup=0  n=  3331  err 0.1729  AUC(spread->wrong) 0.5000
      al_rt_yk             sup=1  n=   588  err 0.1480  AUC(spread->wrong) 0.5000
      al_rt_yk             sup=0  n=  3412  err 0.1395  AUC(spread->wrong) 0.5000

====================================================================================================
[R] THE BLIND REGION — where the mirror and the world disagree
====================================================================================================
    Per (level, in the slot's frequently-written set): the 2x2 of the mirror's verdict
    against the world's on the probes, the world's own solve rate there, the mirror's
    mean probability and the committee's mean spread, and what the agreement rule did
    (`agree` = the committee concurred; `filed` = the row reached the critic's buffer).

    A mirror trained on the learner's own experience is the same grader in a mirror
    (`ideas/heterogeneous_graders.md` §8). This table is how far it extends before it
    goes blind, LOCATED rather than summarised.

    al_pj_yk:
      cell     n     world   mirror   acc     TP    FP    FN    TN    p̄      spread   agree   filed
      L2s0    107232  0.0499  0.1457  0.8314   1448 14173  3908 87703  0.1922  0.00000  1.0000  1.0000
      L2s1     24249  0.0626  0.1567  0.8195    470  3331  1047 19401  0.2108  0.00000  1.0000  1.0000
      L3s0     51759  0.0533  0.1185  0.8515    602  5529  2155 43473  0.1849  0.00000  1.0000  1.0000
      L3s1     10140  0.0599  0.1426  0.8232    130  1316   477  8217  0.2099  0.00000  1.0000  1.0000
      L4s0     10153  0.1429  0.1776  0.7693    456  1347   995  7355  0.2558  0.00000  1.0000  1.0000
      L4s1       482  0.2158  0.2012  0.6992     28    69    76   309  0.2806  0.00000  1.0000  1.0000
      ALL     204015  0.0578  0.1417  0.8313   3134 25765  8658 166458                    1.0000  1.0000

    al_rt_yk:
      cell     n     world   mirror   acc     TP    FP    FN    TN    p̄      spread   agree   filed
      L2s0    109055  0.0475  0.1187  0.8570   1267 11682  3910 92196  0.1987  0.00000  1.0000  1.0000
      L2s1     22093  0.0607  0.1275  0.8397    307  2509  1033 18244  0.2163  0.00000  1.0000  1.0000
      L3s0     54625  0.0533  0.0784  0.8859    483  3800  2430 47912  0.1888  0.00000  1.0000  1.0000
      L3s1      7134  0.0463  0.0984  0.8766     76   626   254  6178  0.2067  0.00000  1.0000  1.0000
      L4s0     10464  0.1564  0.2209  0.7550    692  1619   945  7208  0.3048  0.00000  1.0000  1.0000
      L4s1       429  0.3869  0.2471  0.7110     74    32    92   231  0.3206  0.00000  1.0000  1.0000
      ALL     203800  0.0567  0.1137  0.8580   2899 20268  8664 171969                    1.0000  1.0000

    so_s2:so_mg_yk:
      cell     n     world   mirror   acc     TP    FP    FN    TN    p̄      spread   agree   filed
      L2s0    110689  0.0432  0.0574  0.9352   1981  4370  2804 101534  0.1389  0.00000  1.0000  1.0000
      L2s1     23364  0.0591  0.0797  0.9157    636  1225   745 20758  0.1821  0.00000  1.0000  1.0000
      L3s0     53802  0.0610  0.0652  0.9301   1514  1995  1766 48527  0.1308  0.00000  1.0000  1.0000
      L3s1      7914  0.0603  0.0637  0.9225    184   320   293  7117  0.1688  0.00000  1.0000  1.0000
      L4s0      9181  0.1393  0.2609  0.8364   1086  1309   193  6593  0.2544  0.00000  1.0000  1.0000
      L4s1      1543  0.2605  0.4025  0.8036    360   261    42   880  0.3888  0.00000  1.0000  1.0000
      ALL     206493  0.0562  0.0738  0.9258   5761  9480  5843 185409                    1.0000  1.0000

    so_s2:so_cg_yk:
      cell     n     world   mirror   acc     TP    FP    FN    TN    p̄      spread   agree   filed
      L2s0    108478  0.0492  0.0468  0.9400   1954  3118  3388 100018  0.1664  0.05472  0.5437  0.5437
      L2s1     24660  0.0589  0.0558  0.9241    478   897   974 22311  0.1980  0.06193  0.4826  0.4826
      L3s0     52188  0.0424  0.0382  0.9555    943  1050  1270 48925  0.1394  0.05082  0.6074  0.6074
      L3s1      9718  0.0609  0.0354  0.9350    152   192   440  8934  0.1958  0.06101  0.4868  0.4868
      L4s0     10470  0.1209  0.2186  0.8692   1093  1196   173  8008  0.2385  0.09444  0.4508  0.4508
      L4s1       140  0.1571  0.2786  0.7929     16    23     6    95  0.3130  0.12033  0.3857  0.3857
      ALL     205654  0.0529  0.0540  0.9381   4636  6476  6251 188291                    0.5450  0.5450

    so_s2:so_hy_yk:
      cell     n     world   mirror   acc     TP    FP    FN    TN    p̄      spread   agree   filed
      L2s0    116599  0.0522  0.0062  0.9486    409   312  5680 110198  0.1038  0.03017  0.5775  1.0000
      L2s1     16297  0.0458  0.0047  0.9548     44    33   703 15517  0.1179  0.03074  0.5401  1.0000
      L3s0     55236  0.0627  0.0080  0.9406    314   129  3152 51641  0.0975  0.03121  0.6070  1.0000
      L3s1      6929  0.0579  0.0053  0.9411     15    22   386  6506  0.1193  0.03429  0.5363  1.0000
      L4s0     10698  0.1422  0.0546  0.8735    376   208  1145  8969  0.1695  0.07266  0.5530  1.0000
      L4s1       133  0.1654  0.0902  0.8195      5     7    17   104  0.2324  0.09092  0.4436  1.0000
      ALL     205892  0.0595  0.0091  0.9427   1163   711 11083 192935                    0.5797  1.0000

====================================================================================================
[T] THE MIRROR'S GATE TABLE — M-1r / M-2r / M-3r / M-4r, re-asserted post hoc
====================================================================================================
    The same assertions the preflight ran, re-run here on the paid tag's own arm files.
    A RAISE below is a failure of the round, not of the reduction.

    [PASS] al_pj_yk             {"arm": "al_pj_yk", "mode": "proj", "n_probe": 204015, "n_filed": 204015, "n_agree": 204015, "n_world": 0, "bill_ground": 0, "mirror_rows": 204015, "om_push_world": 0, "om_src_world": 0, "om_world_cum": 0, "om_push_exp": 43261, "om_push_cum": 43261, "om_append_world": 0, "om_append_exp": 43261, "om_rows": 30000, "om_cap": 30000, "pbuf_rows": 200865, "bill_line_sum": 0, "om_window_world_expected": 0}
    [PASS] al_rt_yk             {"arm": "al_rt_yk", "mode": "proj", "n_probe": 203800, "n_filed": 203800, "n_agree": 203800, "n_world": 0, "bill_ground": 0, "mirror_rows": 203800, "om_push_world": 0, "om_src_world": 0, "om_world_cum": 0, "om_push_exp": 42184, "om_push_cum": 42184, "om_append_world": 0, "om_append_exp": 42184, "om_rows": 30000, "om_cap": 30000, "pbuf_rows": 201026, "bill_line_sum": 0, "om_window_world_expected": 0}
    [PASS] so_s2:so_mg_yk       {"arm": "so_s2:so_mg_yk", "mode": "model", "n_probe": 206493, "n_filed": 206493, "n_agree": 206493, "n_world": 0, "bill_ground": 0, "mirror_rows": 206493, "om_push_world": 0, "om_src_world": 0, "om_world_cum": 0, "om_push_exp": 43396, "om_push_cum": 43396, "om_append_world": 0, "om_append_exp": 43396, "om_rows": 30000, "om_cap": 30000, "pbuf_rows": 202102, "bill_line_sum": 0, "om_window_world_expected": 0}
    [PASS] so_s2:so_cg_yk       {"arm": "so_s2:so_cg_yk", "mode": "committee", "n_probe": 205654, "n_filed": 112084, "n_agree": 112084, "n_world": 0, "bill_ground": 0, "mirror_rows": 205654, "om_push_world": 0, "om_src_world": 0, "om_world_cum": 0, "om_push_exp": 43237, "om_push_cum": 43237, "om_append_world": 0, "om_append_exp": 43237, "om_rows": 30000, "om_cap": 30000, "pbuf_rows": 112084, "bill_line_sum": 0, "om_window_world_expected": 0}
    [PASS] so_s2:so_hy_yk       {"arm": "so_s2:so_hy_yk", "mode": "hybrid", "n_probe": 205892, "n_filed": 205892, "n_agree": 119362, "n_world": 86530, "bill_ground": 86530, "mirror_rows": 205892, "om_push_world": 86530, "om_src_world": 20905, "om_world_cum": 86530, "om_push_exp": 41543, "om_push_cum": 41543, "om_append_world": 86530, "om_append_exp": 41543, "om_rows": 30000, "om_cap": 30000, "pbuf_rows": 202336, "bill_line_sum": 86530, "om_window_world_expected": 20269}

    [aliquot] P-2r / P-3r / P-4r on every PROJECTION arm: the trunk's fingerprint over
    the run (it MOVES on a `live` arm and is CONSTANT on the `rand` twin), the refit
    count, the ridge, and the held-out instrument.
    [PASS] al_pj_yk             {"arm": "al_pj_yk", "mode": "proj", "which": "live", "n_refit": 141, "refit_skipped": 0, "lam_last": 32.0, "lams": [1.0, 32.0, 1024.0], "nfeat": 1737, "tdim": 96, "sig0": 19961.40316449365, "n_cycles_logged": 201, "n_sig": 141, "sig_min": 20017.823258707416, "sig_max": 20198.343909584073, "n_hold_auc": 141, "hold_auc_first": 0.9761904761904762, "hold_auc_last": 0.7282345595396753, "n_degenerate": 0, "hold_base_last": 0.29345703125, "hold_base_max": 0.29345703125, "auc_undefined": false, "n_noslot": 0, "n_spanclamp": 0}
    [PASS] al_rt_yk             {"arm": "al_rt_yk", "mode": "proj", "which": "rand", "n_refit": 141, "refit_skipped": 0, "lam_last": 1.0, "lams": [1.0, 32.0, 1024.0], "nfeat": 1737, "tdim": 96, "sig0": 16198.119362383673, "n_cycles_logged": 201, "n_sig": 141, "sig_min": 16198.119362383673, "sig_max": 16198.119362383673, "n_hold_auc": 141, "hold_auc_first": 1.0, "hold_auc_last": 0.740337246777164, "n_degenerate": 0, "hold_base_last": 0.29296875, "hold_base_max": 0.29296875, "auc_undefined": false, "n_noslot": 0, "n_spanclamp": 0}

====================================================================================================
[PJ] THE PROJECTION — the readout, its refits, its drift, and the trunk under it
====================================================================================================
    The grader on a `proj` arm is a ridge-logistic readout of `SN.trunk`'s pooled
    hiddens over the substituted configuration, per ROOT (the root one-hot and its
    interaction with the pooled state are in the design, which is what makes it a
    linear readout per goal rather than one readout with a per-goal bias), fit on the
    same experience diet the mirror gets and on nothing else.

    THE TRUNK IS THE LIVE GENERATOR on `al_pj_yk`, so the features move under the
    readout and the buffered rows are re-read through the current trunk at every refit.
    `al_rt_yk` is the same readout over a NEVER-TRAINED trunk of the same architecture
    (`overtone`'s control two, in the loop): it is what says whether the trained
    representation carries the reading or the link function does.

    arm                  trunk  refits  skip   ridge   nfeat    held-out AUC on EXPERIENCE
                                                                 first    last   |drift| mean/max
    al_pj_yk             live      141     0    32.0    1737   0.9762  0.7282  0.0098 / 0.0715
    al_rt_yk             rand      141     0     1.0    1737   1.0000  0.7403  0.0092 / 0.1068

    THE SECONDARY VARIANTS, on the SAME held-out experience rows and at the same ridge,
    so 'was that choice load-bearing' is a number and not an argument:
      inter   the arm's own: root one-hot AND root x pooled state (a readout per goal)
      add     the root as an additive term only (one readout, a per-goal bias)
      mean    mean-pooling over ALL blocks only, dropping the written span's own pool
      nomask  the same readout over the UNMASKED configuration — the read `overtone`
              did offline, and out of the plant's masked-infill distribution
    arm                  inter     add     mean   nomask
    al_pj_yk             0.7282  0.6799  0.7090  0.7204
    al_rt_yk             0.7403  0.7207  0.7297  0.6923

    THE TRUNK'S OWN FINGERPRINT (sum of |parameter|, logged at every refit). On a `live`
    arm it moves, which is the fact that makes the recompute necessary; on the `rand`
    twin it is constant to the bit, which is the fact that makes the twin a control.
      al_pj_yk             range 180.520651   c61:20017.823  c78:20061.948  c95:20084.112  c112:20107.440  c129:20132.732  c146:20151.008  c163:20166.505  c180:20179.271  c197:20193.575
      al_rt_yk             range 0.000000   c61:16198.119  c78:16198.119  c95:16198.119  c112:16198.119  c129:16198.119  c146:16198.119  c163:16198.119  c180:16198.119  c197:16198.119

    THE RIDGE CHOSEN PER REFIT (the grid is `vo_pj_ridge`; `lam_fixed` marks a refit
    whose validation slice was too small to select on and took the middle of the grid):
      al_pj_yk             lam=1.0:133  lam=32.0:7  lam=1024.0:1   fixed-ridge refits 0   val rows (last) 2048   val AUC (last) 0.7322764295212766
      al_rt_yk             lam=1.0:139  lam=1024.0:2   fixed-ridge refits 0   val rows (last) 2048   val AUC (last) 0.746931215521147

====================================================================================================
[Y] THE CLOCK YOKES — realised against planned (gate Y-1's check, post hoc)
====================================================================================================
    A clock yoke replays its source's realised commit and advance CYCLES and decides
    nothing else. That is the round's whole control: the chooser is read at L4 and L5
    with the same slots open at the same cycles as the anchor, so a level-resolved
    readout is not silently comparing two different ladders. Gate Y-1 asserts the match
    in `preflight`; this is the same check on the paid tag.

    `cancelled` actions are EXCLUDED from the match and printed separately: a replayed
    commit whose build is empty is cancelled by the substrate, not by the clock. Those
    are a finding about the arm's BOOK — it had nothing to commit at a cycle the anchor
    did — and are the one place a yoked arm's ladder can still fall short of its source.

    source: vo_s3d2:voi3_dp
    al_pj_yk
      commits   planned [59, 77, 157]
                realised [59, 77, 157]    MATCH = True
      advances  planned [60, 110, 180, 192, 201]
                realised [60, 110, 180, 192, 201]    MATCH = True
      cancelled (the book had nothing to commit there): none
      commit LEVELS realised: [(2, 59), (3, 77), (4, 157)]
      lifetime  source 201 cycles / 50,979,162g    yoke 201 cycles / 50,988,890g

    al_rt_yk
      commits   planned [59, 77, 157]
                realised [59, 77, 157]    MATCH = True
      advances  planned [60, 110, 180, 192, 201]
                realised [60, 110, 180, 192, 201]    MATCH = True
      cancelled (the book had nothing to commit there): none
      commit LEVELS realised: [(2, 59), (3, 77), (4, 157)]
      lifetime  source 201 cycles / 50,979,162g    yoke 201 cycles / 50,947,968g


====================================================================================================
[Z] THE L4/L5 PANEL — every readout the round turns on, at the cells it turns on
====================================================================================================
    Q3 could not produce this table: no treated arm except Q2's replace-critic had an
    L4 or L5 slot at all, because each one reached or missed L3 through the commit
    latch's response to its own L2 writes. With the ladder yoked, every arm has the
    anchor's slots at the anchor's cycles and the chooser is finally READ where the
    node is about.

    rep     the written class holds SOME feature that repairs the instance there — the
            honest measure, and on an open slot it IS the head's class accuracy on
            held-out data (fresh instances every cycle).
    cont    it holds the CLEAN derivation's latent — a stricter and less forgiving read;
            the gap between the two is the chooser spreading over classes the clean
            derivation did not carry (`DESIGN.md` §23's correction).
    dist    distinct tuples written, `top1` the share of filed writes on one tuple.
    moved   the composed argmax was not the DP's row (composed arms only).

    [sotto] THE BANKED FLOOR AND CEILING ARE IN THIS TABLE, marked `(banked)`, so the
    three mirror arms are read beside the composed chooser on the FILED diet (the floor)
    and on the WORLD-graded probe (the ceiling) without leaving the page. A pooled
    L2/L3 panel follows it, which is the cell that replicated across seeds in `voicing`
    and the one a frontier number should not be read ahead of.

    al_pj_yk:
      cell    rows   writes    rep          cont         dist  top1    moved
      4n0       168     4342   0.339 (  2530)  0.744 (  4342)    1.5  0.907   0.223
      4n1       168     7064   0.404 (  2783)  0.769 (  7064)    2.9  0.731   0.372
      4n2       168    13586   0.415 (  2790)  0.458 ( 13586)    3.3  0.667   0.622
      4n3       168    12560   0.670 (  2788)  0.848 ( 12560)    1.1  0.972   0.101

    al_rt_yk:
      cell    rows   writes    rep          cont         dist  top1    moved
      4n0        84    10743   0.230 (  2792)  0.660 ( 10743)    1.4  0.936   0.247
      4n1        84    10068   0.518 (  2740)  0.727 ( 10068)    1.7  0.884   0.249
      4n2        84    16178   0.473 (  2816)  0.344 ( 16178)    1.5  0.944   0.196
      4n3        84    17013   0.701 (  2801)  0.837 ( 17013)    1.4  0.905   0.152

    vo_s3d2:voi3_dp:   (banked)
      cell    rows   writes    rep          cont         dist  top1    moved
      4n0       172     4988   0.283 (  2600)  0.735 (  4988)    1.4  0.918     -  
      4n1       172     6594   0.375 (  2656)  0.896 (  6594)    1.0  1.000     -  
      4n2       172     8517   0.371 (  2784)  0.736 (  8517)    2.0  0.898     -  
      4n3       172    16663   0.650 (  2800)  0.846 ( 16663)    1.5  0.928     -  

    vo_s3e:voi3b_comp_yk:   (banked)
      cell    rows   writes    rep          cont         dist  top1    moved
      4n0       108     6638   0.288 (  2788)  0.704 (  6638)    1.9  0.785   0.246
      4n1       108     4880   0.392 (  2618)  0.863 (  4880)    1.2  0.955   0.009
      4n2       108     6845   0.311 (  2625)  0.779 (  6845)    1.5  0.909   0.198
      4n3       108    13639   0.664 (  2782)  0.845 ( 13639)    1.4  0.975   0.047

    vo_s3e:voi3b_comp_pr_yk:   (banked)
      cell    rows   writes    rep          cont         dist  top1    moved
      4n0       132     5353   0.244 (  2687)  0.628 (  5353)    2.3  0.725   0.143
      4n1       132     6481   0.356 (  2758)  0.869 (  6481)    1.2  0.974   0.013
      4n2       132     8189   0.396 (  2741)  0.763 (  8189)    1.9  0.839   0.108
      4n3       132    15041   0.659 (  2816)  0.859 ( 15041)    1.1  0.996   0.015

    so_s2:so_mg_yk:   (banked)
      cell    rows   writes    rep          cont         dist  top1    moved
      4n0        86     7367   0.376 (  2806)  0.653 (  7367)    2.9  0.682   0.261
      4n1        86     5021   0.299 (  2592)  0.626 (  5021)    3.4  0.676   0.741
      4n2        86     9227   0.372 (  2772)  0.362 (  9227)    3.1  0.704   0.512
      4n3        86    13176   0.639 (  2810)  0.623 ( 13176)    3.7  0.642   0.398

    so_s2:so_cg_yk:   (banked)
      cell    rows   writes    rep          cont         dist  top1    moved
      4n0       134     4834   0.260 (  2622)  0.714 (  4834)    1.4  0.879   0.225
      4n1       134     4959   0.353 (  2651)  0.895 (  4959)    1.1  0.975   0.029
      4n2       134    11717   0.404 (  2777)  0.374 ( 11717)    1.4  0.932   0.317
      4n3       134    12767   0.644 (  2816)  0.839 ( 12767)    1.1  0.996   0.013

    so_s2:so_hy_yk:   (banked)
      cell    rows   writes    rep          cont         dist  top1    moved
      4n0       124     4994   0.311 (  2681)  0.694 (  4994)    1.7  0.863   0.261
      4n1       124     7091   0.466 (  2781)  0.878 (  7091)    1.0  0.995   0.000
      4n2       124    11243   0.334 (  2809)  0.356 ( 11243)    1.4  0.890   0.412
      4n3       124    17332   0.685 (  2816)  0.865 ( 17332)    1.0  0.998   0.013

    [sotto] THE POOLED L2/L3 PANEL — the cell `voicing` replicated on every seed that
    produced those rungs (+18.5 / +24.5 / +19.3% relative for the composed chooser on
    the filed diet). `rep` pooled over every L2 and L3 cell, with the denominator.

      arm                        rep (L2/L3 pooled)        n        vs floor
      vo_s3e:voi3b_comp_pr_yk    0.2745            198267     +10.2%   (banked)
      so_s2:so_hy_yk             0.2683            196661      +7.7%   (banked)
      al_rt_yk                   0.2636            194507      +5.9%
      so_s2:so_mg_yk             0.2626            197369      +5.5%   (banked)
      al_pj_yk                   0.2617            194980      +5.1%
      so_s2:so_cg_yk             0.2560            196644      +2.8%   (banked)
      vo_s3e:voi3b_comp_yk       0.2490            197768      +0.0%   (banked)
      vo_s3d2:voi3_dp            0.2090            195077     -16.1%   (banked)

