====================================================================================================
[aliquot] al_s1 — reduction
====================================================================================================
  arms   : al_pj_yk, al_rt_yk
  banked : vo_s3:voi3_dp, vo_s3b:voi3b_comp_yk, vo_s3b:voi3b_comp_pr_yk, so_s1:so_mg_yk, so_s1:so_cg_yk, so_s1:so_hy_yk

====================================================================================================
[A] LIFETIMES, COMMITS, AND THE IN-TAG IDENTITY CHECK
====================================================================================================
    arm                       cyc  commits (level@cycle)                 s/cycle
    al_pj_yk                  201  L2@c48, L3@c100, L4@c151, L5@c186   
    al_rt_yk                  201  L2@c48, L3@c100, L4@c151, L5@c186   
    vo_s3:voi3_dp             201  L2@c48, L3@c100, L4@c151, L5@c186      (banked)
    vo_s3b:voi3b_comp_yk      201  L2@c48, L3@c100, L4@c151, L5@c186      (banked)
    vo_s3b:voi3b_comp_pr_yk   201  L2@c48, L3@c100, L4@c151, L5@c186      (banked)
    so_s1:so_mg_yk            201  L2@c48, L3@c100, L4@c151, L5@c186      (banked)
    so_s1:so_cg_yk            201  L2@c48, L3@c100, L4@c151, L5@c186      (banked)
    so_s1:so_hy_yk            201  L2@c48, L3@c100, L4@c151, L5@c186      (banked)


====================================================================================================
[B] THE CORRIDOR — slots open, parity, misfire, and when it closed
====================================================================================================
    `n_open` is slots past the firing gate; `misfire` is fired rows whose span did not
    match `dp_features` exactly. An arm whose corridor closes stops executing with the
    head and falls back to the DP on every macro call.

    arm                    open@max  open@last  first c with open=0 after a peak   misfire(all)  misfire(era>=3)
    al_pj_yk                     30         30  None                             0.4222        0.4022
    al_rt_yk                     29         28  None                             0.4522        0.4216

    n_open per 10 cycles (the corridor's whole life):
      al_pj_yk                 0   0   0   0   0   1  16  16  16  16  16  23  23  24  23  23  28  27  28  30  30
      al_rt_yk                 0   0   0   0   0   1  16  16  16  16  16  23  23  22  23  23  27  27  28  29  28
      cycle                    1  11  21  31  41  51  61  71  81  91 101 111 121 131 141 151 161 171 181 191 201

====================================================================================================
[C] THE SAMPLER, REALISED — deviation and on-table projection
====================================================================================================
    `dev`  the sampled entry left the on-table argmax (the quantity the temperature is
           set on; `DESIGN.md` §17 predicted this would fall below the preflight's
           0.44-0.67 because a sharper plant deviates less at fixed T).
    `ont`  the on-table argmax was not the head's FREE-RUN emission — the projection
           component that rides with the write axis (`DESIGN.md` §11).

    al_pj_yk:
      era  cell        n        dev     ont
        1  2n0        25627    0.666   0.002
        1  2n1        25652    0.620   0.003
        1  2n2        25752    0.611   0.002
        1  2n3        25705    0.764   0.005
        1  2n4        25633    0.618   0.005
        1  2n5        25666    0.423   0.004
        1  2n6        25602    0.360   0.004
        1  2n7        25650    0.539   0.007
        1  2n8        25540    0.662   0.004
        1  2n9        25652    0.635   0.005
        1  2n10       25569    0.707   0.002
        1  2n11       25498    0.636   0.002
        1  2n12       25599    0.631   0.001
        1  2n13       25620    0.456   0.004
        1  2n14       25605    0.437   0.003
        1  2n15       25602    0.497   0.003
        2  2n0         8801    0.632   0.023
        2  2n1        20049    0.736   0.015
        2  2n2        20442    0.613   0.015
        2  2n3        10783    0.786   0.021
        2  2n4         8772    0.586   0.020
        2  2n5        25314    0.851   0.020
        2  2n6        39143    0.618   0.027
        2  2n7        31224    0.506   0.011
        2  2n8        20766    0.729   0.029
        2  2n9        21493    0.719   0.018
        2  2n10       29888    0.769   0.008
        2  2n11       14396    0.752   0.022
        2  2n12      211749    0.387   0.011
        2  2n13       46471    0.655   0.021
        2  2n14       10875    0.716   0.019
        2  2n15       10317    0.691   0.031
        2  3n0        35723    0.912   0.000
        2  3n1        35687    0.873   0.001
        2  3n2        35724    0.885   0.001
        2  3n3        35831    0.913   0.001
        2  3n4        35822    0.960   0.001
        2  3n5        35694    0.994   0.000
        2  3n6        40147    0.871   0.002
        2  3n7        37347    0.884   0.004
        3  2n0        35156    0.443   0.010
        3  2n1        29911    0.679   0.027
        3  2n2        25544    0.555   0.009
        3  2n3        17042    0.625   0.022
        3  2n4        17653    0.495   0.011
        3  2n5       107127    0.492   0.006
        3  2n6       228563    0.308   0.002
        3  2n7       102044    0.350   0.014
        3  2n8        15498    0.656   0.021
        3  2n9        10989    0.584   0.017
        3  2n10      115463    0.545   0.006
        3  2n11       46437    0.517   0.012
        3  2n12      761036    0.341   0.007
        3  2n13      193503    0.471   0.019
        3  2n14       30450    0.597   0.004
        3  2n15       43795    0.560   0.025
        3  3n0        46685    0.771   0.052
        3  3n1        76466    0.500   0.022
        3  3n2        54588    0.753   0.032
        3  3n3        40682    0.621   0.013
        3  3n4        44934    0.649   0.063
        3  3n5        93133    0.521   0.050
        3  3n6       863249    0.470   0.015
        3  3n7       329719    0.426   0.012
        3  4n0        36872    0.439   0.017
        3  4n1        81879    0.009   0.000
        3  4n2        87002    0.252   0.006
        3  4n3       122215    0.002   0.000
        4  2n0         5840    0.291   0.005
        4  2n1         4972    0.456   0.041
        4  2n2        10062    0.333   0.001
        4  2n3         6386    0.554   0.016
        4  2n4         1759    0.434   0.009
        4  2n5        25161    0.298   0.007
        4  2n6        27075    0.203   0.001
        4  2n7        13306    0.392   0.004
        4  2n8         1432    0.405   0.011
        4  2n9         1454    0.386   0.005
        4  2n10        7633    0.427   0.009
        4  2n11       17670    0.072   0.002
        4  2n12       95741    0.232   0.009
        4  2n13       35425    0.426   0.005
        4  2n14        3299    0.293   0.003
        4  2n15        2204    0.341   0.017
        4  3n0        16662    0.658   0.058
        4  3n1        10270    0.499   0.038
        4  3n2         3920    0.834   0.020
        4  3n3        32028    0.394   0.005
        4  3n4        15860    0.726   0.036
        4  3n5        24861    0.332   0.026
        4  3n6       214907    0.363   0.025
        4  3n7       119000    0.223   0.004
        4  4n0        14533    0.365   0.026
        4  4n1        40073    0.023   0.003
        4  4n2        66568    0.384   0.009
        4  4n3       109666    0.000   0.000
        4  5n0        28849    1.000   0.000
        4  5n1        71009    0.204   0.000
        5  2n0         2290    0.304   0.015
        5  2n1         1886    0.506   0.019
        5  2n2         7175    0.357   0.006
        5  2n3         5183    0.616   0.007
        5  2n4         5281    0.383   0.001
        5  2n5        37725    0.234   0.001
        5  2n6        20295    0.310   0.000
        5  2n7        12017    0.357   0.004
        5  2n8         1025    0.273   0.006
        5  2n9         1547    0.300   0.005
        5  2n10        8460    0.527   0.005
        5  2n11       13846    0.107   0.001
        5  2n12       34879    0.201   0.003
        5  2n13        8463    0.381   0.004
        5  2n14        3198    0.252   0.003
        5  2n15        1147    0.227   0.007
        5  3n0        11120    0.561   0.077
        5  3n1         5962    0.403   0.014
        5  3n2         3008    0.855   0.031
        5  3n3        36907    0.435   0.017
        5  3n4        33393    0.640   0.006
        5  3n5        11550    0.407   0.007
        5  3n6       150151    0.219   0.013
        5  3n7       110717    0.197   0.004
        5  4n0        25198    0.277   0.020
        5  4n1        46255    0.018   0.000
        5  4n2        56119    0.095   0.002
        5  4n3       103297    0.001   0.000
        5  5n0         7218    0.373   0.001
        5  5n1        38703    0.005   0.000

    al_rt_yk:
      era  cell        n        dev     ont
        1  2n0        25630    0.669   0.001
        1  2n1        25637    0.618   0.002
        1  2n2        25631    0.619   0.001
        1  2n3        25583    0.770   0.003
        1  2n4        25635    0.627   0.005
        1  2n5        25664    0.431   0.004
        1  2n6        25605    0.370   0.004
        1  2n7        25645    0.545   0.006
        1  2n8        25543    0.670   0.004
        1  2n9        25654    0.634   0.004
        1  2n10       25566    0.715   0.002
        1  2n11       25495    0.641   0.002
        1  2n12       25548    0.638   0.002
        1  2n13       25619    0.461   0.002
        1  2n14       25601    0.444   0.003
        1  2n15       25687    0.502   0.003
        2  2n0        12238    0.616   0.020
        2  2n1        16228    0.545   0.016
        2  2n2        22816    0.718   0.016
        2  2n3        11851    0.605   0.026
        2  2n4         8125    0.542   0.025
        2  2n5        27201    0.548   0.019
        2  2n6        15429    0.525   0.008
        2  2n7        14784    0.725   0.039
        2  2n8         7845    0.640   0.031
        2  2n9        27755    0.563   0.019
        2  2n10       36502    0.655   0.015
        2  2n11        9102    0.641   0.040
        2  2n12      229695    0.650   0.023
        2  2n13       34416    0.542   0.027
        2  2n14        8533    0.643   0.017
        2  2n15       33768    0.597   0.019
        2  3n0        35698    0.833   0.000
        2  3n1        36097    0.932   0.000
        2  3n2        35839    0.979   0.000
        2  3n3        36124    0.961   0.000
        2  3n4        35746    0.846   0.000
        2  3n5        35992    0.787   0.002
        2  3n6        36220    0.897   0.001
        2  3n7        35761    0.899   0.000
        3  2n0        19059    0.527   0.019
        3  2n1        23769    0.559   0.015
        3  2n2        42323    0.325   0.014
        3  2n3        21452    0.436   0.019
        3  2n4        14862    0.591   0.019
        3  2n5       119399    0.375   0.012
        3  2n6        46715    0.284   0.002
        3  2n7       138003    0.526   0.016
        3  2n8        22045    0.638   0.022
        3  2n9        40367    0.563   0.022
        3  2n10      135100    0.472   0.010
        3  2n11       11625    0.759   0.026
        3  2n12      664770    0.466   0.018
        3  2n13      255629    0.488   0.020
        3  2n14       15507    0.415   0.007
        3  2n15       73343    0.524   0.011
        3  3n0        20164    0.454   0.025
        3  3n1        49459    0.689   0.071
        3  3n2        61472    0.461   0.017
        3  3n3       231493    0.477   0.018
        3  3n4        30358    0.732   0.078
        3  3n5        84204    0.814   0.046
        3  3n6       636732    0.360   0.051
        3  3n7        89057    0.710   0.054
        3  4n0        61277    0.008   0.000
        3  4n1        89298    0.016   0.000
        3  4n2       105878    0.063   0.010
        3  4n3       182574    0.046   0.001
        4  2n0         7859    0.347   0.003
        4  2n1         3198    0.511   0.016
        4  2n2         2195    0.314   0.017
        4  2n3         2380    0.443   0.046
        4  2n4         2154    0.307   0.013
        4  2n5        27614    0.222   0.006
        4  2n6        12804    0.318   0.001
        4  2n7        17002    0.315   0.012
        4  2n8         1727    0.466   0.013
        4  2n9         2271    0.370   0.012
        4  2n10       12309    0.379   0.005
        4  2n11        3382    0.600   0.014
        4  2n12       76827    0.296   0.010
        4  2n13       49698    0.224   0.002
        4  2n14        2181    0.340   0.003
        4  2n15       12390    0.329   0.014
        4  3n0         8143    0.267   0.043
        4  3n1        21371    0.411   0.028
        4  3n2        16746    0.243   0.022
        4  3n3        53017    0.396   0.005
        4  3n4         6631    0.807   0.024
        4  3n5        32405    0.384   0.034
        4  3n6       221058    0.273   0.029
        4  3n7        22021    0.444   0.046
        4  4n0        21310    0.090   0.000
        4  4n1        34350    0.025   0.000
        4  4n2        46076    0.139   0.005
        4  4n3       173220    0.048   0.000
        4  5n0        28467    0.000   0.000
        4  5n1        64465    0.001   0.000
        5  2n0         5090    0.390   0.007
        5  2n1         1508    0.466   0.017
        5  2n2         1717    0.284   0.006
        5  2n3         2817    0.390   0.019
        5  2n4         2831    0.357   0.004
        5  2n5        25881    0.299   0.007
        5  2n6         7873    0.398   0.001
        5  2n7        18095    0.329   0.005
        5  2n8         3342    0.334   0.005
        5  2n9         4122    0.433   0.003
        5  2n10       10770    0.383   0.003
        5  2n11        2648    0.752   0.016
        5  2n12       41448    0.256   0.009
        5  2n13       58483    0.193   0.004
        5  2n14        1711    0.231   0.002
        5  2n15        8656    0.258   0.005
        5  3n0         5580    0.159   0.010
        5  3n1        13465    0.369   0.039
        5  3n2        11641    0.185   0.010
        5  3n3        48121    0.486   0.038
        5  3n4        24107    0.486   0.019
        5  3n5        32672    0.735   0.037
        5  3n6       136565    0.234   0.023
        5  3n7        14634    0.459   0.029
        5  4n0        38491    0.439   0.001
        5  4n1        35904    0.226   0.000
        5  4n2        38988    0.403   0.047
        5  4n3       182454    0.202   0.000
        5  5n0         1563    0.903   0.000
        5  5n1        16116    0.922   0.016

====================================================================================================
[D] WHAT THE CHOOSER WROTE — Q0 §5's table, live, on the EXECUTED population
====================================================================================================
    Filed writes only (kept by the beam and on a graded tip). `rows` is the operative
    table's size, `dist` distinct tuples written, `keys` distinct class-pair keys,
    `tok` distinct token classes, `top1` the share of the era's filed writes on one
    tuple. Q0's banked numbers at the same nodes: L4 2.6-3.6 of 155-187 rows, top1
    0.91-0.94; L5 1.5-1.6 of 144-152, top1 0.80-0.93 (the FIRED population).

    al_pj_yk:
      era  cell      n_filed  rows   dist/cyc  keys/cyc  tok/cyc   top1(w)
        1  2n0        1496    16      4.08     4.08    3.83     0.518
        1  2n1        1942    16      3.42     3.42    3.33     0.624
        1  2n2        1719    16      3.58     3.58    3.08     0.596
        1  2n3        1754    16      3.58     3.58    3.33     0.600
        1  2n4        1386    16      3.67     3.67    3.17     0.644
        1  2n5        1930    16      2.83     2.83    2.67     0.692
        1  2n6        1835    16      3.08     3.08    2.67     0.561
        1  2n7        1783    16      3.75     3.75    3.17     0.580
        1  2n8        1575    16      3.67     3.67    3.25     0.663
        1  2n9        2090    16      3.33     3.33    3.17     0.626
        1  2n10       1563    16      3.67     3.67    3.25     0.596
        1  2n11       1383    16      3.25     3.25    3.00     0.618
        1  2n12       1492    16      3.42     3.42    3.25     0.666
        1  2n13       2283    16      3.33     3.33    3.17     0.661
        1  2n14       1455    16      3.42     3.42    3.00     0.535
        1  2n15       2212    16      3.42     3.42    2.92     0.642
        2  2n0        4543    17      4.58     4.58    3.68     0.464
        2  2n1        5338    17      4.68     4.68    3.84     0.525
        2  2n2        5191    17      3.80     3.80    2.98     0.584
        2  2n3        5294    17      3.66     3.66    2.76     0.558
        2  2n4        3311    17      4.08     4.08    3.10     0.497
        2  2n5        5605    17      3.18     3.18    2.88     0.603
        2  2n6        6828    17      3.36     3.36    2.42     0.593
        2  2n7        5484    17      3.54     3.54    2.54     0.531
        2  2n8        4479    17      3.78     3.78    3.38     0.566
        2  2n9        4585    17      4.32     4.32    3.40     0.503
        2  2n10       4854    17      4.02     4.02    3.38     0.535
        2  2n11       4241    17      3.80     3.80    2.84     0.540
        2  2n12      11865    17      4.64     4.64    3.64     0.418
        2  2n13       6912    17      4.88     4.88    3.56     0.489
        2  2n14       3929    17      3.62     3.62    2.82     0.608
        2  2n15       4757    17      4.06     4.06    2.96     0.518
        2  3n0        1714    65      3.90     3.10    3.10     0.740
        2  3n1        1642    65      4.50     2.50    2.40     0.510
        2  3n2        1995    65      3.60     2.30    2.30     0.706
        2  3n3        1876    65      4.20     2.40    2.40     0.595
        2  3n4        1973    65      5.20     4.00    3.90     0.523
        2  3n5        1715    65      4.60     3.50    3.30     0.410
        2  3n6        2681    65      4.20     3.30    3.10     0.735
        2  3n7        2041    65      3.50     1.80    1.80     0.710
        3  2n0        5676    17      5.07     5.07    4.23     0.451
        3  2n1        5943    17      5.03     5.03    4.00     0.441
        3  2n2        5799    17      5.27     5.27    4.11     0.451
        3  2n3        4923    17      4.64     4.64    3.36     0.444
        3  2n4        3702    17      4.60     4.60    3.61     0.485
        3  2n5        8331    17      4.04     4.04    3.13     0.560
        3  2n6       10310    17      3.51     3.51    2.53     0.638
        3  2n7        7878    17      4.56     4.56    3.14     0.545
        3  2n8        4646    17      4.43     4.43    3.67     0.464
        3  2n9        4445    17      4.30     4.30    3.49     0.499
        3  2n10       6940    17      6.00     6.00    4.60     0.385
        3  2n11       5822    17      4.29     4.29    3.37     0.472
        3  2n12      22661    17      5.87     5.87    4.81     0.462
        3  2n13       9834    17      5.04     5.04    3.94     0.432
        3  2n14       4485    17      3.73     3.73    2.76     0.530
        3  2n15       4620    17      4.51     4.51    3.30     0.464
        3  3n0        7293    69      5.50     4.49    3.89     0.401
        3  3n1        7628    69      5.13     3.56    3.49     0.464
        3  3n2        6755    69      6.33     3.86    3.64     0.383
        3  3n3        7552    69      5.29     3.36    3.16     0.463
        3  3n4        7881    69      5.97     4.50    4.11     0.389
        3  3n5        9156    69      5.86     4.33    4.03     0.520
        3  3n6       36070    69      7.76     5.33    4.61     0.409
        3  3n7       17754    69      5.94     3.51    3.26     0.456
        3  4n0        3196   148      2.07     1.97    1.97     0.787
        3  4n1        4140   148      1.07     1.07    1.07     0.990
        3  4n2        4068   148      1.72     1.59    1.59     0.846
        3  4n3        7101   148      1.10     1.10    1.10     0.994
        4  2n0         993    17      4.83     4.83    4.50     0.461
        4  2n1        1000    17      4.92     4.92    4.08     0.431
        4  2n2        1147    17      5.17     5.17    4.67     0.480
        4  2n3         822    17      5.08     5.08    4.42     0.382
        4  2n4         650    17      4.17     4.17    3.33     0.545
        4  2n5        1665    17      4.17     4.17    3.17     0.566
        4  2n6        1547    17      3.58     3.58    3.00     0.644
        4  2n7        1229    17      4.67     4.67    3.33     0.598
        4  2n8         488    17      4.25     4.25    3.58     0.449
        4  2n9         562    17      3.67     3.67    2.92     0.552
        4  2n10        859    17      5.83     5.83    4.58     0.403
        4  2n11       1130    17      4.67     4.67    3.83     0.571
        4  2n12       3095    17      4.58     4.58    4.50     0.522
        4  2n13       1061    17      4.67     4.67    3.92     0.509
        4  2n14        684    17      3.58     3.58    2.75     0.591
        4  2n15        489    17      3.83     3.83    3.42     0.462
        4  3n0        1544    69      5.75     4.92    3.92     0.412
        4  3n1        1150    69      5.00     3.67    3.25     0.425
        4  3n2         577    69      4.58     2.83    2.75     0.471
        4  3n3        1871    69      5.42     3.50    3.17     0.433
        4  3n4        1639    69      4.83     4.08    3.42     0.589
        4  3n5        1513    69      4.50     3.08    3.33     0.612
        4  3n6        6242    69      6.92     4.50    3.92     0.410
        4  3n7        3864    69      5.50     3.83    3.42     0.469
        4  4n0        1150   148      2.75     2.42    2.42     0.638
        4  4n1        2088   148      1.42     1.42    1.42     0.964
        4  4n2        2786   148      1.67     1.67    1.67     0.861
        4  4n3        4873   148      1.00     1.00    1.00     1.000
        4  5n0         563   144      1.00     1.00    1.00     1.000
        4  5n1        1647   144      1.33     1.33    1.33     0.630
        5  2n0         695    19      3.89     3.89    3.78     0.471
        5  2n1         685    19      5.78     5.78    4.78     0.457
        5  2n2         850    19      5.22     5.22    4.56     0.447
        5  2n3         645    19      4.56     4.56    3.78     0.372
        5  2n4         499    19      4.22     4.22    3.67     0.513
        5  2n5        1505    19      4.11     4.11    3.00     0.682
        5  2n6         926    19      3.33     3.33    3.00     0.630
        5  2n7         855    19      4.33     4.33    3.33     0.573
        5  2n8         415    19      3.44     3.44    2.89     0.557
        5  2n9         477    19      3.00     3.00    2.44     0.673
        5  2n10        663    19      5.11     5.11    4.22     0.445
        5  2n11        626    19      3.78     3.78    3.22     0.585
        5  2n12       1637    19      4.78     4.78    4.67     0.431
        5  2n13        627    19      4.11     4.11    3.78     0.472
        5  2n14        430    19      3.00     3.00    2.33     0.726
        5  2n15        379    19      3.56     3.56    3.33     0.536
        5  3n0        1370    78      6.44     5.00    3.67     0.379
        5  3n1         703    78      4.44     3.56    3.11     0.425
        5  3n2         550    78      5.00     2.89    2.44     0.405
        5  3n3        1681    78      5.78     2.78    2.78     0.409
        5  3n4        2307    78      5.11     4.22    3.11     0.580
        5  3n5         772    78      3.44     2.67    2.78     0.582
        5  3n6        3932    78      5.00     3.33    2.89     0.605
        5  3n7        2837    78      4.22     2.67    2.67     0.522
        5  4n0        1345   148      2.78     2.44    2.44     0.637
        5  4n1        2121   148      1.22     1.22    1.22     0.997
        5  4n2        3021   148      1.78     1.78    1.78     0.912
        5  4n3        3582   148      1.00     1.00    1.00     1.000
        5  5n0         523   160      1.56     1.56    1.56     0.803
        5  5n1        2121   160      1.11     1.00    1.00     0.992

    al_rt_yk:
      era  cell      n_filed  rows   dist/cyc  keys/cyc  tok/cyc   top1(w)
        1  2n0        1578    13      4.00     4.00    3.92     0.496
        1  2n1        1973    13      3.92     3.92    3.75     0.561
        1  2n2        1631    13      3.67     3.67    3.42     0.577
        1  2n3        1723    13      3.50     3.50    3.33     0.586
        1  2n4        1359    13      3.67     3.67    3.50     0.607
        1  2n5        1772    13      3.33     3.33    3.17     0.607
        1  2n6        1780    13      3.00     3.00    2.92     0.578
        1  2n7        1904    13      3.67     3.67    3.33     0.567
        1  2n8        1565    13      3.92     3.92    3.67     0.602
        1  2n9        2052    13      3.42     3.42    3.25     0.585
        1  2n10       1675    13      3.92     3.92    3.75     0.497
        1  2n11       1550    13      3.33     3.33    3.17     0.539
        1  2n12       1448    13      3.50     3.50    3.33     0.675
        1  2n13       2059    13      3.67     3.67    3.50     0.622
        1  2n14       1513    13      3.92     3.92    3.75     0.496
        1  2n15       2096    13      3.42     3.42    3.17     0.634
        2  2n0        4719    17      5.32     5.32    4.60     0.439
        2  2n1        5314    17      5.52     5.52    4.74     0.404
        2  2n2        5414    17      5.10     5.10    4.70     0.439
        2  2n3        4498    17      3.74     3.74    3.24     0.572
        2  2n4        3895    17      4.70     4.70    4.42     0.488
        2  2n5        5289    17      4.68     4.68    4.16     0.458
        2  2n6        5166    17      4.16     4.16    3.44     0.482
        2  2n7        4980    17      3.92     3.92    3.10     0.531
        2  2n8        4195    17      4.42     4.42    4.20     0.464
        2  2n9        5497    17      5.20     5.20    4.50     0.512
        2  2n10       5281    17      4.44     4.44    4.00     0.486
        2  2n11       4506    17      4.30     4.30    3.56     0.500
        2  2n12      11359    17      5.80     5.80    4.94     0.374
        2  2n13       6478    17      5.16     5.16    4.38     0.409
        2  2n14       3850    17      3.96     3.96    3.26     0.515
        2  2n15       5123    17      4.78     4.78    3.84     0.434
        2  3n0        1621    79      4.30     3.60    3.80     0.556
        2  3n1        1814    79      5.30     3.90    3.40     0.415
        2  3n2        1906    79      5.90     4.70    3.50     0.483
        2  3n3        2441    79      4.60     2.90    2.60     0.497
        2  3n4        1752    79      4.40     2.90    2.70     0.462
        2  3n5        1995    79      6.70     5.50    4.20     0.473
        2  3n6        2095    79      6.40     4.80    3.80     0.404
        2  3n7        1536    79      4.70     3.30    2.90     0.423
        3  2n0        5494    18      5.37     5.37    4.70     0.427
        3  2n1        5238    18      6.54     6.54    4.99     0.371
        3  2n2        6214    18      4.94     4.94    4.23     0.479
        3  2n3        5359    18      5.13     5.13    3.47     0.456
        3  2n4        3759    18      4.94     4.94    4.46     0.474
        3  2n5        7178    18      4.30     4.30    3.43     0.559
        3  2n6        5463    18      3.34     3.34    2.61     0.670
        3  2n7        7606    18      4.79     4.79    3.24     0.561
        3  2n8        5072    18      4.67     4.67    4.16     0.466
        3  2n9        6254    18      4.53     4.53    4.20     0.481
        3  2n10       7224    18      5.67     5.67    4.76     0.401
        3  2n11       4015    18      5.50     5.50    3.73     0.443
        3  2n12      21525    18      6.43     6.43    5.43     0.426
        3  2n13      12272    18      4.40     4.40    3.80     0.510
        3  2n14       4225    18      3.80     3.80    3.04     0.520
        3  2n15       6054    18      5.46     5.46    3.64     0.470
        3  3n0        6429    92      3.61     2.93    2.94     0.557
        3  3n1        7699    92      6.13     4.33    4.07     0.361
        3  3n2        7344    92      4.91     3.81    3.57     0.502
        3  3n3       12912    92      5.96     3.77    3.46     0.482
        3  3n4        7099    92      5.61     3.54    3.47     0.433
        3  3n5        8416    92      4.57     4.00    3.61     0.540
        3  3n6       30608    92      7.24     5.11    4.59     0.483
        3  3n7        7512    92      5.06     3.73    3.56     0.484
        3  4n0        2250   140      1.14     1.14    1.14     0.960
        3  4n1        4164   140      1.34     1.24    1.24     0.965
        3  4n2        5390   140      1.90     1.55    1.55     0.896
        3  4n3        9926   140      1.45     1.45    1.45     0.962
        4  2n0        1234    18      5.17     5.17    4.92     0.420
        4  2n1         893    18      5.83     5.83    4.83     0.429
        4  2n2         750    18      2.92     2.92    2.75     0.605
        4  2n3         801    18      5.00     5.00    3.25     0.404
        4  2n4         546    18      3.83     3.83    3.58     0.513
        4  2n5        1362    18      3.00     3.00    2.75     0.728
        4  2n6         926    18      2.67     2.67    2.33     0.754
        4  2n7        1253    18      3.25     3.25    3.00     0.761
        4  2n8        1070    18      5.08     5.08    4.42     0.464
        4  2n9         780    18      3.83     3.83    3.83     0.485
        4  2n10        848    18      4.75     4.75    4.42     0.466
        4  2n11        768    18      5.33     5.33    3.42     0.398
        4  2n12       2489    18      4.33     4.33    4.33     0.595
        4  2n13       2114    18      3.58     3.58    3.58     0.579
        4  2n14        738    18      3.50     3.50    3.33     0.557
        4  2n15        969    18      4.00     4.00    2.83     0.515
        4  3n0         993    94      2.67     2.50    2.50     0.676
        4  3n1         883    94      4.17     3.42    3.33     0.502
        4  3n2        1118    94      2.58     2.33    2.17     0.790
        4  3n3        2281    94      5.50     3.58    3.17     0.486
        4  3n4        1551    94      3.83     2.58    2.42     0.573
        4  3n5        1950    94      3.75     2.75    2.67     0.601
        4  3n6        5853    94      4.83     4.50    4.08     0.608
        4  3n7        1176    94      3.75     2.75    2.75     0.586
        4  4n0        1495   144      1.67     1.67    1.67     0.845
        4  4n1        1848   144      1.33     1.33    1.33     0.956
        4  4n2        2512   144      2.33     2.08    2.08     0.801
        4  4n3        6068   144      1.42     1.33    1.33     0.972
        4  5n0         350    48      1.00     1.00    1.00     1.000
        4  5n1        1582    48      1.17     1.17    1.17     0.990
        5  2n0         652    19      4.00     4.00    4.00     0.518
        5  2n1         664    19      5.89     5.89    4.78     0.366
        5  2n2         746    19      3.56     3.56    3.44     0.527
        5  2n3         660    19      4.67     4.67    2.89     0.448
        5  2n4         442    19      4.11     4.11    4.00     0.554
        5  2n5        1232    19      3.67     3.67    2.89     0.684
        5  2n6         617    19      2.44     2.44    2.33     0.679
        5  2n7         888    19      3.67     3.67    3.11     0.676
        5  2n8         454    19      3.78     3.78    3.67     0.637
        5  2n9         694    19      3.33     3.33    3.22     0.594
        5  2n10        765    19      4.89     4.89    4.78     0.446
        5  2n11        504    19      5.11     5.11    2.78     0.480
        5  2n12       1543    19      4.33     4.33    4.11     0.597
        5  2n13       1531    19      3.67     3.67    3.67     0.492
        5  2n14        426    19      2.89     2.89    2.56     0.662
        5  2n15        486    19      3.56     3.56    3.11     0.533
        5  3n0         850    99      2.89     2.78    2.67     0.614
        5  3n1         928    99      5.22     3.56    3.44     0.348
        5  3n2         852    99      3.11     3.00    2.78     0.691
        5  3n3        2263    99      6.78     4.11    3.89     0.384
        5  3n4        2030    99      3.44     2.00    1.56     0.809
        5  3n5        1786    99      4.22     3.00    2.78     0.766
        5  3n6        3791    99      4.11     3.22    3.22     0.764
        5  3n7         706    99      3.22     2.33    2.33     0.540
        5  4n0        1324   152      2.67     2.67    2.67     0.625
        5  4n1        1697   152      2.00     2.00    2.00     0.822
        5  4n2        2997   152      2.78     2.00    2.00     0.769
        5  4n3        6204   152      2.00     2.00    2.00     0.832
        5  5n0         179    80      1.12     1.12    1.12     0.911
        5  5n1        1316    80      1.44     1.22    1.22     0.877

====================================================================================================
[E] THE WRITER'S CLASS ACCURACY ON THE PRICED BEAM (held-out: fresh instances/cycle)
====================================================================================================
    `contains` against the clean latent, `rep` against the set of features that REPAIR
    the instance there. On an open slot the writer IS the head, so `rep` is the head's
    class accuracy; where the corridor is closed it is the DP's. Q0 §3's audition-path
    numbers for the DP at the frontier: 4n3 contains_rep 0.718 (era 4), 5n1 0.582.

    al_pj_yk:
      era  cell     contains n    contains   rep n     rep
        1  2n0         1496      0.454      733    0.161
        1  2n1         1942      0.304      761    0.143
        1  2n2         1719      0.419      729    0.177
        1  2n3         1754      0.357      751    0.144
        1  2n4         1386      0.405      664    0.170
        1  2n5         1930      0.421      754    0.133
        1  2n6         1835      0.656      706    0.170
        1  2n7         1783      0.437      764    0.160
        1  2n8         1575      0.358      753    0.154
        1  2n9         2090      0.271      768    0.152
        1  2n10        1563      0.482      729    0.121
        1  2n11        1383      0.388      680    0.126
        1  2n12        1492      0.324      667    0.381
        1  2n13        2283      0.339      768    0.138
        1  2n14        1455      0.586      724    0.166
        1  2n15        2212      0.313      768    0.104
        2  2n0         4543      0.475     3032    0.164
        2  2n1         5338      0.351     3095    0.141
        2  2n2         5191      0.613     3111    0.184
        2  2n3         5294      0.355     3060    0.109
        2  2n4         3311      0.569     2742    0.209
        2  2n5         5605      0.531     3062    0.174
        2  2n6         6828      0.691     3192    0.211
        2  2n7         5484      0.537     3129    0.179
        2  2n8         4479      0.424     2984    0.153
        2  2n9         4585      0.399     2966    0.182
        2  2n10        4854      0.633     3083    0.223
        2  2n11        4241      0.528     2875    0.165
        2  2n12       11865      0.538     3200    0.459
        2  2n13        6912      0.337     3196    0.235
        2  2n14        3929      0.604     2942    0.187
        2  2n15        4757      0.436     3021    0.179
        2  3n0         1714      0.264      630    0.151
        2  3n1         1642      0.269      607    0.211
        2  3n2         1995      0.356      640    0.166
        2  3n3         1876      0.267      609    0.184
        2  3n4         1973      0.308      640    0.167
        2  3n5         1715      0.383      638    0.197
        2  3n6         2681      0.464      640    0.500
        2  3n7         2041      0.279      640    0.214
        3  2n0         5676      0.508     4149    0.248
        3  2n1         5943      0.387     4083    0.208
        3  2n2         5799      0.630     4081    0.284
        3  2n3         4923      0.463     3966    0.168
        3  2n4         3702      0.600     3351    0.283
        3  2n5         8331      0.748     4417    0.242
        3  2n6        10310      0.803     4437    0.312
        3  2n7         7878      0.573     4394    0.326
        3  2n8         4646      0.521     3799    0.236
        3  2n9         4445      0.413     3734    0.208
        3  2n10        6940      0.568     4310    0.248
        3  2n11        5822      0.598     4136    0.208
        3  2n12       22661      0.396     4480    0.217
        3  2n13        9834      0.379     4361    0.263
        3  2n14        4485      0.689     3692    0.255
        3  2n15        4620      0.423     3791    0.243
        3  3n0         7293      0.412     4331    0.200
        3  3n1         7628      0.355     4346    0.271
        3  3n2         6755      0.404     4363    0.226
        3  3n3         7552      0.470     4357    0.290
        3  3n4         7881      0.376     4301    0.194
        3  3n5         9156      0.357     4372    0.232
        3  3n6        36070      0.447     4480    0.568
        3  3n7        17754      0.315     4479    0.317
        3  4n0         3196      0.516     1783    0.360
        3  4n1         4140      0.867     1762    0.393
        3  4n2         4068      0.413     1761    0.376
        3  4n3         7101      0.858     1856    0.719
        4  2n0          993      0.617      700    0.383
        4  2n1         1000      0.513      707    0.256
        4  2n2         1147      0.593      725    0.301
        4  2n3          822      0.577      675    0.319
        4  2n4          650      0.575      601    0.273
        4  2n5         1665      0.768      741    0.405
        4  2n6         1547      0.771      738    0.270
        4  2n7         1229      0.461      768    0.141
        4  2n8          488      0.607      464    0.351
        4  2n9          562      0.409      540    0.300
        4  2n10         859      0.620      663    0.347
        4  2n11        1130      0.517      753    0.360
        4  2n12        3095      0.311      768    0.130
        4  2n13        1061      0.320      683    0.184
        4  2n14         684      0.618      612    0.322
        4  2n15         489      0.256      459    0.277
        4  3n0         1544      0.558      768    0.368
        4  3n1         1150      0.379      746    0.362
        4  3n2          577      0.468      530    0.462
        4  3n3         1871      0.487      768    0.402
        4  3n4         1639      0.474      755    0.384
        4  3n5         1513      0.358      714    0.158
        4  3n6         6242      0.307      768    0.297
        4  3n7         3864      0.194      768    0.404
        4  4n0         1150      0.488      731    0.342
        4  4n1         2088      0.898      764    0.348
        4  4n2         2786      0.295      768    0.487
        4  4n3         4873      0.795      768    0.717
        4  5n0          563      0.769      281    0.459
        4  5n1         1647      0.757      384    0.867
        5  2n0          695      0.459      511    0.384
        5  2n1          685      0.483      496    0.349
        5  2n2          850      0.527      548    0.339
        5  2n3          645      0.448      556    0.257
        5  2n4          499      0.563      421    0.435
        5  2n5         1505      0.735      576    0.474
        5  2n6          926      0.894      560    0.355
        5  2n7          855      0.484      574    0.357
        5  2n8          415      0.152      397    0.310
        5  2n9          477      0.325      413    0.262
        5  2n10         663      0.418      527    0.157
        5  2n11         626      0.220      516    0.328
        5  2n12        1637      0.256      576    0.151
        5  2n13         627      0.215      490    0.133
        5  2n14         430      0.593      412    0.250
        5  2n15         379      0.190      357    0.392
        5  3n0         1370      0.513      576    0.453
        5  3n1          703      0.454      509    0.375
        5  3n2          550      0.504      472    0.297
        5  3n3         1681      0.385      551    0.338
        5  3n4         2307      0.454      576    0.509
        5  3n5          772      0.189      528    0.358
        5  3n6         3932      0.303      576    0.247
        5  3n7         2837      0.369      576    0.415
        5  4n0         1345      0.496      575    0.217
        5  4n1         2121      0.867      576    0.632
        5  4n2         3021      0.409      576    0.510
        5  4n3         3582      0.837      576    0.370
        5  5n0          523      0.790      416    0.579
        5  5n1         2121      0.587      576    0.929

    al_rt_yk:
      era  cell     contains n    contains   rep n     rep
        1  2n0         1578      0.450      723    0.189
        1  2n1         1973      0.331      747    0.115
        1  2n2         1631      0.402      754    0.223
        1  2n3         1723      0.353      761    0.125
        1  2n4         1359      0.427      681    0.185
        1  2n5         1772      0.466      750    0.208
        1  2n6         1780      0.624      762    0.146
        1  2n7         1904      0.448      768    0.201
        1  2n8         1565      0.344      756    0.112
        1  2n9         2052      0.287      754    0.164
        1  2n10        1675      0.527      741    0.197
        1  2n11        1550      0.434      765    0.167
        1  2n12        1448      0.302      644    0.404
        1  2n13        2059      0.393      768    0.177
        1  2n14        1513      0.543      719    0.255
        1  2n15        2096      0.350      754    0.239
        2  2n0         4719      0.402     3091    0.198
        2  2n1         5314      0.346     3114    0.171
        2  2n2         5414      0.485     3163    0.129
        2  2n3         4498      0.398     3015    0.169
        2  2n4         3895      0.496     2936    0.170
        2  2n5         5289      0.340     3129    0.173
        2  2n6         5166      0.552     3063    0.170
        2  2n7         4980      0.452     3073    0.175
        2  2n8         4195      0.358     2949    0.150
        2  2n9         5497      0.320     3051    0.186
        2  2n10        5281      0.589     3046    0.235
        2  2n11        4506      0.492     3048    0.128
        2  2n12       11359      0.512     3200    0.437
        2  2n13        6478      0.308     3174    0.260
        2  2n14        3850      0.549     2883    0.172
        2  2n15        5123      0.398     3144    0.198
        2  3n0         1621      0.363      602    0.110
        2  3n1         1814      0.177      612    0.119
        2  3n2         1906      0.375      620    0.029
        2  3n3         2441      0.084      620    0.190
        2  3n4         1752      0.351      629    0.159
        2  3n5         1995      0.280      630    0.225
        2  3n6         2095      0.369      595    0.454
        2  3n7         1536      0.232      525    0.112
        3  2n0         5494      0.534     4117    0.243
        3  2n1         5238      0.344     3989    0.168
        3  2n2         6214      0.632     4256    0.244
        3  2n3         5359      0.425     4063    0.174
        3  2n4         3759      0.557     3387    0.205
        3  2n5         7178      0.678     4239    0.264
        3  2n6         5463      0.798     4065    0.312
        3  2n7         7606      0.472     4304    0.288
        3  2n8         5072      0.391     3980    0.192
        3  2n9         6254      0.378     4163    0.208
        3  2n10        7224      0.615     4357    0.215
        3  2n11        4015      0.413     3491    0.176
        3  2n12       21525      0.403     4480    0.208
        3  2n13       12272      0.328     4478    0.341
        3  2n14        4225      0.676     3551    0.235
        3  2n15        6054      0.370     4267    0.243
        3  3n0         6429      0.389     4195    0.196
        3  3n1         7699      0.287     4311    0.173
        3  3n2         7344      0.388     4376    0.234
        3  3n3        12912      0.317     4472    0.235
        3  3n4         7099      0.435     4323    0.198
        3  3n5         8416      0.289     4338    0.237
        3  3n6        30608      0.472     4480    0.555
        3  3n7         7512      0.242     4217    0.266
        3  4n0         2250      0.706     1459    0.408
        3  4n1         4164      0.856     1813    0.400
        3  4n2         5390      0.763     1833    0.402
        3  4n3         9926      0.849     1856    0.728
        4  2n0         1234      0.535      732    0.253
        4  2n1          893      0.372      683    0.252
        4  2n2          750      0.583      633    0.267
        4  2n3          801      0.513      657    0.201
        4  2n4          546      0.562      517    0.222
        4  2n5         1362      0.751      730    0.284
        4  2n6          926      0.809      648    0.208
        4  2n7         1253      0.381      712    0.187
        4  2n8         1070      0.382      720    0.225
        4  2n9          780      0.362      664    0.170
        4  2n10         848      0.627      675    0.179
        4  2n11         768      0.387      624    0.125
        4  2n12        2489      0.379      768    0.161
        4  2n13        2114      0.337      768    0.268
        4  2n14         738      0.497      634    0.279
        4  2n15         969      0.230      640    0.278
        4  3n0          993      0.350      665    0.259
        4  3n1          883      0.233      691    0.233
        4  3n2         1118      0.351      736    0.200
        4  3n3         2281      0.464      768    0.257
        4  3n4         1551      0.527      768    0.293
        4  3n5         1950      0.357      768    0.292
        4  3n6         5853      0.278      768    0.232
        4  3n7         1176      0.233      738    0.251
        4  4n0         1495      0.694      751    0.301
        4  4n1         1848      0.919      768    0.376
        4  4n2         2512      0.737      768    0.382
        4  4n3         6068      0.830      768    0.656
        4  5n0          350      0.903      188    0.527
        4  5n1         1582      0.928      353    0.705
        5  2n0          652      0.474      548    0.221
        5  2n1          664      0.449      541    0.329
        5  2n2          746      0.665      555    0.348
        5  2n3          660      0.448      518    0.276
        5  2n4          442      0.697      365    0.293
        5  2n5         1232      0.800      573    0.312
        5  2n6          617      0.895      539    0.174
        5  2n7          888      0.474      562    0.260
        5  2n8          454      0.178      382    0.348
        5  2n9          694      0.235      514    0.368
        5  2n10         765      0.354      559    0.327
        5  2n11         504      0.288      408    0.218
        5  2n12        1543      0.336      576    0.148
        5  2n13        1531      0.285      576    0.378
        5  2n14         426      0.723      404    0.240
        5  2n15         486      0.284      453    0.203
        5  3n0          850      0.345      563    0.250
        5  3n1          928      0.408      576    0.165
        5  3n2          852      0.522      546    0.245
        5  3n3         2263      0.361      576    0.288
        5  3n4         2030      0.521      576    0.569
        5  3n5         1786      0.298      576    0.443
        5  3n6         3791      0.294      576    0.184
        5  3n7          706      0.217      501    0.313
        5  4n0         1324      0.613      576    0.210
        5  4n1         1697      0.932      576    0.443
        5  4n2         2997      0.442      576    0.450
        5  4n3         6204      0.818      576    0.396
        5  5n0          179      0.905      179    0.581
        5  5n1         1316      0.726      576    0.865

====================================================================================================
[F] THE IN-SITU READ-BACK — the number DESIGN §15 says decides whether Q2's
    `own_readback` has anything to read
====================================================================================================
    The frozen reader run on the span the learner just wrote, IN PLACE, quotiented
    through the arm's own class map and tallied against the record's class. Never
    summed with the verdict. Q0 §4: the STRUCTURAL disagreement on the token class is
    0.000 by construction on this draw, so everything here is the neural ear plus the
    learned quotient.

    al_pj_yk:
      era  cell         n   class_agree  tuple_agree   unnamed
        1  2n0        941       0.953       0.953     0.000
        1  2n1       1094       0.906       0.906     0.000
        1  2n2       1017       0.911       0.911     0.000
        1  2n3       1041       0.920       0.920     0.000
        1  2n4        839       0.930       0.930     0.000
        1  2n5       1054       1.000       1.000     0.000
        1  2n6        937       0.887       0.887     0.000
        1  2n7       1042       0.800       0.800     0.000
        1  2n8       1019       0.959       0.959     0.000
        1  2n9       1147       0.987       0.987     0.000
        1  2n10       942       0.941       0.941     0.000
        1  2n11       921       0.935       0.935     0.000
        1  2n12       789       0.935       0.935     0.000
        1  2n13      1122       0.918       0.918     0.000
        1  2n14       906       0.925       0.925     0.000
        1  2n15      1118       0.863       0.863     0.000
        2  2n0       4049       0.702       0.702     0.000
        2  2n1       4314       0.569       0.569     0.000
        2  2n2       4213       0.487       0.487     0.000
        2  2n3       4167       0.444       0.444     0.000
        2  2n4       3234       0.604       0.604     0.000
        2  2n5       4249       0.376       0.376     0.000
        2  2n6       4629       0.520       0.520     0.000
        2  2n7       4288       0.475       0.475     0.000
        2  2n8       3948       0.516       0.516     0.000
        2  2n9       3890       0.619       0.619     0.000
        2  2n10      4177       0.519       0.519     0.000
        2  2n11      3717       0.441       0.441     0.000
        2  2n12      4781       0.772       0.772     0.000
        2  2n13      4625       0.624       0.624     0.000
        2  2n14      3733       0.471       0.471     0.000
        2  2n15      4016       0.609       0.609     0.000
        2  3n0        878       1.000       0.435     0.000
        2  3n1        812       1.000       0.404     0.000
        2  3n2        912       1.000       0.268     0.000
        2  3n3        837       1.000       0.265     0.000
        2  3n4        935       1.000       0.541     0.000
        2  3n5        839       1.000       0.545     0.000
        2  3n6        936       1.000       0.286     0.000
        2  3n7        922       1.000       0.184     0.000
        3  2n0       5207       0.865       0.865     0.000
        3  2n1       5255       0.721       0.721     0.000
        3  2n2       5170       0.683       0.683     0.000
        3  2n3       4717       0.572       0.572     0.000
        3  2n4       3690       0.745       0.745     0.000
        3  2n5       6227       0.627       0.627     0.000
        3  2n6       6408       0.718       0.718     0.000
        3  2n7       5997       0.716       0.716     0.000
        3  2n8       4475       0.644       0.644     0.000
        3  2n9       4283       0.711       0.711     0.000
        3  2n10      5805       0.756       0.756     0.000
        3  2n11      5265       0.551       0.551     0.000
        3  2n12      6720       0.918       0.918     0.000
        3  2n13      6241       0.803       0.803     0.000
        3  2n14      4314       0.600       0.600     0.000
        3  2n15      4431       0.607       0.607     0.000
        3  3n0       5992       1.000       0.706     0.000
        3  3n1       5931       0.999       0.751     0.000
        3  3n2       5885       1.000       0.498     0.000
        3  3n3       6044       1.000       0.611     0.000
        3  3n4       6026       1.000       0.709     0.000
        3  3n5       6197       1.000       0.721     0.000
        3  3n6       6720       0.999       0.733     0.000
        3  3n7       6648       1.000       0.727     0.000
        3  4n0       2386       1.000       1.000     0.000
        3  4n1       2463       1.000       0.998     0.000
        3  4n2       2473       1.000       1.000     0.000
        3  4n3       2767       1.000       1.000     0.000
        4  2n0        916       0.999       0.999     0.000
        4  2n1        904       0.831       0.831     0.000
        4  2n2        940       0.917       0.917     0.000
        4  2n3        770       0.879       0.879     0.000
        4  2n4        650       0.838       0.838     0.000
        4  2n5       1076       0.870       0.870     0.000
        4  2n6       1039       0.934       0.934     0.000
        4  2n7       1007       0.907       0.907     0.000
        4  2n8        488       0.877       0.877     0.000
        4  2n9        562       0.831       0.831     0.000
        4  2n10       816       0.778       0.778     0.000
        4  2n11       998       0.885       0.885     0.000
        4  2n12      1152       1.000       1.000     0.000
        4  2n13       899       0.865       0.865     0.000
        4  2n14       681       0.702       0.702     0.000
        4  2n15       489       0.851       0.851     0.000
        4  3n0       1120       1.000       0.870     0.000
        4  3n1       1036       1.000       0.831     0.000
        4  3n2        577       1.000       0.451     0.000
        4  3n3       1123       1.000       0.640     0.000
        4  3n4       1065       1.000       0.926     0.000
        4  3n5       1015       1.000       0.858     0.000
        4  3n6       1152       1.000       0.868     0.000
        4  3n7       1152       1.000       0.874     0.000
        4  4n0        999       1.000       0.918     0.000
        4  4n1       1112       1.000       0.998     0.000
        4  4n2       1152       1.000       1.000     0.000
        4  4n3       1152       1.000       1.000     0.000
        4  5n0        345       1.000       1.000     0.000
        4  5n1        505       1.000       1.000     0.000
        5  2n0        637       0.998       0.998     0.000
        5  2n1        631       0.813       0.813     0.000
        5  2n2        729       0.897       0.897     0.000
        5  2n3        630       0.910       0.910     0.000
        5  2n4        479       0.887       0.887     0.000
        5  2n5        864       0.892       0.892     0.000
        5  2n6        752       0.968       0.968     0.000
        5  2n7        756       0.958       0.958     0.000
        5  2n8        415       0.908       0.908     0.000
        5  2n9        473       0.932       0.932     0.000
        5  2n10       624       0.803       0.803     0.000
        5  2n11       587       0.928       0.928     0.000
        5  2n12       864       1.000       1.000     0.000
        5  2n13       590       0.793       0.793     0.000
        5  2n14       430       0.823       0.823     0.000
        5  2n15       379       0.926       0.926     0.000
        5  3n0        864       1.000       0.823     0.000
        5  3n1        636       0.994       0.910     0.000
        5  3n2        533       1.000       0.413     0.000
        5  3n3        800       1.000       0.659     0.000
        5  3n4        864       1.000       0.916     0.000
        5  3n5        673       1.000       0.688     0.000
        5  3n6        864       1.000       0.914     0.000
        5  3n7        864       1.000       0.777     0.000
        5  4n0        799       1.000       0.966     0.000
        5  4n1        864       1.000       0.998     0.000
        5  4n2        864       1.000       1.000     0.000
        5  4n3        864       1.000       1.000     0.000
        5  5n0        504       1.000       1.000     0.000
        5  5n1        864       1.000       1.000     0.000

    al_rt_yk:
      era  cell         n   class_agree  tuple_agree   unnamed
        1  2n0        965       0.909       0.909     0.000
        1  2n1       1065       0.825       0.825     0.000
        1  2n2       1012       0.779       0.779     0.000
        1  2n3       1050       0.636       0.636     0.000
        1  2n4        815       0.822       0.822     0.000
        1  2n5       1020       0.800       0.800     0.000
        1  2n6        986       0.724       0.724     0.000
        1  2n7       1075       0.612       0.612     0.000
        1  2n8        993       0.800       0.800     0.000
        1  2n9       1088       0.951       0.951     0.000
        1  2n10      1031       0.729       0.729     0.000
        1  2n11      1045       0.692       0.692     0.000
        1  2n12       742       0.838       0.838     0.000
        1  2n13      1112       0.772       0.772     0.000
        1  2n14       953       0.673       0.673     0.000
        1  2n15      1065       0.687       0.687     0.000
        2  2n0       4158       0.772       0.772     0.000
        2  2n1       4333       0.625       0.625     0.000
        2  2n2       4427       0.565       0.565     0.000
        2  2n3       3907       0.401       0.401     0.000
        2  2n4       3641       0.697       0.697     0.000
        2  2n5       4366       0.654       0.654     0.000
        2  2n6       4325       0.625       0.625     0.000
        2  2n7       4212       0.266       0.266     0.000
        2  2n8       3753       0.771       0.771     0.000
        2  2n9       4244       0.817       0.817     0.000
        2  2n10      4081       0.664       0.664     0.000
        2  2n11      4000       0.443       0.443     0.000
        2  2n12      4770       0.602       0.602     0.000
        2  2n13      4559       0.651       0.651     0.000
        2  2n14      3625       0.563       0.563     0.000
        2  2n15      4297       0.562       0.562     0.000
        2  3n0        793       1.000       0.950     0.000
        2  3n1        860       1.000       0.266     0.000
        2  3n2        824       1.000       0.505     0.000
        2  3n3        907       1.000       0.476     0.000
        2  3n4        910       1.000       0.960     0.000
        2  3n5        874       1.000       0.791     0.000
        2  3n6        791       1.000       0.571     0.000
        2  3n7        659       1.000       0.381     0.000
        3  2n0       5160       0.884       0.884     0.000
        3  2n1       4928       0.802       0.802     0.000
        3  2n2       5533       0.884       0.884     0.000
        3  2n3       5013       0.745       0.745     0.000
        3  2n4       3723       0.841       0.841     0.000
        3  2n5       5716       0.794       0.794     0.000
        3  2n6       5073       0.873       0.873     0.000
        3  2n7       5936       0.705       0.705     0.000
        3  2n8       4831       0.891       0.891     0.000
        3  2n9       5432       0.953       0.953     0.000
        3  2n10      5968       0.867       0.867     0.000
        3  2n11      3976       0.711       0.711     0.000
        3  2n12      6712       0.906       0.906     0.000
        3  2n13      6626       0.800       0.800     0.000
        3  2n14      4109       0.810       0.810     0.000
        3  2n15      5514       0.773       0.773     0.000
        3  3n0       5620       1.000       0.952     0.000
        3  3n1       6009       0.998       0.578     0.000
        3  3n2       5965       1.000       0.744     0.000
        3  3n3       6594       1.000       0.648     0.000
        3  3n4       5812       1.000       0.843     0.000
        3  3n5       6122       1.000       0.768     0.000
        3  3n6       6720       1.000       0.843     0.000
        3  3n7       5869       1.000       0.470     0.000
        3  4n0       1752       1.000       1.000     0.000
        3  4n1       2605       1.000       0.983     0.000
        3  4n2       2669       0.988       0.972     0.000
        3  4n3       2784       1.000       1.000     0.000
        4  2n0       1010       0.858       0.858     0.000
        4  2n1        854       0.905       0.905     0.000
        4  2n2        750       0.997       0.997     0.000
        4  2n3        794       0.836       0.836     0.000
        4  2n4        546       0.962       0.962     0.000
        4  2n5       1023       0.996       0.996     0.000
        4  2n6        851       0.957       0.957     0.000
        4  2n7       1006       0.909       0.909     0.000
        4  2n8        971       0.960       0.960     0.000
        4  2n9        780       0.981       0.981     0.000
        4  2n10       812       0.970       0.970     0.000
        4  2n11       757       0.789       0.789     0.000
        4  2n12      1152       1.000       1.000     0.000
        4  2n13      1137       1.000       1.000     0.000
        4  2n14       700       0.993       0.993     0.000
        4  2n15       836       0.815       0.815     0.000
        4  3n0        872       1.000       0.997     0.000
        4  3n1        845       1.000       0.872     0.000
        4  3n2        943       1.000       0.994     0.000
        4  3n3       1150       1.000       0.805     0.000
        4  3n4       1128       1.000       0.949     0.000
        4  3n5       1152       1.000       0.817     0.000
        4  3n6       1152       1.000       0.994     0.000
        4  3n7        975       1.000       0.796     0.000
        4  4n0       1039       1.000       1.000     0.000
        4  4n1       1087       1.000       1.000     0.000
        4  4n2       1152       1.000       0.989     0.000
        4  4n3       1152       1.000       1.000     0.000
        4  5n0        252       1.000       1.000     0.000
        4  5n1        478       1.000       1.000     0.000
        5  2n0        619       0.969       0.969     0.000
        5  2n1        653       0.786       0.786     0.000
        5  2n2        716       0.990       0.990     0.000
        5  2n3        650       0.880       0.880     0.000
        5  2n4        423       0.993       0.993     0.000
        5  2n5        829       0.955       0.955     0.000
        5  2n6        617       0.998       0.998     0.000
        5  2n7        772       0.867       0.867     0.000
        5  2n8        440       0.975       0.975     0.000
        5  2n9        625       1.000       1.000     0.000
        5  2n10       719       0.992       0.992     0.000
        5  2n11       482       0.693       0.693     0.000
        5  2n12       864       0.992       0.992     0.000
        5  2n13       842       1.000       1.000     0.000
        5  2n14       426       0.908       0.908     0.000
        5  2n15       486       0.695       0.695     0.000
        5  3n0        766       1.000       1.000     0.000
        5  3n1        803       1.000       0.864     0.000
        5  3n2        744       1.000       0.993     0.000
        5  3n3        864       1.000       0.771     0.000
        5  3n4        864       1.000       0.990     0.000
        5  3n5        864       0.999       0.909     0.000
        5  3n6        864       1.000       0.980     0.000
        5  3n7        610       1.000       0.661     0.000
        5  4n0        843       1.000       1.000     0.000
        5  4n1        864       1.000       1.000     0.000
        5  4n2        864       1.000       1.000     0.000
        5  4n3        864       1.000       1.000     0.000
        5  5n0        179       1.000       1.000     0.000
        5  5n1        851       1.000       1.000     0.000

====================================================================================================
[G] THE RECORD'S VOLUME AND THE OBJECTIVE'S DIET
====================================================================================================
    `filed` writes kept by the beam and on a graded tip; `solved` their verdict;
    `unnamed` training rows whose recorded class has no member in the current table
    (the argmax arms' own hazard — DESIGN §14); `verify_bad` gate V-1's counter.

    arm                    written    filed   solved%   unnamed   verify   v_bad   buf(last, max over slots)
    al_pj_yk                  1603104   453067    0.272         0   453067       0   8192
    al_rt_yk                  1515861   437531    0.250         0   437531       0   8192

====================================================================================================
[H] ARRIVAL, CLASS COVERAGE, MERGES AND THE BILL
====================================================================================================
    arm                   L5@sup(end) L6@sup(end)  L4 classes(end)  merges taken  exp_reads   t_cum
    al_pj_yk                         14           2              27            35    2261183    51179110
    al_rt_yk                          7           1              33            35    2246763    51148339
    vo_s3:voi3_dp                    17           3              26            44    2288898    51208256
    vo_s3b:voi3b_comp_yk              8           2              21            43    2283467    51135949
    vo_s3b:voi3b_comp_pr_yk          12           1              26            37    2269032    51358593
    so_s1:so_mg_yk                   14           1              30            37    2253268    51218048
    so_s1:so_cg_yk                    9           2              24            36    2267901    51155866
    so_s1:so_hy_yk                   18           1              24            43    2289053    51293561

====================================================================================================
[I] ERA-4/5 ERROR — with the caveat
====================================================================================================
    `enharmonic`'s matched-clock gaps between near-identical arms reach 0.08, and these
    arms are SELF-PACED and lived different numbers of cycles, so error is NOT a claim
    here. The structural readouts above are.

    arm                   era1  era2  era3  era4  era5
    al_pj_yk                 0.503  0.628  0.584  0.531  0.517
    al_rt_yk                 0.499  0.611  0.596  0.632  0.624
    vo_s3:voi3_dp            0.499  0.620  0.613  0.671  0.773
    vo_s3b:voi3b_comp_yk     0.502  0.624  0.565  0.588  0.550
    vo_s3b:voi3b_comp_pr_yk  0.501  0.614  0.532  0.644  0.703
    so_s1:so_mg_yk           0.496  0.612  0.567  0.530  0.503
    so_s1:so_cg_yk           0.499  0.602  0.589  0.527  0.496
    so_s1:so_hy_yk           0.501  0.647  0.595  0.581  0.647

====================================================================================================
[J] THE CRITIC — held-out AUC against the verdict, per slot, over the run
====================================================================================================
    The held-out split is by the parity gate's own BIJECTIVE row code, not a coin flip,
    so a context recurring across cycles cannot sit on both sides. `auc` is None where
    one class is absent on the held-out rows — an AUC is undefined then, and saying so
    beats reporting 0.5. DENOMINATORS AND BASE RATES ARE PART OF THE READING: the
    preflight's AUCs sat on 16-26 rows at base rate 0.045-0.08 and were a path check.

    [sotto] `auc_world` is the probe AUC scored against the WORLD'S verdict on the
    same rows rather than against the verdict that was FILED. On a world-graded arm the
    two columns are the same number; on a model-graded arm they are not, and the one
    the question is about is `auc_world` — can the critic rank what the world would have
    said, having been taught by a mirror. `filed==world` is the share of the filed
    probe rows whose verdict the world agreed with, i.e. the mirror's own accuracy on
    the rows it actually put into the critic.

    [Q3] THE TWO DIETS ARE READ APART and are NEVER pooled. The filed rows are the
    practice beam's own writes — a narrow, self-selected candidate set (Q0 finding 3:
    at the frontier almost every write falls in one token class) — and the probe rows
    are the babbler's substitutions, a DIFFERENT class by construction. A pooled AUC
    would read that candidate-set difference as discrimination. Both columns carry
    their own denominator and base rate.

    al_pj_yk:
      FILED rows                                              PROBE rows [Q3], the AUC scored against the WORLD [sotto]
      slot   reads  n(last) base(last)  auc f/med/last  >.5   n(last) base(last)  auc f/med/last  >.5   auc_world f/med/last  filed==world
      2:0      153      900      0.359  1.000/0.743/0.795  0.97       836      0.194  0.143/0.541/0.656  0.60   0.339/0.651/0.661   0.910
      2:1      153      787      0.188  0.182/0.614/0.694  0.88       747      0.140  0.639/0.618/0.621  0.91   0.294/0.521/0.621   0.910
      2:2      153      703      0.235  0.975/0.601/0.677  0.95       773      0.201  0.444/0.551/0.574  0.88   0.222/0.526/0.717   0.872
      2:3      149      681      0.170  0.833/0.636/0.538  0.89       732      0.162  0.915/0.597/0.595  0.81   0.000/0.516/0.545   0.911
      2:4      153      764      0.198  1.000/0.644/0.654  0.99       781      0.177  0.800/0.654/0.655  0.99   0.573/0.607/0.673   0.901
      2:5      153      801      0.356  0.974/0.648/0.594  1.00       799      0.186  0.935/0.644/0.726  0.99   0.445/0.597/0.647   0.888
      2:6      153      743      0.363  0.689/0.575/0.605  0.93       773      0.192  0.410/0.603/0.616  0.85   0.708/0.528/0.509   0.906
      2:7      153      751      0.334  0.581/0.605/0.617  0.90       688      0.189  0.667/0.584/0.700  0.82   0.261/0.582/0.637   0.862
      2:8      153      852      0.191  0.079/0.690/0.617  0.95       835      0.101  0.950/0.696/0.706  0.97   0.569/0.561/0.618   0.931
      2:9      153      879      0.181  0.515/0.687/0.676  0.98       869      0.162  0.212/0.699/0.699  0.99   0.067/0.568/0.592   0.876
      2:10     153      815      0.319  0.700/0.535/0.521  0.68       771      0.210  0.848/0.562/0.539  0.97   0.133/0.610/0.570   0.824
      2:11     153      794      0.252  0.967/0.550/0.832  0.78       932      0.114  0.894/0.672/0.695  0.99   0.500/0.545/0.657   0.914
      2:12     153      988      0.113  0.163/0.575/0.460  0.72       897      0.193  0.000/0.624/0.595  0.97   0.565/0.471/0.519   0.769
      2:13     153      746      0.181  0.061/0.646/0.643  0.90       667      0.147  0.400/0.642/0.595  0.95   0.782/0.504/0.435   0.919
      2:14     150      893      0.253  0.586/0.760/0.740  0.92       911      0.152  0.473/0.636/0.685  0.91   0.122/0.684/0.671   0.912
      2:15     153      807      0.273  1.000/0.695/0.708  0.97       751      0.139  0.022/0.555/0.545  0.74   0.708/0.621/0.674   0.936
      3:0      101      839      0.347  0.780/0.694/0.690  1.00       558      0.172  0.714/0.530/0.599  0.67   0.933/0.622/0.670   0.909
      3:1      101      752      0.386  0.802/0.726/0.835  0.95       625      0.202  0.869/0.606/0.551  0.96   0.531/0.651/0.677   0.822
      3:2      101      860      0.294  0.347/0.705/0.539  0.98       629      0.146  0.850/0.696/0.658  1.00   0.654/0.580/0.516   0.912
      3:3      101      915      0.378  0.054/0.585/0.728  0.59       667      0.226  0.500/0.620/0.609  0.77   0.229/0.635/0.798   0.918
      3:4      100      671      0.416  0.196/0.721/0.776  0.88       487      0.139  0.732/0.603/0.676  0.82   0.828/0.594/0.491   0.936
      3:5      101      728      0.192  1.000/0.704/0.709  0.99       587      0.169  0.212/0.578/0.575  0.72   0.173/0.574/0.486   0.841
      3:6      101     1024      0.328  0.585/0.629/0.603  0.99       710      0.175  0.886/0.670/0.632  0.99   0.947/0.637/0.581   0.840
      3:7      101      844      0.395  0.000/0.686/0.723  0.98       690      0.140  0.860/0.800/0.736  1.00   0.925/0.725/0.701   0.926
      4:0       50      604      0.425  0.125/0.741/0.605  0.98       280      0.258  0.838/0.744/0.744  1.00   0.807/0.669/0.697   0.772
      4:1       50      861      0.604  1.000/0.811/0.718  1.00       351      0.215  0.786/0.786/0.796  1.00   0.300/0.611/0.701   0.882
      4:2       50      767      0.498  0.000/0.681/0.700  0.86       269      0.177  0.314/0.726/0.841  0.87   0.417/0.496/0.559   0.889
      4:3       50      927      0.441  0.956/0.584/0.524  0.78       339      0.177  0.525/0.665/0.682  1.00   0.651/0.485/0.613   0.816
      5:0       14      219      0.785  0.407/0.503/0.687  0.50       144      0.452  0.983/0.781/0.817  1.00   0.875/0.645/0.622   0.698
      5:1       15      368      0.448  0.795/0.533/0.533  0.60       126      0.280  0.451/0.580/0.518  0.92   0.707/0.645/0.657   0.700

    al_rt_yk:
      FILED rows                                              PROBE rows [Q3], the AUC scored against the WORLD [sotto]
      slot   reads  n(last) base(last)  auc f/med/last  >.5   n(last) base(last)  auc f/med/last  >.5   auc_world f/med/last  filed==world
      2:0      153      885      0.216  1.000/0.662/0.557  0.97       888      0.166  0.833/0.532/0.676  0.60   0.609/0.548/0.587   0.872
      2:1      153      695      0.242  0.182/0.759/0.789  0.97       739      0.121  0.963/0.529/0.689  0.63   0.370/0.656/0.663   0.942
      2:2      153      630      0.311  0.252/0.690/0.640  0.98       749      0.129  0.671/0.579/0.832  0.65   0.318/0.601/0.642   0.889
      2:3      149      920      0.189  0.865/0.765/0.595  1.00       859      0.160  0.541/0.566/0.659  0.85   1.000/0.537/0.510   0.902
      2:4      153      780      0.278  0.547/0.612/0.479  0.92       821      0.168  0.519/0.656/0.637  0.95   0.278/0.476/0.514   0.903
      2:5      153      669      0.365  0.974/0.665/0.640  1.00       805      0.140  0.579/0.542/0.738  0.70   0.333/0.643/0.607   0.892
      2:6      153     1024      0.320  0.689/0.572/0.649  0.78       960      0.144  0.778/0.590/0.764  0.78   0.708/0.570/0.559   0.913
      2:7      153      715      0.336  0.644/0.619/0.619  0.99       752      0.147  0.312/0.537/0.582  0.64   0.218/0.606/0.634   0.908
      2:8      153      936      0.239  0.056/0.672/0.610  0.97       911      0.167  0.036/0.534/0.649  0.63   0.839/0.465/0.506   0.851
      2:9      153      878      0.157  0.515/0.759/0.724  0.93       931      0.141  0.744/0.640/0.590  1.00   0.400/0.697/0.713   0.887
      2:10     153      896      0.198  0.700/0.655/0.576  0.93       811      0.157  0.291/0.620/0.629  0.90   0.312/0.531/0.554   0.905
      2:11     153      772      0.162  0.811/0.579/0.540  0.89       812      0.136  0.667/0.605/0.605  0.75   0.747/0.643/0.686   0.880
      2:12     153      846      0.229  0.163/0.577/0.493  0.86       811      0.202  0.647/0.531/0.519  0.73   0.143/0.488/0.554   0.827
      2:13     153      772      0.376  0.061/0.631/0.724  0.92       712      0.221  0.294/0.637/0.622  0.99   0.500/0.642/0.718   0.878
      2:14     150      893      0.195  0.586/0.673/0.747  0.91       826      0.192  0.609/0.456/0.572  0.26   0.948/0.737/0.664   0.784
      2:15     153      846      0.239  1.000/0.653/0.550  1.00       795      0.222  0.889/0.481/0.507  0.37   0.925/0.587/0.521   0.896
      3:0      100      824      0.174  0.840/0.679/0.721  0.87       578      0.133  0.525/0.566/0.666  0.73   0.897/0.489/0.708   0.934
      3:1      101      737      0.244  0.900/0.547/0.506  0.71       504      0.149  1.000/0.729/0.639  1.00   0.215/0.497/0.533   0.928
      3:2      101      752      0.206  1.000/0.692/0.701  0.99       555      0.136  0.907/0.721/0.530  0.94   0.514/0.755/0.675   0.967
      3:3      100      665      0.271  0.702/0.670/0.520  0.99       671      0.143  0.369/0.670/0.588  0.89   0.266/0.575/0.656   0.956
      3:4      101      824      0.495  0.881/0.616/0.788  0.81       670      0.133  0.190/0.544/0.791  0.76   0.619/0.616/0.678   0.960
      3:5      101     1024      0.300  0.750/0.719/0.731  0.97       680      0.130  0.917/0.765/0.839  1.00   0.250/0.660/0.650   0.944
      3:6      101      879      0.300  0.739/0.582/0.702  0.82       668      0.211  0.536/0.589/0.606  1.00   0.977/0.568/0.517   0.930
      3:7      101      631      0.230  0.340/0.666/0.568  0.99       444      0.150  0.826/0.655/0.575  0.96   0.826/0.710/0.730   0.949
      4:0       50      707      0.361  0.500/0.615/0.478  0.92       375      0.221  0.942/0.538/0.537  0.72   0.600/0.592/0.557   0.807
      4:1       50      778      0.531  0.981/0.596/0.697  0.98       346      0.193  0.633/0.751/0.746  1.00   0.589/0.713/0.710   0.864
      4:2       50      797      0.359  0.686/0.644/0.603  1.00       298      0.211  0.733/0.644/0.599  0.90   0.750/0.626/0.682   0.811
      4:3       50      823      0.488  1.000/0.607/0.795  0.98       308      0.249  0.891/0.766/0.674  1.00   0.803/0.769/0.733   0.804
      5:0       14       48      0.875  1.000/1.000/0.833  0.93        23      0.467  0.969/0.938/0.908  1.00   0.678/0.750/0.822   0.565
      5:1       15      281      0.516  0.216/0.458/0.483  0.40        78      0.283  0.777/0.689/0.698  1.00   0.713/0.472/0.456   0.600

====================================================================================================
[K] EPSILON — its OWN counters, and the frontier it is confined to
====================================================================================================
    `n_eps` counts calls where epsilon FIRED; `eps_shift` those where the uniform class
    draw actually changed the write (it is below `n_eps` because a uniform draw can land
    on the class the argmax would have written). These are separate from `shift`, which
    also counts the CRITIC re-deciding — on a governed arm the two are not separable
    from `shift` alone. Q1 §19 is why the frontier confinement exists at all.

    al_pj_yk: epsilon never fired (argmax arm).

    al_rt_yk: epsilon never fired (argmax arm).

====================================================================================================
[L] GOVERNANCE — which slots the critic earned, when, and how often it moved the write
====================================================================================================
    A slot is governed once it holds `vo_critic_min` filed rows. `shift - eps_shift`
    is the part of the re-decision the CRITIC is responsible for.

    al_pj_yk:  30 slots governed
      slot   first  last   calls     critic-moved share
      2:0   c49    c201     77714               0.523
      2:1   c49    c201     82470               0.657
      2:2   c49    c201     88975               0.543
      2:3   c49    c201     65099               0.699
      2:4   c49    c201     59098               0.550
      2:5   c49    c201    220993               0.459
      2:6   c49    c201    340678               0.340
      2:7   c49    c201    184241               0.406
      2:8   c49    c201     64261               0.670
      2:9   c49    c201     61135               0.641
      2:10  c49    c201    187013               0.597
      2:11  c49    c201    117847               0.457
      2:12  c49    c201   1129004               0.343
      2:13  c49    c201    309482               0.490
      2:14  c49    c201     73427               0.530
      2:15  c49    c201     83065               0.546
      3:0   c101   c201    110190               0.778
      3:1   c101   c201    128385               0.599
      3:2   c101   c201     97240               0.808
      3:3   c101   c201    145448               0.596
      3:4   c101   c201    130009               0.741
      3:5   c101   c201    165238               0.587
      3:6   c101   c201   1268454               0.435
      3:7   c101   c201    596783               0.372
      4:0   c153   c201     76603               0.372
      4:1   c152   c201    168207               0.015
      4:2   c152   c201    209689               0.252
      4:3   c152   c201    335178               0.001
      5:0   c188   c201     36067               0.875
      5:1   c187   c201    109712               0.133

    al_rt_yk:  30 slots governed
      slot   first  last   calls     critic-moved share
      2:0   c49    c201     69876               0.564
      2:1   c49    c201     70340               0.573
      2:2   c49    c201     94682               0.498
      2:3   c49    c201     64083               0.599
      2:4   c49    c201     53607               0.577
      2:5   c49    c201    225759               0.375
      2:6   c49    c201    108426               0.351
      2:7   c49    c201    213529               0.508
      2:8   c49    c201     60502               0.630
      2:9   c49    c201    100169               0.571
      2:10  c49    c201    220247               0.521
      2:11  c49    c201     52252               0.670
      2:12  c49    c201   1038288               0.490
      2:13  c49    c201    423845               0.419
      2:14  c49    c201     53533               0.456
      2:15  c49    c201    153844               0.506
      3:0   c101   c201     69585               0.603
      3:1   c101   c201    120392               0.677
      3:2   c101   c201    125698               0.554
      3:3   c101   c201    368755               0.514
      3:4   c101   c201     96842               0.718
      3:5   c101   c201    185273               0.720
      3:6   c101   c201   1030575               0.343
      3:7   c101   c201    161473               0.693
      4:0   c152   c201    121078               0.159
      4:1   c152   c201    159552               0.065
      4:2   c152   c201    190942               0.151
      4:3   c152   c201    538248               0.099
      5:0   c188   c201     30030               0.047
      5:1   c187   c201     80581               0.185

====================================================================================================
[M] THE CORRIDOR UNDER A MOVED WRITE — misfire with the treatment's own draws removed
====================================================================================================
    `n_misfire` counts FIRED rows (the head executed) whose span did not match
    `dp_features` exactly. Where the treatment RE-DECIDED the write, a mismatch with the
    DP's row IS the treatment and not a defect — so the raw rate is not the corridor's
    health on a treated arm.

    [Q3] THE SPLIT Q2 COULD NOT MAKE. `n_sampled` / `n_xp_shift` count every
    re-decided call, OPEN and CLOSED alike, and `n_fired` counts only calls the head
    executed — so on an arm whose corridor is mostly shut, Q2's `shift - misfire` was
    a subtraction across two different denominators and `excess` had to be withheld
    wherever `shift > n_misfire`. The recorder now tallies the shift BY PATH
    (`n_shift_fired` / `n_shift_closed`), so `excess` below is
        (n_misfire - shift_FIRED) / n_fired
    on the same denominator throughout. It is the misfire the moved write does NOT
    explain. A negative value means the head matched the DP on rows the treatment had
    moved — possible, and printed rather than clipped. Q2's undecomposable form is kept
    in the last two columns so a Q2 tag reduces to the same numbers it did.

    arm                    open max/last  n_fired    misfire   shift_fire  shift_clos   excess    [Q2 form]
    al_pj_yk                   30 /   30    5928809    0.4222     2285287      523567    0.0368   shift/sampled 0.4179 excess n/a
    al_rt_yk                   29 /   28    5330194    0.4522     2066523      574129    0.0645   shift/sampled 0.4204 excess n/a

    n_open per 10 cycles:
      al_pj_yk                 0   0   0   0   0   1  16  16  16  16  16  23  23  24  23  23  28  27  28  30  30
      al_rt_yk                 0   0   0   0   0   1  16  16  16  16  16  23  23  22  23  23  27  27  28  29  28

====================================================================================================
[N] THE COMPOSED CHOICE — how often the critic moved the write off the DP's row
====================================================================================================
    On a governed slot the composed chooser is  argmax_t  z(dp_t / span) + w * z(critic_t)
    over the on-table candidates, each z-scored over the candidate SET. `moved` is the
    share of governed calls where that argmax is not the DP's own argmax — MEASURED at
    the choice, never inferred from the write.

    `dp_vs_head` is printed beside it and is a DIFFERENT quantity: on an OPEN slot the
    executor's own would-be write is the head's emission, not the DP's row, so the two
    priors already disagree before the critic is consulted. Reading `moved` without it
    would attribute that standing disagreement to the critic. It is 0 on a closed slot
    by construction (there the DP IS the writer).

    A `moved` share near 0 says the critic is decorative at this w; near 1 says the DP
    is. Neither is a defect and neither is read as one here.

    al_pj_yk:  mode=composed  w=1.0
      cell    governed calls      moved   share    dp_vs_head share
      2n0              77714      43594   0.561              0.133
      2n1              82470      58643   0.711              0.185
      2n2              88975      51770   0.582              0.126
      2n3              65099      48259   0.741              0.147
      2n4              59098      34911   0.591              0.119
      2n5             220993     109540   0.496              0.136
      2n6             340678     135918   0.399              0.120
      2n7             184241      85418   0.464              0.139
      2n8              64261      46090   0.717              0.158
      2n9              61135      40983   0.670              0.148
      2n10            187013     116901   0.625              0.133
      2n11            117847      57279   0.486              0.106
      2n12           1129004     418328   0.371              0.136
      2n13            309482     162452   0.525              0.140
      2n14             73427      43216   0.589              0.141
      2n15             83065      48876   0.588              0.170
      3n0             110190      89323   0.811              0.123
      3n1             128385      83476   0.650              0.106
      3n2              97240      79800   0.821              0.071
      3n3             145448      98244   0.675              0.141
      3n4             130009     100531   0.773              0.116
      3n5             165238     107345   0.650              0.157
      3n6            1268454     562994   0.444              0.125
      3n7             596783     245897   0.412              0.129
      4n0              76603      34489   0.450              0.136
      4n1             168207       2800   0.017              0.002
      4n2             209689      51682   0.246              0.065
      4n3             335178       3212   0.010              0.009
      5n0              36067      31475   0.873              0.013
      5n1             109712      14646   0.133              0.000
      ALL            6721705    3008092   0.448

    al_rt_yk:  mode=composed  w=1.0
      cell    governed calls      moved   share    dp_vs_head share
      2n0              69876      42869   0.614              0.134
      2n1              70340      43465   0.618              0.158
      2n2              94682      50693   0.535              0.143
      2n3              64083      40363   0.630              0.160
      2n4              53607      33259   0.620              0.141
      2n5             225759      92060   0.408              0.118
      2n6             108426      42274   0.390              0.107
      2n7             213529     117333   0.549              0.136
      2n8              60502      42692   0.706              0.169
      2n9             100169      60268   0.602              0.141
      2n10            220247     121831   0.553              0.137
      2n11             52252      37015   0.708              0.167
      2n12           1038288     587551   0.566              0.214
      2n13            423845     204680   0.483              0.154
      2n14             53533      26077   0.487              0.119
      2n15            153844      81839   0.532              0.148
      3n0              69585      44785   0.644              0.099
      3n1             120392      82967   0.689              0.167
      3n2             125698      71062   0.565              0.073
      3n3             368755     194606   0.528              0.164
      3n4              96842      77813   0.804              0.174
      3n5             185273     148081   0.799              0.183
      3n6            1030575     464533   0.451              0.247
      3n7             161473     118125   0.732              0.202
      4n0             121078      18300   0.151              0.048
      4n1             159552      10334   0.065              0.000
      4n2             190942      35916   0.188              0.105
      4n3             538248      57333   0.107              0.013
      5n0              30030       1412   0.047              0.000
      5n1              80581      14818   0.184              0.004
      ALL            6282006    2964354   0.472

====================================================================================================
[O] BABBLING OFF-STREAM — the probe's counts, what it graded, and its share of the bill
====================================================================================================
    Per governed slot per cycle, up to `vo_probe_n` filed contexts: the trajectory's
    FINAL configuration with a DIFFERENT on-table class substituted at that slot,
    rendered and graded once. The verdict answers 'would this write ALONE have been
    right, holding the rest of the trajectory fixed' — not 'would the beam have
    solved it'; the rest of the trajectory is the beam's own, unchanged. Said here
    because the probe's solve rate is only comparable to the FILED rate under that
    reading.

    PRICED: every probe grading is a grounding on the meter at `d_fb`, inside the
    cycle's own ledger. `share` below is of the WHOLE cycle's priced ledger, the
    probe's own cost included — the number the design's ~5% cap is stated against.
    Gate V-4B asserts the bill moved by exactly the probe count and gate V-5 that
    nothing else did.

    arm                    probes   graded    solved   solve rate    bill: mean / max    cycles billed
    al_pj_yk               205452        0     11410       0.0555    0.0000 / 0.0000          0 / 201
    al_rt_yk               205307        0     11941       0.0582    0.0000 / 0.0000          0 / 201

    the FILED solve rate on the same slots, for the comparison the reading above
    licenses (both are per-write verdicts; the filed one is on the write that was
    actually made, the probe one on a substitution into the same final state):
      al_pj_yk               filed  123359/453067  = 0.2723    probe   11410/205452  = 0.0555
      al_rt_yk               filed  109326/437531  = 0.2499    probe   11941/205307  = 0.0582

    the bill per era, so a share that grows with the ladder is visible:

====================================================================================================
[P] THE MIRROR — the outcome model against the world
====================================================================================================
    The outcome model reads a RENDERED CONFIGURATION and its root — what the world's
    grader reads — and is trained by BCE against the world's verdict on the
    configurations the learner actually produced (the filed rows' `fin` and `y`,
    deduplicated by (configuration, root) within the cycle). It is a separate object:
    its own parameters, its own optimizer, its own numpy streams, never the plant's.

    TWO NUMBERS, and the gap between them is the whole question. On HELD-OUT
    EXPERIENCE the mirror is scored on rows drawn from the same distribution it was
    polished on. On PROBES it is scored on substitutions the learner never wrote — off
    its own support by construction — against the world's verdict, which every arm
    computes as an instrument and no arm consumes (gate M-1).

    [aliquot] the BANKED mirror arms are printed here too (marked *), so the
    projection's column and `so_mg_yk`'s sit in one table.

    arm                  mode        K   rows   held-out EXPERIENCE      on PROBES
                                                 acc     AUC    base     acc    base   n
    al_pj_yk             proj        1  30000   0.7466  0.7591  0.2896   0.8507  0.0555  205452
    al_rt_yk             proj        1  30000   0.7490  0.7158  0.2637   0.8851  0.0582  205307
    so_s1:so_mg_yk       model       1  30000   0.9775  0.9963  0.3071   0.9256  0.0658  204096
    so_s1:so_cg_yk       committee   5  30000   0.9771  0.9957  0.2729   0.9261  0.0682  206806
    so_s1:so_hy_yk       hybrid      5  30000   0.9487  0.9870  0.3018   0.9473  0.0621  206861

    the mirror's own trajectory (held-out accuracy and AUC against the world, per
    cycle, thinned): a mirror that is still improving at the last cycle is a mirror
    whose blind region is a function of how much experience it has had, not of the
    architecture.
      al_pj_yk             c1:0.000  c26:0.000  c51:0.878  c76:0.820  c101:0.781  c126:0.735  c151:0.724  c176:0.751  c201:0.759
      al_rt_yk             c1:0.000  c26:0.000  c51:0.868  c76:0.816  c101:0.740  c126:0.723  c151:0.701  c176:0.741  c201:0.716
      so_s1:so_mg_yk       c1:0.000  c26:0.000  c51:0.524  c76:0.678  c101:0.760  c126:0.756  c151:0.899  c176:0.987  c201:0.996
      so_s1:so_cg_yk       c1:0.000  c26:0.000  c51:0.686  c76:0.569  c101:0.773  c126:0.806  c151:0.939  c176:0.990  c201:0.996
      so_s1:so_hy_yk       c1:0.000  c26:0.000  c51:0.686  c76:0.649  c101:0.693  c126:0.699  c151:0.817  c176:0.935  c201:0.987

    the committee's spread on held-out experience and the agreement threshold it set
    (the threshold is the q-th quantile of that spread, q = `vo_om_agree_q`):
      so_s1:so_cg_yk       spread(last) 0.05537   thr(last) 0.00120   experience rows 30000 (3022 held out)   world-graded rows admitted 0
      so_s1:so_hy_yk       spread(last) 0.08921   thr(last) 0.04886   experience rows 30000 (2973 held out)   world-graded rows admitted 73823

====================================================================================================
[Q] DISAGREEMENT AS A DETECTOR — does the committee's spread find the mirror's own error
====================================================================================================
    `committee_head` read disagreement at 0.716 as a reward-free reader of 'is this
    learnable', and `ballistic/directed` read it as finding where you LACK DATA rather
    than where data went stale. A counterfactual is by construction where you lack
    data, so the question here is whether the spread is sighted where the mean is not:
    the AUC of the spread as a detector of 'the committee's mean verdict disagrees with
    the world' on the probes themselves.

    Read off the capped per-probe instrument sample (`vo_probe_rows`), which is the
    only place the two are stored row by row. `n` is that sample's size, not the run's
    probe count — the denominator is part of the reading.

    arm                     n   err rate   AUC(spread -> wrong)   AUC(|p-0.5| -> right)
    al_pj_yk               4000    0.1562                 0.5000                 0.7852
    al_rt_yk               4000    0.1180                 0.5000                 0.7614

    THE SAMPLE'S WINDOW MATTERS AND IS PRINTED. Before the reservoir fix the sample
    filled front-to-back and stopped, so on `so_s1` / `so_s2` every row comes from the
    first five cycles in which probes fired — a FIVE-CYCLE-OLD mirror, not the run's.
    Read the between-cycle panel below instead on those tags.
      al_pj_yk             sample cycles 50-200 (151 distinct of 201)
      al_rt_yk             sample cycles 50-200 (151 distinct of 201)

    BETWEEN CYCLES, over the WHOLE run, from the per-cycle mirror counters (every
    cycle, every probe, no sample): does a cycle in which the committee is more spread
    have a higher mirror error rate? A different question from the between-probe one —
    it asks whether the spread tracks the mirror's error as the mirror MATURES rather
    than which individual counterfactual it is wrong about — and it is the one this
    tag's logging can answer over its whole life.
      arm                cycles   rho(spread, err)   AUC(spread -> err>median)   err first/last
      al_pj_yk                151                nan                      0.5000   0.0910/0.2061
      al_rt_yk                151                nan                      0.5000   0.1830/0.2263

    the same, per cycle, for the mirror's own error trajectory (thinned) — so a
    detector AUC near 0.5 can be read against whether the error moved at all:
      al_pj_yk             c51:0.091  c69:0.077  c87:0.116  c105:0.137  c123:0.158  c141:0.125  c159:0.205  c177:0.260  c195:0.251
      al_rt_yk             c51:0.183  c69:0.074  c87:0.078  c105:0.078  c123:0.073  c141:0.103  c159:0.149  c177:0.161  c195:0.181

    the same, split by whether the substituted class is in the slot's frequently-
    written set (`sup`), because that is the axis the blind region is expected on:
      al_pj_yk             sup=1  n=   545  err 0.1761  AUC(spread->wrong) 0.5000
      al_pj_yk             sup=0  n=  3455  err 0.1531  AUC(spread->wrong) 0.5000
      al_rt_yk             sup=1  n=   664  err 0.1220  AUC(spread->wrong) 0.5000
      al_rt_yk             sup=0  n=  3336  err 0.1172  AUC(spread->wrong) 0.5000

====================================================================================================
[R] THE BLIND REGION — where the mirror and the world disagree
====================================================================================================
    Per (level, in the slot's frequently-written set): the 2x2 of the mirror's verdict
    against the world's on the probes, the world's own solve rate there, the mirror's
    mean probability and the committee's mean spread, and what the agreement rule did
    (`agree` = the committee concurred; `filed` = the row reached the critic's buffer).

    A mirror trained on the learner's own experience is the same grader in a mirror
    (`ideas/heterogeneous_graders.md` §8). This table is how far it extends before it
    goes blind, LOCATED rather than summarised.

    al_pj_yk:
      cell     n     world   mirror   acc     TP    FP    FN    TN    p̄      spread   agree   filed
      L2s0    119724  0.0396  0.1219  0.8585   1191 13398  3545 101590  0.1626  0.00000  1.0000  1.0000
      L2s1     22345  0.0779  0.1428  0.8274    537  2654  1203 17951  0.1947  0.00000  1.0000  1.0000
      L3s0     43961  0.0557  0.1008  0.8650    474  3959  1975 37553  0.1683  0.00000  1.0000  1.0000
      L3s1      5781  0.0737  0.1284  0.8343    105   637   321  4718  0.1998  0.00000  1.0000  1.0000
      L4s0     11700  0.1392  0.1453  0.7910    442  1258  1187  8813  0.2250  0.00000  1.0000  1.0000
      L4s1       476  0.2101  0.1912  0.6996     24    67    76   309  0.2696  0.00000  1.0000  1.0000
      L5s0      1415  0.2163  0.1986  0.7364    107   174   199   935  0.2812  0.00000  1.0000  1.0000
      L5s1        50  0.4800  0.3000  0.6200     10     5    14    21  0.3211  0.00000  1.0000  1.0000
      ALL     205452  0.0555  0.1219  0.8507   2890 22152  8520 171890                    1.0000  1.0000

    al_rt_yk:
      cell     n     world   mirror   acc     TP    FP    FN    TN    p̄      spread   agree   filed
      L2s0    117513  0.0488  0.0811  0.8866    974  8555  4766 103218  0.1575  0.00000  1.0000  1.0000
      L2s1     25430  0.0651  0.0912  0.8685    314  2004  1341 21771  0.1786  0.00000  1.0000  1.0000
      L3s0     42007  0.0429  0.0510  0.9162    213  1928  1591 38275  0.1550  0.00000  1.0000  1.0000
      L3s1      7418  0.0663  0.0554  0.8961     66   345   426  6581  0.1649  0.00000  1.0000  1.0000
      L4s0     11643  0.1561  0.0965  0.8087    357   767  1460  9059  0.2222  0.00000  1.0000  1.0000
      L4s1       421  0.3088  0.1734  0.6983     38    35    92   256  0.2825  0.00000  1.0000  1.0000
      L5s0       784  0.3355  0.1875  0.6888     83    64   180   457  0.3182  0.00000  1.0000  1.0000
      L5s1        91  0.4396  0.1209  0.5934      7     4    33    47  0.3174  0.00000  1.0000  1.0000
      ALL     205307  0.0582  0.0767  0.8851   2052 13702  9889 179664                    1.0000  1.0000

    so_s1:so_mg_yk:
      cell     n     world   mirror   acc     TP    FP    FN    TN    p̄      spread   agree   filed
      L2s0    116950  0.0513  0.0540  0.9332   2256  4064  3748 106882  0.1484  0.00000  1.0000  1.0000
      L2s1     24084  0.0674  0.0646  0.9173    594   962  1029 21499  0.1773  0.00000  1.0000  1.0000
      L3s0     43077  0.0722  0.0789  0.9268   1678  1720  1433 38246  0.1487  0.00000  1.0000  1.0000
      L3s1      6554  0.0999  0.0949  0.9052    328   294   327  5605  0.1901  0.00000  1.0000  1.0000
      L4s0     11858  0.1425  0.2150  0.8914   1476  1074   214  9094  0.2136  0.00000  1.0000  1.0000
      L4s1       384  0.3411  0.4635  0.8411    124    54     7   199  0.4376  0.00000  1.0000  1.0000
      L5s0      1171  0.1819  0.3749  0.7848    200   239    13   719  0.3655  0.00000  1.0000  1.0000
      L5s1        18  0.2778  0.4444  0.8333      5     3     0    10  0.4268  0.00000  1.0000  1.0000
      ALL     204096  0.0658  0.0738  0.9256   6661  8410  6771 182254                    1.0000  1.0000

    so_s1:so_cg_yk:
      cell     n     world   mirror   acc     TP    FP    FN    TN    p̄      spread   agree   filed
      L2s0    117768  0.0501  0.0519  0.9364   2258  3849  3638 108023  0.1572  0.05684  0.5050  0.5050
      L2s1     25196  0.0695  0.0533  0.9258    612   730  1139 22715  0.1782  0.06197  0.4376  0.4376
      L3s0     45252  0.0733  0.0758  0.9289   1765  1666  1552 40269  0.1596  0.06489  0.5307  0.5307
      L3s1      4920  0.0577  0.0596  0.9465    157   136   127  4500  0.1638  0.06979  0.4843  0.4843
      L4s0     11742  0.1832  0.2793  0.8277   1704  1576   447  8015  0.2884  0.11480  0.3330  0.3330
      L4s1       623  0.3531  0.4446  0.8090    189    88    31   315  0.4336  0.12431  0.2199  0.2199
      L5s0      1305  0.3663  0.5954  0.7678    476   301     2   526  0.5447  0.11424  0.1739  0.1739
      ALL     206806  0.0682  0.0750  0.9261   7161  8346  6936 184363                    0.4892  0.4892

    so_s1:so_hy_yk:
      cell     n     world   mirror   acc     TP    FP    FN    TN    p̄      spread   agree   filed
      L2s0    119773  0.0474  0.0121  0.9571    995   455  4687 113636  0.0856  0.02714  0.6451  1.0000
      L2s1     23300  0.0706  0.0161  0.9365    271   105  1375 21549  0.1052  0.03321  0.5767  1.0000
      L3s0     44387  0.0645  0.0260  0.9483    860   294  2002 41231  0.0875  0.03225  0.7036  1.0000
      L3s1      5799  0.0581  0.0141  0.9502     65    17   272  5445  0.0965  0.03559  0.6436  1.0000
      L4s0     11434  0.1391  0.1130  0.8857    788   504   803  9339  0.1845  0.07860  0.5681  1.0000
      L4s1       525  0.3524  0.2876  0.7981    115    36    70   304  0.3013  0.10176  0.4343  1.0000
      L5s0      1568  0.3125  0.3897  0.8221    411   200    79   878  0.3990  0.13358  0.3782  1.0000
      L5s1        75  0.7333  0.7600  0.9200     53     4     2    16  0.7005  0.07801  0.6667  1.0000
      ALL     206861  0.0621  0.0250  0.9473   3558  1615  9290 192398                    0.6431  1.0000

====================================================================================================
[T] THE MIRROR'S GATE TABLE — M-1r / M-2r / M-3r / M-4r, re-asserted post hoc
====================================================================================================
    The same assertions the preflight ran, re-run here on the paid tag's own arm files.
    A RAISE below is a failure of the round, not of the reduction.

    [PASS] al_pj_yk             {"arm": "al_pj_yk", "mode": "proj", "n_probe": 205452, "n_filed": 205452, "n_agree": 205452, "n_world": 0, "bill_ground": 0, "mirror_rows": 205452, "om_push_world": 0, "om_src_world": 0, "om_world_cum": 0, "om_push_exp": 45294, "om_push_cum": 45294, "om_append_world": 0, "om_append_exp": 45294, "om_rows": 30000, "om_cap": 30000, "pbuf_rows": 193914, "bill_line_sum": 0, "om_window_world_expected": 0}
    [PASS] al_rt_yk             {"arm": "al_rt_yk", "mode": "proj", "n_probe": 205307, "n_filed": 205307, "n_agree": 205307, "n_world": 0, "bill_ground": 0, "mirror_rows": 205307, "om_push_world": 0, "om_src_world": 0, "om_world_cum": 0, "om_push_exp": 45697, "om_push_cum": 45697, "om_append_world": 0, "om_append_exp": 45697, "om_rows": 30000, "om_cap": 30000, "pbuf_rows": 192873, "bill_line_sum": 0, "om_window_world_expected": 0}
    [PASS] so_s1:so_mg_yk       {"arm": "so_s1:so_mg_yk", "mode": "model", "n_probe": 204096, "n_filed": 204096, "n_agree": 204096, "n_world": 0, "bill_ground": 0, "mirror_rows": 204096, "om_push_world": 0, "om_src_world": 0, "om_world_cum": 0, "om_push_exp": 44936, "om_push_cum": 44936, "om_append_world": null, "om_append_exp": null, "om_rows": 30000, "om_cap": 30000, "pbuf_rows": 192856, "bill_line_sum": 0, "om_window_world_expected": 0}
    [PASS] so_s1:so_cg_yk       {"arm": "so_s1:so_cg_yk", "mode": "committee", "n_probe": 206806, "n_filed": 101165, "n_agree": 101165, "n_world": 0, "bill_ground": 0, "mirror_rows": 206806, "om_push_world": 0, "om_src_world": 0, "om_world_cum": 0, "om_push_exp": 44413, "om_push_cum": 44413, "om_append_world": null, "om_append_exp": null, "om_rows": 30000, "om_cap": 30000, "pbuf_rows": 101165, "bill_line_sum": 0, "om_window_world_expected": 0}
    [PASS] so_s1:so_hy_yk       {"arm": "so_s1:so_hy_yk", "mode": "hybrid", "n_probe": 206861, "n_filed": 206861, "n_agree": 133038, "n_world": 73823, "bill_ground": 73823, "mirror_rows": 206861, "om_push_world": 73823, "om_src_world": 19240, "om_world_cum": 73823, "om_push_exp": 44934, "om_push_cum": 44934, "om_append_world": null, "om_append_exp": null, "om_rows": 30000, "om_cap": 30000, "pbuf_rows": 193562, "bill_line_sum": 73823, "om_window_world_expected": 18649}

    [aliquot] P-2r / P-3r / P-4r on every PROJECTION arm: the trunk's fingerprint over
    the run (it MOVES on a `live` arm and is CONSTANT on the `rand` twin), the refit
    count, the ridge, and the held-out instrument.
    [PASS] al_pj_yk             {"arm": "al_pj_yk", "mode": "proj", "which": "live", "n_refit": 151, "refit_skipped": 0, "lam_last": 32.0, "lams": [1.0, 32.0, 1024.0], "nfeat": 1737, "tdim": 96, "sig0": 19961.40316449365, "n_cycles_logged": 201, "n_sig": 151, "sig_min": 20009.98854800577, "sig_max": 20214.290839114587, "n_hold_auc": 152, "hold_auc_first": 0.5, "hold_auc_last": 0.759093200744076, "n_degenerate": 0, "hold_base_last": 0.28955078125, "hold_base_max": 0.28955078125, "auc_undefined": false, "n_noslot": 0, "n_spanclamp": 0}
    [PASS] al_rt_yk             {"arm": "al_rt_yk", "mode": "proj", "which": "rand", "n_refit": 151, "refit_skipped": 0, "lam_last": 1.0, "lams": [1.0, 32.0, 1024.0], "nfeat": 1737, "tdim": 96, "sig0": 16198.119362383673, "n_cycles_logged": 201, "n_sig": 151, "sig_min": 16198.119362383673, "sig_max": 16198.119362383673, "n_hold_auc": 152, "hold_auc_first": 0.5, "hold_auc_last": 0.7158291580705374, "n_degenerate": 0, "hold_base_last": 0.263671875, "hold_base_max": 0.263671875, "auc_undefined": false, "n_noslot": 0, "n_spanclamp": 0}

====================================================================================================
[PJ] THE PROJECTION — the readout, its refits, its drift, and the trunk under it
====================================================================================================
    The grader on a `proj` arm is a ridge-logistic readout of `SN.trunk`'s pooled
    hiddens over the substituted configuration, per ROOT (the root one-hot and its
    interaction with the pooled state are in the design, which is what makes it a
    linear readout per goal rather than one readout with a per-goal bias), fit on the
    same experience diet the mirror gets and on nothing else.

    THE TRUNK IS THE LIVE GENERATOR on `al_pj_yk`, so the features move under the
    readout and the buffered rows are re-read through the current trunk at every refit.
    `al_rt_yk` is the same readout over a NEVER-TRAINED trunk of the same architecture
    (`overtone`'s control two, in the loop): it is what says whether the trained
    representation carries the reading or the link function does.

    arm                  trunk  refits  skip   ridge   nfeat    held-out AUC on EXPERIENCE
                                                                 first    last   |drift| mean/max
    al_pj_yk             live      151     0    32.0    1737   0.5000  0.7591  0.0135 / 0.3785
    al_rt_yk             rand      151     0     1.0    1737   0.5000  0.7158  0.0128 / 0.3684

    THE SECONDARY VARIANTS, on the SAME held-out experience rows and at the same ridge,
    so 'was that choice load-bearing' is a number and not an argument:
      inter   the arm's own: root one-hot AND root x pooled state (a readout per goal)
      add     the root as an additive term only (one readout, a per-goal bias)
      mean    mean-pooling over ALL blocks only, dropping the written span's own pool
      nomask  the same readout over the UNMASKED configuration — the read `overtone`
              did offline, and out of the plant's masked-infill distribution
    arm                  inter     add     mean   nomask
    al_pj_yk             0.7591  0.7249  0.7414  0.7470
    al_rt_yk             0.7158  0.6869  0.7113  0.6411

    THE TRUNK'S OWN FINGERPRINT (sum of |parameter|, logged at every refit). On a `live`
    arm it moves, which is the fact that makes the recompute necessary; on the `rand`
    twin it is constant to the bit, which is the fact that makes the twin a control.
      al_pj_yk             range 204.302291   c51:20009.989  c69:20051.832  c87:20089.619  c105:20118.989  c123:20142.757  c141:20162.304  c159:20178.345  c177:20193.184  c195:20209.642
      al_rt_yk             range 0.000000   c51:16198.119  c69:16198.119  c87:16198.119  c105:16198.119  c123:16198.119  c141:16198.119  c159:16198.119  c177:16198.119  c195:16198.119

    THE RIDGE CHOSEN PER REFIT (the grid is `vo_pj_ridge`; `lam_fixed` marks a refit
    whose validation slice was too small to select on and took the middle of the grid):
      al_pj_yk             lam=1.0:139  lam=32.0:12   fixed-ridge refits 0   val rows (last) 2048   val AUC (last) 0.7452909276676011
      al_rt_yk             lam=1.0:151   fixed-ridge refits 0   val rows (last) 2048   val AUC (last) 0.7196384950210024

====================================================================================================
[Y] THE CLOCK YOKES — realised against planned (gate Y-1's check, post hoc)
====================================================================================================
    A clock yoke replays its source's realised commit and advance CYCLES and decides
    nothing else. That is the round's whole control: the chooser is read at L4 and L5
    with the same slots open at the same cycles as the anchor, so a level-resolved
    readout is not silently comparing two different ladders. Gate Y-1 asserts the match
    in `preflight`; this is the same check on the paid tag.

    `cancelled` actions are EXCLUDED from the match and printed separately: a replayed
    commit whose build is empty is cancelled by the substrate, not by the clock. Those
    are a finding about the arm's BOOK — it had nothing to commit at a cycle the anchor
    did — and are the one place a yoked arm's ladder can still fall short of its source.

    source: vo_s3:voi3_dp
    al_pj_yk
      commits   planned [48, 100, 151, 186]
                realised [48, 100, 151, 186]    MATCH = True
      advances  planned [60, 110, 180, 192, 201]
                realised [60, 110, 180, 192, 201]    MATCH = True
      cancelled (the book had nothing to commit there): none
      commit LEVELS realised: [(2, 48), (3, 100), (4, 151), (5, 186)]
      lifetime  source 201 cycles / 51,208,256g    yoke 201 cycles / 51,179,110g

    al_rt_yk
      commits   planned [48, 100, 151, 186]
                realised [48, 100, 151, 186]    MATCH = True
      advances  planned [60, 110, 180, 192, 201]
                realised [60, 110, 180, 192, 201]    MATCH = True
      cancelled (the book had nothing to commit there): none
      commit LEVELS realised: [(2, 48), (3, 100), (4, 151), (5, 186)]
      lifetime  source 201 cycles / 51,208,256g    yoke 201 cycles / 51,148,339g


====================================================================================================
[Z] THE L4/L5 PANEL — every readout the round turns on, at the cells it turns on
====================================================================================================
    Q3 could not produce this table: no treated arm except Q2's replace-critic had an
    L4 or L5 slot at all, because each one reached or missed L3 through the commit
    latch's response to its own L2 writes. With the ladder yoked, every arm has the
    anchor's slots at the anchor's cycles and the chooser is finally READ where the
    node is about.

    rep     the written class holds SOME feature that repairs the instance there — the
            honest measure, and on an open slot it IS the head's class accuracy on
            held-out data (fresh instances every cycle).
    cont    it holds the CLEAN derivation's latent — a stricter and less forgiving read;
            the gap between the two is the chooser spreading over classes the clean
            derivation did not carry (`DESIGN.md` §23's correction).
    dist    distinct tuples written, `top1` the share of filed writes on one tuple.
    moved   the composed argmax was not the DP's row (composed arms only).

    [sotto] THE BANKED FLOOR AND CEILING ARE IN THIS TABLE, marked `(banked)`, so the
    three mirror arms are read beside the composed chooser on the FILED diet (the floor)
    and on the WORLD-graded probe (the ceiling) without leaving the page. A pooled
    L2/L3 panel follows it, which is the cell that replicated across seeds in `voicing`
    and the one a frontier number should not be read ahead of.

    al_pj_yk:
      cell    rows   writes    rep          cont         dist  top1    moved
      4n0       148     5691   0.329 (  3089)  0.505 (  5691)    2.4  0.721   0.450
      4n1       148     8349   0.426 (  3102)  0.875 (  8349)    1.2  0.986   0.017
      4n2       148     9875   0.428 (  3105)  0.379 (  9875)    1.7  0.870   0.246
      4n3       148    15556   0.656 (  3200)  0.833 ( 15556)    1.1  0.997   0.010
      5n0       160     1086   0.531 (   697)  0.779 (  1086)    1.3  0.905   0.873
      5n1       160     3768   0.904 (   960)  0.661 (  3768)    1.2  0.834   0.133

    al_rt_yk:
      cell    rows   writes    rep          cont         dist  top1    moved
      4n0       152     5069   0.338 (  2786)  0.678 (  5069)    1.5  0.839   0.151
      4n1       152     7709   0.402 (  3157)  0.888 (  7709)    1.5  0.931   0.065
      4n2       152    10899   0.406 (  3177)  0.669 ( 10899)    2.2  0.839   0.188
      4n3       152    22198   0.651 (  3200)  0.835 ( 22198)    1.5  0.928   0.107
      5n0        80      529   0.553 (   367)  0.904 (   529)    1.1  0.970   0.047
      5n1        80     2898   0.804 (   929)  0.836 (  2898)    1.3  0.939   0.184

    vo_s3:voi3_dp:   (banked)
      cell    rows   writes    rep          cont         dist  top1    moved
      4n0       188     4711   0.269 (  2718)  0.719 (  4711)    1.2  0.951     -  
      4n1       188     9914   0.393 (  3182)  0.882 (  9914)    1.0  1.000     -  
      4n2       188     7494   0.368 (  3105)  0.758 (  7494)    1.5  0.898     -  
      4n3       188    18671   0.632 (  3200)  0.821 ( 18671)    1.7  0.943     -  
      5n0       192     2107   0.356 (   884)  0.917 (  2107)    1.4  0.924     -  
      5n1       192     2956   0.691 (   887)  0.916 (  2956)    1.0  1.000     -  

    vo_s3b:voi3b_comp_yk:   (banked)
      cell    rows   writes    rep          cont         dist  top1    moved
      4n0       160     6093   0.284 (  3057)  0.731 (  6093)    1.8  0.756   0.093
      4n1       160     8020   0.451 (  3191)  0.868 (  8020)    1.7  0.849   0.134
      4n2       160     7743   0.489 (  3037)  0.815 (  7743)    1.4  0.972   0.066
      4n3       160    18161   0.683 (  3200)  0.859 ( 18161)    1.6  0.951   0.043
      5n0       128      796   0.526 (   468)  0.918 (   796)    1.2  0.937   0.026
      5n1       128     4908   0.830 (   960)  0.659 (  4908)    2.1  0.885   0.461

    vo_s3b:voi3b_comp_pr_yk:   (banked)
      cell    rows   writes    rep          cont         dist  top1    moved
      4n0       196     5819   0.278 (  3057)  0.576 (  5819)    2.0  0.784   0.557
      4n1       196     6867   0.392 (  3123)  0.898 (  6867)    1.1  0.987   0.071
      4n2       196     7250   0.307 (  3103)  0.419 (  7250)    2.2  0.786   0.711
      4n3       196    11494   0.727 (  3159)  0.858 ( 11494)    1.6  0.941   0.085
      5n0       144      688   0.505 (   479)  0.881 (   688)    1.1  0.955   0.009
      5n1       144     4992   0.730 (   960)  0.886 (  4992)    1.3  0.943   0.077

    so_s1:so_mg_yk:   (banked)
      cell    rows   writes    rep          cont         dist  top1    moved
      4n0       208     8265   0.361 (  3098)  0.667 (  8265)    2.6  0.765   0.540
      4n1       208     7626   0.442 (  3060)  0.785 (  7626)    1.7  0.912   0.150
      4n2       208    12176   0.427 (  3199)  0.367 ( 12176)    1.9  0.879   0.219
      4n3       208    16188   0.685 (  3141)  0.858 ( 16188)    1.5  0.958   0.092
      5n0       160      816   0.403 (   357)  0.912 (   816)    1.1  0.978   0.798
      5n1       160     3903   0.721 (   960)  0.382 (  3903)    1.2  0.921   0.844

    so_s1:so_cg_yk:   (banked)
      cell    rows   writes    rep          cont         dist  top1    moved
      4n0       164     9186   0.408 (  3112)  0.641 (  9186)    2.3  0.773   0.322
      4n1       164    10578   0.463 (  3131)  0.856 ( 10578)    1.5  0.924   0.057
      4n2       164    10611   0.409 (  3178)  0.533 ( 10611)    2.5  0.793   0.373
      4n3       164    15069   0.674 (  3200)  0.820 ( 15069)    1.1  0.982   0.073
      5n0       112      802   0.565 (   542)  0.865 (   802)    1.0  1.000   0.820
      5n1       112     3867   0.891 (   943)  0.626 (  3867)    1.2  0.917   0.569

    so_s1:so_hy_yk:   (banked)
      cell    rows   writes    rep          cont         dist  top1    moved
      4n0       244     4526   0.312 (  2765)  0.733 (  4526)    1.4  0.938   0.083
      4n1       244     7666   0.366 (  3169)  0.863 (  7666)    1.6  0.881   0.114
      4n2       244     8280   0.404 (  3145)  0.705 (  8280)    2.6  0.680   0.782
      4n3       244    15520   0.672 (  3200)  0.837 ( 15520)    1.3  0.968   0.130
      5n0       208     1474   0.515 (   875)  0.914 (  1474)    1.7  0.861   0.113
      5n1       208     3181   0.716 (   960)  0.890 (  3181)    1.3  0.954   0.254

    [sotto] THE POOLED L2/L3 PANEL — the cell `voicing` replicated on every seed that
    produced those rungs (+18.5 / +24.5 / +19.3% relative for the composed chooser on
    the filed diet). `rep` pooled over every L2 and L3 cell, with the denominator.

      arm                        rep (L2/L3 pooled)        n        vs floor
      vo_s3b:voi3b_comp_pr_yk    0.2736            196590      +9.6%   (banked)
      so_s1:so_mg_yk             0.2602            193225      +4.2%   (banked)
      vo_s3b:voi3b_comp_yk       0.2496            196991      +0.0%   (banked)
      al_pj_yk                   0.2472            194371      -1.0%
      so_s1:so_cg_yk             0.2466            195696      -1.2%   (banked)
      so_s1:so_hy_yk             0.2420            195819      -3.1%   (banked)
      al_rt_yk                   0.2290            194928      -8.3%
      vo_s3:voi3_dp              0.2130            196392     -14.7%   (banked)

